path,slug,view
dataset/uploads_root/prod-svoe-vino-strapi/prod-svoe-vino/strapi/uploads/PU_Sjv7dn_M_Nil_H25_TO_9_Bcb_FN_55l_Pr_Hs_K4e_S_Lja8tm9_Ur62n50_Pyxhl_RO_1_RU_4s3e_N_Zb1_Yq_GT_4_HJPD_77_Qg_W_Tf3_Ng_e4a467fffd.webp,avtohtonnoe-vino-kryma-beloe-suhoe,raw
dataset/uploads_root/prod-svoe-vino-strapi/prod-svoe-vino/strapi/uploads/DSC_09173_4a9ff95cc2.webp,aligote-barrel-2024,raw
data/refs/zb_spumante_white_brut_krymwine.webp,zb-vajn-spumante-bryut-beloe,raw
dataset/uploads_root/prod-svoe-vino-strapi/prod-svoe-vino/strapi/uploads/fanagoriya_100_ottenkov_krasnogo_kaberne_kaberne_sovinon_krasnoe_suhoe_135_ad8495191f.webp,fanagoriya-100-ottenkov-krasnogo-kaberne-kaberne-sovinon-krasnoe-suhoe-135,raw
dataset/uploads_root/prod-svoe-vino-strapi/prod-svoe-vino/strapi/uploads/fanagoriya_100_ottenkov_krasnogo_pino_nuar_krasnoe_suhoe_vyderzhannoe_135_12baf813ea.webp,fanagoriya-100-ottenkov-krasnogo-pino-nuar-krasnoe-suhoe-135,raw
dataset/uploads_root/prod-svoe-vino-strapi/prod-svoe-vino/strapi/uploads/fanagoriya_100_ottenkov_krasnogo_saperavi_krasnoe_suhoe_14_fa242e130a.webp,fanagoriya-100-ottenkov-krasnogo-saperavi-krasnoe-suhoe-14,raw
dataset/uploads_root/prod-svoe-vino-strapi/prod-svoe-vino/strapi/uploads/fanagoriya_100_ottenkov_shardone_beloe_suhoe_14_dd14e33b83.webp,fanagoriya-100-ottenkov-shardone-beloe-suhoe-14,raw
dataset/uploads_root/prod-svoe-vino-strapi/prod-svoe-vino/strapi/uploads/fanagoriya_101_ottenok_krasnogo_kaberne_kaberne_sovinon_krasnoe_suhoe_14_98c670a6a1.webp,fanagoriya-101-ottenok-krasnogo-kaberne-kaberne-sovinon-krasnoe-suhoe-14,raw
dataset/uploads_root/prod-svoe-vino-strapi/prod-svoe-vino/strapi/uploads/fanagoriya_101_ottenok_krasnogo_pino_nuar_krasnoe_suhoe_135_62be6e1c10.webp,fanagoriya-101-ottenok-krasnogo-pino-nuar-krasnoe-suhoe-135,raw
dataset/uploads_root/prod-svoe-vino-strapi/prod-svoe-vino/strapi/uploads/fanagoriya_101_ottenok_krasnogo_saperavi_krasnoe_suhoe_14_4716c6d770.webp,fanagoriya-101-ottenok-krasnogo-saperavi-krasnoe-suhoe-14,raw
dataset/uploads_root/prod-svoe-vino-strapi/prod-svoe-vino/strapi/uploads/usadba_rodnoe_gnezdo_4_elements_kaberne_sovinon_krasnoe_suhoe_15_0d55114014.webp,usadba-rodnoe-gnezdo-4-elements-kaberne-sovinon-krasnoe-suhoe-15,raw
dataset/uploads_root/prod-svoe-vino-strapi/prod-svoe-vino/strapi/uploads/usadba_rodnoe_gnezdo_4_elements_risling_beloe_suhoe_12_815bd0df08.webp,usadba-rodnoe-gnezdo-4-elements-risling-beloe-suhoe-12,raw
dataset/uploads_root/prod-svoe-vino-strapi/prod-svoe-vino/strapi/uploads/usadba_rodnoe_gnezdo_4_elements_risling_beloe_polusuhoe_12_3621a7b684.webp,usadba-rodnoe-gnezdo-4-elements-risling-beloe-polusuhoe-12,raw
dataset/uploads_root/prod-svoe-vino-strapi/prod-svoe-vino/strapi/uploads/usadba_rodnoe_gnezdo_4_elements_sira_roze_rozovoe_polusuhoe_135_2c2c876bf4.webp,usadba-rodnoe-gnezdo-4-elements-sira-roze-rozovoe-polusuhoe-135,raw
dataset/uploads_root/prod-svoe-vino-strapi/prod-svoe-vino/strapi/uploads/usadba_rodnoe_gnezdo_4_elements_sovinon_blan_beloe_polusladkoe_12_5007538dcc.webp,usadba-rodnoe-gnezdo-4-elements-sovinon-blan-beloe-polusladkoe-12,raw
dataset/uploads_root/prod-svoe-vino-strapi/prod-svoe-vino/strapi/uploads/usadba_rodnoe_gnezdo_4_elements_sovinon_blan_beloe_suhoe_12_38c66cd229.webp,usadba-rodnoe-gnezdo-4-elements-sovinon-blan-beloe-suhoe-12,raw
dataset/uploads_root/prod-svoe-vino-strapi/prod-svoe-vino/strapi/uploads/fanagoriya_5_elements_bryut_beloe_pino_gri_igristoe_bryut_beloe_125_d7497bb817.webp,fanagoriya-5-elements-bryut-beloe-pino-gri-igristoe-bryut-beloe-125,raw
dataset/uploads_root/prod-svoe-vino-strapi/prod-svoe-vino/strapi/uploads/fanagoriya_5_elements_bryut_rozovoe_saperavi_igristoe_bryut_rozovoe_125_89ce2d6975.webp,fanagoriya-5-elements-bryut-rozovoe-saperavi-igristoe-bryut-rozovoe-125,raw
dataset/uploads_root/prod-svoe-vino-strapi/prod-svoe-vino/strapi/uploads/vinodelnya_vedernikov_5050_tsimlyanskiy_sibirkovyy_ekstra_bryut_beloe_12_9cb05a5a09.webp,vinodelnya-vedernikov-5050-tsimlyanskiy-sibirkovyy-ekstra-bryut-beloe-12,raw
dataset/uploads_root/prod-svoe-vino-strapi/prod-svoe-vino/strapi/uploads/shato_pino_beloe_shardone_beloe_suhoe_13_8b4d6eb365.webp,shato-pino-agpoezdnik-beloe-shardone-suhoe-13,raw
dataset/uploads_root/prod-svoe-vino-strapi/prod-svoe-vino/strapi/uploads/shato_pino_krasnoe_kaberne_fran_krasnoe_suhoe_14_074ad489ef.webp,shato-pino-agpoezdnik-krasnoe-kaberne-fran-suhoe-14,raw
dataset/uploads_root/prod-svoe-vino-strapi/prod-svoe-vino/strapi/uploads/abrau_dyurso_abrau_estates_amurskiy_potapenko_krasnoe_suhoe_105_a70c9cabe2.webp,abrau-dyurso-abrau-estates-amurskiy-potapenko-krasnoe-suhoe-105,raw
dataset/uploads_root/prod-svoe-vino-strapi/prod-svoe-vino/strapi/uploads/abrau_dyurso_abrau_estates_beloe_shardone_suhoe_12_6c1aeb2039.webp,abrau-dyurso-abrau-estates-beloe-shardone-suhoe-12,raw
dataset/uploads_root/prod-svoe-vino-strapi/prod-svoe-vino/strapi/uploads/abrau_dyurso_abrau_estates_kaberne_po_belomu_kaberne_sovinon_beloe_suhoe_105_a340de7dd3.webp,abrau-dyurso-abrau-estates-kaberne-po-belomu-kaberne-sovinon-beloe-suhoe-105,raw
dataset/uploads_root/prod-svoe-vino-strapi/prod-svoe-vino/strapi/uploads/abrau_dyurso_abrau_estates_krasnoe_kaberne_sovinon_suhoe_13_1770f5150f.webp,abrau-dyurso-abrau-estates-krasnoe-kaberne-sovinon-suhoe-13,raw
dataset/uploads_root/prod-svoe-vino-strapi/prod-svoe-vino/strapi/uploads/abrau_dyurso_abrau_estates_oranzh_tsitronnyy_magaracha_oranzhevoe_suhoe_105_95e00a834b.webp,abrau-dyurso-abrau-estates-oranzh-tsitronnyy-magaracha-oranzhevoe-suhoe-105,raw
dataset/uploads_root/prod-svoe-vino-strapi/prod-svoe-vino/strapi/uploads/abrau_dyurso_abrau_estates_dostoynyy_krasnoe_suhoe_135_a2b9e120e4.webp,abrau-dyurso-abrau-estates-dostoynyy-krasnoe-suhoe-135,raw
dataset/uploads_root/prod-svoe-vino-strapi/prod-svoe-vino/strapi/uploads/abrau_dyurso_abrau_estates_roze_kaberne_sovinon_rozovoe_suhoe_12_416c8f123b.webp,abrau-dyurso-abrau-estates-roze-kaberne-sovinon-rozovoe-suhoe-12,raw
dataset/uploads_root/prod-svoe-vino-strapi/prod-svoe-vino/strapi/uploads/abrau_dyurso_abrau_durso_brut_rose_reserve_pino_nuar_beloe_bryut_12_bb364de705.webp,abrau-dyurso-abrau-durso-brut-rose-reserve-pino-nuar-beloe-bryut-12,raw
dataset/uploads_root/prod-svoe-vino-strapi/prod-svoe-vino/strapi/uploads/abrau_dyurso_abrau_durso_reserve_brut_shardone_beloe_bryut_115_c2d789063b.webp,abrau-dyurso-abrau-durso-reserve-brut-shardone-beloe-bryut-115,raw
dataset/uploads_root/prod-svoe-vino-strapi/prod-svoe-vino/strapi/uploads/olymp_winery_adagum_cabernet_franc_kaberne_fran_krasnoe_suhoe_11_1296da5e1c.webp,olymp-winery-adagum-cabernet-franc-kaberne-fran-krasnoe-suhoe-11,raw
dataset/uploads_root/prod-svoe-vino-strapi/prod-svoe-vino/strapi/uploads/olymp_winery_adagum_cabernet_sauvignon_kaberne_sovinon_krasnoe_suhoe_11_389c433b06.webp,olymp-winery-adagum-cabernet-sauvignon-kaberne-sovinon-krasnoe-suhoe-11,raw
dataset/uploads_root/prod-svoe-vino-strapi/prod-svoe-vino/strapi/uploads/olymp_winery_adagum_chardonnay_shardone_beloe_suhoe_11_cf6c199a92.webp,olymp-winery-adagum-chardonnay-shardone-beloe-suhoe-11,raw
dataset/uploads_root/prod-svoe-vino-strapi/prod-svoe-vino/strapi/uploads/olymp_winery_adagum_chardonnay_kuban_shardone_beloe_suhoe_11_a41c24329f.webp,olymp-winery-adagum-chardonnay-kuban-shardone-beloe-suhoe-11,raw
dataset/uploads_root/prod-svoe-vino-strapi/prod-svoe-vino/strapi/uploads/olymp_winery_adagum_estate_cabernet_sauvignon_kaberne_sovinon_krasnoe_suhoe_11_425fadfccf.webp,olymp-winery-adagum-estate-cabernet-sauvignon-kaberne-sovinon-krasnoe-suhoe-11,raw
dataset/uploads_root/prod-svoe-vino-strapi/prod-svoe-vino/strapi/uploads/olymp_winery_adagum_estate_chardonnay_shardone_beloe_suhoe_11_db799bd3fb.webp,olymp-winery-adagum-estate-chardonnay-shardone-beloe-suhoe-11,raw
dataset/uploads_root/prod-svoe-vino-strapi/prod-svoe-vino/strapi/uploads/olymp_winery_adagum_estate_merlot_merlo_krasnoe_suhoe_11_40b39cc86c.webp,olymp-winery-adagum-estate-merlot-merlo-krasnoe-suhoe-11,raw
dataset/uploads_root/prod-svoe-vino-strapi/prod-svoe-vino/strapi/uploads/olymp_winery_adagum_estate_red_blend_kaberne_fran_krasnoe_suhoe_11_4dc9ac373d.webp,olymp-winery-adagum-estate-red-blend-kaberne-fran-krasnoe-suhoe-11,raw
dataset/uploads_root/prod-svoe-vino-strapi/prod-svoe-vino/strapi/uploads/olymp_winery_adagum_estate_rose_kaberne_sovinon_rozovoe_suhoe_11_ad3a02cc01.webp,olymp-winery-adagum-estate-rose-kaberne-sovinon-rozovoe-suhoe-11,raw
dataset/uploads_root/prod-svoe-vino-strapi/prod-svoe-vino/strapi/uploads/olymp_winery_adagum_estate_sauvignon_blanc_sovinon_blan_beloe_suhoe_11_3a562a0c8b.webp,olymp-winery-adagum-estate-sauvignon-blanc-sovinon-blan-beloe-suhoe-11,raw
dataset/uploads_root/prod-svoe-vino-strapi/prod-svoe-vino/strapi/uploads/olymp_winery_adagum_krasnostop_krasnostop_zolotovskiy_krasnoe_suhoe_11_9741bfb5e5.webp,olymp-winery-adagum-krasnostop-krasnostop-zolotovskiy-krasnoe-suhoe-11,raw
dataset/uploads_root/prod-svoe-vino-strapi/prod-svoe-vino/strapi/uploads/olymp_winery_adagum_merlot_merlo_rozovoe_suhoe_10_b7656d1596.webp,olymp-winery-adagum-merlot-merlo-rozovoe-suhoe-10,raw
dataset/uploads_root/prod-svoe-vino-strapi/prod-svoe-vino/strapi/uploads/olymp_winery_adagum_odessa_black_kuban_odesskiy_chernyy_krasnoe_suhoe_11_8c94e0d7d5.webp,olymp-winery-adagum-odessa-black-kuban-odesskiy-chernyy-krasnoe-suhoe-11,raw
dataset/uploads_root/prod-svoe-vino-strapi/prod-svoe-vino/strapi/uploads/olymp_winery_adagum_pinot_noir_pino_nuar_rozovoe_suhoe_11_266cb2d0df.webp,olymp-winery-adagum-pinot-noir-pino-nuar-rozovoe-suhoe-11,raw
dataset/uploads_root/prod-svoe-vino-strapi/prod-svoe-vino/strapi/uploads/olymp_winery_adagum_pinot_noir_pino_nuar_krasnoe_suhoe_11_5be0562815.webp,olymp-winery-adagum-pinot-noir-pino-nuar-krasnoe-suhoe-11,raw
dataset/uploads_root/prod-svoe-vino-strapi/prod-svoe-vino/strapi/uploads/olymp_winery_adagum_riesling_risling_beloe_suhoe_11_73187f0bc2.webp,olymp-winery-adagum-riesling-risling-beloe-suhoe-11,raw
dataset/uploads_root/prod-svoe-vino-strapi/prod-svoe-vino/strapi/uploads/olymp_winery_adagum_saperavi_saperavi_krasnoe_suhoe_11_6a6ed2cae1.webp,olymp-winery-adagum-saperavi-saperavi-krasnoe-suhoe-11,raw
dataset/uploads_root/prod-svoe-vino-strapi/prod-svoe-vino/strapi/uploads/olymp_winery_adagum_sauvignon_sovinon_blan_beloe_suhoe_11_759c83d0e0.webp,olymp-winery-adagum-sauvignon-sovinon-blan-beloe-suhoe-11,raw
dataset/uploads_root/prod-svoe-vino-strapi/prod-svoe-vino/strapi/uploads/olymp_winery_adagum_valley_merlot_merlo_krasnoe_suhoe_11_3ec3bdd7ea.webp,olymp-winery-adagum-valley-merlot-merlo-krasnoe-suhoe-11,raw
dataset/uploads_root/prod-svoe-vino-strapi/prod-svoe-vino/strapi/uploads/olymp_winery_adagum_valley_pinot_noir_pino_nuar_krasnoe_suhoe_11_f03c68421f.webp,olymp-winery-adagum-valley-pinot-noir-pino-nuar-krasnoe-suhoe-11,raw
dataset/uploads_root/prod-svoe-vino-strapi/prod-svoe-vino/strapi/uploads/olymp_winery_adagum_valley_riesling_risling_reynskiy_beloe_suhoe_11_c4f049c0fc.webp,olymp-winery-adagum-valley-riesling-risling-reynskiy-beloe-suhoe-11,raw
dataset/uploads_root/prod-svoe-vino-strapi/prod-svoe-vino/strapi/uploads/olymp_winery_adagum_valley_rkatsiteli_rkatsiteli_beloe_suhoe_10_ddfa4f8a06.webp,olymp-winery-adagum-valley-rkatsiteli-rkatsiteli-beloe-suhoe-10,raw
dataset/uploads_root/prod-svoe-vino-strapi/prod-svoe-vino/strapi/uploads/olymp_winery_adagum_valley_saperavi_saperavi_krasnoe_suhoe_12_90b75e8147.webp,olymp-winery-adagum-valley-saperavi-saperavi-krasnoe-suhoe-12,raw
dataset/uploads_root/prod-svoe-vino-strapi/prod-svoe-vino/strapi/uploads/fp_ZE_Jh_YZ_Pst_BYLV_1775199670_92154c67f4.webp,agora-rosa-viva-cabernet-franc,raw
dataset/uploads_root/prod-svoe-vino-strapi/prod-svoe-vino/strapi/uploads/22_RA_11a_BWFX_8_Yu9_1775199820_d1ccb7706c.webp,agora-rosa-viva-cabernet-sauvignon-shiraz,raw
dataset/uploads_root/prod-svoe-vino-strapi/prod-svoe-vino/strapi/uploads/k_Ot_Rtt_C_Jv_P1_R7j_P_1775199321_a3cb38eb82.webp,agora-rosa-viva-muscat,raw
dataset/uploads_root/prod-svoe-vino-strapi/prod-svoe-vino/strapi/uploads/B_Yr_Ab_T0x_R_Ed_Rg8j_1775199389_86635deb7f.webp,agora-rosa-viva-riesling,raw
dataset/uploads_root/prod-svoe-vino-strapi/prod-svoe-vino/strapi/uploads/O4nl0_Y_Wdgyo6_H_Nd_1775200002_52181b7f44.webp,agora-rosa-viva-beloe-bryut,raw
dataset/uploads_root/prod-svoe-vino-strapi/prod-svoe-vino/strapi/uploads/ugb_HOG_Jxx_J9_Pv_Cj_1775200212_f3b8b5681b.webp,agora-rosa-viva-beloe-polusladkoe,raw
dataset/uploads_root/prod-svoe-vino-strapi/prod-svoe-vino/strapi/uploads/obmsa6_YZNZPDCKY_1775200312_524a5e0fbb.webp,agora-rosa-viva-rozovoe-polusladkoe,raw
dataset/uploads_root/prod-svoe-vino-strapi/prod-svoe-vino/strapi/uploads/Agora_Rezerv_Yahting_Sovinon_kopiya_066436e3ad.webp,agora-yachting-cabernet-sauvignon,raw
dataset/uploads_root/prod-svoe-vino-strapi/prod-svoe-vino/strapi/uploads/Agora_Rezerv_Yahting_Shardone_836c91ea71.webp,agora-yachting-chardonnay,raw
dataset/uploads_root/prod-svoe-vino-strapi/prod-svoe-vino/strapi/uploads/Agora_Rezerv_Yahting_Merlo_c83c62cf28.webp,agora-yachting-merlot,raw
dataset/uploads_root/prod-svoe-vino-strapi/prod-svoe-vino/strapi/uploads/Agora_Rezerv_Yahting_Pino_Gridzhio_5daf688202.webp,agora-yachting-pinot-grigio,raw
dataset/uploads_root/prod-svoe-vino-strapi/prod-svoe-vino/strapi/uploads/Agora_Rezerv_Yahting_Sovinon_kopiya_25525931ef.webp,agora-yachting-sauvignon,raw
dataset/uploads_root/prod-svoe-vino-strapi/prod-svoe-vino/strapi/uploads/Agora_Rezerv_Yahting_Shiraz_efe299c1a7.webp,agora-yachting-shiraz,raw
dataset/uploads_root/prod-svoe-vino-strapi/prod-svoe-vino/strapi/uploads/Agora_Bastardo_59a04897ff.webp,agora-bastardo,raw
dataset/uploads_root/prod-svoe-vino-strapi/prod-svoe-vino/strapi/uploads/Agora_Blek_Stoun_e98339ae1b.webp,agora-blek-stoun,raw
dataset/uploads_root/prod-svoe-vino-strapi/prod-svoe-vino/strapi/uploads/Agora_Kaberne_Sovinon_cf765cd22e.webp,agora-kaberne-sovinon,raw
dataset/uploads_root/prod-svoe-vino-strapi/prod-svoe-vino/strapi/uploads/Agora_Muskat_d55b57a0af.webp,agora-muskat,raw
dataset/uploads_root/prod-svoe-vino-strapi/prod-svoe-vino/strapi/uploads/Agora_Muskat_Chernyj_b3314704fa.webp,agora-muskat-chernyj,raw
dataset/uploads_root/prod-svoe-vino-strapi/prod-svoe-vino/strapi/uploads/Agora_Pino_Nuar_e81246aa3a.webp,agora-pino-nuar,raw
dataset/uploads_root/prod-svoe-vino-strapi/prod-svoe-vino/strapi/uploads/Agora_Risling_1b886b07f8.webp,agora-risling,raw
dataset/uploads_root/prod-svoe-vino-strapi/prod-svoe-vino/strapi/uploads/Agora_Saperavi_c472cc0afc.webp,agora-saperavi,raw
dataset/uploads_root/prod-svoe-vino-strapi/prod-svoe-vino/strapi/uploads/Agora_Sovinon_6b035f6913.webp,agora-sovinon,raw
dataset/uploads_root/prod-svoe-vino-strapi/prod-svoe-vino/strapi/uploads/Bastardo_terruarnoe_c692ff5ff0.webp,agora-terruarnoe-bastardo,raw
dataset/uploads_root/prod-svoe-vino-strapi/prod-svoe-vino/strapi/uploads/Kaberne_Sovinon_terruarnoe_cebc6287a8.webp,agora-terruarnoe-kaberne-sovinon,raw
dataset/uploads_root/prod-svoe-vino-strapi/prod-svoe-vino/strapi/uploads/Agora_Shardone_4e9ddf9c52.webp,agora-shardone,raw
dataset/uploads_root/prod-svoe-vino-strapi/prod-svoe-vino/strapi/uploads/Blan_de_Blan_2d64f13a73.webp,agora-vintage-blanc-de-blancs-extra-brut,raw
dataset/uploads_root/prod-svoe-vino-strapi/prod-svoe-vino/strapi/uploads/Blan_de_Nuar_f3d5c90643.webp,agora-vintage-blanc-de-noirs-extra-brut,raw
dataset/uploads_root/prod-svoe-vino-strapi/prod-svoe-vino/strapi/uploads/valeriy_zaharin_albedo_reserve_sary_pandas_beloe_suhoe_115_b108af9fde.webp,valeriy-zaharin-albedo-reserve-sary-pandas-beloe-suhoe-115,raw
dataset/uploads_root/prod-svoe-vino-strapi/prod-svoe-vino/strapi/uploads/chteau_le_grand_vostock_aligote_aligote_beloe_suhoe_125_77b160f87a.webp,chteau-le-grand-vostock-aligote-aligote-beloe-suhoe-125,raw
dataset/uploads_root/prod-svoe-vino-strapi/prod-svoe-vino/strapi/uploads/chteau_le_grand_vostock_aligote_reserve_aligote_beloe_suhoe_13_bd611c7154.webp,chteau-le-grand-vostock-aligote-reserve-aligote-beloe-suhoe-13,raw
dataset/uploads_root/prod-svoe-vino-strapi/prod-svoe-vino/strapi/uploads/vino_nebo_aligote_sur_lie_aligote_beloe_suhoe_127_217cf83431.webp,vino-nebo-aligote-sur-lie-aligote-beloe-suhoe-127,raw
dataset/uploads_root/prod-svoe-vino-strapi/prod-svoe-vino/strapi/uploads/bez_fona_no_bg_preview_carve_photos_d1b6f3d608.webp,aligote-shato-pino,raw
dataset/uploads_root/prod-svoe-vino-strapi/prod-svoe-vino/strapi/uploads/Alma_Velli_Lokantino_7ad51d416c.webp,alma-valley-locantita-merlot-cabernet-franc,raw
dataset/uploads_root/prod-svoe-vino-strapi/prod-svoe-vino/strapi/uploads/fanagoriya_alta_qortis_saperavi_krasnoe_suhoe_145_cd395bc533.webp,fanagoriya-alta-qortis-saperavi-krasnoe-suhoe-145,raw
dataset/uploads_root/prod-svoe-vino-strapi/prod-svoe-vino/strapi/uploads/fanagoriya_alveus_ultra_cuvee_brut_shardone_beloe_bryut_12_b29ade1dcd.webp,fanagoriya-alveus-ultra-cuvee-brut-shardone-beloe-bryut-12,raw
dataset/uploads_root/prod-svoe-vino-strapi/prod-svoe-vino/strapi/uploads/fanagoriya_alveus_ultra_cuvee_bryut_rozovoe_merlo_igristoe_bryut_rozovoe_12_a23595c6d7.webp,fanagoriya-alveus-ultra-cuvee-bryut-rozovoe-merlo-igristoe-bryut-rozovoe-12,raw
dataset/uploads_root/prod-svoe-vino-strapi/prod-svoe-vino/strapi/uploads/fanagoriya_alveus_ultra_cuvee_ekstra_bryut_beloe_risling_reynskiy_12_d3eb10a98a.webp,fanagoriya-alveus-ultra-cuvee-ekstra-bryut-beloe-risling-reynskiy-12,raw
dataset/uploads_root/prod-svoe-vino-strapi/prod-svoe-vino/strapi/uploads/fanagoriya_alveus_ultra_cuvee_ekstra_bryut_rozovoe_merlo_12_dda03da431.webp,fanagoriya-alveus-ultra-cuvee-ekstra-bryut-rozovoe-merlo-12,raw
dataset/uploads_root/prod-svoe-vino-strapi/prod-svoe-vino/strapi/uploads/Amelia_22_png_e439aa8564.webp,amelia,raw
dataset/uploads_root/prod-svoe-vino-strapi/prod-svoe-vino/strapi/uploads/Amelia_23_89599a3948.webp,amelia-2023,raw
dataset/uploads_root/prod-svoe-vino-strapi/prod-svoe-vino/strapi/uploads/ferrum_winery_apollinary_merlo_krasnoe_suhoe_13_335c7ed476.webp,ferrum-winery-apollinary-merlo-krasnoe-suhoe-13,raw
dataset/uploads_root/prod-svoe-vino-strapi/prod-svoe-vino/strapi/uploads/Appassimento_cbbff6ab39.webp,appassimento,raw
dataset/uploads_root/prod-svoe-vino-strapi/prod-svoe-vino/strapi/uploads/AYA_Mokap_apassimento_437849eda9.webp,appassimento-merlot,raw
dataset/uploads_root/prod-svoe-vino-strapi/prod-svoe-vino/strapi/uploads/ivan_ksenia_kruz_argonne_chardonay_shardone_beloe_suhoe_127_d4a21f7bc6.webp,ivan-ksenia-kruz-argonne-chardonay-shardone-beloe-suhoe-127,raw
dataset/uploads_root/prod-svoe-vino-strapi/prod-svoe-vino/strapi/uploads/ivan_ksenia_kruz_argonne_pinot_noir_pino_nuar_rozovoe_suhoe_122_956b877f5c.webp,ivan-ksenia-kruz-argonne-pinot-noir-pino-nuar-rozovoe-suhoe-122,raw
dataset/uploads_root/prod-svoe-vino-strapi/prod-svoe-vino/strapi/uploads/ivan_ksenia_kruz_argonne_riesling_risling_beloe_suhoe_119_7c2a4d6ca1.webp,ivan-ksenia-kruz-argonne-riesling-risling-beloe-suhoe-119,raw
dataset/uploads_root/prod-svoe-vino-strapi/prod-svoe-vino/strapi/uploads/ivan_ksenia_kruz_argonne_sauvignon_blanc_sovinon_blan_beloe_suhoe_115_e25c7aa235.webp,ivan-ksenia-kruz-argonne-sauvignon-blanc-sovinon-blan-beloe-suhoe-115,raw
dataset/uploads_root/prod-svoe-vino-strapi/prod-svoe-vino/strapi/uploads/ivan_ksenia_kruz_argonne_syrah_sira_krasnoe_suhoe_124_9d92c7e4ae.webp,ivan-ksenia-kruz-argonne-syrah-sira-krasnoe-suhoe-124,raw
dataset/uploads_root/prod-svoe-vino-strapi/prod-svoe-vino/strapi/uploads/Arie_2020_WM_f96f943b9a.webp,arie,raw
dataset/uploads_root/prod-svoe-vino-strapi/prod-svoe-vino/strapi/uploads/Arie_2020_KFB_75504e4cd0.webp,arie-vyderzhka-bochka-francziya-2020,raw
dataset/uploads_root/prod-svoe-vino-strapi/prod-svoe-vino/strapi/uploads/Arie_reserva_4e284defd7.webp,arie-riserva,raw
dataset/uploads_root/prod-svoe-vino-strapi/prod-svoe-vino/strapi/uploads/PU_Sjv7dn_M_Nil_H25_TO_9_Bcb_Bjo_R8u_Zy_Sbk_V5_WTE_Jjg3_C_Ky_5_U_v_Ue_Qv_P6o_l_XGG_5q_NED_Mtd_Ztu_Uj_Etjwa_Qrt_TX_Ag_c31d9f8afc.webp,aya-khrustaleva-76-merlot-organik,raw
dataset/uploads_root/prod-svoe-vino-strapi/prod-svoe-vino/strapi/uploads/abrau_dyurso_az_abrau_bayanshira_beloe_suhoe_12_50e16ea5d5.webp,abrau-dyurso-az-abrau-bayanshira-beloe-suhoe-12,raw
dataset/uploads_root/prod-svoe-vino-strapi/prod-svoe-vino/strapi/uploads/abrau_dyurso_az_abrau_madrasa_krasnoe_suhoe_14_a2a0b9e8a3.webp,abrau-dyurso-az-abrau-madrasa-krasnoe-suhoe-14,raw
dataset/uploads_root/prod-svoe-vino-strapi/prod-svoe-vino/strapi/uploads/balet_blan_7c53c7fcdb.webp,ballet-blanc,raw
dataset/uploads_root/prod-svoe-vino-strapi/prod-svoe-vino/strapi/uploads/zolotaya_balka_black_prince_crimea_prestige_cuvee_extra_brut_limited_edition_shardone_beloe_ekstra_bryut_125_93ec57c2e6.webp,zolotaya-balka-black-prince-crimea-prestige-cuvee-extra-brut-limited-edition-shardone-beloe-ekstra-bryut-125,raw
dataset/uploads_root/prod-svoe-vino-strapi/prod-svoe-vino/strapi/uploads/fanagoriya_blanc_de_blancs_shardone_igristoe_bryut_beloe_12_4071ae25d5.webp,fanagoriya-blanc-de-blancs-shardone-beloe-bryut-12,raw
dataset/uploads_root/prod-svoe-vino-strapi/prod-svoe-vino/strapi/uploads/usadba_perovskih_blanc_de_blancs_shardone_igristoe_ekstra_bryut_beloe_11_f486d972d4.webp,usadba-perovskih-blanc-de-blancs-shardone-beloe-ekstra-bryut-11,raw
dataset/uploads_root/prod-svoe-vino-strapi/prod-svoe-vino/strapi/uploads/gunko_winery_blanc_de_blancs_shardone_igristoe_bryut_beloe_12_ed1875c4fa.webp,gunko-winery-blanc-de-blancs-shardone-beloe-bryut-12,raw
dataset/uploads_root/prod-svoe-vino-strapi/prod-svoe-vino/strapi/uploads/vinodelnya_myshako_blanc_de_blancs_shardone_igristoe_bryut_beloe_121_d4edffbd87.webp,vinodelnya-myshako-blanc-de-blancs-shardone-beloe-bryut-121,raw
dataset/uploads_root/prod-svoe-vino-strapi/prod-svoe-vino/strapi/uploads/usadba_divnomorskoe_blanc_de_blancs_shardone_igristoe_ekstra_bryut_beloe_12_c91b1a3468.webp,usadba-divnomorskoe-blanc-de-blancs-shardone-beloe-ekstra-bryut-12,raw
dataset/uploads_root/prod-svoe-vino-strapi/prod-svoe-vino/strapi/uploads/114294_1_Photoroom_da9352acff.webp,blanc-de-blancs-idolo,raw
dataset/uploads_root/prod-svoe-vino-strapi/prod-svoe-vino/strapi/uploads/loco_cimbali_blanc_de_neige_shardone_beloe_suhoe_131_3d85be0763.webp,loco-cimbali-blanc-de-neige-shardone-beloe-suhoe-131,raw
dataset/uploads_root/prod-svoe-vino-strapi/prod-svoe-vino/strapi/uploads/zolotaya_balka_blanc_de_neige_shardone_beloe_suhoe_125_33030faa53.webp,zolotaya-balka-blanc-de-neige-shardone-beloe-suhoe-125,raw
dataset/uploads_root/prod-svoe-vino-strapi/prod-svoe-vino/strapi/uploads/fanagoriya_blanc_de_noir_mene_extra_brut_2019_pino_nuar_beloe_ekstra_bryut_12_cf7fa4159c.webp,fanagoriya-blanc-de-noir-mene-extra-brut-2019-pino-nuar-beloe-ekstra-bryut-12,raw
dataset/uploads_root/prod-svoe-vino-strapi/prod-svoe-vino/strapi/uploads/esse_blanc_de_noirs_pino_nuar_igristoe_ekstra_bryut_beloe_115_c951557140.webp,esse-blanc-de-noirs-pino-nuar-beloe-ekstra-bryut-115,raw
dataset/uploads_root/prod-svoe-vino-strapi/prod-svoe-vino/strapi/uploads/fanagoriya_blanc_de_noirs_mene_pino_mene_igristoe_ekstra_bryut_beloe_12_6cd37dc5ac.webp,fanagoriya-blanc-de-noirs-mene-pino-mene-beloe-ekstra-bryut-12,raw
dataset/uploads_root/prod-svoe-vino-strapi/prod-svoe-vino/strapi/uploads/domaine_lipko_blaufrankisch_domaine_lipko_blaufrankish_krasnoe_suhoe_136_440af9a034.webp,domaine-lipko-blaufrankisch-domaine-lipko-blaufrankish-krasnoe-suhoe-136,raw
dataset/uploads_root/prod-svoe-vino-strapi/prod-svoe-vino/strapi/uploads/aya_organic_wine_vineyards_blush_1_sira_petnat_ekstra_bryut_rozovyy_135_33ab300ffe.webp,aya-organic-wine-vineyards-blush-1-sira-rozovoe-ekstra-bryut-135,raw
dataset/uploads_root/prod-svoe-vino-strapi/prod-svoe-vino/strapi/uploads/aya_organic_wine_vineyards_blush_2_merlo_petnat_ekstra_bryut_rozovyy_135_ed87f553c8.webp,aya-organic-wine-vineyards-blush-2-merlo-rozovoe-ekstra-bryut-135,raw
dataset/uploads_root/prod-svoe-vino-strapi/prod-svoe-vino/strapi/uploads/aya_organic_wine_vineyards_blush_3_kaberne_fran_petnat_ekstra_bryut_rozovyy_132_a094099a22.webp,aya-organic-wine-vineyards-blush-3-kaberne-fran-rozovoe-ekstra-bryut-132,raw
dataset/uploads_root/prod-svoe-vino-strapi/prod-svoe-vino/strapi/uploads/aya_organic_wine_vineyards_blush_4_pino_nuar_petnat_ekstra_bryut_krasnyy_129_26041a124c.webp,aya-organic-wine-vineyards-blush-4-pino-nuar-krasnoe-ekstra-bryut-129,raw
dataset/uploads_root/prod-svoe-vino-strapi/prod-svoe-vino/strapi/uploads/Xyw_Lw_M9g_Aj_IZT_Wr_1775202863_a3366cb4a9.webp,blush-mirage-risling,raw
dataset/uploads_root/prod-svoe-vino-strapi/prod-svoe-vino/strapi/uploads/d4r5_D_Od_P_Tc8okf5_1775202663_1519904964.webp,blush-mirage-rkacziteli-shiraz,raw
dataset/uploads_root/prod-svoe-vino-strapi/prod-svoe-vino/strapi/uploads/gx4_Wjjjicwz_UUN_2_1775202973_5df7adf9ac.webp,blush-mirage-sovinon-zelyonyj,raw
dataset/uploads_root/prod-svoe-vino-strapi/prod-svoe-vino/strapi/uploads/fanagoriya_brule_cabernet_franc_polusuhoe_rozovoe_kaberne_fran_12_08e20da65a.webp,fanagoriya-brule-cabernet-franc-polusuhoe-rozovoe-kaberne-fran-12,raw
dataset/uploads_root/prod-svoe-vino-strapi/prod-svoe-vino/strapi/uploads/fanagoriya_brule_cabernet_sauvignon_polusladkoe_krasnoe_kaberne_sovinon_125_da8519f333.webp,fanagoriya-brule-cabernet-sauvignon-polusladkoe-krasnoe-kaberne-sovinon-125,raw
dataset/uploads_root/prod-svoe-vino-strapi/prod-svoe-vino/strapi/uploads/fanagoriya_brule_cuve_brut_rozovoe_merlo_igristoe_bryut_rozovoe_12_af9727f341.webp,fanagoriya-brule-cuve-brut-rozovoe-merlo-igristoe-bryut-rozovoe-12,raw
dataset/uploads_root/prod-svoe-vino-strapi/prod-svoe-vino/strapi/uploads/fanagoriya_brule_frizzante_brut_beloe_pino_nuar_bryut_115_b4234dae19.webp,fanagoriya-brule-frizzante-brut-beloe-pino-nuar-bryut-115,raw
dataset/uploads_root/prod-svoe-vino-strapi/prod-svoe-vino/strapi/uploads/fanagoriya_brule_frizzante_brut_rozovoe_merlo_igristoe_bryut_rozovoe_115_84079e9350.webp,fanagoriya-brule-frizzante-brut-rozovoe-merlo-igristoe-bryut-rozovoe-115,raw
dataset/uploads_root/prod-svoe-vino-strapi/prod-svoe-vino/strapi/uploads/fanagoriya_brule_frizzante_polusladkoe_beloe_pino_nuar_11_ddb87e2e2b.webp,fanagoriya-brule-frizzante-polusladkoe-beloe-pino-nuar-11,raw
dataset/uploads_root/prod-svoe-vino-strapi/prod-svoe-vino/strapi/uploads/fanagoriya_brule_muscat_ottonel_brut_muskat_ottonel_beloe_polusladkoe_12_cdfd9c20be.webp,fanagoriya-brule-muscat-ottonel-brut-muskat-ottonel-beloe-polusladkoe-12,raw
dataset/uploads_root/prod-svoe-vino-strapi/prod-svoe-vino/strapi/uploads/fanagoriya_brule_muscat_ottonel_polusladkoe_muskat_ottonel_beloe_115_833e252321.webp,fanagoriya-brule-muscat-ottonel-polusladkoe-muskat-ottonel-beloe-115,raw
dataset/uploads_root/prod-svoe-vino-strapi/prod-svoe-vino/strapi/uploads/fanagoriya_brule_saperavi_saperavi_igristoe_sladkoe_krasnoe_bryut_125_433b942aaa.webp,fanagoriya-brule-saperavi-saperavi-igristoe-sladkoe-krasnoe-bryut-125,raw
dataset/uploads_root/prod-svoe-vino-strapi/prod-svoe-vino/strapi/uploads/fanagoriya_brule_sauvignon_blanc_brut_sovinon_blan_beloe_bryut_12_27b65a0309.webp,fanagoriya-brule-sauvignon-blanc-brut-sovinon-blan-beloe-bryut-12,raw
dataset/uploads_root/prod-svoe-vino-strapi/prod-svoe-vino/strapi/uploads/esse_brut_cuvee_prestige_shardone_igristoe_ekstra_bryut_beloe_115_8e21ee1279.webp,esse-brut-cuvee-prestige-shardone-beloe-ekstra-bryut-115,raw
dataset/uploads_root/prod-svoe-vino-strapi/prod-svoe-vino/strapi/uploads/abrau_dyurso_brut_dor_blanc_de_blancs_shardone_igristoe_bryut_beloe_12_792f571be3.webp,abrau-dyurso-brut-dor-blanc-de-blancs-shardone-beloe-bryut-12,raw
dataset/uploads_root/prod-svoe-vino-strapi/prod-svoe-vino/strapi/uploads/abrau_dyurso_brut_dor_blanc_de_noirs_pino_nuar_igristoe_bryut_beloe_115_d3fbb6965d.webp,abrau-dyurso-brut-dor-blanc-de-noirs-pino-nuar-beloe-bryut-115,raw
dataset/uploads_root/prod-svoe-vino-strapi/prod-svoe-vino/strapi/uploads/abrau_dyurso_brut_dor_blanc_de_noirs_pino_nuar_beloe_bryut_125_2d16522a48.webp,abrau-dyurso-brut-dor-blanc-de-noirs-pino-nuar-beloe-bryut-125,raw
dataset/uploads_root/prod-svoe-vino-strapi/prod-svoe-vino/strapi/uploads/abrau_dyurso_brut_dor_rose_pino_nuar_rozovoe_bryut_12_8b5bd155e6.webp,abrau-dyurso-brut-dor-rose-pino-nuar-rozovoe-bryut-12,raw
dataset/uploads_root/prod-svoe-vino-strapi/prod-svoe-vino/strapi/uploads/abrau_dyurso_brut_dor_blanc_de_blancs_shardone_beloe_bryut_125_cf97076f41.webp,abrau-dyurso-brut-dor-blanc-de-blancs-shardone-beloe-bryut-125,raw
dataset/uploads_root/prod-svoe-vino-strapi/prod-svoe-vino/strapi/uploads/abrau_dyurso_brut_dor_riesling_risling_beloe_bryut_12_45b9c81ea5.webp,abrau-dyurso-brut-dor-riesling-risling-beloe-bryut-12,raw
dataset/uploads_root/prod-svoe-vino-strapi/prod-svoe-vino/strapi/uploads/esse_brut_zero_dosage_shardone_igristoe_ekstra_bryut_beloe_135_b40ec10218.webp,esse-brut-zero-dosage-shardone-beloe-ekstra-bryut-135,raw
dataset/uploads_root/prod-svoe-vino-strapi/prod-svoe-vino/strapi/uploads/esse_brut_zero_dosage_shardone_igristoe_ekstra_bryut_beloe_12_23c5b934ee.webp,esse-brut-zero-dosage-shardone-beloe-ekstra-bryut-12,raw
dataset/uploads_root/prod-svoe-vino-strapi/prod-svoe-vino/strapi/uploads/vibes_cabernet_franc_pinot_noir_pino_nuar_krasnoe_suhoe_125_b1f64fe49e.webp,vibes-cabernet-franc-pinot-noir-pino-nuar-krasnoe-suhoe-125,raw
dataset/uploads_root/prod-svoe-vino-strapi/prod-svoe-vino/strapi/uploads/Kaberne_Fran_Uan_Barrel_2024_bec49ebb0d.webp,cabernet-franc-2024-one-barrel-by-dmitry-maslov-kaberne-fran-2024-uan-barrel-dmitrij-maslov,raw
dataset/uploads_root/prod-svoe-vino-strapi/prod-svoe-vino/strapi/uploads/belmas_winery_cabernet_franc_belmas_kaberne_fran_krasnoe_suhoe_14_ce15b611a1.webp,belmas-winery-cabernet-franc-belmas-kaberne-fran-krasnoe-suhoe-14,raw
dataset/uploads_root/prod-svoe-vino-strapi/prod-svoe-vino/strapi/uploads/chteau_le_grand_vostock_cabernet_franc_reserve_kaberne_fran_krasnoe_suhoe_14_dc58d3d0de.webp,chteau-le-grand-vostock-cabernet-franc-reserve-kaberne-fran-krasnoe-suhoe-14,raw
dataset/uploads_root/prod-svoe-vino-strapi/prod-svoe-vino/strapi/uploads/bottle_02_Cabernet_Franc_ec42fb71c4.webp,cabernet-franc-pinot-noir-2021,raw
dataset/uploads_root/prod-svoe-vino-strapi/prod-svoe-vino/strapi/uploads/bottle_02_Cabernet_Franc_ec42fb71c4.webp,cabernet-franc-pinot-noir-2022,raw
dataset/uploads_root/prod-svoe-vino-strapi/prod-svoe-vino/strapi/uploads/chteau_le_grand_vostock_cabernet_sauvignon_kaberne_sovinon_krasnoe_suhoe_14_1006ebb20a.webp,chteau-le-grand-vostock-cabernet-sauvignon-kaberne-sovinon-krasnoe-suhoe-14,raw
dataset/uploads_root/prod-svoe-vino-strapi/prod-svoe-vino/strapi/uploads/chteau_le_grand_vostock_cabernet_sauvignon_reserve_kaberne_sovinon_krasnoe_suhoe_14_f13c051af7.webp,chteau-le-grand-vostock-cabernet-sauvignon-reserve-kaberne-sovinon-krasnoe-suhoe-14,raw
dataset/uploads_root/prod-svoe-vino-strapi/prod-svoe-vino/strapi/uploads/belmas_winery_cabernet_sauvignon_rose_belmas_kaberne_sovinon_rozovoe_suhoe_13_d837f5aa21.webp,belmas-winery-cabernet-sauvignon-rose-belmas-kaberne-sovinon-rozovoe-suhoe-13,raw
dataset/uploads_root/prod-svoe-vino-strapi/prod-svoe-vino/strapi/uploads/chteau_le_grand_vostock_cadet_karsov_shardone_beloe_suhoe_135_e1a7aa1ea3.webp,chteau-le-grand-vostock-cadet-karsov-shardone-beloe-suhoe-135,raw
dataset/uploads_root/prod-svoe-vino-strapi/prod-svoe-vino/strapi/uploads/Cantiani_Alig_Riesl_New_vid_042025_kopiya_fotor_bg_remover_20260821205234_286ee15115.webp,cantiani-aligote-riesling,raw
dataset/uploads_root/prod-svoe-vino-strapi/prod-svoe-vino/strapi/uploads/CANTIANI_Igrist_Brut_vid5_042026_kopiya_1b13527c60.webp,cantiani-brut,raw
dataset/uploads_root/prod-svoe-vino-strapi/prod-svoe-vino/strapi/uploads/Cantiani_Caber_Sauv_vid_042024_Photoroom_834a144a19.webp,cantiani-cabernet-sauvignon,raw
dataset/uploads_root/prod-svoe-vino-strapi/prod-svoe-vino/strapi/uploads/Risunok11_a641f8d3e0.webp,cantiani-cabernet-sauvignon-merlot,raw
dataset/uploads_root/prod-svoe-vino-strapi/prod-svoe-vino/strapi/uploads/Cantiani_Reserve_1_e1bd881754.webp,cantiani-cabernet-sauvignon-reserve-2024,raw
dataset/uploads_root/prod-svoe-vino-strapi/prod-svoe-vino/strapi/uploads/CANTIANI_Igristoe_Chardon_444h1200px_fa4fe5363b.webp,cantiani-chardonnay,raw
dataset/uploads_root/prod-svoe-vino-strapi/prod-svoe-vino/strapi/uploads/Cantiani_Merlot_vid_042024_189cdd1f9c.webp,cantiani-merlot,raw
dataset/uploads_root/prod-svoe-vino-strapi/prod-svoe-vino/strapi/uploads/Cantiani_Riesl_New_vid_042025_kopiya_fotor_bg_remover_20260821201017_c6605edd27.webp,cantiani-riesling,raw
dataset/uploads_root/prod-svoe-vino-strapi/prod-svoe-vino/strapi/uploads/CANTIANI_Igristoe_Riesl_vid_032025_kopiya_8150a5e627.webp,cantiani-riesling-1,raw
dataset/uploads_root/prod-svoe-vino-strapi/prod-svoe-vino/strapi/uploads/Cantiani_Riesl_Rkats_New_vid_042025_kopiya_9745bc157c.webp,cantiani-riesling-rkatsiteli,raw
dataset/uploads_root/prod-svoe-vino-strapi/prod-svoe-vino/strapi/uploads/Cantiani_Rkats_New_vid_042025_kopiya_fotor_bg_remover_20260821203120_9079733698.webp,cantiani-rkatsiteli,raw
dataset/uploads_root/prod-svoe-vino-strapi/prod-svoe-vino/strapi/uploads/CANTIANI_Igristoe_Rkats_vid_032025_kopiya_29e44021af.webp,cantiani-rkatsiteli-1,raw
dataset/uploads_root/prod-svoe-vino-strapi/prod-svoe-vino/strapi/uploads/Image_ad611828e7.webp,cantiani-saperavi-merlot,raw
dataset/uploads_root/prod-svoe-vino-strapi/prod-svoe-vino/strapi/uploads/CANTIANI_Igristoe_white_semi_444h1200px_2d2892b235.webp,cantiani-semisweet,raw
dataset/uploads_root/prod-svoe-vino-strapi/prod-svoe-vino/strapi/uploads/Caucasian_Dzharag_300681b16f.webp,caucasian-dzharag,raw
dataset/uploads_root/prod-svoe-vino-strapi/prod-svoe-vino/strapi/uploads/belmas_winery_cf_kaberne_fran_krasnoe_suhoe_14_b3b0ea3baf.webp,belmas-winery-cf-kaberne-fran-krasnoe-suhoe-14,raw
dataset/uploads_root/prod-svoe-vino-strapi/prod-svoe-vino/strapi/uploads/chteau_le_grand_vostock_chardonnay_shardone_beloe_suhoe_14_42eb2dde28.webp,chteau-le-grand-vostock-chardonnay-shardone-beloe-suhoe-14,raw
dataset/uploads_root/prod-svoe-vino-strapi/prod-svoe-vino/strapi/uploads/gavras_chardonnay_shardone_beloe_suhoe_13_c69d79ea2c.webp,gavras-chardonnay-shardone-beloe-suhoe-13,raw
dataset/uploads_root/prod-svoe-vino-strapi/prod-svoe-vino/strapi/uploads/Shardone_uan_barrel_2024_e4ec3db7cd.webp,one-barrel-uan-barrel,raw
dataset/uploads_root/prod-svoe-vino-strapi/prod-svoe-vino/strapi/uploads/vibes_chardonnay_barrel_fermented_shardone_beloe_suhoe_125_8a3b995072.webp,vibes-chardonnay-barrel-fermented-shardone-beloe-suhoe-125,raw
dataset/uploads_root/prod-svoe-vino-strapi/prod-svoe-vino/strapi/uploads/chteau_le_grand_vostock_chardonnay_reserve_shardone_beloe_suhoe_14_ba03055c10.webp,chteau-le-grand-vostock-chardonnay-reserve-shardone-beloe-suhoe-14,raw
dataset/uploads_root/prod-svoe-vino-strapi/prod-svoe-vino/strapi/uploads/stn_winery_chardonnay_vol2_shardone_beloe_suhoe_105_67d76e98d6.webp,stn-winery-chardonnay-vol2-shardone-beloe-suhoe-105,raw
dataset/uploads_root/prod-svoe-vino-strapi/prod-svoe-vino/strapi/uploads/shato_de_Talyu_Merlo_1d1734eb89.webp,chateau-de-talu-merlot,raw
dataset/uploads_root/prod-svoe-vino-strapi/prod-svoe-vino/strapi/uploads/Shato_Taman_Eno_Amber_e41353a6c1.webp,chateau-tamagne-eno-amber,raw
dataset/uploads_root/prod-svoe-vino-strapi/prod-svoe-vino/strapi/uploads/Chateau_Tamagne_Eno_Traminer_i_Shardone_bbb5a80c54.webp,chateau-tamagne-eno-traminer-i-shardone,raw
dataset/uploads_root/prod-svoe-vino-strapi/prod-svoe-vino/strapi/uploads/Shato_Taman_rezerv_muskat_desertnyj_vyderzhannyj_fcef49a1a7.webp,chateau-tamagne-grand-dessert-muscat,raw
dataset/uploads_root/prod-svoe-vino-strapi/prod-svoe-vino/strapi/uploads/Shato_Taman_rezerv_nektar_desertnyj_vyderzhannyj_36d8cd6fae.webp,chateau-tamagne-grand-dessert-nectar,raw
dataset/uploads_root/prod-svoe-vino-strapi/prod-svoe-vino/strapi/uploads/Sh_T_NATURE_0_75_2024gu_Normal_Orange_88fb104a59.webp,chateau-tamagne-nature-orange,raw
dataset/uploads_root/prod-svoe-vino-strapi/prod-svoe-vino/strapi/uploads/Sh_T_Vert_295ed64be6.webp,chateau-tamagne-nature-vert,raw
dataset/uploads_root/prod-svoe-vino-strapi/prod-svoe-vino/strapi/uploads/photo_2026_08_17_17_13_05_no_bg_preview_carve_photos_68c4ef07cb.webp,chateau-tamagne-select-blanc,raw
dataset/uploads_root/prod-svoe-vino-strapi/prod-svoe-vino/strapi/uploads/taman_shato_bez_fona_d2c12c80a3.webp,chateau-tamagne-select-blanc-brut,raw
dataset/uploads_root/prod-svoe-vino-strapi/prod-svoe-vino/strapi/uploads/Sh_T_Signature_Cabernet_23_7c2ad72860.webp,chateau-tamagne-signature-kaberne,raw
dataset/uploads_root/prod-svoe-vino-strapi/prod-svoe-vino/strapi/uploads/Sh_T_Signature_Saperavi_23_417cbfd691.webp,chateau-tamagne-signature-saperavi,raw
dataset/uploads_root/prod-svoe-vino-strapi/prod-svoe-vino/strapi/uploads/Sh_T_Signature_Chardonnay_23_6422e66a6f.webp,chateau-tamagne-signature-shardone,raw
dataset/uploads_root/prod-svoe-vino-strapi/prod-svoe-vino/strapi/uploads/esse_chenin_blanc_shenen_blan_beloe_suhoe_12_d814751e86.webp,esse-chenin-blanc-shenen-blan-beloe-suhoe-12,raw
dataset/uploads_root/prod-svoe-vino-strapi/prod-svoe-vino/strapi/uploads/oleg_repin_shenen_blan_beloe_suhoe_125_668dadcd2b.webp,chenin-blanc-shenen-blan-oleg-repin,raw
dataset/uploads_root/prod-svoe-vino-strapi/prod-svoe-vino/strapi/uploads/vinodelnya_batrak_contadina_merlo_krasnoe_suhoe_14_d8d327a6e9.webp,vinodelnya-batrak-contadina-merlo-krasnoe-suhoe-14,raw
dataset/uploads_root/prod-svoe-vino-strapi/prod-svoe-vino/strapi/uploads/kazak_de68fa252f.webp,cosaque-krasnaya-gorka,raw
dataset/uploads_root/prod-svoe-vino-strapi/prod-svoe-vino/strapi/uploads/fanagoriya_cru_lermont_cabernet_franc_kaberne_fran_krasnoe_suhoe_13_ef61ceeb84.webp,fanagoriya-cru-lermont-cabernet-franc-kaberne-fran-krasnoe-suhoe-13,raw
dataset/uploads_root/prod-svoe-vino-strapi/prod-svoe-vino/strapi/uploads/fanagoriya_cru_lermont_cabernet_sauvignon_kaberne_sovinon_krasnoe_suhoe_13_a5a169ea47.webp,fanagoriya-cru-lermont-cabernet-sauvignon-kaberne-sovinon-krasnoe-suhoe-13,raw
dataset/uploads_root/prod-svoe-vino-strapi/prod-svoe-vino/strapi/uploads/fanagoriya_cru_lermont_chardonnay_shardone_beloe_suhoe_14_435c653682.webp,fanagoriya-cru-lermont-chardonnay-shardone-beloe-suhoe-14,raw
dataset/uploads_root/prod-svoe-vino-strapi/prod-svoe-vino/strapi/uploads/fanagoriya_cru_lermont_merlo_merlo_krasnoe_suhoe_14_15ccd6560f.webp,fanagoriya-cru-lermont-merlo-merlo-krasnoe-suhoe-14,raw
dataset/uploads_root/prod-svoe-vino-strapi/prod-svoe-vino/strapi/uploads/fanagoriya_cru_lermont_petit_verdot_pti_verdo_krasnoe_suhoe_13_83618460e6.webp,fanagoriya-cru-lermont-petit-verdot-pti-verdo-krasnoe-suhoe-13,raw
dataset/uploads_root/prod-svoe-vino-strapi/prod-svoe-vino/strapi/uploads/fanagoriya_cru_lermont_pinot_noir_pino_nuar_krasnoe_suhoe_13_b8a0b0efab.webp,fanagoriya-cru-lermont-pinot-noir-pino-nuar-krasnoe-suhoe-13,raw
dataset/uploads_root/prod-svoe-vino-strapi/prod-svoe-vino/strapi/uploads/fanagoriya_cru_lermont_saperavi_saperavi_krasnoe_suhoe_135_d3b22976a5.webp,fanagoriya-cru-lermont-saperavi-saperavi-krasnoe-suhoe-135,raw
dataset/uploads_root/prod-svoe-vino-strapi/prod-svoe-vino/strapi/uploads/PU_Sjv7dn_M_Nil_H25_TO_9_Bcb_En9_PK_Fsvhom_YYP_8_Jj3i0i_W_Vq_QI_0_rk_Ndc_Yu_Xgsc_T6_Rd_VKB_Qs_Wg_R2u7_Opn2_Pybli1_A_b0cf4df1eb.webp,cru-lermont-risling,raw
dataset/uploads_root/prod-svoe-vino-strapi/prod-svoe-vino/strapi/uploads/fanagoriya_cru_lermont_rubinovyy_magaracha_krasnoe_suhoe_13_7011e81450.webp,fanagoriya-cru-lermont-rubinovyy-magaracha-krasnoe-suhoe-13,raw
dataset/uploads_root/prod-svoe-vino-strapi/prod-svoe-vino/strapi/uploads/Vitmer_belyj_bryut_1_840eb810c0.webp,cuvee-de-vitmer-brut,raw
dataset/uploads_root/prod-svoe-vino-strapi/prod-svoe-vino/strapi/uploads/zolotaya_balka_cuvee_de_vitmer_rose_pino_blan_igristoe_bryut_rozovoe_12_5b002e17b2.webp,zolotaya-balka-cuvee-de-vitmer-rose-pino-blan-rozovoe-bryut-12,raw
dataset/uploads_root/prod-svoe-vino-strapi/prod-svoe-vino/strapi/uploads/chteau_le_grand_vostock_cuvee_karsov_reserve_shardone_beloe_suhoe_14_d5479420dd.webp,chteau-le-grand-vostock-cuvee-karsov-reserve-shardone-beloe-suhoe-14,raw
dataset/uploads_root/prod-svoe-vino-strapi/prod-svoe-vino/strapi/uploads/agora_winery_cuvee_pino_gridzhio_shardone_bryut_beloe_igristoe_bryut_beloe_125_16b20c89df.webp,agora-winery-cuvee-pino-gridzhio-shardone-bryut-beloe-125,raw
dataset/uploads_root/prod-svoe-vino-strapi/prod-svoe-vino/strapi/uploads/agora_winery_cuvee_pino_nuar_shardone_bryut_rozovoe_igristoe_bryut_rozovoe_125_c2b30c8f55.webp,agora-winery-cuvee-pino-nuar-shardone-bryut-rozovoe-125,raw
dataset/uploads_root/prod-svoe-vino-strapi/prod-svoe-vino/strapi/uploads/stn_winery_cyberpunk_pino_nuar_krasnoe_suhoe_12_97a68d8880.webp,stn-winery-cyberpunk-pino-nuar-krasnoe-suhoe-12,raw
dataset/uploads_root/prod-svoe-vino-strapi/prod-svoe-vino/strapi/uploads/2917_Is_MEB_Ew_05f10fa301.webp,caperavi-avtorskoe-vino,raw
dataset/uploads_root/prod-svoe-vino-strapi/prod-svoe-vino/strapi/uploads/2920_t_IFZ_Zgl_88808d05fa.webp,cary-pandas-avtorskoe-vino,raw
dataset/uploads_root/prod-svoe-vino-strapi/prod-svoe-vino/strapi/uploads/2919_Ktp_Yck_H_7dd7538fe4.webp,cira-avtorskoe-vino,raw
dataset/uploads_root/prod-svoe-vino-strapi/prod-svoe-vino/strapi/uploads/daniel_21_5adfb4086e.webp,daniel-2021,raw
dataset/uploads_root/prod-svoe-vino-strapi/prod-svoe-vino/strapi/uploads/Daniel_2022_Koffmann_5bba62cc20.webp,daniel-22,raw
dataset/uploads_root/prod-svoe-vino-strapi/prod-svoe-vino/strapi/uploads/David_2020_71f53fa374.webp,david,raw
dataset/uploads_root/prod-svoe-vino-strapi/prod-svoe-vino/strapi/uploads/David_2021_65162f7033.webp,david-2021,raw
dataset/uploads_root/prod-svoe-vino-strapi/prod-svoe-vino/strapi/uploads/David_22_b6377f7280.webp,david-2022,raw
dataset/uploads_root/prod-svoe-vino-strapi/prod-svoe-vino/strapi/uploads/esse_demi_sec_muscat_nectar_muskat_belyy_igristoe_ekstra_bryut_beloe_115_dd78fd153c.webp,esse-demi-sec-muscat-nectar-muskat-belyy-beloe-ekstra-bryut-115,raw
dataset/uploads_root/prod-svoe-vino-strapi/prod-svoe-vino/strapi/uploads/PU_Sjv7dn_M_Nil_H25_TO_9_Bcb_Pv_EK_1_Fhd_Y8_N_Chl65_03i_I_Rbe662_P_Itcwol_Ea035_C3g_Q_Vz_Ms_L6_Qa_Ptitt_N_Ij_G_Pfq_Ow_6227b012ea.webp,di-caspico-rozovoe-bryut,raw
dataset/uploads_root/prod-svoe-vino-strapi/prod-svoe-vino/strapi/uploads/esse_dolinnoe_cabernet_franc_kaberne_fran_krasnoe_suhoe_13_0390d0284a.webp,esse-dolinnoe-cabernet-franc-kaberne-fran-krasnoe-suhoe-13,raw
dataset/uploads_root/prod-svoe-vino-strapi/prod-svoe-vino/strapi/uploads/esse_dolinnoe_chrdvnr_shardone_beloe_suhoe_13_f8c0b600ad.webp,esse-dolinnoe-chrdvnr-shardone-beloe-suhoe-13,raw
dataset/uploads_root/prod-svoe-vino-strapi/prod-svoe-vino/strapi/uploads/oleg_repin_rubinovyy_magaracha_krasnoe_suhoe_14_546920a1a5.webp,dry-red-wine-56-rubinovyj-magaracha-oleg-repin,raw
dataset/uploads_root/prod-svoe-vino-strapi/prod-svoe-vino/strapi/uploads/oleg_repin_duvankoy_aligote_aligote_beloe_suhoe_13_58838be609.webp,oleg-repin-duvankoy-aligote-aligote-beloe-suhoe-13,raw
dataset/uploads_root/prod-svoe-vino-strapi/prod-svoe-vino/strapi/uploads/usadba_divnomorskoe_east_hill_vione_beloe_suhoe_127_870fb1499b.webp,usadba-divnomorskoe-east-hill-vione-beloe-suhoe-127,raw
dataset/uploads_root/prod-svoe-vino-strapi/prod-svoe-vino/strapi/uploads/vinogradniki_gay_kodzora_elegance_rose_de_gai_kodzor_sira_rozovoe_suhoe_125_5f5dbbbf70.webp,vinogradniki-gay-kodzora-elegance-rose-de-gai-kodzor-sira-rozovoe-suhoe-125,raw
dataset/uploads_root/prod-svoe-vino-strapi/prod-svoe-vino/strapi/uploads/Eleonora_0e3c405b09.webp,eleonora,raw
dataset/uploads_root/prod-svoe-vino-strapi/prod-svoe-vino/strapi/uploads/villa_di_alma_en_barrique_shardone_igristoe_ekstra_bryut_beloe_12_1fa106eafd.webp,villa-di-alma-en-barrique-shardone-beloe-ekstra-bryut-12,raw
dataset/uploads_root/prod-svoe-vino-strapi/prod-svoe-vino/strapi/uploads/esse_esse_grand_cuvee_60_shardone_igristoe_ekstra_bryut_beloe_115_20c6d7a318.webp,esse-esse-grand-cuvee-60-shardone-beloe-ekstra-bryut-115,raw
dataset/uploads_root/prod-svoe-vino-strapi/prod-svoe-vino/strapi/uploads/esse_esse_millesime_brut_zero_dosage_shardone_igristoe_ekstra_bryut_beloe_115_0cfef302b3.webp,esse-esse-millesime-brut-zero-dosage-shardone-beloe-ekstra-bryut-115,raw
dataset/uploads_root/prod-svoe-vino-strapi/prod-svoe-vino/strapi/uploads/esse_esse_rose_zero_dosage_shardone_igristoe_ekstra_bryut_rozovoe_115_24439839bf.webp,esse-esse-rose-zero-dosage-shardone-rozovoe-ekstra-bryut-115,raw
dataset/uploads_root/prod-svoe-vino-strapi/prod-svoe-vino/strapi/uploads/esse_esse_sira_krasnoe_suhoe_12_d542214070.webp,esse-esse-sira-krasnoe-suhoe-12,raw
dataset/uploads_root/prod-svoe-vino-strapi/prod-svoe-vino/strapi/uploads/esse_esse_shardone_beloe_suhoe_125_a64096d1a1.webp,esse-esse-shardone-beloe-suhoe-125,raw
dataset/uploads_root/prod-svoe-vino-strapi/prod-svoe-vino/strapi/uploads/aya_organic_wine_vineyards_evolution_chardonnay_shardone_beloe_suhoe_124_e03dd6e444.webp,aya-organic-wine-vineyards-evolution-chardonnay-shardone-beloe-suhoe-124,raw
dataset/uploads_root/prod-svoe-vino-strapi/prod-svoe-vino/strapi/uploads/evolution_rose_pinot_noir_2024_c3fc4a172a.webp,evolution-pinot-noir,raw
dataset/uploads_root/prod-svoe-vino-strapi/prod-svoe-vino/strapi/uploads/aya_organic_wine_vineyards_evolution_pinot_noir_pino_nuar_krasnoe_suhoe_125_b0f9aa751e.webp,aya-organic-wine-vineyards-evolution-pinot-noir-pino-nuar-krasnoe-suhoe-125,raw
dataset/uploads_root/prod-svoe-vino-strapi/prod-svoe-vino/strapi/uploads/AYA_Mokapy_igristoe_beloe_09976d020f.webp,evolution-pinot-noir-bryut-beloe,raw
dataset/uploads_root/prod-svoe-vino-strapi/prod-svoe-vino/strapi/uploads/AYA_Mokapy_igristoe_roze_e3c51b7973.webp,evolution-pinot-noir-bryut-rozovoe,raw
dataset/uploads_root/prod-svoe-vino-strapi/prod-svoe-vino/strapi/uploads/2023g_Aya_Evolution_Pinot_noir_b850f06043.webp,evolution-reserve-pinot-noir,raw
dataset/uploads_root/prod-svoe-vino-strapi/prod-svoe-vino/strapi/uploads/shato_pino_vione_risling_beloe_suhoe_115_00ae6e439c.webp,shato-pino-exclusive-vione-risling-beloe-suhoe-115,raw
dataset/uploads_root/prod-svoe-vino-strapi/prod-svoe-vino/strapi/uploads/shato_pino_kaberne_sovinon_shiraz_krasnoe_suhoe_135_943e3e76b8.webp,shato-pino-exclusive-kaberne-sovinon-shiraz-krasnoe-suhoe-135,raw
dataset/uploads_root/prod-svoe-vino-strapi/prod-svoe-vino/strapi/uploads/shato_pino_pino_nuarmerlo_krasnoe_suhoe_135_976c341758.webp,shato-pino-exclusive-pino-nuar-merlo-krasnoe-suhoe-135,raw
dataset/uploads_root/prod-svoe-vino-strapi/prod-svoe-vino/strapi/uploads/shato_pino_shardone_pino_gri_beloe_suhoe_125_2bbaea4aa5.webp,shato-pino-exclusive-shardone-pino-gri-beloe-suhoe-125,raw
dataset/uploads_root/prod-svoe-vino-strapi/prod-svoe-vino/strapi/uploads/chteau_le_grand_vostock_fagotine_pino_gri_beloe_polusladkoe_105_03a77419a2.webp,chteau-le-grand-vostock-fagotine-pino-gri-beloe-polusladkoe-105,raw
dataset/uploads_root/prod-svoe-vino-strapi/prod-svoe-vino/strapi/uploads/chteau_le_grand_vostock_fagotine_pino_gri_rozovoe_polusladkoe_11_674bd59659.webp,chteau-le-grand-vostock-fagotine-pino-gri-rozovoe-polusladkoe-11,raw
dataset/uploads_root/prod-svoe-vino-strapi/prod-svoe-vino/strapi/uploads/fanagoriya_fanagoria_extra_brut_rose_2019_pino_nuar_igristoe_bryut_rozovoe_ekstra_bryut_12_aef88041a9.webp,fanagoriya-fanagoria-extra-brut-rose-2019-pino-nuar-igristoe-bryut-rozovoe-ekstra-bryut-12,raw
dataset/uploads_root/prod-svoe-vino-strapi/prod-svoe-vino/strapi/uploads/abrau_dyurso_femme_dabrau_amurskiy_potapenko_krasnoe_suhoe_107_d599cb8a22.webp,abrau-dyurso-femme-dabrau-amurskiy-potapenko-krasnoe-suhoe-107,raw
dataset/uploads_root/prod-svoe-vino-strapi/prod-svoe-vino/strapi/uploads/Derbent_Vino_Fori_di_Mare_Di_Kaspiko_d67089804b.webp,fiori-di-mare-krasnoe-polusuhoe,raw
dataset/uploads_root/prod-svoe-vino-strapi/prod-svoe-vino/strapi/uploads/vinodelnya_myshako_flute_blaufrankish_igristoe_bryut_rozovoe_126_131ed09b46.webp,vinodelnya-myshako-flute-blaufrankish-rozovoe-bryut-126,raw
dataset/uploads_root/prod-svoe-vino-strapi/prod-svoe-vino/strapi/uploads/vinodelnya_myshako_flute_bryut_beloe_shardone_igristoe_bryut_beloe_11_ddbe12b9ec.webp,vinodelnya-myshako-flute-bryut-beloe-shardone-11,raw
dataset/uploads_root/prod-svoe-vino-strapi/prod-svoe-vino/strapi/uploads/vinodelnya_myshako_flute_vione_aligote_igristoe_bryut_beloe_12_84a5f5532f.webp,vinodelnya-myshako-flute-vione-aligote-beloe-bryut-12,raw
dataset/uploads_root/prod-svoe-vino-strapi/prod-svoe-vino/strapi/uploads/vinodelnya_myshako_flute_gevyurtstraminer_sovinon_blan_igristoe_bryut_beloe_122_9d73a2d644.webp,vinodelnya-myshako-flute-gevyurtstraminer-sovinon-blan-beloe-bryut-122,raw
dataset/uploads_root/prod-svoe-vino-strapi/prod-svoe-vino/strapi/uploads/fanagoriya_formula_q_saperavi_krasnoe_suhoe_135_3ac72505f2.webp,fanagoriya-formula-q-saperavi-krasnoe-suhoe-135,raw
dataset/uploads_root/prod-svoe-vino-strapi/prod-svoe-vino/strapi/uploads/vinogradniki_gay_kodzora_gewurztraminer_de_gai_kodzor_gevyurtstraminer_beloe_polusuhoe_135_2e99cb319b.webp,vinogradniki-gay-kodzora-gewurztraminer-de-gai-kodzor-gevyurtstraminer-beloe-polusuhoe-135,raw
dataset/uploads_root/prod-svoe-vino-strapi/prod-svoe-vino/strapi/uploads/Glu_Glu_Butch_16c03662bc.webp,glu-glu-butch,raw
dataset/uploads_root/prod-svoe-vino-strapi/prod-svoe-vino/strapi/uploads/glu_glu_mouse_3ef17a8f95.webp,glu-glu-mr-mouse-2022,raw
dataset/uploads_root/prod-svoe-vino-strapi/prod-svoe-vino/strapi/uploads/Glu_Glu_Samba_tif_1e45185066.webp,glu-glu-samba,raw
dataset/uploads_root/prod-svoe-vino-strapi/prod-svoe-vino/strapi/uploads/Pomeste_Golubiczkoe_Chardonnay_fc05cb08e0.webp,golubitskoe-estate-chardonnay,raw
dataset/uploads_root/prod-svoe-vino-strapi/prod-svoe-vino/strapi/uploads/Pomeste_Golubiczkoe_Risling_02c2e84311.webp,golubitskoe-estate-risling,raw
dataset/uploads_root/prod-svoe-vino-strapi/prod-svoe-vino/strapi/uploads/Golubitskoe_Estate_Rose_84adcc1cea.webp,golubitskoe-rose,raw
dataset/uploads_root/prod-svoe-vino-strapi/prod-svoe-vino/strapi/uploads/Good_Steak_Cabernet_d88ef34cad.webp,good-steak-cabernet,raw
dataset/uploads_root/prod-svoe-vino-strapi/prod-svoe-vino/strapi/uploads/Good_Steak_Merlot_2fe4acd615.webp,good-steak-merlot,raw
dataset/uploads_root/prod-svoe-vino-strapi/prod-svoe-vino/strapi/uploads/output_img_021_ecc606d2a1.webp,grand-jete-blanc-de-blancs,raw
dataset/uploads_root/prod-svoe-vino-strapi/prod-svoe-vino/strapi/uploads/output_img_022_62bebb88f8.webp,grand-jete-blanc-de-noirs,raw
dataset/uploads_root/prod-svoe-vino-strapi/prod-svoe-vino/strapi/uploads/output_img_023_118c0b2ab7.webp,grand-jete-cuvee,raw
dataset/uploads_root/prod-svoe-vino-strapi/prod-svoe-vino/strapi/uploads/output_img_024_4a97c5528e.webp,grand-jete-rose,raw
dataset/uploads_root/prod-svoe-vino-strapi/prod-svoe-vino/strapi/uploads/chteau_le_grand_vostock_grand_karsov_shardone_beloe_suhoe_14_89c8c2d86d.webp,chteau-le-grand-vostock-grand-karsov-shardone-beloe-suhoe-14,raw
dataset/uploads_root/prod-svoe-vino-strapi/prod-svoe-vino/strapi/uploads/shato_pino_kaberne_fran_krasnoe_suhoe_135_564b619998.webp,shato-pino-grand-reserve-cabernet-franc-kaberne-fran-krasnoe-suhoe-135,raw
dataset/uploads_root/prod-svoe-vino-strapi/prod-svoe-vino/strapi/uploads/shato_pino_kaberne_sovinon_krasnoe_suhoe_135_25b56d23d4.webp,shato-pino-grand-reserve-cabernet-sauvignon-kaberne-sovinon-krasnoe-suhoe-135,raw
dataset/uploads_root/prod-svoe-vino-strapi/prod-svoe-vino/strapi/uploads/shato_pino_grand_rezerv_shardone_beloe_suhoe_125_abadfb49a7.webp,shato-pino-grand-reserve-chardonnay-shardone-beloe-suhoe-125,raw
dataset/uploads_root/prod-svoe-vino-strapi/prod-svoe-vino/strapi/uploads/shato_pino_grand_rezerv_pino_nuar_krasnoe_suhoe_135_705f6fd901.webp,shato-pino-grand-reserve-pinot-noir-pino-nuar-krasnoe-suhoe-135,raw
dataset/uploads_root/prod-svoe-vino-strapi/prod-svoe-vino/strapi/uploads/usadba_divnomorskoe_grande_cuvee_shardone_igristoe_bryut_beloe_125_00b1325ee6.webp,usadba-divnomorskoe-grande-cuvee-shardone-beloe-bryut-125,raw
dataset/uploads_root/prod-svoe-vino-strapi/prod-svoe-vino/strapi/uploads/usadba_divnomorskoe_grande_rose_pino_nuar_igristoe_ekstra_bryut_rozovoe_125_5c852c8006.webp,usadba-divnomorskoe-grande-rose-pino-nuar-rozovoe-ekstra-bryut-125,raw
dataset/uploads_root/prod-svoe-vino-strapi/prod-svoe-vino/strapi/uploads/Myshako_Grin_Kejp_Risling_db31ed429d.webp,green-cape-risling,raw
dataset/uploads_root/prod-svoe-vino-strapi/prod-svoe-vino/strapi/uploads/Myshako_Green_Cape_Sovinon_Blan_beloe_suhoe_cfddcfd9d5.webp,green-cape-sovinon-blan,raw
dataset/uploads_root/prod-svoe-vino-strapi/prod-svoe-vino/strapi/uploads/agrolayn_heritage_dg_skin_contact_red_saperavi_krasnoe_suhoe_13_88fc4bc8a1.webp,agrolayn-heritage-dg-skin-contact-red-saperavi-krasnoe-suhoe-13,raw
dataset/uploads_root/prod-svoe-vino-strapi/prod-svoe-vino/strapi/uploads/agrolayn_heritage_dg_skin_contact_rkatsiteli_rkatsiteli_krasnoe_suhoe_12_a5576a9dd5.webp,agrolayn-heritage-dg-skin-contact-rkatsiteli-rkatsiteli-krasnoe-suhoe-12,raw
dataset/uploads_root/prod-svoe-vino-strapi/prod-svoe-vino/strapi/uploads/agrolayn_heritage_dg_skin_contact_rkatsiteli_rkatsiteli_beloe_suhoe_12_3e44c13a6f.webp,agrolayn-heritage-dg-skin-contact-rkatsiteli-rkatsiteli-beloe-suhoe-12,raw
dataset/uploads_root/prod-svoe-vino-strapi/prod-svoe-vino/strapi/uploads/fanagoriya_ice_wine_kaberne_kaberne_sovinon_krasnoe_sladkoe_11_d0c08332e8.webp,fanagoriya-ice-wine-kaberne-kaberne-sovinon-krasnoe-sladkoe-11,raw
dataset/uploads_root/prod-svoe-vino-strapi/prod-svoe-vino/strapi/uploads/fanagoriya_ice_wine_merlo_rozovoe_sladkoe_10_f04efb1e6f.webp,fanagoriya-ice-wine-merlo-rozovoe-sladkoe-10,raw
dataset/uploads_root/prod-svoe-vino-strapi/prod-svoe-vino/strapi/uploads/shato_pino_ice_wine_risling_risling_reynskiy_beloe_sladkoe_11_003c1461e3.webp,shato-pino-ice-wine-risling-risling-reynskiy-beloe-sladkoe-11,raw
dataset/uploads_root/prod-svoe-vino-strapi/prod-svoe-vino/strapi/uploads/fanagoriya_ice_wine_risling_tihoe_beloe_sladkoe_10_fd6aaba610.webp,fanagoriya-ice-wine-risling-tihoe-beloe-sladkoe-10,raw
dataset/uploads_root/prod-svoe-vino-strapi/prod-svoe-vino/strapi/uploads/fanagoriya_ice_wine_saperavi_tihoe_krasnoe_sladkoe_10_9c41c0131c.webp,fanagoriya-ice-wine-saperavi-tihoe-krasnoe-sladkoe-10,raw
dataset/uploads_root/prod-svoe-vino-strapi/prod-svoe-vino/strapi/uploads/vinodelnya_molchanova_ice_wine_tsvetochnyy_beloe_sladkoe_11_b011b225f0.webp,vinodelnya-molchanova-ice-wine-tsvetochnyy-beloe-sladkoe-11,raw
dataset/uploads_root/prod-svoe-vino-strapi/prod-svoe-vino/strapi/uploads/inkermanskiy_zmv_inkerman_bryut_shardone_igristoe_bryut_beloe_135_e40fffb0b1.webp,inkermanskiy-zmv-inkerman-bryut-shardone-beloe-135,raw
dataset/uploads_root/prod-svoe-vino-strapi/prod-svoe-vino/strapi/uploads/Inkerman_muskatnoe_beloe_polusladkoe_092002be0d.webp,inkerman-muskatnoe-beloe,raw
dataset/uploads_root/prod-svoe-vino-strapi/prod-svoe-vino/strapi/uploads/inkermanskiy_zmv_inkerman_polusladkoe_roze_aligote_igristoe_polusladkoe_rozovoe_135_1956dabf85.webp,inkermanskiy-zmv-inkerman-polusladkoe-roze-aligote-rozovoe-135,raw
dataset/uploads_root/prod-svoe-vino-strapi/prod-svoe-vino/strapi/uploads/Inkerman_Shato_Ruzh_85fa6ee9ce.webp,inkerman-shato-ruzh,raw
dataset/uploads_root/prod-svoe-vino-strapi/prod-svoe-vino/strapi/uploads/zolotoe_pole_kaffa_vione_beloe_suhoe_13_fc7fb280dc.webp,zolotoe-pole-kaffa-vione-beloe-suhoe-13,raw
dataset/uploads_root/prod-svoe-vino-strapi/prod-svoe-vino/strapi/uploads/zolotoe_pole_kaffa_kaberne_sovinon_krasnoe_suhoe_125_8eeb858fc0.webp,zolotoe-pole-kaffa-kaberne-sovinon-krasnoe-suhoe-125,raw
dataset/uploads_root/prod-svoe-vino-strapi/prod-svoe-vino/strapi/uploads/zolotoe_pole_kaffa_kaberne_fran_krasnoe_suhoe_14_1af04dd482.webp,zolotoe-pole-kaffa-kaberne-fran-krasnoe-suhoe-14,raw
dataset/uploads_root/prod-svoe-vino-strapi/prod-svoe-vino/strapi/uploads/zolotoe_pole_kaffa_malbek_krasnoe_suhoe_125_59cab68c16.webp,zolotoe-pole-kaffa-malbek-krasnoe-suhoe-125,raw
dataset/uploads_root/prod-svoe-vino-strapi/prod-svoe-vino/strapi/uploads/zolotoe_pole_kaffa_moskato_dzhallo_moskato_dzhallo_beloe_suhoe_135_1681d08fcb.webp,zolotoe-pole-kaffa-moskato-dzhallo-moskato-dzhallo-beloe-suhoe-135,raw
dataset/uploads_root/prod-svoe-vino-strapi/prod-svoe-vino/strapi/uploads/zolotoe_pole_kaffa_saperavi_krasnoe_suhoe_14_d1fe213221.webp,zolotoe-pole-kaffa-saperavi-krasnoe-suhoe-14,raw
dataset/uploads_root/prod-svoe-vino-strapi/prod-svoe-vino/strapi/uploads/zolotoe_pole_kaffa_shardone_beloe_suhoe_125_7bb0c3ca2b.webp,zolotoe-pole-kaffa-shardone-beloe-suhoe-125,raw
dataset/uploads_root/prod-svoe-vino-strapi/prod-svoe-vino/strapi/uploads/460110750288_no_bg_preview_carve_photos_613a90613e.webp,kaffa-joy-malbec-glu-glu,raw
dataset/uploads_root/prod-svoe-vino-strapi/prod-svoe-vino/strapi/uploads/460110750290_no_bg_preview_carve_photos_97c4b5c7e5.webp,kaffa-joy-malvasia,raw
dataset/uploads_root/prod-svoe-vino-strapi/prod-svoe-vino/strapi/uploads/460110750289_no_bg_preview_carve_photos_4b52546c83.webp,kaffa-joy-merlot-malbec,raw
dataset/uploads_root/prod-svoe-vino-strapi/prod-svoe-vino/strapi/uploads/460110750287_no_bg_preview_carve_photos_d9a9b898cd.webp,kaffa-joy-rkatsiteli,raw
dataset/uploads_root/prod-svoe-vino-strapi/prod-svoe-vino/strapi/uploads/kataron_bryut_3a1af9a036.webp,katharon-brut,raw
dataset/uploads_root/prod-svoe-vino-strapi/prod-svoe-vino/strapi/uploads/2yfvayvay_83316bd121.webp,katharon-semi-sweet,raw
dataset/uploads_root/prod-svoe-vino-strapi/prod-svoe-vino/strapi/uploads/Katharon_Brut_blanc_de_blan_d34e259ca2.webp,katharon-katharon-brut-blanc-de-blan,raw
dataset/uploads_root/prod-svoe-vino-strapi/prod-svoe-vino/strapi/uploads/Katharon_Kab_Fran_suhoe_0ed5f19ec1.webp,katharon-katharon-kaberne-fran,raw
dataset/uploads_root/prod-svoe-vino-strapi/prod-svoe-vino/strapi/uploads/Katharon_Merlo_suhoe_6947446370.webp,katharon-katharon-merlo,raw
dataset/uploads_root/prod-svoe-vino-strapi/prod-svoe-vino/strapi/uploads/Katharon_Risling_2025_983f02b959.webp,katharon-katharon-risling-suhoe,raw
dataset/uploads_root/prod-svoe-vino-strapi/prod-svoe-vino/strapi/uploads/Katharon_Sovinon_Blan_2025_d965fbe23c.webp,katharon-katharon-sovinon-blan,raw
dataset/uploads_root/prod-svoe-vino-strapi/prod-svoe-vino/strapi/uploads/Katharon_Shardone_2025_93baa2e60f.webp,katharon-katharon-shardone,raw
dataset/uploads_root/prod-svoe-vino-strapi/prod-svoe-vino/strapi/uploads/vinodelnya_konstantina_dzitoeva_kd_bryut_shardone_igristoe_bryut_beloe_115_6951096ef2.webp,vinodelnya-konstantina-dzitoeva-kd-bryut-shardone-beloe-115,raw
dataset/uploads_root/prod-svoe-vino-strapi/prod-svoe-vino/strapi/uploads/photo_2026_08_19_23_47_51_no_bg_preview_carve_photos_4f7d3d0747.webp,kd-kokur,raw
dataset/uploads_root/prod-svoe-vino-strapi/prod-svoe-vino/strapi/uploads/vinodelnya_konstantina_dzitoeva_kd_rezerv_merlo_krasnoe_suhoe_vyderzhannoe_12_b66cd45010.webp,vinodelnya-konstantina-dzitoeva-kd-rezerv-merlo-krasnoe-suhoe-12,raw
dataset/uploads_root/prod-svoe-vino-strapi/prod-svoe-vino/strapi/uploads/vinodelnya_konstantina_dzitoeva_kd_shardone_beloe_suhoe_128_e9a75fb7f0.webp,vinodelnya-konstantina-dzitoeva-kd-shardone-beloe-suhoe-128,raw
dataset/uploads_root/prod-svoe-vino-strapi/prod-svoe-vino/strapi/uploads/hrustaleva_polusuhoe_merlo_049054fb87.webp,khrustaleva-76-merlot-polusuhoe-rozovoe,raw
dataset/uploads_root/prod-svoe-vino-strapi/prod-svoe-vino/strapi/uploads/hrustaleva_bryut_muskat_314381c682.webp,khrustaleva-76-muscat-bryut-beloe,raw
dataset/uploads_root/prod-svoe-vino-strapi/prod-svoe-vino/strapi/uploads/hrustaleva_semi_svit_muskat_8fa1427352.webp,khrustaleva-76-muscat-polusladkoe-beloe,raw
dataset/uploads_root/prod-svoe-vino-strapi/prod-svoe-vino/strapi/uploads/chteau_le_grand_vostock_krasnostop_reserve_krasnostop_krasnoe_suhoe_14_6f2c655629.webp,chteau-le-grand-vostock-krasnostop-reserve-krasnostop-krasnoe-suhoe-14,raw
dataset/uploads_root/prod-svoe-vino-strapi/prod-svoe-vino/strapi/uploads/agrolayn_lame_du_vin_saperavi_krasnoe_suhoe_13_5ede20a1fd.webp,agrolayn-lame-du-vin-saperavi-krasnoe-suhoe-13,raw
dataset/uploads_root/prod-svoe-vino-strapi/prod-svoe-vino/strapi/uploads/chteau_le_grand_vostock_le_chene_royal_reserve_merlo_krasnoe_suhoe_145_3a1ec8fdfa.webp,chteau-le-grand-vostock-le-chene-royal-reserve-merlo-krasnoe-suhoe-145,raw
dataset/uploads_root/prod-svoe-vino-strapi/prod-svoe-vino/strapi/uploads/output_img_037_425130ed89.webp,le-general-hiver,raw
dataset/uploads_root/prod-svoe-vino-strapi/prod-svoe-vino/strapi/uploads/zolotoe_pole_legend_of_crimea_cabernet_sauvignon_kaberne_sovinon_krasnoe_suhoe_125_dd1e75d7d6.webp,zolotoe-pole-legend-of-crimea-cabernet-sauvignon-kaberne-sovinon-krasnoe-suhoe-125,raw
dataset/uploads_root/prod-svoe-vino-strapi/prod-svoe-vino/strapi/uploads/zolotoe_pole_legend_of_crimea_chardonnay_shardone_beloe_suhoe_13_198c99212d.webp,zolotoe-pole-legend-of-crimea-chardonnay-shardone-beloe-suhoe-13,raw
dataset/uploads_root/prod-svoe-vino-strapi/prod-svoe-vino/strapi/uploads/zolotoe_pole_legend_of_crimea_malbec_malbek_krasnoe_suhoe_125_58b26ef1ab.webp,zolotoe-pole-legend-of-crimea-malbec-malbek-krasnoe-suhoe-125,raw
dataset/uploads_root/prod-svoe-vino-strapi/prod-svoe-vino/strapi/uploads/zolotoe_pole_legend_of_crimea_muscat_ottonel_muskat_ottonel_beloe_suhoe_14_b38aa9e08c.webp,zolotoe-pole-legend-of-crimea-muscat-ottonel-muskat-ottonel-beloe-suhoe-14,raw
dataset/uploads_root/prod-svoe-vino-strapi/prod-svoe-vino/strapi/uploads/zolotoe_pole_legend_of_crimea_pinot_gris_rose_pino_gri_rozovoe_suhoe_135_9f75698a01.webp,zolotoe-pole-legend-of-crimea-pinot-gris-rose-pino-gri-rozovoe-suhoe-135,raw
dataset/uploads_root/prod-svoe-vino-strapi/prod-svoe-vino/strapi/uploads/zolotoe_pole_legend_of_crimea_red_blend_kaberne_sovinon_krasnoe_suhoe_14_19d5632763.webp,zolotoe-pole-legend-of-crimea-red-blend-kaberne-sovinon-krasnoe-suhoe-14,raw
dataset/uploads_root/prod-svoe-vino-strapi/prod-svoe-vino/strapi/uploads/zolotoe_pole_legend_of_crimea_sauvignon_blanc_sovinon_blan_beloe_suhoe_13_5c21d982fd.webp,zolotoe-pole-legend-of-crimea-sauvignon-blanc-sovinon-blan-beloe-suhoe-13,raw
dataset/uploads_root/prod-svoe-vino-strapi/prod-svoe-vino/strapi/uploads/zolotoe_pole_legend_of_crimea_white_blend_malvaziya_beloe_suhoe_135_d791def8a0.webp,zolotoe-pole-legend-of-crimea-white-blend-malvaziya-beloe-suhoe-135,raw
dataset/uploads_root/prod-svoe-vino-strapi/prod-svoe-vino/strapi/uploads/Vino_polusuhoe_krasnoe_KABERNE_SOVINON_cfd594e5f6.webp,leto-kaberne-sovinon-2023-polusuhoe-krasnoe,raw
dataset/uploads_root/prod-svoe-vino-strapi/prod-svoe-vino/strapi/uploads/Vino_suhoe_krasnoe_KABERNE_FRAN_3c69650ca3.webp,leto-kaberne-fran-2021-suhoe-krasnoe,raw
dataset/uploads_root/prod-svoe-vino-strapi/prod-svoe-vino/strapi/uploads/Kaberne_Fran_polusladkoe_a62c376c55.webp,leto-kaberne-fran-2024-polusladkoe-krasnoe,raw
dataset/uploads_root/prod-svoe-vino-strapi/prod-svoe-vino/strapi/uploads/Kaberne_Fran_rezerv_2021_12ff9ab8f8.webp,leto-kaberne-fran-rezerv-2020-suhoe-krasnoe,raw
dataset/uploads_root/prod-svoe-vino-strapi/prod-svoe-vino/strapi/uploads/Vino_suhoe_krasnoe_KABERNE_FRAN_REZERV_2f6ac9d296.webp,leto-kaberne-fran-rezerv-2021-suhoe-krasnoe,raw
dataset/uploads_root/prod-svoe-vino-strapi/prod-svoe-vino/strapi/uploads/Kollekcziya_vinodela_e3dfd5dd5b.webp,leto-kollekcziya-vinodela-2020-suhoe-krasnoe,raw
dataset/uploads_root/prod-svoe-vino-strapi/prod-svoe-vino/strapi/uploads/Kollekcziya_leta_beloe_2020_3bc15b4ff4.webp,leto-kollekcziya-leta-2020-suhoe-beloe,raw
dataset/uploads_root/prod-svoe-vino-strapi/prod-svoe-vino/strapi/uploads/VINO_suhoe_rozovoe_KOLLEK_Cz_I_Ya_LETA_05a35835db.webp,leto-kollekcziya-leta-2020-suhoe-beloe-1,raw
dataset/uploads_root/prod-svoe-vino-strapi/prod-svoe-vino/strapi/uploads/Vino_suhoe_beloe_KOLLEK_Cz_I_Ya_LETA_KUPA_Zh_0ee86a0a33.webp,leto-kollekcziya-leta-kupazh-2021-suhoe-beloe,raw
dataset/uploads_root/prod-svoe-vino-strapi/prod-svoe-vino/strapi/uploads/Vino_suhoe_krasnoe_KOLLEK_Cz_I_Ya_LETA_KUPA_Zh_46f3db9eb1.webp,leto-kollekcziya-leta-kupazh-2023-suhoe-krasnoe,raw
dataset/uploads_root/prod-svoe-vino-strapi/prod-svoe-vino/strapi/uploads/Beloe_suhoe_MUSKAT_7b044897c5.webp,leto-vecrfn-2024-suhoe-vino,raw
dataset/uploads_root/prod-svoe-vino-strapi/prod-svoe-vino/strapi/uploads/Muskat_Oranzh_ca7932fac1.webp,leto-muskat-oranzh-2024-suhoe-vino,raw
dataset/uploads_root/prod-svoe-vino-strapi/prod-svoe-vino/strapi/uploads/photo_a535bcc46e.webp,leto-risling-2020,raw
dataset/uploads_root/prod-svoe-vino-strapi/prod-svoe-vino/strapi/uploads/Risling_2024_polusuhoe_cfdd46fd1d.webp,leto-risling-2024-polusuhoe-vino,raw
dataset/uploads_root/prod-svoe-vino-strapi/prod-svoe-vino/strapi/uploads/Risling_2024_068199ad02.webp,leto-risling-2024,raw
dataset/uploads_root/prod-svoe-vino-strapi/prod-svoe-vino/strapi/uploads/Vino_beloe_suhoe_Sh_ARDONE_ae4ca974c5.webp,leto-shardone-2023-suhoe-beloe,raw
dataset/uploads_root/prod-svoe-vino-strapi/prod-svoe-vino/strapi/uploads/oleg_repin_listva_cabernet_sauvignon_kaberne_sovinon_krasnoe_suhoe_14_d4b85ef613.webp,oleg-repin-listva-cabernet-sauvignon-kaberne-sovinon-krasnoe-suhoe-14,raw
dataset/uploads_root/prod-svoe-vino-strapi/prod-svoe-vino/strapi/uploads/oleg_repin_listva_syrah_sira_krasnoe_suhoe_14_664db3a828.webp,oleg-repin-listva-syrah-sira-krasnoe-suhoe-14,raw
dataset/uploads_root/prod-svoe-vino-strapi/prod-svoe-vino/strapi/uploads/ru_pim_263023001001_01_d63898ec2e.webp,locantita-sauvignon-blanc-chardonnay,raw
dataset/uploads_root/prod-svoe-vino-strapi/prod-svoe-vino/strapi/uploads/075mjty781rmw0czc3ba7kc53w_preview_0_ezremove_a03c591e41.webp,locantita-more,raw
dataset/uploads_root/prod-svoe-vino-strapi/prod-svoe-vino/strapi/uploads/loco_cimbali_loco_cimbali_pinot_meunier_mene_krasnoe_suhoe_125_bc6731c1b6.webp,loco-cimbali-loco-cimbali-pinot-meunier-mene-krasnoe-suhoe-125,raw
dataset/uploads_root/prod-svoe-vino-strapi/prod-svoe-vino/strapi/uploads/loco_cimbali_loco_cimbali_red_kaberne_sovinon_krasnoe_suhoe_135_591dd06510.webp,loco-cimbali-loco-cimbali-red-kaberne-sovinon-krasnoe-suhoe-135,raw
dataset/uploads_root/prod-svoe-vino-strapi/prod-svoe-vino/strapi/uploads/2_8fdb34dcf3.webp,magnatum-blanc-de-blancs,raw
dataset/uploads_root/prod-svoe-vino-strapi/prod-svoe-vino/strapi/uploads/e7b5c9242252ee908c6a7f883415bf51_859cbd72e2.webp,magnatum-cuvee-m-blanc-de-blancs,raw
dataset/uploads_root/prod-svoe-vino-strapi/prod-svoe-vino/strapi/uploads/f804754fa9ae3bf4c674ad5d82e86b14_d9b6930374.webp,magnatum-rose,raw
dataset/uploads_root/prod-svoe-vino-strapi/prod-svoe-vino/strapi/uploads/Makitra_Selection_Shardone_7f42730601.webp,makitra-selection,raw
dataset/uploads_root/prod-svoe-vino-strapi/prod-svoe-vino/strapi/uploads/vinogradniki_gay_kodzora_malbec_de_gai_kodzor_malbek_krasnoe_suhoe_135_5a017ab36f.webp,vinogradniki-gay-kodzora-malbec-de-gai-kodzor-malbek-krasnoe-suhoe-135,raw
dataset/uploads_root/prod-svoe-vino-strapi/prod-svoe-vino/strapi/uploads/belmas_winery_malbec_katya_malbek_rozovoe_suhoe_129_a3e291a903.webp,belmas-winery-malbec-katya-malbek-rozovoe-suhoe-129,raw
dataset/uploads_root/prod-svoe-vino-strapi/prod-svoe-vino/strapi/uploads/belmas_winery_malbec_katya_belmas_malbek_rozovoe_suhoe_11_77522b0de4.webp,belmas-winery-malbec-katya-belmas-malbek-rozovoe-suhoe-11,raw
dataset/uploads_root/prod-svoe-vino-strapi/prod-svoe-vino/strapi/uploads/vinogradniki_gay_kodzora_malbec_red_klen_de_gai_kodzor_malbek_krasnoe_suhoe_135_88285a40f2.webp,vinogradniki-gay-kodzora-malbec-red-klen-de-gai-kodzor-malbek-krasnoe-suhoe-135,raw
dataset/uploads_root/prod-svoe-vino-strapi/prod-svoe-vino/strapi/uploads/domaine_de_la_vivandiere_malbec_vivandiere_roze_malbek_rozovoe_suhoe_125_882f670a7d.webp,domaine-de-la-vivandiere-malbec-vivandiere-roze-malbek-rozovoe-suhoe-125,raw
dataset/uploads_root/prod-svoe-vino-strapi/prod-svoe-vino/strapi/uploads/esse_mama_marselan_krasnoe_suhoe_115_13668d8525.webp,esse-mama-marselan-krasnoe-suhoe-115,raw
dataset/uploads_root/prod-svoe-vino-strapi/prod-svoe-vino/strapi/uploads/Kaberne_Sovinon_cecaa1f694.webp,mancopia-kaberne-sovinon,raw
dataset/uploads_root/prod-svoe-vino-strapi/prod-svoe-vino/strapi/uploads/Meritazh_80196a1ff6.webp,mancopia-meritazh,raw
dataset/uploads_root/prod-svoe-vino-strapi/prod-svoe-vino/strapi/uploads/0632ia7qvpbnncf2rdtc0371aua6i4q2_20fb4a70b1.webp,mancopia-risling,raw
dataset/uploads_root/prod-svoe-vino-strapi/prod-svoe-vino/strapi/uploads/jch166xas825xpjkdnoo0zrbrsdlg815_16e30153a2.webp,mancopia-saperavi,raw
dataset/uploads_root/prod-svoe-vino-strapi/prod-svoe-vino/strapi/uploads/i99mhxq3ffugxl7vay272qaxisjosj8i_3ec2f1ed83.webp,mancopia-sira,raw
dataset/uploads_root/prod-svoe-vino-strapi/prod-svoe-vino/strapi/uploads/cd3690e22dc2df799a4db8b857e74d37_9ca346a575.webp,mantra-blanc-de-blancs,raw
dataset/uploads_root/prod-svoe-vino-strapi/prod-svoe-vino/strapi/uploads/Margarita_22_49dd66061b.webp,wine-1,raw
dataset/uploads_root/prod-svoe-vino-strapi/prod-svoe-vino/strapi/uploads/Margarita_2023_47752d294f.webp,margarita,raw
dataset/uploads_root/prod-svoe-vino-strapi/prod-svoe-vino/strapi/uploads/usadba_divnomorskoe_maris_blanc_de_blanc_extra_brut_shardone_beloe_ekstra_bryut_105_2146bdc77b.webp,usadba-divnomorskoe-maris-blanc-de-blanc-extra-brut-shardone-beloe-ekstra-bryut-105,raw
dataset/uploads_root/prod-svoe-vino-strapi/prod-svoe-vino/strapi/uploads/usadba_divnomorskoe_maris_blanc_de_noirs_extra_brut_pino_nuar_beloe_ekstra_bryut_105_800f5ad248.webp,usadba-divnomorskoe-maris-blanc-de-noirs-extra-brut-pino-nuar-beloe-ekstra-bryut-105,raw
dataset/uploads_root/prod-svoe-vino-strapi/prod-svoe-vino/strapi/uploads/AYA_marquetry_cabernet_franc_2023_bottle_81526424ed.webp,marquetry-cabernet-franc,raw
dataset/uploads_root/prod-svoe-vino-strapi/prod-svoe-vino/strapi/uploads/AYA_marquetry_syrah_2023_bottle_90a876b523.webp,marquetry-syrah,raw
dataset/uploads_root/prod-svoe-vino-strapi/prod-svoe-vino/strapi/uploads/AYA_marquetry_syrah_merlot_cabernet_franc_2023_bottle_1174396457.webp,marquetry-syrah-merlot-cabernet-franc,raw
dataset/uploads_root/prod-svoe-vino-strapi/prod-svoe-vino/strapi/uploads/usadba_divnomorskoe_marselan_marselan_krasnoe_suhoe_149_cfc4d7c708.webp,usadba-divnomorskoe-marselan-marselan-krasnoe-suhoe-149,raw
dataset/uploads_root/prod-svoe-vino-strapi/prod-svoe-vino/strapi/uploads/gavras_masour_murvedr_rozovoe_suhoe_12_9a98bd2fb0.webp,gavras-masour-murvedr-rozovoe-suhoe-12,raw
dataset/uploads_root/prod-svoe-vino-strapi/prod-svoe-vino/strapi/uploads/usadba_divnomorskoe_merlot_merlo_krasnoe_suhoe_149_06c6e6e8aa.webp,usadba-divnomorskoe-merlot-merlo-krasnoe-suhoe-149,raw
dataset/uploads_root/prod-svoe-vino-strapi/prod-svoe-vino/strapi/uploads/chteau_le_grand_vostock_merlot_merlo_krasnoe_suhoe_14_b7ff8ad6c4.webp,chteau-le-grand-vostock-merlot-merlo-krasnoe-suhoe-14,raw
dataset/uploads_root/prod-svoe-vino-strapi/prod-svoe-vino/strapi/uploads/ferrum_winery_merlot_merlo_krasnoe_suhoe_13_bb60771e4b.webp,ferrum-winery-merlot-merlo-krasnoe-suhoe-13,raw
dataset/uploads_root/prod-svoe-vino-strapi/prod-svoe-vino/strapi/uploads/chteau_le_grand_vostock_merlot_reserve_merlo_krasnoe_suhoe_145_56be446fbd.webp,chteau-le-grand-vostock-merlot-reserve-merlo-krasnoe-suhoe-145,raw
dataset/uploads_root/prod-svoe-vino-strapi/prod-svoe-vino/strapi/uploads/Alamak_bryut_beloe_2c9b3e074d.webp,millstream-alamak-bryut-beloe,raw
dataset/uploads_root/prod-svoe-vino-strapi/prod-svoe-vino/strapi/uploads/AV_AB_molodoe_polusuhoe_beloe_94421f365d.webp,millstream-av-igristoe-molodoe-polusuhoe-beloe,raw
dataset/uploads_root/prod-svoe-vino-strapi/prod-svoe-vino/strapi/uploads/AV_AB_molodoe_suhoe_beloe_5e97393b71.webp,millstream-av-igristoe-molodoe-suhoe-beloe,raw
dataset/uploads_root/prod-svoe-vino-strapi/prod-svoe-vino/strapi/uploads/Milstrim_Sellar_Cellar_BLANC_DE_BLANCS_Ekstra_bryut_5f039ba36e.webp,millstream-cellar-blanc-de-blanc-ekstra-bryut-beloe,raw
dataset/uploads_root/prod-svoe-vino-strapi/prod-svoe-vino/strapi/uploads/Milstrim_Sellar_Cellar_Selekt_Blend_Avtohtonov_e81e864b68.webp,millstream-cellar-select-blend-avtohtonov,raw
dataset/uploads_root/prod-svoe-vino-strapi/prod-svoe-vino/strapi/uploads/Milstrim_Sellar_Cellar_Selekt_KABERNE_SOVINON_b985f964b3.webp,millstream-cellar-select-kaberne-sovinon,raw
dataset/uploads_root/prod-svoe-vino-strapi/prod-svoe-vino/strapi/uploads/Milstrim_Sellar_Cellar_Selekt_Krasnostop_zolotovskij_226fd9ead3.webp,millstream-cellar-select-krasnostop-zolotovskij,raw
dataset/uploads_root/prod-svoe-vino-strapi/prod-svoe-vino/strapi/uploads/Milstrim_Sellar_Cellar_Selekt_SAPERAVI_suhoe_krasnoe_b3fd335b8d.webp,millstream-cellar-select-saperavi,raw
dataset/uploads_root/prod-svoe-vino-strapi/prod-svoe-vino/strapi/uploads/Milstrim_Sellar_Cellar_klassicheskoe_beloe_polusuhoe_a72226a735.webp,millstream-cellar-vyderzhannoe-igristoe-polusuhoe-beloe,raw
dataset/uploads_root/prod-svoe-vino-strapi/prod-svoe-vino/strapi/uploads/Milstrim_Sellar_Cellar_Blend_4_suhoe_krasnoe_b6bf6ca178.webp,millstream-cellar-rezerv-blend-4,raw
dataset/uploads_root/prod-svoe-vino-strapi/prod-svoe-vino/strapi/uploads/Miroir_De_Talu_Merlot_Cabernet_Sauvignon_477ed75989.webp,miroir-de-talu-merlot-cabernet-sauvignon,raw
dataset/uploads_root/prod-svoe-vino-strapi/prod-svoe-vino/strapi/uploads/Miroir_De_Talu_Krasnostop_35f7acf3cd.webp,miroir-de-talu-merlot-krasnostop,raw
dataset/uploads_root/prod-svoe-vino-strapi/prod-svoe-vino/strapi/uploads/MB_igrist_Cuvee_vid_032026_kopiya_8bb830fcc2.webp,mont-blanc-cuvee,raw
dataset/uploads_root/prod-svoe-vino-strapi/prod-svoe-vino/strapi/uploads/MB_igrist_Blanc_vid_032026_kopiya_5c6680d1ef.webp,mont-blanc-blanc-de-blancs,raw
dataset/uploads_root/prod-svoe-vino-strapi/prod-svoe-vino/strapi/uploads/vinodelnya_batrak_monte_di_cammello_nuvola_bianca_risling_beloe_suhoe_12_e818c16f4c.webp,vinodelnya-batrak-monte-di-cammello-nuvola-bianca-risling-beloe-suhoe-12,raw
dataset/uploads_root/prod-svoe-vino-strapi/prod-svoe-vino/strapi/uploads/ru_pim_78722001001_01_a64f7241c9.webp,monte-garu-beloe-bryut,raw
dataset/uploads_root/prod-svoe-vino-strapi/prod-svoe-vino/strapi/uploads/ru_pim_78716001001_01_3c2f0c7afe.webp,monte-garu-beloe-polusladkoe,raw
dataset/uploads_root/prod-svoe-vino-strapi/prod-svoe-vino/strapi/uploads/vibes_montepulciano_cabernet_franc_petit_verdot_montepulchano_krasnoe_suhoe_125_5642303e11.webp,vibes-montepulciano-cabernet-franc-petit-verdot-montepulchano-krasnoe-suhoe-125,raw
dataset/uploads_root/prod-svoe-vino-strapi/prod-svoe-vino/strapi/uploads/gunko_winery_monumental_bryut_shardone_igristoe_bryut_beloe_12_e0ca0a9975.webp,gunko-winery-monumental-bryut-shardone-beloe-12,raw
dataset/uploads_root/prod-svoe-vino-strapi/prod-svoe-vino/strapi/uploads/gunko_winery_monumental_saperavi_krasnoe_suhoe_145_6e796e0d26.webp,gunko-winery-monumental-saperavi-krasnoe-suhoe-145,raw
dataset/uploads_root/prod-svoe-vino-strapi/prod-svoe-vino/strapi/uploads/agrolayn_mountain_eagle_aleatico_rose_aleatiko_rozovoe_suhoe_125_2fca230608.webp,agrolayn-mountain-eagle-aleatico-rose-aleatiko-rozovoe-suhoe-125,raw
dataset/uploads_root/prod-svoe-vino-strapi/prod-svoe-vino/strapi/uploads/agrolayn_mountain_eagle_cabernet_sauvignon_kaberne_sovinon_krasnoe_suhoe_135_c2ea2996ff.webp,agrolayn-mountain-eagle-cabernet-sauvignon-kaberne-sovinon-krasnoe-suhoe-135,raw
dataset/uploads_root/prod-svoe-vino-strapi/prod-svoe-vino/strapi/uploads/agrolayn_mountain_eagle_chardonnay_shardone_beloe_suhoe_12_787345e979.webp,agrolayn-mountain-eagle-chardonnay-shardone-beloe-suhoe-12,raw
dataset/uploads_root/prod-svoe-vino-strapi/prod-svoe-vino/strapi/uploads/agrolayn_mountain_eagle_marselan_marselan_krasnoe_suhoe_13_918dcc5044.webp,agrolayn-mountain-eagle-marselan-marselan-krasnoe-suhoe-13,raw
dataset/uploads_root/prod-svoe-vino-strapi/prod-svoe-vino/strapi/uploads/agrolayn_mountain_eagle_muscat_muskat_beloe_suhoe_125_1592a7a3e1.webp,agrolayn-mountain-eagle-muscat-muskat-beloe-suhoe-125,raw
dataset/uploads_root/prod-svoe-vino-strapi/prod-svoe-vino/strapi/uploads/agrolayn_mountain_eagle_pedro_ximenez_pedro_himenes_beloe_suhoe_11_f778a838b5.webp,agrolayn-mountain-eagle-pedro-ximenez-pedro-himenes-beloe-suhoe-11,raw
dataset/uploads_root/prod-svoe-vino-strapi/prod-svoe-vino/strapi/uploads/agrolayn_mountain_eagle_saperavi_saperavi_krasnoe_suhoe_135_6d3f5cfe1e.webp,agrolayn-mountain-eagle-saperavi-saperavi-krasnoe-suhoe-135,raw
dataset/uploads_root/prod-svoe-vino-strapi/prod-svoe-vino/strapi/uploads/agrolayn_mountain_eagle_sauvignon_blanc_sovinon_blan_beloe_suhoe_125_4e32ec4820.webp,agrolayn-mountain-eagle-sauvignon-blanc-sovinon-blan-beloe-suhoe-125,raw
dataset/uploads_root/prod-svoe-vino-strapi/prod-svoe-vino/strapi/uploads/agrolayn_mountain_eagle_semillon_semilon_beloe_suhoe_11_6f41e3735a.webp,agrolayn-mountain-eagle-semillon-semilon-beloe-suhoe-11,raw
dataset/uploads_root/prod-svoe-vino-strapi/prod-svoe-vino/strapi/uploads/agrolayn_mountain_eagle_traminer_traminer_beloe_suhoe_12_15d07ae704.webp,agrolayn-mountain-eagle-traminer-traminer-beloe-suhoe-12,raw
dataset/uploads_root/prod-svoe-vino-strapi/prod-svoe-vino/strapi/uploads/agrolayn_mountain_eagle_viognier_vione_beloe_suhoe_115_841c23d57a.webp,agrolayn-mountain-eagle-viognier-vione-beloe-suhoe-115,raw
dataset/uploads_root/prod-svoe-vino-strapi/prod-svoe-vino/strapi/uploads/agrolayn_mountain_eagle_white_blend_vione_beloe_suhoe_115_30af9f7827.webp,agrolayn-mountain-eagle-white-blend-vione-beloe-suhoe-115,raw
dataset/uploads_root/prod-svoe-vino-strapi/prod-svoe-vino/strapi/uploads/andryus_yutsis_muscat_blanc_muskat_beloe_suhoe_112_efea231a5f.webp,andryus-yutsis-muscat-blanc-muskat-beloe-suhoe-112,raw
dataset/uploads_root/prod-svoe-vino-strapi/prod-svoe-vino/strapi/uploads/vinogradniki_gay_kodzora_muscat_de_gai_kodzor_sladkiy_muskat_aleksandriyskiy_beloe_sladkoe_14_b6db28874b.webp,vinogradniki-gay-kodzora-muscat-de-gai-kodzor-sladkiy-muskat-aleksandriyskiy-beloe-sladkoe-14,raw
dataset/uploads_root/prod-svoe-vino-strapi/prod-svoe-vino/strapi/uploads/vinogradniki_gay_kodzora_muscat_ga_kodzor_muskat_melkozernistyy_beloe_suhoe_12_b15bbb92d8.webp,vinogradniki-gay-kodzora-muscat-ga-kodzor-muskat-melkozernistyy-beloe-suhoe-12,raw
dataset/uploads_root/prod-svoe-vino-strapi/prod-svoe-vino/strapi/uploads/usadba_divnomorskoe_muscat_ottonel_muskat_ottonel_beloe_sladkoe_135_e8a0643fd7.webp,usadba-divnomorskoe-muscat-ottonel-muskat-ottonel-beloe-sladkoe-135,raw
dataset/uploads_root/prod-svoe-vino-strapi/prod-svoe-vino/strapi/uploads/esse_muskat_muskat_belyy_igristoe_ekstra_bryut_beloe_115_f176ce3718.webp,esse-muskat-muskat-belyy-beloe-ekstra-bryut-115,raw
dataset/uploads_root/prod-svoe-vino-strapi/prod-svoe-vino/strapi/uploads/Naomi_22_61d7c5eeff.webp,naomi-2022,raw
dataset/uploads_root/prod-svoe-vino-strapi/prod-svoe-vino/strapi/uploads/Naomi_23_206944817c.webp,naomi-2023,raw
dataset/uploads_root/prod-svoe-vino-strapi/prod-svoe-vino/strapi/uploads/nebbiolo_43312005b9.webp,nebbiolo,raw
dataset/uploads_root/prod-svoe-vino-strapi/prod-svoe-vino/strapi/uploads/esse_nectar_muscat_muskat_belyy_igristoe_polusuhoe_beloe_12_5b5a2eb0f1.webp,esse-nectar-muscat-muskat-belyy-beloe-polusuhoe-12,raw
dataset/uploads_root/prod-svoe-vino-strapi/prod-svoe-vino/strapi/uploads/golubitskoe_estate_noble_selection_red_blend_kaberne_sovinon_krasnoe_suhoe_136_37a3acdce0.webp,golubitskoe-estate-noble-selection-red-blend-kaberne-sovinon-krasnoe-suhoe-136,raw
dataset/uploads_root/prod-svoe-vino-strapi/prod-svoe-vino/strapi/uploads/golubitskoe_estate_noble_selection_white_blend_shardone_beloe_suhoe_135_3e16d234be.webp,golubitskoe-estate-noble-selection-white-blend-shardone-beloe-suhoe-135,raw
dataset/uploads_root/prod-svoe-vino-strapi/prod-svoe-vino/strapi/uploads/pomeste_golubitskoe_noble_selection_pino_nuar_roze_rozovoe_suhoe_132_8c761a20cf.webp,pomeste-golubitskoe-noble-selection-pino-nuar-roze-rozovoe-suhoe-132,raw
dataset/uploads_root/prod-svoe-vino-strapi/prod-svoe-vino/strapi/uploads/Nosorog_zolotoj_17ef77cf25.webp,nosorog-gold,raw
dataset/uploads_root/prod-svoe-vino-strapi/prod-svoe-vino/strapi/uploads/Nosorog_noch_bdcfc8be7f.webp,nosorog-night,raw
dataset/uploads_root/prod-svoe-vino-strapi/prod-svoe-vino/strapi/uploads/esse_odessa_black_odesskiy_chernyy_krasnoe_suhoe_12_0708fdaee7.webp,esse-odessa-black-odesskiy-chernyy-krasnoe-suhoe-12,raw
dataset/uploads_root/prod-svoe-vino-strapi/prod-svoe-vino/strapi/uploads/Opium_68e7c19bd9.webp,opium,raw
dataset/uploads_root/prod-svoe-vino-strapi/prod-svoe-vino/strapi/uploads/andryus_yutsis_orange_vermentino_beloe_suhoe_112_656c4e7348.webp,andryus-yutsis-orange-vermentino-beloe-suhoe-112,raw
dataset/uploads_root/prod-svoe-vino-strapi/prod-svoe-vino/strapi/uploads/Orange_b3f73ad1d2.webp,orange,raw
dataset/uploads_root/prod-svoe-vino-strapi/prod-svoe-vino/strapi/uploads/andryus_yutsis_organic_syrah_sira_krasnoe_suhoe_135_7e2b3955da.webp,andryus-yutsis-organic-syrah-sira-krasnoe-suhoe-135,raw
dataset/uploads_root/prod-svoe-vino-strapi/prod-svoe-vino/strapi/uploads/fanagoriya_par_amour_pervenets_magaracha_beloe_polusladkoe_105_125_937ddaffd1.webp,fanagoriya-par-amour-pervenets-magaracha-beloe-polusladkoe-105-125,raw
dataset/uploads_root/prod-svoe-vino-strapi/prod-svoe-vino/strapi/uploads/fanagoriya_par_amour_rubin_golodrigi_krasnoe_polusladkoe_105_125_7e0aec2668.webp,fanagoriya-par-amour-rubin-golodrigi-krasnoe-polusladkoe-105-125,raw
dataset/uploads_root/prod-svoe-vino-strapi/prod-svoe-vino/strapi/uploads/fanagoriya_par_amour_pervenets_magaracha_rozovoe_polusuhoe_105_125_861e969490.webp,fanagoriya-par-amour-pervenets-magaracha-rozovoe-polusuhoe-105-125,raw
dataset/uploads_root/prod-svoe-vino-strapi/prod-svoe-vino/strapi/uploads/fanagoriya_par_amour_pervenets_magaracha_beloe_polusuhoe_105_125_6db75a4f18.webp,fanagoriya-par-amour-pervenets-magaracha-beloe-polusuhoe-105-125,raw
dataset/uploads_root/prod-svoe-vino-strapi/prod-svoe-vino/strapi/uploads/uppa_winery_pavel_shvets_cabernet_sauvignon_merlot_kaberne_sovinon_krasnoe_suhoe_14_da1b1f8614.webp,uppa-winery-pavel-shvets-cabernet-sauvignon-merlot-kaberne-sovinon-krasnoe-suhoe-14,raw
dataset/uploads_root/prod-svoe-vino-strapi/prod-svoe-vino/strapi/uploads/fanagoriya_pelle_calda_saperavi_krasnoe_suhoe_155_9c9a89ab23.webp,fanagoriya-pelle-calda-saperavi-krasnoe-suhoe-155,raw
dataset/uploads_root/prod-svoe-vino-strapi/prod-svoe-vino/strapi/uploads/domaine_lipko_penpalo_cabernet_sauvignon_domaine_lipko_kaberne_sovinon_krasnoe_suhoe_14_49831aa29f.webp,domaine-lipko-penpalo-cabernet-sauvignon-domaine-lipko-kaberne-sovinon-krasnoe-suhoe-14,raw
dataset/uploads_root/prod-svoe-vino-strapi/prod-svoe-vino/strapi/uploads/domaine_lipko_penpalo_chardonnay_domaine_lipko_shardone_beloe_suhoe_122_84467c3576.webp,domaine-lipko-penpalo-chardonnay-domaine-lipko-shardone-beloe-suhoe-122,raw
dataset/uploads_root/prod-svoe-vino-strapi/prod-svoe-vino/strapi/uploads/domaine_lipko_penpalo_kaberne_sovinon_krasnoe_suhoe_14_669809a88b.webp,domaine-lipko-penpalo-kaberne-sovinon-krasnoe-suhoe-14,raw
dataset/uploads_root/prod-svoe-vino-strapi/prod-svoe-vino/strapi/uploads/vinodelnya_batrak_perfekt_klassik_kaberne_sovinon_krasnoe_suhoe_135_0e92236937.webp,vinodelnya-batrak-perfekt-klassik-kaberne-sovinon-krasnoe-suhoe-135,raw
dataset/uploads_root/prod-svoe-vino-strapi/prod-svoe-vino/strapi/uploads/vinodelnya_batrak_perfekt_klassik_kaberne_fran_krasnoe_suhoe_135_dd739a7a0d.webp,vinodelnya-batrak-perfekt-klassik-kaberne-fran-krasnoe-suhoe-135,raw
dataset/uploads_root/prod-svoe-vino-strapi/prod-svoe-vino/strapi/uploads/vinodelnya_batrak_perfekt_klassik_merlo_krasnoe_suhoe_135_1949b2cb69.webp,vinodelnya-batrak-perfekt-klassik-merlo-krasnoe-suhoe-135,raw
dataset/uploads_root/prod-svoe-vino-strapi/prod-svoe-vino/strapi/uploads/vinodelnya_batrak_perfekt_klassik_muskat_belyy_beloe_suhoe_125_bfb281d569.webp,vinodelnya-batrak-perfekt-klassik-muskat-belyy-beloe-suhoe-125,raw
dataset/uploads_root/prod-svoe-vino-strapi/prod-svoe-vino/strapi/uploads/vinodelnya_batrak_perfekt_klassik_muskat_rozovyy_rozovoe_suhoe_125_3a24f57798.webp,vinodelnya-batrak-perfekt-klassik-muskat-rozovyy-rozovoe-suhoe-125,raw
dataset/uploads_root/prod-svoe-vino-strapi/prod-svoe-vino/strapi/uploads/vinodelnya_batrak_perfekt_klassik_saperavi_krasnoe_suhoe_135_b23c1c2ed9.webp,vinodelnya-batrak-perfekt-klassik-saperavi-krasnoe-suhoe-135,raw
dataset/uploads_root/prod-svoe-vino-strapi/prod-svoe-vino/strapi/uploads/vinodelnya_batrak_perfekt_klassik_sovinon_blan_beloe_suhoe_125_e4ffa2ef0b.webp,vinodelnya-batrak-perfekt-klassik-sovinon-blan-beloe-suhoe-125,raw
dataset/uploads_root/prod-svoe-vino-strapi/prod-svoe-vino/strapi/uploads/vinodelnya_batrak_perfekt_klassik_pino_nuar_krasnoe_suhoe_12_7ab6869f03.webp,vinodelnya-batrak-perfekt-klassik-pino-nuar-krasnoe-suhoe-12,raw
dataset/uploads_root/prod-svoe-vino-strapi/prod-svoe-vino/strapi/uploads/esse_petit_verdot_pti_verdo_krasnoe_suhoe_13_cd1d881696.webp,esse-petit-verdot-pti-verdo-krasnoe-suhoe-13,raw
dataset/uploads_root/prod-svoe-vino-strapi/prod-svoe-vino/strapi/uploads/domaine_lipko_petit_verdot_domaine_lipko_pti_verdo_krasnoe_suhoe_14_d4fda4146c.webp,domaine-lipko-petit-verdot-domaine-lipko-pti-verdo-krasnoe-suhoe-14,raw
dataset/uploads_root/prod-svoe-vino-strapi/prod-svoe-vino/strapi/uploads/petrushka_b748b8a4ba.webp,petrouchka,raw
dataset/uploads_root/prod-svoe-vino-strapi/prod-svoe-vino/strapi/uploads/belmas_winery_pg_pino_gri_beloe_suhoe_125_8b94234880.webp,belmas-winery-pg-pino-gri-beloe-suhoe-125,raw
dataset/uploads_root/prod-svoe-vino-strapi/prod-svoe-vino/strapi/uploads/zolotaya_balka_pink_sira_rozovoe_suhoe_13_81a00fb2ab.webp,zolotaya-balka-pink-sira-rozovoe-suhoe-13,raw
dataset/uploads_root/prod-svoe-vino-strapi/prod-svoe-vino/strapi/uploads/oleg_repin_pinot_blanc_pino_blan_beloe_suhoe_13_2610f35c83.webp,oleg-repin-pinot-blanc-pino-blan-beloe-suhoe-13,raw
dataset/uploads_root/prod-svoe-vino-strapi/prod-svoe-vino/strapi/uploads/andryus_yutsis_pinot_grigio_pino_gri_beloe_suhoe_125_62e4b88fbe.webp,andryus-yutsis-pinot-grigio-pino-gri-beloe-suhoe-125,raw
dataset/uploads_root/prod-svoe-vino-strapi/prod-svoe-vino/strapi/uploads/belmas_winery_pinot_gris_belmas_pino_gri_beloe_suhoe_122_1fe1641b7c.webp,belmas-winery-pinot-gris-belmas-pino-gri-beloe-suhoe-122,raw
dataset/uploads_root/prod-svoe-vino-strapi/prod-svoe-vino/strapi/uploads/chteau_le_grand_vostock_pinot_gris_reserve_pino_gri_beloe_suhoe_135_92e725d8d8.webp,chteau-le-grand-vostock-pinot-gris-reserve-pino-gri-beloe-suhoe-135,raw
dataset/uploads_root/prod-svoe-vino-strapi/prod-svoe-vino/strapi/uploads/chteau_le_grand_vostock_pinot_gris_rose_reserve_pino_gri_rozovoe_suhoe_14_7accd7f3e7.webp,chteau-le-grand-vostock-pinot-gris-rose-reserve-pino-gri-rozovoe-suhoe-14,raw
dataset/uploads_root/prod-svoe-vino-strapi/prod-svoe-vino/strapi/uploads/oleg_repin_pinot_noir_pino_nuar_krasnoe_suhoe_135_f18d6b415e.webp,oleg-repin-pinot-noir-pino-nuar-krasnoe-suhoe-135,raw
dataset/uploads_root/prod-svoe-vino-strapi/prod-svoe-vino/strapi/uploads/ferrum_winery_pinot_noir_pino_nuar_rozovoe_suhoe_13_a5380de052.webp,ferrum-winery-pinot-noir-pino-nuar-rozovoe-suhoe-13,raw
dataset/uploads_root/prod-svoe-vino-strapi/prod-svoe-vino/strapi/uploads/usadba_divnomorskoe_pinot_noir_pino_nuar_krasnoe_suhoe_12_6b0fcd6e22.webp,usadba-divnomorskoe-pinot-noir-pino-nuar-krasnoe-suhoe-12,raw
dataset/uploads_root/prod-svoe-vino-strapi/prod-svoe-vino/strapi/uploads/IMG_20250829_WA_0033_1_aa1d35a672.webp,pinot-noir-2024-one-barrel-by-dmitry-maslov-pino-nuar-2024-uan-barrel-dmitrij-maslov,raw
dataset/uploads_root/prod-svoe-vino-strapi/prod-svoe-vino/strapi/uploads/domaine_lipko_pinot_noir_domaine_lipko_pino_nuar_krasnoe_suhoe_133_a7c8791c9f.webp,domaine-lipko-pinot-noir-domaine-lipko-pino-nuar-krasnoe-suhoe-133,raw
dataset/uploads_root/prod-svoe-vino-strapi/prod-svoe-vino/strapi/uploads/chteau_le_grand_vostock_pinot_noir_reserve_pino_nuar_krasnoe_suhoe_135_06d37ba366.webp,chteau-le-grand-vostock-pinot-noir-reserve-pino-nuar-krasnoe-suhoe-135,raw
dataset/uploads_root/prod-svoe-vino-strapi/prod-svoe-vino/strapi/uploads/oleg_repin_pinot_noir_v_pino_nuar_krasnoe_suhoe_125_445677a47f.webp,oleg-repin-pinot-noir-v-pino-nuar-krasnoe-suhoe-125,raw
dataset/uploads_root/prod-svoe-vino-strapi/prod-svoe-vino/strapi/uploads/belmas_winery_pn_pino_nuar_krasnoe_suhoe_135_f23c819c6d.webp,belmas-winery-pn-pino-nuar-krasnoe-suhoe-135,raw
dataset/uploads_root/prod-svoe-vino-strapi/prod-svoe-vino/strapi/uploads/massandra_premium_sangiovese_sandzhoveze_krasnoe_suhoe_13_9ec620eaff.webp,massandra-premium-sangiovese-sandzhoveze-krasnoe-suhoe-13,raw
dataset/uploads_root/prod-svoe-vino-strapi/prod-svoe-vino/strapi/uploads/fanagoriya_primum_alveus_blanc_de_blancs_2017_shardone_igristoe_bryut_beloe_12_1cb2145fb9.webp,fanagoriya-primum-alveus-blanc-de-blancs-2017-shardone-igristoe-bryut-beloe-12,raw
dataset/uploads_root/prod-svoe-vino-strapi/prod-svoe-vino/strapi/uploads/fanagoriya_primum_alveus_blanc_de_blancs_ekstra_bryut_2019_shardone_beloe_11_13_8a2416fff5.webp,fanagoriya-primum-alveus-blanc-de-blancs-ekstra-bryut-2019-shardone-beloe-11-13,raw
dataset/uploads_root/prod-svoe-vino-strapi/prod-svoe-vino/strapi/uploads/fanagoriya_primum_alveus_brut_2014_shardone_igristoe_bryut_beloe_12_9cc32014b2.webp,fanagoriya-primum-alveus-brut-2014-shardone-igristoe-bryut-beloe-12,raw
dataset/uploads_root/prod-svoe-vino-strapi/prod-svoe-vino/strapi/uploads/fanagoriya_primum_alveus_brut_2016_shardone_igristoe_bryut_beloe_12_003b2ef29a.webp,fanagoriya-primum-alveus-brut-2016-shardone-igristoe-bryut-beloe-12,raw
dataset/uploads_root/prod-svoe-vino-strapi/prod-svoe-vino/strapi/uploads/fanagoriya_primum_alveus_brut_2017_shardone_igristoe_bryut_beloe_12_40dd626204.webp,fanagoriya-primum-alveus-brut-2017-shardone-igristoe-bryut-beloe-12,raw
dataset/uploads_root/prod-svoe-vino-strapi/prod-svoe-vino/strapi/uploads/fanagoriya_primum_alveus_extra_brut_2014_pino_nuar_beloe_bryut_12_06194497ba.webp,fanagoriya-primum-alveus-extra-brut-2014-pino-nuar-beloe-bryut-12,raw
dataset/uploads_root/prod-svoe-vino-strapi/prod-svoe-vino/strapi/uploads/fanagoriya_primum_alveus_extra_brut_2016_shardone_beloe_bryut_12_b865355639.webp,fanagoriya-primum-alveus-extra-brut-2016-shardone-beloe-bryut-12,raw
dataset/uploads_root/prod-svoe-vino-strapi/prod-svoe-vino/strapi/uploads/fanagoriya_primum_alveus_extra_brut_rose_2014_pino_nuar_rozovoe_bryut_12_05917c9a77.webp,fanagoriya-primum-alveus-extra-brut-rose-2014-pino-nuar-rozovoe-bryut-12,raw
dataset/uploads_root/prod-svoe-vino-strapi/prod-svoe-vino/strapi/uploads/fanagoriya_primum_alveus_blanc_de_noirs_meunier_ekstra_bryut_2019_mene_beloe_11_13_5e42a8faca.webp,fanagoriya-primum-alveus-blanc-de-noirs-meunier-ekstra-bryut-2019-mene-beloe-11-13,raw
dataset/uploads_root/prod-svoe-vino-strapi/prod-svoe-vino/strapi/uploads/fanagoriya_primum_alveus_brut_2021_shardone_beloe_bryut_11_13_0f4e9e5d49.webp,fanagoriya-primum-alveus-brut-2021-shardone-beloe-bryut-11-13,raw
dataset/uploads_root/prod-svoe-vino-strapi/prod-svoe-vino/strapi/uploads/fanagoriya_primum_alveus_bryut_2019_pino_nuar_igristoe_bryut_rozovoe_11_13_85e68acaf3.webp,fanagoriya-primum-alveus-bryut-2019-pino-nuar-igristoe-bryut-rozovoe-11-13,raw
dataset/uploads_root/prod-svoe-vino-strapi/prod-svoe-vino/strapi/uploads/fanagoriya_primum_alveus_ekstra_bryut_2017_pino_nuar_beloe_11_13_278cb95a09.webp,fanagoriya-primum-alveus-ekstra-bryut-2017-pino-nuar-beloe-11-13,raw
dataset/uploads_root/prod-svoe-vino-strapi/prod-svoe-vino/strapi/uploads/PURITY_Chenin_Blanc_no_bg_preview_carve_photos_7cc1a42466.webp,aya-organic-wine-vineyards-purity-in-chenin-blanc-shenen-blan-beloe-suhoe-11,raw
dataset/uploads_root/prod-svoe-vino-strapi/prod-svoe-vino/strapi/uploads/aya_organic_wine_vineyards_purity_in_merlot_merlo_rozovoe_suhoe_134_9e5858ac67.webp,aya-organic-wine-vineyards-purity-in-merlot-merlo-rozovoe-suhoe-134,raw
dataset/uploads_root/prod-svoe-vino-strapi/prod-svoe-vino/strapi/uploads/aya_organic_wine_vineyards_purity_in_syrah_sira_krasnoe_suhoe_146_1d4164b8db.webp,aya-organic-wine-vineyards-purity-in-syrah-sira-krasnoe-suhoe-146,raw
dataset/uploads_root/prod-svoe-vino-strapi/prod-svoe-vino/strapi/uploads/aya_organic_wine_vineyards_purity_in_syrah_sira_rozovoe_suhoe_132_56159ed421.webp,aya-organic-wine-vineyards-purity-in-syrah-sira-rozovoe-suhoe-132,raw
dataset/uploads_root/prod-svoe-vino-strapi/prod-svoe-vino/strapi/uploads/aya_organic_wine_vineyards_purity_in_trinity_pino_nuar_rozovoe_suhoe_13_a16516170d.webp,aya-organic-wine-vineyards-purity-in-trinity-pino-nuar-rozovoe-suhoe-13,raw
dataset/uploads_root/prod-svoe-vino-strapi/prod-svoe-vino/strapi/uploads/fanagoriya_q_blanc_sovinon_blan_beloe_suhoe_14_0f9d610da3.webp,fanagoriya-q-blanc-sovinon-blan-beloe-suhoe-14,raw
dataset/uploads_root/prod-svoe-vino-strapi/prod-svoe-vino/strapi/uploads/fanagoriya_q_bordeaux_blend_kaberne_sovinon_krasnoe_suhoe_135_ab9142098e.webp,fanagoriya-q-bordeaux-blend-kaberne-sovinon-krasnoe-suhoe-135,raw
dataset/uploads_root/prod-svoe-vino-strapi/prod-svoe-vino/strapi/uploads/vinodelnya_myshako_quintessence_brut_vione_igristoe_bryut_beloe_115_31a5f96a86.webp,vinodelnya-myshako-quintessence-brut-vione-beloe-bryut-115,raw
dataset/uploads_root/prod-svoe-vino-strapi/prod-svoe-vino/strapi/uploads/vinodelnya_myshako_quintessence_brut_muskat_muskat_belyy_igristoe_bryut_beloe_12_b16de08f25.webp,vinodelnya-myshako-quintessence-brut-muskat-muskat-belyy-beloe-bryut-12,raw
dataset/uploads_root/prod-svoe-vino-strapi/prod-svoe-vino/strapi/uploads/vinodelnya_myshako_quintessence_new_generation_brut_white_shardone_igristoe_bryut_beloe_11_a6ff8c556a.webp,vinodelnya-myshako-quintessence-new-generation-brut-white-shardone-beloe-bryut-11,raw
dataset/uploads_root/prod-svoe-vino-strapi/prod-svoe-vino/strapi/uploads/vinodelnya_myshako_quintessence_new_generation_semi_dry_rose_pino_nuar_igristoe_polusuhoe_rozovoe_11_541c16ca91.webp,vinodelnya-myshako-quintessence-new-generation-semi-dry-rose-pino-nuar-rozovoe-polusuhoe-11,raw
dataset/uploads_root/prod-svoe-vino-strapi/prod-svoe-vino/strapi/uploads/vinodelnya_myshako_quintessence_new_generation_semi_sweet_white_vione_igristoe_polusladkoe_beloe_11_c6dcae8001.webp,vinodelnya-myshako-quintessence-new-generation-semi-sweet-white-vione-beloe-polusladkoe-11,raw
dataset/uploads_root/prod-svoe-vino-strapi/prod-svoe-vino/strapi/uploads/vinodelnya_myshako_quintessence_new_generation_zinfandel_igristoe_polusuhoe_rozovoe_115_bc21ec7a08.webp,vinodelnya-myshako-quintessence-new-generation-zinfandel-rozovoe-polusuhoe-115,raw
dataset/uploads_root/prod-svoe-vino-strapi/prod-svoe-vino/strapi/uploads/vinodelnya_myshako_quintessence_new_generation_risling_zekt_igristoe_bryut_beloe_125_0d819f0e8f.webp,vinodelnya-myshako-quintessence-new-generation-risling-zekt-beloe-bryut-125,raw
dataset/uploads_root/prod-svoe-vino-strapi/prod-svoe-vino/strapi/uploads/vinodelnya_myshako_quintessence_new_generation_sovinon_blan_beloe_suhoe_122_c45916b311.webp,vinodelnya-myshako-quintessence-new-generation-sovinon-blan-beloe-suhoe-122,raw
dataset/uploads_root/prod-svoe-vino-strapi/prod-svoe-vino/strapi/uploads/vinodelnya_myshako_quintessence_new_generation_tempranilo_krasnoe_suhoe_134_ca0ba5c298.webp,vinodelnya-myshako-quintessence-new-generation-tempranilo-krasnoe-suhoe-134,raw
dataset/uploads_root/prod-svoe-vino-strapi/prod-svoe-vino/strapi/uploads/vinodelnya_myshako_quintessence_reserve_pino_nuar_krasnoe_suhoe_148_cda292ea6f.webp,vinodelnya-myshako-quintessence-reserve-pino-nuar-krasnoe-suhoe-148,raw
dataset/uploads_root/prod-svoe-vino-strapi/prod-svoe-vino/strapi/uploads/vinodelnya_myshako_quintessence_reserve_risling_krasnoe_suhoe_131_b1c7ca6a8c.webp,vinodelnya-myshako-quintessence-reserve-risling-krasnoe-suhoe-131,raw
dataset/uploads_root/prod-svoe-vino-strapi/prod-svoe-vino/strapi/uploads/vinodelnya_myshako_quintessence_shtorm_merlo_krasnoe_sladkoe_147_6c9e12b5a1.webp,vinodelnya-myshako-quintessence-shtorm-merlo-krasnoe-sladkoe-147,raw
dataset/uploads_root/prod-svoe-vino-strapi/prod-svoe-vino/strapi/uploads/vinodelnya_myshako_quintessence_storm_pino_nuar_beloe_suhoe_128_3105847c34.webp,vinodelnya-myshako-quintessence-storm-pino-nuar-beloe-suhoe-128,raw
dataset/uploads_root/prod-svoe-vino-strapi/prod-svoe-vino/strapi/uploads/vinodelnya_myshako_quintessence_storm_shiraz_krasnoe_polusuhoe_15_ac3fdf4813.webp,vinodelnya-myshako-quintessence-storm-shiraz-krasnoe-polusuhoe-15,raw
dataset/uploads_root/prod-svoe-vino-strapi/prod-svoe-vino/strapi/uploads/vinodelnya_myshako_quintessence_new_generation_kaberne_fran_krasnoe_suhoe_145_bc712f73ef.webp,vinodelnya-myshako-quintessence-new-generation-kaberne-fran-krasnoe-suhoe-145,raw
dataset/uploads_root/prod-svoe-vino-strapi/prod-svoe-vino/strapi/uploads/vinodelnya_myshako_quintessence_aligote_beloe_suhoe_128_e122429861.webp,vinodelnya-myshako-quintessence-aligote-beloe-suhoe-128,raw
dataset/uploads_root/prod-svoe-vino-strapi/prod-svoe-vino/strapi/uploads/vinodelnya_myshako_quintessence_blaufrankish_igristoe_bryut_rozovoe_115_44d51328f7.webp,vinodelnya-myshako-quintessence-blaufrankish-rozovoe-bryut-115,raw
dataset/uploads_root/prod-svoe-vino-strapi/prod-svoe-vino/strapi/uploads/vinodelnya_myshako_quintessence_vione_beloe_suhoe_128_96e47d89e8.webp,vinodelnya-myshako-quintessence-vione-beloe-suhoe-128,raw
dataset/uploads_root/prod-svoe-vino-strapi/prod-svoe-vino/strapi/uploads/vinodelnya_myshako_quintessence_gevyurtstraminer_beloe_suhoe_128_2bf3d48221.webp,vinodelnya-myshako-quintessence-gevyurtstraminer-beloe-suhoe-128,raw
dataset/uploads_root/prod-svoe-vino-strapi/prod-svoe-vino/strapi/uploads/vinodelnya_myshako_quintessence_zinfandel_krasnoe_suhoe_155_1a803d0d96.webp,vinodelnya-myshako-quintessence-zinfandel-krasnoe-suhoe-155,raw
dataset/uploads_root/prod-svoe-vino-strapi/prod-svoe-vino/strapi/uploads/vinodelnya_myshako_quintessence_kaberne_sovinon_ripasso_krasnoe_suhoe_152_501be80695.webp,vinodelnya-myshako-quintessence-kaberne-sovinon-ripasso-krasnoe-suhoe-152,raw
dataset/uploads_root/prod-svoe-vino-strapi/prod-svoe-vino/strapi/uploads/vinodelnya_myshako_quintessence_karmener_krasnoe_suhoe_146_199914a91b.webp,vinodelnya-myshako-quintessence-karmener-krasnoe-suhoe-146,raw
dataset/uploads_root/prod-svoe-vino-strapi/prod-svoe-vino/strapi/uploads/vinodelnya_myshako_quintessence_sovinon_blan_bryut_igristoe_bryut_beloe_115_ac2559da70.webp,vinodelnya-myshako-quintessence-sovinon-blan-bryut-beloe-115,raw
dataset/uploads_root/prod-svoe-vino-strapi/prod-svoe-vino/strapi/uploads/usadba_divnomorskoe_rebo_rebo_krasnoe_suhoe_165_74916357cf.webp,usadba-divnomorskoe-rebo-rebo-krasnoe-suhoe-165,raw
dataset/uploads_root/prod-svoe-vino-strapi/prod-svoe-vino/strapi/uploads/golubitskoe_estate_red_blend_kaberne_sovinon_krasnoe_suhoe_136_29c2847d36.webp,golubitskoe-estate-red-blend-kaberne-sovinon-krasnoe-suhoe-136,raw
dataset/uploads_root/prod-svoe-vino-strapi/prod-svoe-vino/strapi/uploads/esse_ridicule_sira_krasnoe_suhoe_125_6a621251f5.webp,esse-ridicule-sira-krasnoe-suhoe-125,raw
dataset/uploads_root/prod-svoe-vino-strapi/prod-svoe-vino/strapi/uploads/oleg_repin_riesling_risling_beloe_suhoe_125_62d1596c3a.webp,oleg-repin-riesling-risling-beloe-suhoe-125,raw
dataset/uploads_root/prod-svoe-vino-strapi/prod-svoe-vino/strapi/uploads/ferrum_winery_riesling_risling_reynskiy_beloe_suhoe_11_9421a33d82.webp,ferrum-winery-riesling-risling-reynskiy-beloe-suhoe-11,raw
dataset/uploads_root/prod-svoe-vino-strapi/prod-svoe-vino/strapi/uploads/vibes_riesling_silvaner_risling_beloe_suhoe_115_a7230a5536.webp,vibes-riesling-silvaner-risling-beloe-suhoe-115,raw
dataset/uploads_root/prod-svoe-vino-strapi/prod-svoe-vino/strapi/uploads/belmas_winery_riesling_belmas_risling_beloe_suhoe_135_f64f3944b9.webp,belmas-winery-riesling-belmas-risling-beloe-suhoe-135,raw
dataset/uploads_root/prod-svoe-vino-strapi/prod-svoe-vino/strapi/uploads/belmas_winery_riesling_katya_risling_beloe_suhoe_12_f09b143381.webp,belmas-winery-riesling-katya-risling-beloe-suhoe-12,raw
dataset/uploads_root/prod-svoe-vino-strapi/prod-svoe-vino/strapi/uploads/belmas_winery_riesling_katya_belmas_risling_beloe_suhoe_125_43237968a1.webp,belmas-winery-riesling-katya-belmas-risling-beloe-suhoe-125,raw
dataset/uploads_root/prod-svoe-vino-strapi/prod-svoe-vino/strapi/uploads/domaine_lipko_riesling_m_domaine_lipko_risling_beloe_suhoe_102_aac6eaf2b0.webp,domaine-lipko-riesling-m-domaine-lipko-risling-beloe-suhoe-102,raw
dataset/uploads_root/prod-svoe-vino-strapi/prod-svoe-vino/strapi/uploads/Shardone_no_bg_preview_carve_photos_807a0bdba0.webp,riesling-dva-petra-2022,raw
dataset/uploads_root/prod-svoe-vino-strapi/prod-svoe-vino/strapi/uploads/Riesling_2024_562c7e3226.webp,riesling,raw
dataset/uploads_root/prod-svoe-vino-strapi/prod-svoe-vino/strapi/uploads/usadba_divnomorskoe_rose_vione_rozovoe_suhoe_125_cc6f84dbad.webp,usadba-divnomorskoe-rose-vione-rozovoe-suhoe-125,raw
dataset/uploads_root/prod-svoe-vino-strapi/prod-svoe-vino/strapi/uploads/esse_rose_sira_rozovoe_suhoe_12_f4150d71ea.webp,esse-rose-sira-rozovoe-suhoe-12,raw
dataset/uploads_root/prod-svoe-vino-strapi/prod-svoe-vino/strapi/uploads/oleg_repin_roze_oleg_repin_sira_rozovoe_suhoe_13_a34988dd8f.webp,rose-roze-oleg-repin,raw
dataset/uploads_root/prod-svoe-vino-strapi/prod-svoe-vino/strapi/uploads/esse_rose_cuvee_prestige_pino_nuar_igristoe_bryut_rozovoe_13_606b304d1d.webp,esse-rose-cuvee-prestige-pino-nuar-rozovoe-bryut-13,raw
dataset/uploads_root/prod-svoe-vino-strapi/prod-svoe-vino/strapi/uploads/esse_rose_cuvee_prestige_pino_nuar_igristoe_bryut_rozovoe_115_725db31aa4.webp,esse-rose-cuvee-prestige-pino-nuar-rozovoe-bryut-115,raw
dataset/uploads_root/prod-svoe-vino-strapi/prod-svoe-vino/strapi/uploads/vinogradniki_gay_kodzora_rose_cuvee_prestige_de_gai_kodzor_murvedr_rozovoe_suhoe_13_fd29618965.webp,vinogradniki-gay-kodzora-rose-cuvee-prestige-de-gai-kodzor-murvedr-rozovoe-suhoe-13,raw
dataset/uploads_root/prod-svoe-vino-strapi/prod-svoe-vino/strapi/uploads/vinogradniki_gay_kodzora_rose_de_gai_kodzor_grenash_rozovoe_suhoe_125_c757714c6a.webp,vinogradniki-gay-kodzora-rose-de-gai-kodzor-grenash-rozovoe-suhoe-125,raw
dataset/uploads_root/prod-svoe-vino-strapi/prod-svoe-vino/strapi/uploads/vinodelnya_myshako_rose_de_noirs_pino_nuar_igristoe_bryut_rozovoe_123_5383668bd3.webp,vinodelnya-myshako-rose-de-noirs-pino-nuar-rozovoe-bryut-123,raw
dataset/uploads_root/prod-svoe-vino-strapi/prod-svoe-vino/strapi/uploads/fanagoriya_rose_kaberne_sovinon_rozovoe_polusuhoe_13_93945d7963.webp,fanagoriya-rose-kaberne-sovinon-rozovoe-polusuhoe-13,raw
dataset/uploads_root/prod-svoe-vino-strapi/prod-svoe-vino/strapi/uploads/fanagoriya_rose_kaberne_fran_rozovoe_suhoe_13_516a037cf7.webp,fanagoriya-rose-kaberne-fran-rozovoe-suhoe-13,raw
dataset/uploads_root/prod-svoe-vino-strapi/prod-svoe-vino/strapi/uploads/fanagoriya_rose_saperavi_rozovoe_polusuhoe_125_79cbdac8e3.webp,fanagoriya-rose-saperavi-rozovoe-polusuhoe-125,raw
dataset/uploads_root/prod-svoe-vino-strapi/prod-svoe-vino/strapi/uploads/vinodelnya_myshako_rouge_de_noirs_merlo_igristoe_bryut_krasnoe_13_3e3fa77db7.webp,vinodelnya-myshako-rouge-de-noirs-merlo-krasnoe-bryut-13,raw
dataset/uploads_root/prod-svoe-vino-strapi/prod-svoe-vino/strapi/uploads/fanagoriya_rs_noir_saperavi_krasnoe_polusladkoe_125_9b8002f11a.webp,fanagoriya-rs-noir-saperavi-krasnoe-polusladkoe-125,raw
dataset/uploads_root/prod-svoe-vino-strapi/prod-svoe-vino/strapi/uploads/valeriy_zaharin_rubedo_reserve_merlo_krasnoe_suhoe_13_bb611a1ce9.webp,valeriy-zaharin-rubedo-reserve-merlo-krasnoe-suhoe-13,raw
dataset/uploads_root/prod-svoe-vino-strapi/prod-svoe-vino/strapi/uploads/Ruby_b440528e42.webp,ruby,raw
dataset/uploads_root/prod-svoe-vino-strapi/prod-svoe-vino/strapi/uploads/Sacrum_belyj_bryut_c4c2d14bf4.webp,sacrum-bryut-beloe,raw
dataset/uploads_root/prod-svoe-vino-strapi/prod-svoe-vino/strapi/uploads/sacrum_rose_9a0538280a.webp,sacrum-bryut-rozovoe,raw
dataset/uploads_root/prod-svoe-vino-strapi/prod-svoe-vino/strapi/uploads/stn_winery_saignee_sira_rozovoe_suhoe_125_9dbf566ca7.webp,stn-winery-saignee-sira-rozovoe-suhoe-125,raw
dataset/uploads_root/prod-svoe-vino-strapi/prod-svoe-vino/strapi/uploads/esse_sangiovese_sandzhoveze_krasnoe_suhoe_135_cc1e0cdca2.webp,esse-sangiovese-sandzhoveze-krasnoe-suhoe-135,raw
dataset/uploads_root/prod-svoe-vino-strapi/prod-svoe-vino/strapi/uploads/ferrum_winery_saperavi_saperavi_krasnoe_suhoe_12_38db68708e.webp,ferrum-winery-saperavi-saperavi-krasnoe-suhoe-12,raw
dataset/uploads_root/prod-svoe-vino-strapi/prod-svoe-vino/strapi/uploads/oleg_repin_saperavisaperavi_carbonica_krasnoe_suhoe_13_157a571df2.webp,oleg-repin-saperavi-carbonica-saperavi-krasnoe-suhoe-13,raw
dataset/uploads_root/prod-svoe-vino-strapi/prod-svoe-vino/strapi/uploads/fanagoriya_saqra_saperavi_krasnoe_suhoe_vyderzhannoe_135_2bf601b1e4.webp,fanagoriya-saqra-saperavi-krasnoe-suhoe-135,raw
dataset/uploads_root/prod-svoe-vino-strapi/prod-svoe-vino/strapi/uploads/chteau_le_grand_vostock_sauvignon_blanc_sovinon_blan_beloe_suhoe_14_1d0d531b62.webp,chteau-le-grand-vostock-sauvignon-blanc-sovinon-blan-beloe-suhoe-14,raw
dataset/uploads_root/prod-svoe-vino-strapi/prod-svoe-vino/strapi/uploads/belmas_winery_sauvignon_blanc_belmas_sovinon_blan_beloe_suhoe_13_8043c6c433.webp,belmas-winery-sauvignon-blanc-belmas-sovinon-blan-beloe-suhoe-13,raw
dataset/uploads_root/prod-svoe-vino-strapi/prod-svoe-vino/strapi/uploads/vinogradniki_gay_kodzora_sauvignon_blanc_de_ga_kodzor_sovinon_blan_beloe_suhoe_12_b968e9c060.webp,vinogradniki-gay-kodzora-sauvignon-blanc-de-ga-kodzor-sovinon-blan-beloe-suhoe-12,raw
dataset/uploads_root/prod-svoe-vino-strapi/prod-svoe-vino/strapi/uploads/domaine_lipko_sauvignon_blanc_domaine_lipko_sovinon_blan_beloe_suhoe_118_3466c4862b.webp,domaine-lipko-sauvignon-blanc-domaine-lipko-sovinon-blan-beloe-suhoe-118,raw
dataset/uploads_root/prod-svoe-vino-strapi/prod-svoe-vino/strapi/uploads/belmas_winery_sauvignon_blanc_katya_sovinon_blan_beloe_suhoe_115_f45cba05c3.webp,belmas-winery-sauvignon-blanc-katya-sovinon-blan-beloe-suhoe-115,raw
dataset/uploads_root/prod-svoe-vino-strapi/prod-svoe-vino/strapi/uploads/belmas_winery_sauvignon_blanc_katya_belmas_sovinon_blan_beloe_suhoe_115_0d366fd128.webp,belmas-winery-sauvignon-blanc-katya-belmas-sovinon-blan-beloe-suhoe-115,raw
dataset/uploads_root/prod-svoe-vino-strapi/prod-svoe-vino/strapi/uploads/chteau_le_grand_vostock_sauvignon_blanc_reserve_sovinon_blan_beloe_suhoe_14_76f3ec9fa3.webp,chteau-le-grand-vostock-sauvignon-blanc-reserve-sovinon-blan-beloe-suhoe-14,raw
dataset/uploads_root/prod-svoe-vino-strapi/prod-svoe-vino/strapi/uploads/vinogradniki_gay_kodzora_semillion_de_gai_kodzor_semilon_beloe_sladkoe_12_61091f4885.webp,vinogradniki-gay-kodzora-semillion-de-gai-kodzor-semilon-beloe-sladkoe-12,raw
dataset/uploads_root/prod-svoe-vino-strapi/prod-svoe-vino/strapi/uploads/vinodelnya_myshako_sesto_senso_tropicheskiy_vzryv_gevyurtstraminer_beloe_suhoe_12_a6df063535.webp,vinodelnya-myshako-sesto-senso-tropicheskiy-vzryv-gevyurtstraminer-beloe-suhoe-12,raw
dataset/uploads_root/prod-svoe-vino-strapi/prod-svoe-vino/strapi/uploads/vinodelnya_myshako_sesto_senso_tropicheskiy_vzryv_sovinon_blan_beloe_suhoe_12_d33e41aa16.webp,vinodelnya-myshako-sesto-senso-tropicheskiy-vzryv-sovinon-blan-beloe-suhoe-12,raw
dataset/uploads_root/prod-svoe-vino-strapi/prod-svoe-vino/strapi/uploads/vinodelnya_myshako_sesto_senso_fruktovyy_vzryv_kaberne_sovinon_krasnoe_suhoe_155_1cdb10e46e.webp,vinodelnya-myshako-sesto-senso-fruktovyy-vzryv-kaberne-sovinon-krasnoe-suhoe-155,raw
dataset/uploads_root/prod-svoe-vino-strapi/prod-svoe-vino/strapi/uploads/vinodelnya_myshako_sesto_senso_yagodnyy_vzryv_merlo_rozovoe_suhoe_122_fe6bf47e82.webp,vinodelnya-myshako-sesto-senso-yagodnyy-vzryv-merlo-rozovoe-suhoe-122,raw
dataset/uploads_root/prod-svoe-vino-strapi/prod-svoe-vino/strapi/uploads/vibes_silvaner_silvaner_beloe_suhoe_125_9bbc7b9ebe.webp,vibes-silvaner-silvaner-beloe-suhoe-125,raw
dataset/uploads_root/prod-svoe-vino-strapi/prod-svoe-vino/strapi/uploads/fanagoriya_solera_moscatel_oro_muskat_ottonel_beloe_suhoe_16_9b53f1b676.webp,fanagoriya-solera-moscatel-oro-muskat-ottonel-beloe-suhoe-16,raw
dataset/uploads_root/prod-svoe-vino-strapi/prod-svoe-vino/strapi/uploads/fanagoriya_solera_porto_negro_saperavi_krasnoe_suhoe_15_da8532cb52.webp,fanagoriya-solera-porto-negro-saperavi-krasnoe-suhoe-15,raw
dataset/uploads_root/prod-svoe-vino-strapi/prod-svoe-vino/strapi/uploads/fanagoriya_solera_rkatsiteli_ambra_rkatsiteli_beloe_suhoe_15_e7d1b39f59.webp,fanagoriya-solera-rkatsiteli-ambra-rkatsiteli-beloe-suhoe-15,raw
dataset/uploads_root/prod-svoe-vino-strapi/prod-svoe-vino/strapi/uploads/fanagoriya_solera_saperavi_ruby_saperavi_krasnoe_suhoe_16_12e48bf206.webp,fanagoriya-solera-saperavi-ruby-saperavi-krasnoe-suhoe-16,raw
dataset/uploads_root/prod-svoe-vino-strapi/prod-svoe-vino/strapi/uploads/inkermanskiy_zmv_special_reserve_rkatsiteli_beloe_suhoe_vyderzhannoe_13_0f63a24569.webp,inkermanskiy-zmv-special-reserve-rkatsiteli-beloe-suhoe-13,raw
dataset/uploads_root/prod-svoe-vino-strapi/prod-svoe-vino/strapi/uploads/abrau_dyurso_spumante_bryut_roze_shardone_igristoe_bryut_rozovoe_12_36f26aa26f.webp,abrau-dyurso-spumante-bryut-roze-shardone-rozovoe-12,raw
dataset/uploads_root/prod-svoe-vino-strapi/prod-svoe-vino/strapi/uploads/fanagoriya_sur_lie_chardonnay_shardone_beloe_suhoe_135_03450c562d.webp,fanagoriya-sur-lie-chardonnay-shardone-beloe-suhoe-135,raw
dataset/uploads_root/prod-svoe-vino-strapi/prod-svoe-vino/strapi/uploads/fanagoriya_sur_lie_clairet_saperavi_krasnoe_suhoe_13_793f3ddcad.webp,fanagoriya-sur-lie-clairet-saperavi-krasnoe-suhoe-13,raw
dataset/uploads_root/prod-svoe-vino-strapi/prod-svoe-vino/strapi/uploads/fanagoriya_sur_lie_vi_vi_aligote_beloe_suhoe_125_389d32e07e.webp,fanagoriya-sur-lie-vi-vi-aligote-beloe-suhoe-125,raw
dataset/uploads_root/prod-svoe-vino-strapi/prod-svoe-vino/strapi/uploads/stn_winery_syrah_sira_krasnoe_suhoe_13_6fc188de6e.webp,stn-winery-syrah-sira-krasnoe-suhoe-13,raw
dataset/uploads_root/prod-svoe-vino-strapi/prod-svoe-vino/strapi/uploads/domaine_lipko_syrah_domaine_lipko_sira_krasnoe_suhoe_14_4a737361dc.webp,domaine-lipko-syrah-domaine-lipko-sira-krasnoe-suhoe-14,raw
dataset/uploads_root/prod-svoe-vino-strapi/prod-svoe-vino/strapi/uploads/belmas_winery_syrah_katya_sira_krasnoe_suhoe_125_63523e8e71.webp,belmas-winery-syrah-katya-sira-krasnoe-suhoe-125,raw
dataset/uploads_root/prod-svoe-vino-strapi/prod-svoe-vino/strapi/uploads/belmas_winery_syrah_katya_belmas_sira_krasnoe_suhoe_125_53ec9045d4.webp,belmas-winery-syrah-katya-belmas-sira-krasnoe-suhoe-125,raw
dataset/uploads_root/prod-svoe-vino-strapi/prod-svoe-vino/strapi/uploads/Tamara_22_9ef262fd0c.webp,tamara-2022,raw
dataset/uploads_root/prod-svoe-vino-strapi/prod-svoe-vino/strapi/uploads/Tamara_23_6f3b7dd41c.webp,tamara,raw
dataset/uploads_root/prod-svoe-vino-strapi/prod-svoe-vino/strapi/uploads/vinogradniki_gay_kodzora_terroir_blanc_de_ga_kodzor_semilon_beloe_suhoe_13_e642b358c7.webp,vinogradniki-gay-kodzora-terroir-blanc-de-ga-kodzor-semilon-beloe-suhoe-13,raw
dataset/uploads_root/prod-svoe-vino-strapi/prod-svoe-vino/strapi/uploads/vinogradniki_gay_kodzora_terroir_de_gai_kodzor_sira_krasnoe_suhoe_14_f2d3a63dff.webp,vinogradniki-gay-kodzora-terroir-de-gai-kodzor-sira-krasnoe-suhoe-14,raw
dataset/uploads_root/prod-svoe-vino-strapi/prod-svoe-vino/strapi/uploads/vinogradniki_gay_kodzora_terroir_red_klyon_de_ga_kodzor_sira_krasnoe_suhoe_14_715bb0e9f8.webp,vinogradniki-gay-kodzora-terroir-red-klyon-de-ga-kodzor-sira-krasnoe-suhoe-14,raw
dataset/uploads_root/prod-svoe-vino-strapi/prod-svoe-vino/strapi/uploads/pomeste_golubitskoe_tte_de_cheval_bryut_risling_reynskiy_igristoe_bryut_beloe_12_2bf0507734.webp,pomeste-golubitskoe-tte-de-cheval-bryut-risling-reynskiy-beloe-12,raw
dataset/uploads_root/prod-svoe-vino-strapi/prod-svoe-vino/strapi/uploads/pomeste_golubitskoe_tte_de_cheval_sladkoe_risling_reynskiy_igristoe_sladkoe_beloe_12_1c2f312bb9.webp,pomeste-golubitskoe-tte-de-cheval-sladkoe-risling-reynskiy-beloe-12,raw
dataset/uploads_root/prod-svoe-vino-strapi/prod-svoe-vino/strapi/uploads/pomeste_golubitskoe_tte_de_cheval_sladkoe_roze_pino_gri_sladkoe_rozovoe_115_f49c737b87.webp,pomeste-golubitskoe-tte-de-cheval-sladkoe-roze-pino-gri-rozovoe-115,raw
dataset/uploads_root/prod-svoe-vino-strapi/prod-svoe-vino/strapi/uploads/pomeste_golubitskoe_tte_de_cheval_blanc_de_blancs_shardone_igristoe_bryut_beloe_12_62b407f781.webp,pomeste-golubitskoe-tte-de-cheval-blanc-de-blancs-shardone-beloe-bryut-12,raw
dataset/uploads_root/prod-svoe-vino-strapi/prod-svoe-vino/strapi/uploads/golubitskoe_estate_tte_de_cheval_blanc_de_blancs_shardone_igristoe_bryut_beloe_12_3e39593da4.webp,golubitskoe-estate-tte-de-cheval-blanc-de-blancs-shardone-beloe-bryut-12,raw
dataset/uploads_root/prod-svoe-vino-strapi/prod-svoe-vino/strapi/uploads/golubitskoe_estate_tte_de_cheval_reserve_risling_igristoe_bryut_beloe_125_35e3a92939.webp,golubitskoe-estate-tte-de-cheval-reserve-risling-beloe-bryut-125,raw
dataset/uploads_root/prod-svoe-vino-strapi/prod-svoe-vino/strapi/uploads/golubitskoe_estate_tte_de_cheval_zero_dosage_ekstra_bryut_sovinon_blan_igristoe_ekstra_bryut_beloe_12_9438066f79.webp,golubitskoe-estate-tte-de-cheval-zero-dosage-ekstra-bryut-sovinon-blan-beloe-12,raw
dataset/uploads_root/prod-svoe-vino-strapi/prod-svoe-vino/strapi/uploads/golubitskoe_estate_tte_de_cheval_bryut_risling_igristoe_bryut_beloe_12_4852fa5a2f.webp,golubitskoe-estate-tte-de-cheval-bryut-risling-beloe-12,raw
dataset/uploads_root/prod-svoe-vino-strapi/prod-svoe-vino/strapi/uploads/golubitskoe_estate_tte_de_chevall_roze_pino_nuar_igristoe_bryut_rozovoe_12_6482e84b25.webp,golubitskoe-estate-tte-de-chevall-roze-pino-nuar-rozovoe-bryut-12,raw
dataset/uploads_root/prod-svoe-vino-strapi/prod-svoe-vino/strapi/uploads/toile_de_vin_cabernet_sauvignon_cfd349369d.webp,toile-de-vin-cabernet-sauvignon,raw
dataset/uploads_root/prod-svoe-vino-strapi/prod-svoe-vino/strapi/uploads/toile_de_vin_chardonnay_cc38e00e9d.webp,toile-de-vin-chardonnay,raw
dataset/uploads_root/prod-svoe-vino-strapi/prod-svoe-vino/strapi/uploads/toile_de_vin_merlot_3d176a2b04.webp,toile-de-vin-merlot,raw
dataset/uploads_root/prod-svoe-vino-strapi/prod-svoe-vino/strapi/uploads/toile_de_vin_pinot_blanc_b7d593d929.webp,toile-de-vin-pinot-blanc,raw
dataset/uploads_root/prod-svoe-vino-strapi/prod-svoe-vino/strapi/uploads/stn_winery_traminer_traminer_beloe_suhoe_13_0a2ba9f4c2.webp,stn-winery-traminer-traminer-beloe-suhoe-13,raw
dataset/uploads_root/prod-svoe-vino-strapi/prod-svoe-vino/strapi/uploads/cu3xjk4e93p2zxvazyl9c3jlidfny9ub_cf6ed0e9b3.webp,uva-vallis-risling,raw
dataset/uploads_root/prod-svoe-vino-strapi/prod-svoe-vino/strapi/uploads/jwfz7urcks7eam5k34zxwku1wxz88kkd_29a9e03cbf.webp,uva-vallis-sira,raw
dataset/uploads_root/prod-svoe-vino-strapi/prod-svoe-vino/strapi/uploads/ww57rzc00l282kwnjykk6sj1jnn3tcz6_bdc12a2c90.webp,uva-vallis-sovinon-blan,raw
dataset/uploads_root/prod-svoe-vino-strapi/prod-svoe-vino/strapi/uploads/0m372xxddqgnu999oy471n1ac1cznhfs_png_356ba741db.webp,uva-vallis-shardone,raw
dataset/uploads_root/prod-svoe-vino-strapi/prod-svoe-vino/strapi/uploads/fanagoriya_velvet_season_risling_beloe_sladkoe_12_3dae247160.webp,fanagoriya-velvet-season-risling-beloe-sladkoe-12,raw
dataset/uploads_root/prod-svoe-vino-strapi/prod-svoe-vino/strapi/uploads/fanagoriya_velvet_season_muskat_ottonel_beloe_sladkoe_13_737d19601c.webp,fanagoriya-velvet-season-muskat-ottonel-beloe-sladkoe-13,raw
dataset/uploads_root/prod-svoe-vino-strapi/prod-svoe-vino/strapi/uploads/vibes_vermentino_viognier_barrel_fermented_vermentino_beloe_suhoe_115_fe273c3a1b.webp,vibes-vermentino-viognier-barrel-fermented-vermentino-beloe-suhoe-115,raw
dataset/uploads_root/prod-svoe-vino-strapi/prod-svoe-vino/strapi/uploads/Vermentino_Viognier_2022_d30e645c2d.webp,vermentino-viognier-2022,raw
dataset/uploads_root/prod-svoe-vino-strapi/prod-svoe-vino/strapi/uploads/agrolayn_vexillum_blanc_de_blancs_shardone_igristoe_bryut_beloe_115_95d59e344a.webp,agrolayn-vexillum-blanc-de-blancs-shardone-beloe-bryut-115,raw
dataset/uploads_root/prod-svoe-vino-strapi/prod-svoe-vino/strapi/uploads/agrolayn_vexillum_blanc_de_noirs_pino_nuar_igristoe_bryut_beloe_12_82c19c7b32.webp,agrolayn-vexillum-blanc-de-noirs-pino-nuar-beloe-bryut-12,raw
dataset/uploads_root/prod-svoe-vino-strapi/prod-svoe-vino/strapi/uploads/belmas_winery_vi_vione_beloe_suhoe_122_30cc36164c.webp,belmas-winery-vi-vione-beloe-suhoe-122,raw
dataset/uploads_root/prod-svoe-vino-strapi/prod-svoe-vino/strapi/uploads/bottle_01_Chardonnay_3f2618d7aa.webp,vibes-chardonnay-barrel-fermented-2021,raw
dataset/uploads_root/prod-svoe-vino-strapi/prod-svoe-vino/strapi/uploads/bottle_07_Glera_c501ac35b9.webp,vibes-glera-col-fondo-2022,raw
dataset/uploads_root/prod-svoe-vino-strapi/prod-svoe-vino/strapi/uploads/bottle_04_Pinot_Grigio_746de452f7.webp,vibes-pinot-grigio-2021,raw
dataset/uploads_root/prod-svoe-vino-strapi/prod-svoe-vino/strapi/uploads/01_Riesling_Silvaner_2022_1_4d11fabbf5.webp,vibes-riesling-silvaner-2022,raw
dataset/uploads_root/prod-svoe-vino-strapi/prod-svoe-vino/strapi/uploads/02_Silvaner_2022_2241743a4e.webp,vibes-silvaner-2022,raw
dataset/uploads_root/prod-svoe-vino-strapi/prod-svoe-vino/strapi/uploads/03_Silvaner_2022_Barrel_Fermented_505ca7243c.webp,vibes-silvaner-barrel-fermented-2022,raw
dataset/uploads_root/prod-svoe-vino-strapi/prod-svoe-vino/strapi/uploads/bottle_06_Silvaner_a23d302323.webp,silvaner-pet-nat-2022,raw
dataset/uploads_root/prod-svoe-vino-strapi/prod-svoe-vino/strapi/uploads/03_Silvaner_2022_Barrel_Fermented_a5aaf46b23.webp,vibes-vermentino-viognier-barrel-fermented-2022,raw
dataset/uploads_root/prod-svoe-vino-strapi/prod-svoe-vino/strapi/uploads/Montepulciano_Cabernet_Franc_Petit_Verdot_2022_a0287de27c.webp,vibes-montepulchano-kaberne-fran-pti-verdo,raw
dataset/uploads_root/prod-svoe-vino-strapi/prod-svoe-vino/strapi/uploads/abrau_dyurso_victor_dravigny_brut_shardone_beloe_bryut_12_4ab7b05e3d.webp,abrau-dyurso-victor-dravigny-brut-shardone-beloe-bryut-12,raw
dataset/uploads_root/prod-svoe-vino-strapi/prod-svoe-vino/strapi/uploads/abrau_dyurso_victor_dravigny_brut_rose_pino_nuar_rozovoe_bryut_12_c7199512eb.webp,abrau-dyurso-victor-dravigny-brut-rose-pino-nuar-rozovoe-bryut-12,raw
dataset/uploads_root/prod-svoe-vino-strapi/prod-svoe-vino/strapi/uploads/abrau_dyurso_victor_dravigny_extra_brut_shardone_beloe_bryut_125_86dc223df3.webp,abrau-dyurso-victor-dravigny-extra-brut-shardone-beloe-bryut-125,raw
dataset/uploads_root/prod-svoe-vino-strapi/prod-svoe-vino/strapi/uploads/abrau_dyurso_victor_dravigny_koshernoe_bryut_shardone_beloe_125_662e4e2b51.webp,abrau-dyurso-victor-dravigny-koshernoe-bryut-shardone-beloe-125,raw
dataset/uploads_root/prod-svoe-vino-strapi/prod-svoe-vino/strapi/uploads/abrau_dyurso_victor_dravigny_krasnoe_polusladkoe_kaberne_sovinon_125_f0e4d2775c.webp,abrau-dyurso-victor-dravigny-krasnoe-polusladkoe-kaberne-sovinon-125,raw
dataset/uploads_root/prod-svoe-vino-strapi/prod-svoe-vino/strapi/uploads/abrau_dyurso_victor_dravigny_polusladkoe_sovinon_blan_beloe_12_ec087df76c.webp,abrau-dyurso-victor-dravigny-polusladkoe-sovinon-blan-beloe-12,raw
dataset/uploads_root/prod-svoe-vino-strapi/prod-svoe-vino/strapi/uploads/abrau_dyurso_victor_dravigny_polusuhoe_pino_blan_beloe_12_7b6de7aca6.webp,abrau-dyurso-victor-dravigny-polusuhoe-pino-blan-beloe-12,raw
dataset/uploads_root/prod-svoe-vino-strapi/prod-svoe-vino/strapi/uploads/belmas_winery_viogner_katya_vione_beloe_suhoe_135_400b1034b7.webp,belmas-winery-viogner-katya-vione-beloe-suhoe-135,raw
dataset/uploads_root/prod-svoe-vino-strapi/prod-svoe-vino/strapi/uploads/belmas_winery_viognier_belmas_vione_beloe_suhoe_122_555561eab4.webp,belmas-winery-viognier-belmas-vione-beloe-suhoe-122,raw
dataset/uploads_root/prod-svoe-vino-strapi/prod-svoe-vino/strapi/uploads/vinogradniki_gay_kodzora_viognier_de_ga_kodzor_vione_beloe_suhoe_125_b8fae3d571.webp,vinogradniki-gay-kodzora-viognier-de-ga-kodzor-vione-beloe-suhoe-125,raw
dataset/uploads_root/prod-svoe-vino-strapi/prod-svoe-vino/strapi/uploads/belmas_winery_viognier_katya_belmas_vione_beloe_suhoe_135_9ae123fee2.webp,belmas-winery-viognier-katya-belmas-vione-beloe-suhoe-135,raw
dataset/uploads_root/prod-svoe-vino-strapi/prod-svoe-vino/strapi/uploads/vivi_no_bg_preview_carve_photos_dc2346510b.webp,viognier-special-reserve,raw
dataset/uploads_root/prod-svoe-vino-strapi/prod-svoe-vino/strapi/uploads/vinodelnya_batrak_vitale_kraft_kaberne_sovinon_krasnoe_suhoe_14_7c5d8749a7.webp,vinodelnya-batrak-vitale-kraft-kaberne-sovinon-krasnoe-suhoe-14,raw
dataset/uploads_root/prod-svoe-vino-strapi/prod-svoe-vino/strapi/uploads/domaine_de_la_vivandiere_vn_beloe_aligote_beloe_suhoe_131_5d98fba99a.webp,domaine-de-la-vivandiere-vn-beloe-aligote-suhoe-131,raw
dataset/uploads_root/prod-svoe-vino-strapi/prod-svoe-vino/strapi/uploads/domaine_de_la_vivandiere_vn_krasnoe_pino_nuar_krasnoe_suhoe_12_22b28437fb.webp,domaine-de-la-vivandiere-vn-krasnoe-pino-nuar-suhoe-12,raw
dataset/uploads_root/prod-svoe-vino-strapi/prod-svoe-vino/strapi/uploads/chteau_le_grand_vostock_vostock_blanc_sovinon_blan_beloe_suhoe_135_5964579dc4.webp,chteau-le-grand-vostock-vostock-blanc-sovinon-blan-beloe-suhoe-135,raw
dataset/uploads_root/prod-svoe-vino-strapi/prod-svoe-vino/strapi/uploads/usadba_divnomorskoe_west_hill_blend_kaberne_sovinon_krasnoe_suhoe_145_4333feb5d3.webp,usadba-divnomorskoe-west-hill-blend-kaberne-sovinon-krasnoe-suhoe-145,raw
dataset/uploads_root/prod-svoe-vino-strapi/prod-svoe-vino/strapi/uploads/domaine_lipko_white_blend_tsitronnyy_magaracha_beloe_suhoe_115_24011764ba.webp,domaine-lipko-white-blend-tsitronnyy-magaracha-beloe-suhoe-115,raw
dataset/uploads_root/prod-svoe-vino-strapi/prod-svoe-vino/strapi/uploads/domaine_lipko_white_blend_muskat_beloe_polusuhoe_12_19ac7b503b.webp,domaine-lipko-white-blend-muskat-beloe-polusuhoe-12,raw
dataset/uploads_root/prod-svoe-vino-strapi/prod-svoe-vino/strapi/uploads/domaine_lipko_white_blend_lipko_muskat_belyy_beloe_polusuhoe_115_0ffe4c6cf6.webp,domaine-lipko-white-blend-lipko-muskat-belyy-beloe-polusuhoe-115,raw
dataset/uploads_root/prod-svoe-vino-strapi/prod-svoe-vino/strapi/uploads/stn_winery_wiess_risling_beloe_suhoe_12_2727c9a721.webp,stn-winery-wiess-risling-beloe-suhoe-12,raw
dataset/uploads_root/prod-svoe-vino-strapi/prod-svoe-vino/strapi/uploads/PU_Sjv7dn_M_Nil_H25_TO_9_Bcb_M8_AKD_4_B2_Y2_Z_Siq4lp0vl_NDQ_1_Im_Kjlu_Vnc_Wpupc0tii_Ai_C0_S_Jlrf_F34yl_QF_Vb_Wx_BQ_6bf5975f02.webp,winemaker-selection,raw
dataset/uploads_root/prod-svoe-vino-strapi/prod-svoe-vino/strapi/uploads/inkermanskiy_zmv_winemakers_selection_saperavi_igristoe_polusladkoe_krasnoe_12_b8254979b2.webp,inkermanskiy-zmv-winemakers-selection-saperavi-krasnoe-polusladkoe-12,raw
dataset/uploads_root/prod-svoe-vino-strapi/prod-svoe-vino/strapi/uploads/golubitskoe_estate_winery_series_pino_nuar_rozovoe_suhoe_115_98c49c99e9.webp,golubitskoe-estate-winery-series-pino-nuar-rozovoe-suhoe-115,raw
dataset/uploads_root/prod-svoe-vino-strapi/prod-svoe-vino/strapi/uploads/golubitskoe_estate_winery_series_risling_reynskiy_beloe_suhoe_125_330c75ae53.webp,golubitskoe-estate-winery-series-risling-reynskiy-beloe-suhoe-125,raw
dataset/uploads_root/prod-svoe-vino-strapi/prod-svoe-vino/strapi/uploads/golubitskoe_estate_winery_series_roze_blend_kaberne_sovinon_rozovoe_suhoe_117_caa738d581.webp,golubitskoe-estate-winery-series-roze-blend-kaberne-sovinon-rozovoe-suhoe-117,raw
dataset/uploads_root/prod-svoe-vino-strapi/prod-svoe-vino/strapi/uploads/zolotaya_balka_zb_frizzante_dry_risling_beloe_suhoe_10_992e8ffb9f.webp,zolotaya-balka-zb-frizzante-dry-risling-beloe-suhoe-10,raw
dataset/uploads_root/prod-svoe-vino-strapi/prod-svoe-vino/strapi/uploads/zolotaya_balka_zb_frizzante_semi_dry_rose_risling_rozovoe_polusuhoe_10_462381c9b4.webp,zolotaya-balka-zb-frizzante-semi-dry-rose-risling-rozovoe-polusuhoe-10,raw
dataset/uploads_root/prod-svoe-vino-strapi/prod-svoe-vino/strapi/uploads/zolotaya_balka_zb_moscato_semi_sweet_rose_muskat_yantarnyy_rozovoe_polusladkoe_9_25026eb2e3.webp,zolotaya-balka-zb-moscato-semi-sweet-rose-muskat-yantarnyy-rozovoe-polusladkoe-9,raw
dataset/uploads_root/prod-svoe-vino-strapi/prod-svoe-vino/strapi/uploads/zolotaya_balka_zb_spumante_brut_risling_beloe_bryut_125_624bd4301a.webp,zolotaya-balka-zb-spumante-brut-risling-beloe-bryut-125,raw
dataset/uploads_root/prod-svoe-vino-strapi/prod-svoe-vino/strapi/uploads/zolotaya_balka_zb_spumante_semi_dry_risling_beloe_polusuhoe_125_b4807ef6ee.webp,zolotaya-balka-zb-spumante-semi-dry-risling-beloe-polusuhoe-125,raw
dataset/uploads_root/prod-svoe-vino-strapi/prod-svoe-vino/strapi/uploads/ZB_VAJN_Moskato_beloe_polusladkoe_68f4d64b83.webp,zb-wine-moscato-beloe-polusladkoe,raw
dataset/uploads_root/prod-svoe-vino-strapi/prod-svoe-vino/strapi/uploads/zolotaya_balka_zb_wine_riesling_risling_beloe_polusuhoe_115_1b10f56379.webp,zolotaya-balka-zb-wine-riesling-risling-beloe-polusuhoe-115,raw
dataset/uploads_root/prod-svoe-vino-strapi/prod-svoe-vino/strapi/uploads/zolotaya_balka_zb_wine_sauvignon_blanc_sovinon_blan_beloe_suhoe_125_f910ea40b7.webp,zolotaya-balka-zb-wine-sauvignon-blanc-sovinon-blan-beloe-suhoe-125,raw
dataset/uploads_root/prod-svoe-vino-strapi/prod-svoe-vino/strapi/uploads/Abrau_Dyurso_Udelnoe_vedomtsvo_bryut_80a96f319c.webp,abrau-dyurso-udelnoe-vedomstvo-imperatorskoe-beloe-bryut,raw
dataset/uploads_root/prod-svoe-vino-strapi/prod-svoe-vino/strapi/uploads/Abrau_Dyurso_Udelnoe_Vedomstvo_Imperatorskoe_beloe_polusladkoe_fac98a6538.webp,abrau-dyurso-udelnoe-vedomstvo-imperatorskoe-beloe-polusladkoe,raw
dataset/uploads_root/prod-svoe-vino-strapi/prod-svoe-vino/strapi/uploads/Abrau_Dyurso_fizz_bryut_2a15c7f74f.webp,abrau-dyurso-fizz-beloe-bryut,raw
dataset/uploads_root/prod-svoe-vino-strapi/prod-svoe-vino/strapi/uploads/Abrau_Dyurso_fizz_polusladkoe_031d93d5e0.webp,abrau-dyurso-fizz-beloe-polusladkoe,raw
dataset/uploads_root/prod-svoe-vino-strapi/prod-svoe-vino/strapi/uploads/abrau_dyurso_abrau_kupazh_krasnyy_polsusladkoe_kaberne_sovinon_krasnoe_polusladkoe_11_291e93ae8d.webp,abrau-dyurso-abrau-kupazh-krasnyy-polsusladkoe-kaberne-sovinon-krasnoe-polusladkoe-11,raw
dataset/uploads_root/prod-svoe-vino-strapi/prod-svoe-vino/strapi/uploads/abrau_dyurso_abrau_kupazh_svetlyy_suhoe_shardone_beloe_125_b60d4bb639.webp,abrau-dyurso-abrau-kupazh-svetlyy-suhoe-shardone-beloe-125,raw
dataset/uploads_root/prod-svoe-vino-strapi/prod-svoe-vino/strapi/uploads/abrau_dyurso_abrau_kupazh_tyomnyy_suhoe_kaberne_sovinon_krasnoe_13_a9c6a97e9b.webp,abrau-dyurso-abrau-kupazh-tyomnyy-suhoe-kaberne-sovinon-krasnoe-13,raw
dataset/uploads_root/prod-svoe-vino-strapi/prod-svoe-vino/strapi/uploads/Abrau_Dyurso_Viktor_Dravini_bryut_4b532f42da.webp,abrau-dyurso-victor-dravigny-bryut,raw
dataset/uploads_root/prod-svoe-vino-strapi/prod-svoe-vino/strapi/uploads/abrau_dyurso_abrau_dyurso_pino_nuar_krasnoe_suhoe_13_2c1e6330fe.webp,abrau-dyurso-abrau-dyurso-pino-nuar-krasnoe-suhoe-13,raw
dataset/uploads_root/prod-svoe-vino-strapi/prod-svoe-vino/strapi/uploads/sober_bash_avrora_2024_krasnostop_zolotovskiy_rozovoe_suhoe_14_016209463e.webp,sober-bash-avrora-2024-krasnostop-zolotovskiy-rozovoe-suhoe-14,raw
dataset/uploads_root/prod-svoe-vino-strapi/prod-svoe-vino/strapi/uploads/valeriy_zaharin_avtorskoe_vino_ot_valeriya_zaharina_aleatiko_rozovoe_suhoe_115_433a921c43.webp,valeriy-zaharin-avtorskoe-vino-ot-valeriya-zaharina-aleatiko-rozovoe-suhoe-115,raw
dataset/uploads_root/prod-svoe-vino-strapi/prod-svoe-vino/strapi/uploads/valeriy_zaharin_avtorskoe_vino_ot_valeriya_zaharina_bastardo_bastardo_magarachskiy_krasnoe_suhoe_12_9ae8962a73.webp,valeriy-zaharin-avtorskoe-vino-ot-valeriya-zaharina-bastardo-bastardo-magarachskiy-krasnoe-suhoe-12,raw
dataset/uploads_root/prod-svoe-vino-strapi/prod-svoe-vino/strapi/uploads/valeriy_zaharin_avtorskoe_vino_ot_valeriya_zaharina_krasnoe_pino_nuar_krasnoe_suhoe_125_32e5dd1102.webp,valeriy-zaharin-avtorskoe-vino-ot-valeriya-zaharina-krasnoe-pino-nuar-suhoe-125,raw
dataset/uploads_root/prod-svoe-vino-strapi/prod-svoe-vino/strapi/uploads/massandra_avtorskoe_murvedr_krasnoe_suhoe_14_9f3b7f61d6.webp,massandra-avtorskoe-murvedr-krasnoe-suhoe-14,raw
dataset/uploads_root/prod-svoe-vino-strapi/prod-svoe-vino/strapi/uploads/zod3xnxspeju4qylhp65en278429bfv3_fa4af2c190.webp,avtorskoe-risling,raw
dataset/uploads_root/prod-svoe-vino-strapi/prod-svoe-vino/strapi/uploads/zimovets_avtohton_tsimlyanskiy_chernyy_krasnoe_suhoe_135_c4f818da0f.webp,zimovets-avtohton-tsimlyanskiy-chernyy-krasnoe-suhoe-135,raw
dataset/uploads_root/prod-svoe-vino-strapi/prod-svoe-vino/strapi/uploads/valeriy_zaharin_avtohtonnoe_vino_kryma_ot_valeriya_zaharina_aleatiko_kefesiya_rozovoe_suhoe_11_8a5f697ad1.webp,valeriy-zaharin-avtohtonnoe-vino-kryma-ot-valeriya-zaharina-aleatiko-kefesiya-rozovoe-suhoe-11,raw
dataset/uploads_root/prod-svoe-vino-strapi/prod-svoe-vino/strapi/uploads/valeriy_zaharin_avtohtonnoe_vino_kryma_ot_valeriya_zaharina_bastardo_kefesiya_bastardo_magarachskiy_krasnoe_suhoe_115_292d4c5970.webp,valeriy-zaharin-avtohtonnoe-vino-kryma-ot-valeriya-zaharina-bastardo-kefesiya-bastardo-magarachskiy-krasnoe-suhoe-115,raw
dataset/uploads_root/prod-svoe-vino-strapi/prod-svoe-vino/strapi/uploads/valeriy_zaharin_avtohtonnoe_vino_kryma_ot_valeriya_zaharina_kefesiya_rezerv_krasnoe_suhoe_13_a236e73a0c.webp,valeriy-zaharin-avtohtonnoe-vino-kryma-ot-valeriya-zaharina-kefesiya-rezerv-krasnoe-suhoe-13,raw
dataset/uploads_root/prod-svoe-vino-strapi/prod-svoe-vino/strapi/uploads/valeriy_zaharin_avtohtonnoe_vino_kryma_ot_valeriya_zaharina_kokur_sary_pandas_kokur_belyy_beloe_suhoe_115_c97a8b21ba.webp,valeriy-zaharin-avtohtonnoe-vino-kryma-ot-valeriya-zaharina-kokur-sary-pandas-kokur-belyy-beloe-suhoe-115,raw
dataset/uploads_root/prod-svoe-vino-strapi/prod-svoe-vino/strapi/uploads/valeriy_zaharin_avtohtonnoe_vino_kryma_avtorskiy_kupazh_bastardo_saperavi_kefesiya_bastardo_magarachskiy_krasnoe_suhoe_12_1d86b29cfe.webp,valeriy-zaharin-avtohtonnoe-vino-kryma-avtorskiy-kupazh-bastardo-saperavi-kefesiya-bastardo-magarachskiy-krasnoe-suhoe-12,raw
dataset/uploads_root/prod-svoe-vino-strapi/prod-svoe-vino/strapi/uploads/valeriy_zaharin_avtohtonnoe_vino_kryma_sary_pandas_rezerv_beloe_suhoe_115_10be7b7189.webp,valeriy-zaharin-avtohtonnoe-vino-kryma-sary-pandas-rezerv-beloe-suhoe-115,raw
dataset/uploads_root/prod-svoe-vino-strapi/prod-svoe-vino/strapi/uploads/vinodelnya_krinitsa_azyur_vione_beloe_suhoe_12_f97e1cbf46.webp,vinodelnya-krinitsa-azyur-vione-beloe-suhoe-12,raw
dataset/uploads_root/prod-svoe-vino-strapi/prod-svoe-vino/strapi/uploads/vinodelnya_krinitsa_azyur_risling_beloe_suhoe_127_89de32ac85.webp,vinodelnya-krinitsa-azyur-risling-beloe-suhoe-127,raw
dataset/uploads_root/prod-svoe-vino-strapi/prod-svoe-vino/strapi/uploads/valeriy_zaharin_aleatiko_kefesiya_avtohtonnoe_vino_kryma_ot_valeriya_zaharina_rozovoe_suhoe_125_135a858d15.webp,valeriy-zaharin-aleatiko-kefesiya-avtohtonnoe-vino-kryma-ot-valeriya-zaharina-rozovoe-suhoe-125,raw
dataset/uploads_root/prod-svoe-vino-strapi/prod-svoe-vino/strapi/uploads/abrau_dyurso_aleksandr_ii_magnum_shardone_beloe_bryut_125_256840c1d1.webp,abrau-dyurso-aleksandr-ii-magnum-shardone-beloe-bryut-125,raw
dataset/uploads_root/prod-svoe-vino-strapi/prod-svoe-vino/strapi/uploads/chateau_andre_aligote_beloe_suhoe_13_c3d34b9641.webp,chateau-andre-aligote-beloe-suhoe-13,raw
dataset/uploads_root/prod-svoe-vino-strapi/prod-svoe-vino/strapi/uploads/vaynkraft_aligote_beloe_suhoe_125_7b4945b265.webp,vaynkraft-aligote-beloe-suhoe-125,raw
dataset/uploads_root/prod-svoe-vino-strapi/prod-svoe-vino/strapi/uploads/belbek_aligote_beloe_suhoe_125_3994f84c11.webp,belbek-aligote-beloe-suhoe-125,raw
dataset/uploads_root/prod-svoe-vino-strapi/prod-svoe-vino/strapi/uploads/vinodelnya_uzunov_aligote_beloe_suhoe_127_575bc5c29d.webp,vinodelnya-uzunov-aligote-beloe-suhoe-127,raw
dataset/uploads_root/prod-svoe-vino-strapi/prod-svoe-vino/strapi/uploads/vinabani_aligote_beloe_suhoe_12_3264ece5af.webp,vinabani-aligote-beloe-suhoe-12,raw
dataset/uploads_root/prod-svoe-vino-strapi/prod-svoe-vino/strapi/uploads/shato_pino_aligote_rkatsiteli_beloe_suhoe_12_c9a1a8a474.webp,shato-pino-aligote-rkatsiteli-beloe-suhoe-12,raw
dataset/uploads_root/prod-svoe-vino-strapi/prod-svoe-vino/strapi/uploads/shato_pino_aligoterkatsiteli_beloe_suhoe_12_c00c55cc32.webp,shato-pino-aligote-rkatsiteli-suhoe-beloe-12,raw
dataset/uploads_root/prod-svoe-vino-strapi/prod-svoe-vino/strapi/uploads/vinodelnya_myshako_aligote_vione_kyuve_beloe_polusladkoe_125_8b824b620d.webp,vinodelnya-myshako-aligote-vione-kyuve-beloe-polusladkoe-125,raw
dataset/uploads_root/prod-svoe-vino-strapi/prod-svoe-vino/strapi/uploads/4285_eq_F1_Fau_no_bg_preview_carve_photos_75f98bca1a.webp,aligote-avtorskoe,raw
dataset/uploads_root/prod-svoe-vino-strapi/prod-svoe-vino/strapi/uploads/DSC_09173_4a9ff95cc2.webp,aligote-barrel-2025,raw
dataset/uploads_root/prod-svoe-vino-strapi/prod-svoe-vino/strapi/uploads/vinodelnya_78_aligote_otbornoe_beloe_suhoe_12_367ef385f7.webp,vinodelnya-78-aligote-otbornoe-beloe-suhoe-12,raw
dataset/uploads_root/prod-svoe-vino-strapi/prod-svoe-vino/strapi/uploads/4285_eq_F1_Fau_no_bg_preview_carve_photos_6d7da0f321.webp,aligote-avtorskoe-vino,raw
dataset/uploads_root/prod-svoe-vino-strapi/prod-svoe-vino/strapi/uploads/valeriy_zaharin_aligote_avtorskoe_valeriy_zaharin_igristoe_bryut_beloe_115_3b74fa58cc.webp,valeriy-zaharin-aligote-avtorskoe-valeriy-zaharin-beloe-bryut-115,raw
dataset/uploads_root/prod-svoe-vino-strapi/prod-svoe-vino/strapi/uploads/valeriy_zaharin_aligote_burlyuk_igristoe_bryut_beloe_115_adb6620d61.webp,valeriy-zaharin-aligote-burlyuk-beloe-bryut-115,raw
dataset/uploads_root/prod-svoe-vino-strapi/prod-svoe-vino/strapi/uploads/valeriy_zaharin_aligote_burlyuk_beloe_suhoe_13_6a0eb14c98.webp,valeriy-zaharin-aligote-burlyuk-beloe-suhoe-13,raw
dataset/uploads_root/prod-svoe-vino-strapi/prod-svoe-vino/strapi/uploads/valeriy_zaharin_aligote_valeriy_zaharin_beloe_suhoe_13_42ca83c531.webp,valeriy-zaharin-aligote-valeriy-zaharin-beloe-suhoe-13,raw
dataset/uploads_root/prod-svoe-vino-strapi/prod-svoe-vino/strapi/uploads/Aligote_limitirovannaya_60fab8c449.webp,perovskih_aligote,raw
dataset/uploads_root/prod-svoe-vino-strapi/prod-svoe-vino/strapi/uploads/domaine_de_la_vivandiere_alkomishka_malbek_krasnoe_suhoe_123_edeea28c08.webp,domaine-de-la-vivandiere-alkomishka-malbek-krasnoe-suhoe-123,raw
dataset/uploads_root/prod-svoe-vino-strapi/prod-svoe-vino/strapi/uploads/alma_valley_alma_graviti_pino_nuar_merlo_kaberne_sovinon_krasnoe_suhoe_14_aed5a84143.webp,alma-valley-alma-graviti-pino-nuar-merlo-kaberne-sovinon-krasnoe-suhoe-14,raw
dataset/uploads_root/prod-svoe-vino-strapi/prod-svoe-vino/strapi/uploads/Saperavi_vyderzhannoe_ZIMA_3bceff4456.webp,aratti-vremena-goda-saperavi-vyderzhannyj-zima,raw
dataset/uploads_root/prod-svoe-vino-strapi/prod-svoe-vino/strapi/uploads/Saperavi_Leto_78b6bb387a.webp,aratti-vremena-goda-saperavi-leto,raw
dataset/uploads_root/prod-svoe-vino-strapi/prod-svoe-vino/strapi/uploads/Saperavi_Merlo_VESNA_cc54c9749f.webp,aratti-vremena-goda-saperavi-merlo-vesna,raw
dataset/uploads_root/prod-svoe-vino-strapi/prod-svoe-vino/strapi/uploads/Kaberne_po_bel_7f4d2143bf.webp,aratti-kaberne-po-belomu,raw
dataset/uploads_root/prod-svoe-vino-strapi/prod-svoe-vino/strapi/uploads/Kaberne_po_bel_p_suh_6e9878c657.webp,aratti-kaberne-po-belomu-1,raw
dataset/uploads_root/prod-svoe-vino-strapi/prod-svoe-vino/strapi/uploads/Kab_sov_20_0ec2d4acd2.webp,aratti-kaberne-sovinon-2020-krasnoe-suhoe,raw
dataset/uploads_root/prod-svoe-vino-strapi/prod-svoe-vino/strapi/uploads/Kab_Sov_21_5fe7e50b8a.webp,aratti-kaberne-sovinon-2021-krasnoe-suhoe,raw
dataset/uploads_root/prod-svoe-vino-strapi/prod-svoe-vino/strapi/uploads/Muskat_p_suh_342e91568f.webp,aratti-muskat-belyj-polusuhoe,raw
dataset/uploads_root/prod-svoe-vino-strapi/prod-svoe-vino/strapi/uploads/Muskat_bel_suh_ac5bd6022d.webp,aratti-muskat-belyj-suhoe,raw
dataset/uploads_root/prod-svoe-vino-strapi/prod-svoe-vino/strapi/uploads/Risling_p_suh_57fb737010.webp,aratti-risling-beloe-polusuhoe,raw
dataset/uploads_root/prod-svoe-vino-strapi/prod-svoe-vino/strapi/uploads/Risling_suh_23d397debe.webp,aratti-risling-suhoe,raw
dataset/uploads_root/prod-svoe-vino-strapi/prod-svoe-vino/strapi/uploads/Sovion_p_suh_e5467c856b.webp,aratti-sovinon-blan-beloe-polusuhoe,raw
dataset/uploads_root/prod-svoe-vino-strapi/prod-svoe-vino/strapi/uploads/Shardone_dc6ec8d1cb.webp,aratti-shardone-beloe-suhoe,raw
dataset/uploads_root/prod-svoe-vino-strapi/prod-svoe-vino/strapi/uploads/vinodelnya_krinitsa_arena_sira_krasnoe_suhoe_13_dc8b753978.webp,vinodelnya-krinitsa-arena-sira-krasnoe-suhoe-13,raw
dataset/uploads_root/prod-svoe-vino-strapi/prod-svoe-vino/strapi/uploads/gavras_areni_krasnoe_suhoe_13_52b40d0436.webp,gavras-areni-krasnoe-suhoe-13,raw
dataset/uploads_root/prod-svoe-vino-strapi/prod-svoe-vino/strapi/uploads/dva_serdtsa_arinarnoa_kaberne_sovinon_krasnoe_suhoe_135_047c8cca68.webp,dva-serdtsa-arinarnoa-kaberne-sovinon-krasnoe-suhoe-135,raw
dataset/uploads_root/prod-svoe-vino-strapi/prod-svoe-vino/strapi/uploads/kuban_vino_aristov_8_byanko_shardone_beloe_suhoe_8_c4aa32acf7.webp,kuban-vino-aristov-8-byanko-shardone-beloe-suhoe-8,raw
dataset/uploads_root/prod-svoe-vino-strapi/prod-svoe-vino/strapi/uploads/kuban_vino_aristov_8_byanko_07_shardone_beloe_suhoe_8_b4ce26c4c3.webp,kuban-vino-aristov-8-byanko-07-shardone-beloe-suhoe-8,raw
dataset/uploads_root/prod-svoe-vino-strapi/prod-svoe-vino/strapi/uploads/kuban_vino_aristov_8_roze_merlo_rozovoe_suhoe_8_a0208632d6.webp,kuban-vino-aristov-8-roze-merlo-rozovoe-suhoe-8,raw
dataset/uploads_root/prod-svoe-vino-strapi/prod-svoe-vino/strapi/uploads/kuban_vino_aristov_8_roze_07_merlo_rozovoe_suhoe_8_59ddc8b8bd.webp,kuban-vino-aristov-8-roze-07-merlo-rozovoe-suhoe-8,raw
dataset/uploads_root/prod-svoe-vino-strapi/prod-svoe-vino/strapi/uploads/PU_Sjv7dn_M_Nil_H25_TO_9_Bcb_B_f_Zx_Nza_Xse9_Yvayfomyz45k_B47omg8pj9_DLYV_Wx_OE_Jy_AZ_Vfga_W_Ht2_Sel_D_Ifwt_Ne_Q_d24c827e0c.webp,aristov-anima-millesimato,raw
dataset/uploads_root/prod-svoe-vino-strapi/prod-svoe-vino/strapi/uploads/Aristov_Anima_milezimiato_bryut_4a887b783f.webp,aristov-anima-millesimato-beloe-bryut,raw
dataset/uploads_root/prod-svoe-vino-strapi/prod-svoe-vino/strapi/uploads/PU_Sjv7dn_M_Nil_H25_TO_9_Bcb_Pd_Yfu_Vd_Fztw_O_Jbguw7qrtonw_KE_4g_Yx_Kvy_Gu7_XT_Uol_KPA_Hgei_CO_Qicppgq_Kd_Ef_Gg_030a72f094.webp,aristov-anima-pinot-grigio-blush,raw
dataset/uploads_root/prod-svoe-vino-strapi/prod-svoe-vino/strapi/uploads/kuban_vino_aristov_amata_byanko_shardone_beloe_suhoe_125_2c9f48a496.webp,kuban-vino-aristov-amata-byanko-shardone-beloe-suhoe-125,raw
dataset/uploads_root/prod-svoe-vino-strapi/prod-svoe-vino/strapi/uploads/kuban_vino_aristov_amata_roze_kaberne_sovinon_rozovoe_suhoe_13_520459ddc4.webp,kuban-vino-aristov-amata-roze-kaberne-sovinon-rozovoe-suhoe-13,raw
dataset/uploads_root/prod-svoe-vino-strapi/prod-svoe-vino/strapi/uploads/kuban_vino_aristov_amata_rosso_kaberne_sovinon_krasnoe_suhoe_145_40d0ae1b20.webp,kuban-vino-aristov-amata-rosso-kaberne-sovinon-krasnoe-suhoe-145,raw
dataset/uploads_root/prod-svoe-vino-strapi/prod-svoe-vino/strapi/uploads/kuban_vino_aristov_anima_michela_2023_sandzhoveze_krasnoe_suhoe_115_6e5381d827.webp,kuban-vino-aristov-anima-michela-2023-sandzhoveze-krasnoe-suhoe-115,raw
dataset/uploads_root/prod-svoe-vino-strapi/prod-svoe-vino/strapi/uploads/kuban_vino_aristov_anima_pino_gridzhio_beloe_suhoe_12_2b93e769db.webp,kuban-vino-aristov-anima-pino-gridzhio-beloe-suhoe-12,raw
dataset/uploads_root/prod-svoe-vino-strapi/prod-svoe-vino/strapi/uploads/kuban_vino_aristov_anima_pino_gridzhio_blash_rozovoe_suhoe_125_c6ac2c7f10.webp,kuban-vino-aristov-anima-pino-gridzhio-blash-rozovoe-suhoe-125,raw
dataset/uploads_root/prod-svoe-vino-strapi/prod-svoe-vino/strapi/uploads/kuban_vino_aristov_anima_pino_nero_sandzhoveze_pino_nuar_krasnoe_suhoe_125_6fc8b03351.webp,kuban-vino-aristov-anima-pino-nero-sandzhoveze-pino-nuar-krasnoe-suhoe-125,raw
dataset/uploads_root/prod-svoe-vino-strapi/prod-svoe-vino/strapi/uploads/kuban_vino_aristov_byanko_shardone_beloe_suhoe_13_4ffd5831ff.webp,kuban-vino-aristov-byanko-shardone-beloe-suhoe-13,raw
dataset/uploads_root/prod-svoe-vino-strapi/prod-svoe-vino/strapi/uploads/kuban_vino_aristov_byanko_polusladkoe_shardone_beloe_13_4167038d66.webp,kuban-vino-aristov-byanko-polusladkoe-shardone-beloe-13,raw
dataset/uploads_root/prod-svoe-vino-strapi/prod-svoe-vino/strapi/uploads/kuban_vino_aristov_verde_muskat_beloe_polusuhoe_11_3240688a5c.webp,kuban-vino-aristov-verde-muskat-beloe-polusuhoe-11,raw
dataset/uploads_root/prod-svoe-vino-strapi/prod-svoe-vino/strapi/uploads/kuban_vino_aristov_kaberne_sovinon_krasnoe_suhoe_13_5e123aa5be.webp,kuban-vino-aristov-kaberne-sovinon-krasnoe-suhoe-13,raw
dataset/uploads_root/prod-svoe-vino-strapi/prod-svoe-vino/strapi/uploads/kuban_vino_aristov_kaberne_sovinon_roze_rozovoe_suhoe_12_486d2e1918.webp,kuban-vino-aristov-kaberne-sovinon-roze-rozovoe-suhoe-12,raw
dataset/uploads_root/prod-svoe-vino-strapi/prod-svoe-vino/strapi/uploads/kuban_vino_aristov_kaberne_sovinon_roze_2020_rozovoe_suhoe_12_0f93b0dc29.webp,kuban-vino-aristov-kaberne-sovinon-roze-2020-rozovoe-suhoe-12,raw
dataset/uploads_root/prod-svoe-vino-strapi/prod-svoe-vino/strapi/uploads/kuban_vino_aristov_risling_beloe_suhoe_115_137cf12705.webp,kuban-vino-aristov-risling-beloe-suhoe-115,raw
dataset/uploads_root/prod-svoe-vino-strapi/prod-svoe-vino/strapi/uploads/kuban_vino_aristov_rosso_polusladkoe_saperavi_krasnoe_13_ed04238b6b.webp,kuban-vino-aristov-rosso-polusladkoe-saperavi-krasnoe-13,raw
dataset/uploads_root/prod-svoe-vino-strapi/prod-svoe-vino/strapi/uploads/kuban_vino_aristov_sandzhoveze_krasnoe_suhoe_13_346f0e6195.webp,kuban-vino-aristov-sandzhoveze-krasnoe-suhoe-13,raw
dataset/uploads_root/prod-svoe-vino-strapi/prod-svoe-vino/strapi/uploads/kuban_vino_aristov_tsvaygelt_320_rozovoe_suhoe_125_42f977144e.webp,kuban-vino-aristov-tsvaygelt-320-rozovoe-suhoe-125,raw
dataset/uploads_root/prod-svoe-vino-strapi/prod-svoe-vino/strapi/uploads/kuban_vino_aristov_shardone_318_beloe_suhoe_115_da1c20930f.webp,kuban-vino-aristov-shardone-318-beloe-suhoe-115,raw
dataset/uploads_root/prod-svoe-vino-strapi/prod-svoe-vino/strapi/uploads/kuban_vino_aristov_kyuve_aleksandr_blanc_de_blancs_36_shardone_igristoe_ekstra_bryut_beloe_12_8ac9babcfc.webp,kuban-vino-aristov-kyuve-aleksandr-blanc-de-blancs-36-shardone-beloe-ekstra-bryut-12,raw
dataset/uploads_root/prod-svoe-vino-strapi/prod-svoe-vino/strapi/uploads/kuban_vino_aristov_kyuve_aleksandr_rose_de_pinot_pino_nuar_igristoe_ekstra_bryut_rozovoe_12_26aee6560b.webp,kuban-vino-aristov-kyuve-aleksandr-rose-de-pinot-pino-nuar-rozovoe-ekstra-bryut-12,raw
dataset/uploads_root/prod-svoe-vino-strapi/prod-svoe-vino/strapi/uploads/Aristov_Kyuve_ekstra_bryut_Blan_de_Blan_18_MESI_2022_GU_Normal_fcdb509a54.webp,aristov-kyuve-aleksandr-blan-de-blan,raw
dataset/uploads_root/prod-svoe-vino-strapi/prod-svoe-vino/strapi/uploads/Aristov_Kyuve_ekstra_bryut_Blan_de_Nuar_18_MESI_2022_GU_Normal_4a2bea6a3e.webp,aristov-kyuve-aleksandr-blan-de-nuar,raw
dataset/uploads_root/prod-svoe-vino-strapi/prod-svoe-vino/strapi/uploads/kuban_vino_aristov_kyuve_aleksandr_millezimato_shardone_igristoe_ekstra_bryut_beloe_12_b2f7daf617.webp,kuban-vino-aristov-kyuve-aleksandr-millezimato-shardone-beloe-ekstra-bryut-12,raw
dataset/uploads_root/prod-svoe-vino-strapi/prod-svoe-vino/strapi/uploads/Aristov_Kyuve_Roze_Pino_2023_0_75l_bryut_Normal_Photoroom_cc598880d5.webp,aristov-kyuve-aleksandr-roze-de-pino,raw
dataset/uploads_root/prod-svoe-vino-strapi/prod-svoe-vino/strapi/uploads/vinodelnya_krinitsa_aroma_pti_mansen_beloe_sladkoe_137_3936725043.webp,vinodelnya-krinitsa-aroma-pti-mansen-beloe-sladkoe-137,raw
dataset/uploads_root/prod-svoe-vino-strapi/prod-svoe-vino/strapi/uploads/vina_arpachina_arpachino_aligote_ekstra_bryut_igristoe_ekstra_bryut_beloe_115_f4daed56e5.webp,vina-arpachina-arpachino-aligote-ekstra-bryut-beloe-115,raw
dataset/uploads_root/prod-svoe-vino-strapi/prod-svoe-vino/strapi/uploads/vina_arpachina_arpachino_inohodets_puhlyakovskiy_igristoe_ekstra_bryut_beloe_125_a112b4e529.webp,vina-arpachina-arpachino-inohodets-puhlyakovskiy-beloe-ekstra-bryut-125,raw
dataset/uploads_root/prod-svoe-vino-strapi/prod-svoe-vino/strapi/uploads/vina_arpachina_arpachino_inohodets_sibirkovyy_igristoe_ekstra_bryut_beloe_125_75a58dd24e.webp,vina-arpachina-arpachino-inohodets-sibirkovyy-beloe-ekstra-bryut-125,raw
dataset/uploads_root/prod-svoe-vino-strapi/prod-svoe-vino/strapi/uploads/vina_arpachina_arpachino_inohodets_kumshatskiy_igristoe_ekstra_bryut_beloe_125_c630de086f.webp,vina-arpachina-arpachino-inohodets-kumshatskiy-beloe-ekstra-bryut-125,raw
dataset/uploads_root/prod-svoe-vino-strapi/prod-svoe-vino/strapi/uploads/vina_arpachina_arpachino_inohodets_aligote_igristoe_ekstra_bryut_beloe_125_14bff66ea7.webp,vina-arpachina-arpachino-inohodets-aligote-beloe-ekstra-bryut-125,raw
dataset/uploads_root/prod-svoe-vino-strapi/prod-svoe-vino/strapi/uploads/vina_arpachina_arpachino_tsimlyanskiy_chernyy_igristoe_ekstra_bryut_rozovoe_13_174452bb6e.webp,vina-arpachina-arpachino-tsimlyanskiy-chernyy-rozovoe-ekstra-bryut-13,raw
dataset/uploads_root/prod-svoe-vino-strapi/prod-svoe-vino/strapi/uploads/stn_winery_arhitektor_sira_krasnoe_suhoe_12_6667db52b5.webp,stn-winery-arhitektor-sira-krasnoe-suhoe-12,raw
dataset/uploads_root/prod-svoe-vino-strapi/prod-svoe-vino/strapi/uploads/denisov_winery_assamblyazh_rubin_golodrigi_rozovoe_suhoe_12_0cb8d3dedd.webp,denisov-winery-assamblyazh-rubin-golodrigi-rozovoe-suhoe-12,raw
dataset/uploads_root/prod-svoe-vino-strapi/prod-svoe-vino/strapi/uploads/vinodelnya_marko_assamblyazh_kaberne_sovinon_krasnoe_suhoe_14_1f4ea5a0e9.webp,vinodelnya-marko-assamblyazh-kaberne-sovinon-krasnoe-suhoe-14,raw
dataset/uploads_root/prod-svoe-vino-strapi/prod-svoe-vino/strapi/uploads/zmv_koktebel_atmosfera_aligote_rkatsiteli_shardone_beloe_suhoe_11_c621a4aae9.webp,zmv-koktebel-atmosfera-aligote-rkatsiteli-shardone-beloe-suhoe-11,raw
dataset/uploads_root/prod-svoe-vino-strapi/prod-svoe-vino/strapi/uploads/zmv_koktebel_atmosfera_kaberne_sovinon_kaberne_fran_merlo_bastardo_magarachskiy_krasnoe_suhoe_13_e6f84956bb.webp,zmv-koktebel-atmosfera-kaberne-sovinon-kaberne-fran-merlo-bastardo-magarachskiy-krasnoe-suhoe-13,raw
dataset/uploads_root/prod-svoe-vino-strapi/prod-svoe-vino/strapi/uploads/zmv_koktebel_atmosfera_kaberne_sovinon_merlo_pino_chernyy_krasnoe_polusladkoe_13_542fe78f22.webp,zmv-koktebel-atmosfera-kaberne-sovinon-merlo-pino-chernyy-krasnoe-polusladkoe-13,raw
dataset/uploads_root/prod-svoe-vino-strapi/prod-svoe-vino/strapi/uploads/zmv_koktebel_atmosfera_rkatsiteli_aligote_kokur_muskat_belyy_shardone_beloe_polusladkoe_11_773cbbcc47.webp,zmv-koktebel-atmosfera-rkatsiteli-aligote-kokur-muskat-belyy-shardone-beloe-polusladkoe-11,raw
dataset/uploads_root/prod-svoe-vino-strapi/prod-svoe-vino/strapi/uploads/zmv_koktebel_atmosfera_shardone_merlo_rkatsiteli_muskat_rozovyy_muskat_gamburgskiy_rozovoe_polusuhoe_12_5fd10c99b4.webp,zmv-koktebel-atmosfera-shardone-merlo-rkatsiteli-muskat-rozovyy-muskat-gamburgskiy-rozovoe-polusuhoe-12,raw
dataset/uploads_root/prod-svoe-vino-strapi/prod-svoe-vino/strapi/uploads/sober_bash_afa_kaberne_sovinon_krasnoe_suhoe_125_d85dc3b521.webp,sober-bash-afa-kaberne-sovinon-krasnoe-suhoe-125,raw
dataset/uploads_root/prod-svoe-vino-strapi/prod-svoe-vino/strapi/uploads/valeriy_zaharin_bakkal_su_aligote_beloe_suhoe_115_5fe4cf81cf.webp,valeriy-zaharin-bakkal-su-aligote-beloe-suhoe-115,raw
dataset/uploads_root/prod-svoe-vino-strapi/prod-svoe-vino/strapi/uploads/valeriy_zaharin_bakkal_su_kaberne_kaberne_sovinon_krasnoe_suhoe_125_53073ba214.webp,valeriy-zaharin-bakkal-su-kaberne-kaberne-sovinon-krasnoe-suhoe-125,raw
dataset/uploads_root/prod-svoe-vino-strapi/prod-svoe-vino/strapi/uploads/valeriy_zaharin_bakkal_su_saperavi_bastardo_kaberne_sovinon_krasnoe_polusladkoe_11_b8d351c52f.webp,valeriy-zaharin-bakkal-su-saperavi-bastardo-kaberne-sovinon-krasnoe-polusladkoe-11,raw
dataset/uploads_root/prod-svoe-vino-strapi/prod-svoe-vino/strapi/uploads/valeriy_zaharin_bakkal_su_muskat_ottonel_beloe_polusladkoe_115_34542492ff.webp,valeriy-zaharin-bakkal-su-muskat-ottonel-beloe-polusladkoe-115,raw
dataset/uploads_root/prod-svoe-vino-strapi/prod-svoe-vino/strapi/uploads/valeriy_zaharin_bakkal_su_saperavi_kaberne_sovinon_krasnoe_suhoe_12_f6ce17d50e.webp,valeriy-zaharin-bakkal-su-saperavi-kaberne-sovinon-krasnoe-suhoe-12,raw
dataset/uploads_root/prod-svoe-vino-strapi/prod-svoe-vino/strapi/uploads/Balaklava_belyj_bryut_fotor_bg_remover_2026012323611_f20c51312d.webp,balaklava-bryut-rezerv,raw
dataset/uploads_root/prod-svoe-vino-strapi/prod-svoe-vino/strapi/uploads/rozovyj_bryut_fotor_bg_remover_20260123185139_1309ba3fe0.webp,wine,raw
dataset/uploads_root/prod-svoe-vino-strapi/prod-svoe-vino/strapi/uploads/Muskat_4b2f12e649.webp,balaklava-muskat,raw
dataset/uploads_root/prod-svoe-vino-strapi/prod-svoe-vino/strapi/uploads/Balaklava_Muskat_beloe_polusladkoe_0e4a6563a4.webp,balaklava-muskat-beloe-polusladkoe,raw
dataset/uploads_root/prod-svoe-vino-strapi/prod-svoe-vino/strapi/uploads/Pino_Nuar_c7e769ab8f.webp,balaklava-pino-nuar,raw
dataset/uploads_root/prod-svoe-vino-strapi/prod-svoe-vino/strapi/uploads/Barhat_cd989f8325.webp,barhat,raw
dataset/uploads_root/prod-svoe-vino-strapi/prod-svoe-vino/strapi/uploads/Tihoe_Barynya_2025_cb29b43230.webp,denisov_barynya_kurmyshi,raw
dataset/uploads_root/prod-svoe-vino-strapi/prod-svoe-vino/strapi/uploads/massandra_bastardo_bastardo_magarachskiy_krasnoe_sladkoe_16_c111755788.webp,massandra-bastardo-bastardo-magarachskiy-krasnoe-sladkoe-16,raw
dataset/uploads_root/prod-svoe-vino-strapi/prod-svoe-vino/strapi/uploads/zmv_koktebel_bastardo_krasnoe_suhoe_14_493c75d397.webp,zmv-koktebel-bastardo-krasnoe-suhoe-14,raw
dataset/uploads_root/prod-svoe-vino-strapi/prod-svoe-vino/strapi/uploads/valeriy_zaharin_bastardo_kefesiya_avtohtonnoe_vino_kryma_bastardo_magarachskiy_krasnoe_suhoe_115_e521ee5147.webp,valeriy-zaharin-bastardo-kefesiya-avtohtonnoe-vino-kryma-bastardo-magarachskiy-krasnoe-suhoe-115,raw
dataset/uploads_root/prod-svoe-vino-strapi/prod-svoe-vino/strapi/uploads/Bel_Lviczv_920970caba.webp,belaya-lvicza,raw
dataset/uploads_root/prod-svoe-vino-strapi/prod-svoe-vino/strapi/uploads/levokumskoe_beloe_rkatsiteli_beloe_suhoe_10_65a7a71e88.webp,levokumskoe-beloe-rkatsiteli-suhoe-10,raw
dataset/uploads_root/prod-svoe-vino-strapi/prod-svoe-vino/strapi/uploads/PU_Sjv7dn_M_Nil_H25_TO_9_Bcb_FVF_44_K64e2g_ZN_Sf1_Dla_R91_I_Bz4igu_F_Sby3dv31_Ew0g_Cz_Asn_No_G_SX_Bvl9_U3t_P7_B_Dw_12f081f20b.webp,beloe-polusladkoe,raw
dataset/uploads_root/prod-svoe-vino-strapi/prod-svoe-vino/strapi/uploads/PU_Sjv7dn_M_Nil_H25_TO_9_Bcb_Am_GBET_cm_W_Ma_Cxit_V_l_m_G_Tr_RJ_KWX_9ci_Ui_Eg_Js_HYWY_2_Kt2y_Ed_Ew_Mm_XQTL_4_M_Eq_K3w_1a4256a4fa.webp,beloe-suhoe,raw
dataset/uploads_root/prod-svoe-vino-strapi/prod-svoe-vino/strapi/uploads/belbek_beloe_suhoe_kaberne_sovinon_krasnoe_suhoe_14_82f8b0eda2.webp,belbek-beloe-suhoe-kaberne-sovinon-krasnoe-14,raw
dataset/uploads_root/prod-svoe-vino-strapi/prod-svoe-vino/strapi/uploads/belbek_belbek_kaberne_fran_krasnoe_suhoe_13_1dc81c94ac.webp,belbek-belbek-kaberne-fran-krasnoe-suhoe-13,raw
dataset/uploads_root/prod-svoe-vino-strapi/prod-svoe-vino/strapi/uploads/belbek_belbek_meritazh_kaberne_sovinon_krasnoe_suhoe_135_3ac532f36b.webp,belbek-belbek-meritazh-kaberne-sovinon-krasnoe-suhoe-135,raw
dataset/uploads_root/prod-svoe-vino-strapi/prod-svoe-vino/strapi/uploads/belbek_belbek_merlo_krasnoe_suhoe_129_721da2ee04.webp,belbek-belbek-merlo-krasnoe-suhoe-129,raw
dataset/uploads_root/prod-svoe-vino-strapi/prod-svoe-vino/strapi/uploads/belbek_belbek_muskat_beloe_suhoe_128_630defdbb3.webp,belbek-belbek-muskat-beloe-suhoe-128,raw
dataset/uploads_root/prod-svoe-vino-strapi/prod-svoe-vino/strapi/uploads/belbek_belbek_pino_nuar_krasnoe_suhoe_13_f1519564c9.webp,belbek-belbek-pino-nuar-krasnoe-suhoe-13,raw
dataset/uploads_root/prod-svoe-vino-strapi/prod-svoe-vino/strapi/uploads/belbek_belbek_pti_verdo_krasnoe_suhoe_121_40c032fb64.webp,belbek-belbek-pti-verdo-krasnoe-suhoe-121,raw
dataset/uploads_root/prod-svoe-vino-strapi/prod-svoe-vino/strapi/uploads/belbek_belbek_risling_beloe_suhoe_128_cb6f66781a.webp,belbek-belbek-risling-beloe-suhoe-128,raw
dataset/uploads_root/prod-svoe-vino-strapi/prod-svoe-vino/strapi/uploads/belbek_belbek_risling_rezerv_beloe_suhoe_13_618fbe6775.webp,belbek-belbek-risling-rezerv-beloe-suhoe-13,raw
dataset/uploads_root/prod-svoe-vino-strapi/prod-svoe-vino/strapi/uploads/belbek_belbek_rkatsiteli_barrik_beloe_suhoe_13_44d3a11b2f.webp,belbek-belbek-rkatsiteli-barrik-beloe-suhoe-13,raw
dataset/uploads_root/prod-svoe-vino-strapi/prod-svoe-vino/strapi/uploads/belbek_belbek_roze_pino_nuar_rozovoe_suhoe_129_051d90b1ff.webp,belbek-belbek-roze-pino-nuar-rozovoe-suhoe-129,raw
dataset/uploads_root/prod-svoe-vino-strapi/prod-svoe-vino/strapi/uploads/belbek_belbek_sandzhoveze_krasnoe_suhoe_138_9bf09c1a82.webp,belbek-belbek-sandzhoveze-krasnoe-suhoe-138,raw
dataset/uploads_root/prod-svoe-vino-strapi/prod-svoe-vino/strapi/uploads/belbek_belbek_saperavi_rezerv_krasnoe_suhoe_14_d920558ff2.webp,belbek-belbek-saperavi-rezerv-krasnoe-suhoe-14,raw
dataset/uploads_root/prod-svoe-vino-strapi/prod-svoe-vino/strapi/uploads/belbek_belbek_sira_krasnoe_suhoe_132_e2a205e856.webp,belbek-belbek-sira-krasnoe-suhoe-132,raw
dataset/uploads_root/prod-svoe-vino-strapi/prod-svoe-vino/strapi/uploads/belbek_belbek_fiolent_muskat_beloe_polusladkoe_125_a8f84e49d2.webp,belbek-belbek-fiolent-muskat-beloe-polusladkoe-125,raw
dataset/uploads_root/prod-svoe-vino-strapi/prod-svoe-vino/strapi/uploads/chateau_de_talu_blan_semilon_beloe_suhoe_127_93430db9c7.webp,chateau-de-talu-blan-semilon-beloe-suhoe-127,raw
dataset/uploads_root/prod-svoe-vino-strapi/prod-svoe-vino/strapi/uploads/Screenshot_16_fotor_bg_remover_20260714153549_d6a93eabf2.webp,blan-de-blan,raw
dataset/uploads_root/prod-svoe-vino-strapi/prod-svoe-vino/strapi/uploads/shato_pino_blan_de_blan_shardone_igristoe_ekstra_bryut_beloe_12_655949f151.webp,shato-pino-blan-de-blan-shardone-beloe-ekstra-bryut-12,raw
dataset/uploads_root/prod-svoe-vino-strapi/prod-svoe-vino/strapi/uploads/Blanc_de_noirs_brut_nature_030b095589.webp,perovskih_blan_de_noir,raw
dataset/uploads_root/prod-svoe-vino-strapi/prod-svoe-vino/strapi/uploads/zmv_koktebel_blan_aligote_beloe_suhoe_12_b350503764.webp,zmv-koktebel-blan-aligote-beloe-suhoe-12,raw
dataset/uploads_root/prod-svoe-vino-strapi/prod-svoe-vino/strapi/uploads/vaynkraft_blan_pino_nuar_beloe_suhoe_12_a3e776df11.webp,vaynkraft-blan-pino-nuar-beloe-suhoe-12,raw
dataset/uploads_root/prod-svoe-vino-strapi/prod-svoe-vino/strapi/uploads/domaine_lipko_blaufrankish_krasnoe_suhoe_126_e33253850f.webp,domaine-lipko-blaufrankish-krasnoe-suhoe-126,raw
dataset/uploads_root/prod-svoe-vino-strapi/prod-svoe-vino/strapi/uploads/shato_ay_danil_bomond_aligote_beloe_suhoe_vyderzhannoe_13_6c7ff5a32b.webp,shato-ay-danil-bomond-aligote-beloe-suhoe-13,raw
dataset/uploads_root/prod-svoe-vino-strapi/prod-svoe-vino/strapi/uploads/stn_winery_bratstvo_kochergi_pino_nuar_krasnoe_suhoe_12_e029506394.webp,stn-winery-bratstvo-kochergi-pino-nuar-krasnoe-suhoe-12,raw
dataset/uploads_root/prod-svoe-vino-strapi/prod-svoe-vino/strapi/uploads/Bryut_beloe_fotor_bg_remover_20260123231541_242c08153f.webp,bryut-beloe-zolotaya-balka,raw
dataset/uploads_root/prod-svoe-vino-strapi/prod-svoe-vino/strapi/uploads/rem_akchurin_bryut_roze_pino_nuar_igristoe_bryut_rozovoe_129_9797abf1e3.webp,rem-akchurin-bryut-roze-pino-nuar-rozovoe-129,raw
dataset/uploads_root/prod-svoe-vino-strapi/prod-svoe-vino/strapi/uploads/gunko_winery_bryut_roze_pino_nuar_igristoe_bryut_rozovoe_12_09f00ed0d1.webp,gunko-winery-bryut-roze-pino-nuar-rozovoe-12,raw
dataset/uploads_root/prod-svoe-vino-strapi/prod-svoe-vino/strapi/uploads/Bryut_rozovoe_0ab1422bb8.webp,bryut-rozovoe-zolotaya-balka,raw
dataset/uploads_root/prod-svoe-vino-strapi/prod-svoe-vino/strapi/uploads/usadba_aleksandrovskaya_bubnovyy_valet_kaberne_sovinon_krasnoe_polusladkoe_13_bf2a0f6928.webp,usadba-aleksandrovskaya-bubnovyy-valet-kaberne-sovinon-krasnoe-polusladkoe-13,raw
dataset/uploads_root/prod-svoe-vino-strapi/prod-svoe-vino/strapi/uploads/Screenshot_10_a566dcdabb.webp,bukovinka,raw
dataset/uploads_root/prod-svoe-vino-strapi/prod-svoe-vino/strapi/uploads/vinodelnya_uzunov_bunt_tsitronnyy_magaracha_beloe_suhoe_132_145bb8e9f1.webp,vinodelnya-uzunov-bunt-tsitronnyy-magaracha-beloe-suhoe-132,raw
dataset/uploads_root/prod-svoe-vino-strapi/prod-svoe-vino/strapi/uploads/shato_ay_danil_byanko_da_sole_muskat_belyy_beloe_polusladkoe_13_2c5d204811.webp,shato-ay-danil-byanko-da-sole-muskat-belyy-beloe-polusladkoe-13,raw
dataset/uploads_root/prod-svoe-vino-strapi/prod-svoe-vino/strapi/uploads/Vinisazh_bel_71a4e27f0b.webp,b-yu-rne-vinisa-zh-suhoe-beloe,raw
dataset/uploads_root/prod-svoe-vino-strapi/prod-svoe-vino/strapi/uploads/Vinisazh_krasn_dba1e92eae.webp,b-yu-rne-vinisa-zh-suhoe-krasnoe,raw
dataset/uploads_root/prod-svoe-vino-strapi/prod-svoe-vino/strapi/uploads/Vinisazh_roz_3d60ae3f01.webp,b-yu-rne-vinisa-zh-suhoe-rozovoe,raw
dataset/uploads_root/prod-svoe-vino-strapi/prod-svoe-vino/strapi/uploads/Vione_2023_13d6c1ebf6.webp,vinodelnya-byurne-vione-beloe-suhoe-135,raw
dataset/uploads_root/prod-svoe-vino-strapi/prod-svoe-vino/strapi/uploads/Kab_Sov_2019_no_bg_preview_carve_photos_6680889d32.webp,vinodelnya-byurne-kaberne-sovinon-krasnoe-suhoe-135,raw
dataset/uploads_root/prod-svoe-vino-strapi/prod-svoe-vino/strapi/uploads/Kab_Fran_2020_no_bg_preview_carve_photos_467c50d49a.webp,vinodelnya-byurne-kaberne-fran-krasnoe-suhoe-135,raw
dataset/uploads_root/prod-svoe-vino-strapi/prod-svoe-vino/strapi/uploads/Krasnostop_surguch_59d9e248a7.webp,vinodelnya-byurne-krasnostop-krasnoe-suhoe-145,raw
dataset/uploads_root/prod-svoe-vino-strapi/prod-svoe-vino/strapi/uploads/Krasnostop_2024_Classic_png_4f712da54f.webp,b-yu-rne-krasnostop-suhoe-krasnoe-classic,raw
dataset/uploads_root/prod-svoe-vino-strapi/prod-svoe-vino/strapi/uploads/Lyublyu_bel_2025_vint_png_cb50263c81.webp,vinodelnya-byurne-lyublyu-beloe-shardone-suhoe-135,raw
dataset/uploads_root/prod-svoe-vino-strapi/prod-svoe-vino/strapi/uploads/Lyublyu_krasn_2024_vint_png_a3e9f450b2.webp,vinodelnya-byurne-lyublyu-krasnoe-kaberne-fran-suhoe-135,raw
dataset/uploads_root/prod-svoe-vino-strapi/prod-svoe-vino/strapi/uploads/Lyublyu_roz_2025_vint_png_d28b7dba5d.webp,b-yu-rne-l-yu-bl-yu-suhoe-rozovoe,raw
dataset/uploads_root/prod-svoe-vino-strapi/prod-svoe-vino/strapi/uploads/Malbek_2023_png_56930e5abf.webp,b-yu-rne-malbek-krasnoe-suhoe,raw
dataset/uploads_root/prod-svoe-vino-strapi/prod-svoe-vino/strapi/uploads/Merlo_2022_no_bg_preview_carve_photos_36278cfc22.webp,vinodelnya-byurne-merlo-krasnoe-suhoe-14,raw
dataset/uploads_root/prod-svoe-vino-strapi/prod-svoe-vino/strapi/uploads/Vione_2023_13d6c1ebf6.webp,vinodelnya-byurne-byurne-pino-blan-beloe-suhoe-14,raw
dataset/uploads_root/prod-svoe-vino-strapi/prod-svoe-vino/strapi/uploads/Pino_Gri_2024_png_dfdc226332.webp,b-yu-rne-pino-gri-beloe-suhoe,raw
dataset/uploads_root/prod-svoe-vino-strapi/prod-svoe-vino/strapi/uploads/Pino_Gri_2025_pozdnij_sbor_png_4dc63be6e9.webp,b-yu-rne-pino-gri-pozdnij-sbor-sladkoe-beloe,raw
dataset/uploads_root/prod-svoe-vino-strapi/prod-svoe-vino/strapi/uploads/Saperavi_2020_surguch_no_bg_preview_carve_photos_9a5471d201.webp,vinodelnya-byurne-saperavi-krasnoe-suhoe-135,raw
dataset/uploads_root/prod-svoe-vino-strapi/prod-svoe-vino/strapi/uploads/Sira_2024_Classic_png_ea46e81e69.webp,b-yu-rne-sira-krasnoe-suhoe-classic,raw
dataset/uploads_root/prod-svoe-vino-strapi/prod-svoe-vino/strapi/uploads/Sira_2019_surguch_528ada047c.webp,vinodelnya-byurne-sira-krasnoe-suhoe-135,raw
dataset/uploads_root/prod-svoe-vino-strapi/prod-svoe-vino/strapi/uploads/Shardone_2024_png_1bfb0893db.webp,b-yu-rne-sh-ardone-suhoe-beloe,raw
dataset/uploads_root/prod-svoe-vino-strapi/prod-svoe-vino/strapi/uploads/le_k2_v_glubine_shardone_beloe_suhoe_13_4f4151b39f.webp,le-k2-v-glubine-shardone-beloe-suhoe-13,raw
dataset/uploads_root/prod-svoe-vino-strapi/prod-svoe-vino/strapi/uploads/le_k2_v_tumane_sovinon_blan_beloe_suhoe_127_06ecea5c73.webp,le-k2-v-tumane-sovinon-blan-beloe-suhoe-127,raw
dataset/uploads_root/prod-svoe-vino-strapi/prod-svoe-vino/strapi/uploads/le_k2_v_tumane_sovinon_blan_beloe_suhoe_13_8e8145173e.webp,le-k2-v-tumane-sovinon-blan-beloe-suhoe-13,raw
dataset/uploads_root/prod-svoe-vino-strapi/prod-svoe-vino/strapi/uploads/wein_und_wasser_vayn_taym_sira_krym_krasnoe_suhoe_13_375652c038.webp,wein-und-wasser-vayn-taym-sira-krym-krasnoe-suhoe-13,raw
dataset/uploads_root/prod-svoe-vino-strapi/prod-svoe-vino/strapi/uploads/wein_und_wasser_vayn_taym_sovinon_blan_krym_beloe_suhoe_12_a4ab928b4f.webp,wein-und-wasser-vayn-taym-sovinon-blan-krym-beloe-suhoe-12,raw
dataset/uploads_root/prod-svoe-vino-strapi/prod-svoe-vino/strapi/uploads/Valerij_Zaharin_Kokur_i_Ko_igristoe_beloe_bryut_127fa85774.webp,valerij-zaharin-kokur-i-ko-beloe-bryut,raw
dataset/uploads_root/prod-svoe-vino-strapi/prod-svoe-vino/strapi/uploads/Valerij_Zaharin_Kokur_i_Ko_igristoe_beloe_polusladkoe_1334dee26c.webp,valerij-zaharin-kokur-i-ko-beloe-polusladkoe,raw
dataset/uploads_root/prod-svoe-vino-strapi/prod-svoe-vino/strapi/uploads/le_k2_vassal_risling_reynskiy_beloe_suhoe_14_28e38009b0.webp,le-k2-vassal-risling-reynskiy-beloe-suhoe-14,raw
dataset/uploads_root/prod-svoe-vino-strapi/prod-svoe-vino/strapi/uploads/le_k2_vassal_risling_beloe_suhoe_14_19652f8fb4.webp,le-k2-vassal-risling-beloe-suhoe-14,raw
dataset/uploads_root/prod-svoe-vino-strapi/prod-svoe-vino/strapi/uploads/vinodelnya_vedernikov_vedernikov_gubernatorskoe_golubok_krasnoe_suhoe_115_8c9f5c5b2a.webp,vinodelnya-vedernikov-vedernikov-gubernatorskoe-golubok-krasnoe-suhoe-115,raw
dataset/uploads_root/prod-svoe-vino-strapi/prod-svoe-vino/strapi/uploads/vinodelnya_vedernikov_vedernikov_gubernatorskoe_rezerv_kaberne_sovinon_krasnoe_suhoe_14_89b77c35e7.webp,vinodelnya-vedernikov-vedernikov-gubernatorskoe-rezerv-kaberne-sovinon-krasnoe-suhoe-14,raw
dataset/uploads_root/prod-svoe-vino-strapi/prod-svoe-vino/strapi/uploads/vinodelnya_vedernikov_vedernikov_dolina_dona_beloe_suhoe_aligote_12_e8c5795ff3.webp,vinodelnya-vedernikov-vedernikov-dolina-dona-beloe-suhoe-aligote-12,raw
dataset/uploads_root/prod-svoe-vino-strapi/prod-svoe-vino/strapi/uploads/vinodelnya_vedernikov_vedernikov_dolina_dona_krasnoe_suhoe_kaberne_sovinon_125_61017e5b54.webp,vinodelnya-vedernikov-vedernikov-dolina-dona-krasnoe-suhoe-kaberne-sovinon-125,raw
dataset/uploads_root/prod-svoe-vino-strapi/prod-svoe-vino/strapi/uploads/vinodelnya_vedernikov_vedernikov_kaberne_sovinon_krasnoe_suhoe_145_1833c3f20b.webp,vinodelnya-vedernikov-vedernikov-kaberne-sovinon-krasnoe-suhoe-145,raw
dataset/uploads_root/prod-svoe-vino-strapi/prod-svoe-vino/strapi/uploads/vinodelnya_vedernikov_vedernikov_krasnostop_zolotovskiy_krasnoe_suhoe_145_07aa21a458.webp,vinodelnya-vedernikov-vedernikov-krasnostop-zolotovskiy-krasnoe-suhoe-145,raw
dataset/uploads_root/prod-svoe-vino-strapi/prod-svoe-vino/strapi/uploads/vinodelnya_vedernikov_vedernikov_krasnostop_zolotovskiy_magnum_krasnoe_suhoe_145_8e7ef2fb06.webp,vinodelnya-vedernikov-vedernikov-krasnostop-zolotovskiy-magnum-krasnoe-suhoe-145,raw
dataset/uploads_root/prod-svoe-vino-strapi/prod-svoe-vino/strapi/uploads/vinodelnya_vedernikov_vedernikov_pet_nat_golubok_krasnyy_bryut_krasnoe_suhoe_13_59ca83550f.webp,vinodelnya-vedernikov-vedernikov-pet-nat-golubok-krasnyy-bryut-krasnoe-suhoe-13,raw
dataset/uploads_root/prod-svoe-vino-strapi/prod-svoe-vino/strapi/uploads/vinodelnya_vedernikov_vedernikov_pet_nat_platovskiy_aligote_bryut_beloe_suhoe_10_d5c01e9bdf.webp,vinodelnya-vedernikov-vedernikov-pet-nat-platovskiy-aligote-bryut-beloe-suhoe-10,raw
dataset/uploads_root/prod-svoe-vino-strapi/prod-svoe-vino/strapi/uploads/vinodelnya_vedernikov_vedernikov_puhlyakovskiy_beloe_suhoe_12_f332a8999d.webp,vinodelnya-vedernikov-vedernikov-puhlyakovskiy-beloe-suhoe-12,raw
dataset/uploads_root/prod-svoe-vino-strapi/prod-svoe-vino/strapi/uploads/f_Kq_In_Kw3d7b_LF_Oe_Fn_M_Gnh_Lwyz_Yv_B_J0l_a_Gu_P9_ZF_Xxs3w_BR_5_ETC_Fr5mq_RB_9_Vo_Fg_It8d5h6_B_or_Hdxex_T8_Tw4cw_OQ_5x0g_Q_Yny_Gw_Sca_Gr8npum_ZHI_4mid_Pd_Whec_Nq_1854d79859.webp,vinodelnya-vedernikov-vedernikov-tsimlyanskiy-chyornyy-tsimlyanskiy-chernyy-krasnoe-suhoe-14,raw
dataset/uploads_root/prod-svoe-vino-strapi/prod-svoe-vino/strapi/uploads/vinodelnya_vedernikov_vedernikov_tsimlyanskiy_chyornyy_bryut_tsimlyanskiy_chernyy_beloe_12_94126ea6cf.webp,vinodelnya-vedernikov-vedernikov-tsimlyanskiy-chyornyy-bryut-tsimlyanskiy-chernyy-beloe-12,raw
dataset/uploads_root/prod-svoe-vino-strapi/prod-svoe-vino/strapi/uploads/vinodelnya_vedernikov_vedernikov_tsimlyanskiy_chyornyy_bryut_roze_tsimlyanskiy_chernyy_rozovoe_12_62efb1454a.webp,vinodelnya-vedernikov-vedernikov-tsimlyanskiy-chyornyy-bryut-roze-tsimlyanskiy-chernyy-rozovoe-12,raw
dataset/uploads_root/prod-svoe-vino-strapi/prod-svoe-vino/strapi/uploads/vinodelnya_vedernikov_vedernikov_tsimlyanskiy_chyornyy_bryut_roze_2_tsimlyanskiy_chernyy_rozovoe_12_f890d2ca11.webp,vinodelnya-vedernikov-vedernikov-tsimlyanskiy-chyornyy-bryut-roze-2-tsimlyanskiy-chernyy-rozovoe-12,raw
dataset/uploads_root/prod-svoe-vino-strapi/prod-svoe-vino/strapi/uploads/vinodelnya_marchenko_vermilon_kaberne_azos_krasnoe_suhoe_14_f967407afe.webp,vinodelnya-marchenko-vermilon-kaberne-azos-krasnoe-suhoe-14,raw
dataset/uploads_root/prod-svoe-vino-strapi/prod-svoe-vino/strapi/uploads/skalistyy_bereg_veter_v_travah_kaberne_fran_krasnoe_suhoe_13_3f33bf6f33.webp,skalistyy-bereg-veter-v-travah-kaberne-fran-krasnoe-suhoe-13,raw
dataset/uploads_root/prod-svoe-vino-strapi/prod-svoe-vino/strapi/uploads/massandra_vino_avtorskoe_pino_gri_beloe_suhoe_12_bf2039c511.webp,massandra-vino-avtorskoe-pino-gri-beloe-suhoe-12,raw
dataset/uploads_root/prod-svoe-vino-strapi/prod-svoe-vino/strapi/uploads/vinodelnya_vedernikov_vinodelnya_vedernikov_pet_nat_roze_tsimlyanskiy_chernyy_rozovoe_suhoe_12_647e4c90d6.webp,vinodelnya-vedernikov-vinodelnya-vedernikov-pet-nat-roze-tsimlyanskiy-chernyy-rozovoe-suhoe-12,raw
dataset/uploads_root/prod-svoe-vino-strapi/prod-svoe-vino/strapi/uploads/vinodelnya_vedernikov_vinodelnya_vedernikov_tsimlyanskiy_chernyy_sibirkovyy_ekstra_bryut_beloe_13_8299616071.webp,vinodelnya-vedernikov-vinodelnya-vedernikov-tsimlyanskiy-chernyy-sibirkovyy-ekstra-bryut-beloe-13,raw
dataset/uploads_root/prod-svoe-vino-strapi/prod-svoe-vino/strapi/uploads/Screenshot_26_006b22d9cf.webp,vintazh-premium,raw
dataset/uploads_root/prod-svoe-vino-strapi/prod-svoe-vino/strapi/uploads/andryus_yutsis_vione_beloe_suhoe_112_3dcc463d21.webp,andryus-yutsis-vione-beloe-suhoe-112,raw
dataset/uploads_root/prod-svoe-vino-strapi/prod-svoe-vino/strapi/uploads/vinodelnya_marko_vione_beloe_suhoe_12_b8f5e2497b.webp,vinodelnya-marko-vione-beloe-suhoe-12,raw
dataset/uploads_root/prod-svoe-vino-strapi/prod-svoe-vino/strapi/uploads/vinodelnya_krinitsa_vione_beloe_suhoe_133_e3c078da52.webp,vinodelnya-krinitsa-vione-beloe-suhoe-133,raw
dataset/uploads_root/prod-svoe-vino-strapi/prod-svoe-vino/strapi/uploads/esse_vione_beloe_suhoe_13_aec36b710c.webp,esse-vione-beloe-suhoe-13,raw
dataset/uploads_root/prod-svoe-vino-strapi/prod-svoe-vino/strapi/uploads/usadba_mezyb_vione_beloe_suhoe_118_09f77ea9a0.webp,usadba-mezyb-vione-beloe-suhoe-118,raw
dataset/uploads_root/prod-svoe-vino-strapi/prod-svoe-vino/strapi/uploads/dva_serdtsa_vione_beloe_suhoe_125_2e3fcdb2b9.webp,dva-serdtsa-vione-beloe-suhoe-125,raw
dataset/uploads_root/prod-svoe-vino-strapi/prod-svoe-vino/strapi/uploads/loco_cimbali_vione_beloe_suhoe_14_c9f29d5f9c.webp,loco-cimbali-vione-beloe-suhoe-14,raw
dataset/uploads_root/prod-svoe-vino-strapi/prod-svoe-vino/strapi/uploads/chateau_cachalot_vione_beloe_suhoe_112_fe94c08087.webp,chateau-cachalot-vione-beloe-suhoe-112,raw
dataset/uploads_root/prod-svoe-vino-strapi/prod-svoe-vino/strapi/uploads/oxana_istratova_wine_vione_2023_oranzhevoe_suhoe_119_d9ca068047.webp,oxana-istratova-wine-vione-2023-oranzhevoe-suhoe-119,raw
dataset/uploads_root/prod-svoe-vino-strapi/prod-svoe-vino/strapi/uploads/oxana_istratova_wine_vione_2024_oranzhevoe_suhoe_13_66846a8d60.webp,oxana-istratova-wine-vione-2024-oranzhevoe-suhoe-13,raw
dataset/uploads_root/prod-svoe-vino-strapi/prod-svoe-vino/strapi/uploads/vinodelnya_zhakov_vostorg_beloe_suhoe_116_d4de151c7e.webp,vinodelnya-zhakov-vostorg-beloe-suhoe-116,raw
dataset/uploads_root/prod-svoe-vino-strapi/prod-svoe-vino/strapi/uploads/kuban_vino_vysokiy_bereg_grafit_roze_kaberne_sovinon_rozovoe_suhoe_12_1d75bb3149.webp,kuban-vino-vysokiy-bereg-grafit-roze-kaberne-sovinon-rozovoe-suhoe-12,raw
dataset/uploads_root/prod-svoe-vino-strapi/prod-svoe-vino/strapi/uploads/kuban_vino_vysokiy_bereg_merlo_krasnoe_suhoe_135_d7f7724ccd.webp,kuban-vino-vysokiy-bereg-merlo-krasnoe-suhoe-135,raw
dataset/uploads_root/prod-svoe-vino-strapi/prod-svoe-vino/strapi/uploads/kuban_vino_vysokiy_bereg_myuller_turgau_beloe_suhoe_13_5cc1c08279.webp,kuban-vino-vysokiy-bereg-myuller-turgau-beloe-suhoe-13,raw
dataset/uploads_root/prod-svoe-vino-strapi/prod-svoe-vino/strapi/uploads/VB_Risling_vyderzhannoe_ekstrabryut_0_75_l_2022_30cc340906.webp,vysokij-bereg-risling-zelenaya-seriya-2,raw
dataset/uploads_root/prod-svoe-vino-strapi/prod-svoe-vino/strapi/uploads/VB_ZS_Igristoe_Monro_075_Normal_100b782b23.webp,vysokij-bereg-risling-zelenaya-seriya-1,raw
dataset/uploads_root/prod-svoe-vino-strapi/prod-svoe-vino/strapi/uploads/VB_ZS_Risling_pod_probku_03_2025_Normal_46bfcfa636.webp,vysokij-bereg-risling-zelenaya-seriya,raw
dataset/uploads_root/prod-svoe-vino-strapi/prod-svoe-vino/strapi/uploads/VB_ZS_Traminer_2024gu_Normal_cf39758420.webp,vysokij-bereg-traminer-zelenaya-seriya,raw
dataset/uploads_root/prod-svoe-vino-strapi/prod-svoe-vino/strapi/uploads/Vysokij_bereg_Czvajgelt_8c439c9f75.webp,vysokij-bereg-czvajgelt,raw
dataset/uploads_root/prod-svoe-vino-strapi/prod-svoe-vino/strapi/uploads/Gai_Kodzor_Rusan_5381eb38cc.webp,gaj-kodzor-rusan,raw
dataset/uploads_root/prod-svoe-vino-strapi/prod-svoe-vino/strapi/uploads/Gai_Kodzor_Sovinon_blan_813e69be18.webp,gaj-kodzor-sovinon-blan,raw
dataset/uploads_root/prod-svoe-vino-strapi/prod-svoe-vino/strapi/uploads/esse_gevyurtstraminer_beloe_suhoe_12_c0993e07dc.webp,esse-gevyurtstraminer-beloe-suhoe-12,raw
dataset/uploads_root/prod-svoe-vino-strapi/prod-svoe-vino/strapi/uploads/uppa_winery_gevyurtstraminer_muskat_beloe_suhoe_14_0795455a8d.webp,uppa-winery-gevyurtstraminer-muskat-beloe-suhoe-14,raw
dataset/uploads_root/prod-svoe-vino-strapi/prod-svoe-vino/strapi/uploads/vinodelnya_myshako_gevyurtstraminer_mode_petnat_petnat_bryut_belyy_118_efec323182.webp,vinodelnya-myshako-gevyurtstraminer-mode-petnat-beloe-bryut-118,raw
dataset/uploads_root/prod-svoe-vino-strapi/prod-svoe-vino/strapi/uploads/vinodelnya_myshako_gevyurtstraminer_kyuve_bryut_igristoe_bryut_beloe_123_8da56b2ab5.webp,vinodelnya-myshako-gevyurtstraminer-kyuve-bryut-beloe-123,raw
dataset/uploads_root/prod-svoe-vino-strapi/prod-svoe-vino/strapi/uploads/vinodelnya_raevskoe_genezis_beloe_risling_beloe_suhoe_123_e1e994dbf3.webp,vinodelnya-raevskoe-genezis-beloe-risling-suhoe-123,raw
dataset/uploads_root/prod-svoe-vino-strapi/prod-svoe-vino/strapi/uploads/vinodelnya_raevskoe_genezis_krasnoe_kaberne_sovinon_krasnoe_suhoe_13_16b96ba980.webp,vinodelnya-raevskoe-genezis-krasnoe-kaberne-sovinon-suhoe-13,raw
dataset/uploads_root/prod-svoe-vino-strapi/prod-svoe-vino/strapi/uploads/vinodelnya_raevskoe_genezis_rozovoe_tempranilo_rozovoe_suhoe_117_efc6919077.webp,vinodelnya-raevskoe-genezis-rozovoe-tempranilo-suhoe-117,raw
dataset/uploads_root/prod-svoe-vino-strapi/prod-svoe-vino/strapi/uploads/imenie_sikory_gerts_kaberne_sovinon_krasnoe_suhoe_vyderzhannoe_14_c875bac299.webp,imenie-sikory-gerts-kaberne-sovinon-krasnoe-suhoe-14,raw
dataset/uploads_root/prod-svoe-vino-strapi/prod-svoe-vino/strapi/uploads/imenie_sikory_gerts_sikory_kaberne_sovinon_krasnoe_suhoe_14_2dc7c653fd.webp,imenie-sikory-gerts-sikory-kaberne-sovinon-krasnoe-suhoe-14,raw
dataset/uploads_root/prod-svoe-vino-strapi/prod-svoe-vino/strapi/uploads/vinodelnya_marchenko_gechei_zamatosh_beloe_suhoe_135_ff7b648e20.webp,vinodelnya-marchenko-gechei-zamatosh-beloe-suhoe-135,raw
dataset/uploads_root/prod-svoe-vino-strapi/prod-svoe-vino/strapi/uploads/vinodelnya_uzunov_glad_shardone_igristoe_ekstra_bryut_beloe_127_7d4577552b.webp,vinodelnya-uzunov-glad-shardone-beloe-ekstra-bryut-127,raw
dataset/uploads_root/prod-svoe-vino-strapi/prod-svoe-vino/strapi/uploads/Screenshot_2_66036870aa.webp,glera-manno,raw
dataset/uploads_root/prod-svoe-vino-strapi/prod-svoe-vino/strapi/uploads/soyuz_vino_gloriya_de_luna_byanko_sekko_shardone_beloe_suhoe_11_e1eb459568.webp,soyuz-vino-gloriya-de-luna-byanko-sekko-shardone-beloe-suhoe-11,raw
dataset/uploads_root/prod-svoe-vino-strapi/prod-svoe-vino/strapi/uploads/soyuz_vino_gloriya_de_luna_byanko_semidolche_shardone_beloe_polusladkoe_11_22883623c8.webp,soyuz-vino-gloriya-de-luna-byanko-semidolche-shardone-beloe-polusladkoe-11,raw
dataset/uploads_root/prod-svoe-vino-strapi/prod-svoe-vino/strapi/uploads/soyuz_vino_gloriya_de_luna_rosso_sekko_kaberne_sovinon_krasnoe_suhoe_11_22e36306c0.webp,soyuz-vino-gloriya-de-luna-rosso-sekko-kaberne-sovinon-krasnoe-suhoe-11,raw
dataset/uploads_root/prod-svoe-vino-strapi/prod-svoe-vino/strapi/uploads/soyuz_vino_gloriya_de_luna_rosso_semidolche_kaberne_sovinon_krasnoe_polusladkoe_11_a2b9c3484a.webp,soyuz-vino-gloriya-de-luna-rosso-semidolche-kaberne-sovinon-krasnoe-polusladkoe-11,raw
dataset/uploads_root/prod-svoe-vino-strapi/prod-svoe-vino/strapi/uploads/vinodelnya_raevskoe_glou_krasnoe_merlo_krasnoe_suhoe_14_2560e6ae7b.webp,vinodelnya-raevskoe-glou-krasnoe-merlo-suhoe-14,raw
dataset/uploads_root/prod-svoe-vino-strapi/prod-svoe-vino/strapi/uploads/vinodelnya_batrak_glyu_glyu_podarok_magaracha_krasnoe_suhoe_12_f97132e4a2.webp,vinodelnya-batrak-glyu-glyu-podarok-magaracha-krasnoe-suhoe-12,raw
dataset/uploads_root/prod-svoe-vino-strapi/prod-svoe-vino/strapi/uploads/shato_pino_kaberne_sovinon_merlo_krasnoe_suhoe_135_4464dcca39.webp,shato-pino-gravitatsiya-kaberne-sovinon-merlo-krasnoe-suhoe-135,raw
dataset/uploads_root/prod-svoe-vino-strapi/prod-svoe-vino/strapi/uploads/alma_valley_graviti_pino_blan_beloe_suhoe_135_78180c873a.webp,alma-valley-graviti-pino-blan-beloe-suhoe-135,raw
dataset/uploads_root/prod-svoe-vino-strapi/prod-svoe-vino/strapi/uploads/alma_valley_graviti_kaberne_sovinon_krasnoe_suhoe_15_018520df79.webp,alma-valley-graviti-kaberne-sovinon-krasnoe-suhoe-15,raw
dataset/uploads_root/prod-svoe-vino-strapi/prod-svoe-vino/strapi/uploads/zmv_koktebel_grand_kupazh_kaberne_sovinon_krasnoe_suhoe_13_df6b6621b0.webp,zmv-koktebel-grand-kupazh-kaberne-sovinon-krasnoe-suhoe-13,raw
dataset/uploads_root/prod-svoe-vino-strapi/prod-svoe-vino/strapi/uploads/Screenshot_2_fotor_bg_remover_202607141683_5f9e4ecf95.webp,grand-kyuve,raw
dataset/uploads_root/prod-svoe-vino-strapi/prod-svoe-vino/strapi/uploads/sober_bash_grani_kumshatskiy_kumshatskiy_belyy_beloe_suhoe_11_6cb0d67e2f.webp,sober-bash-grani-kumshatskiy-kumshatskiy-belyy-beloe-suhoe-11,raw
dataset/uploads_root/prod-svoe-vino-strapi/prod-svoe-vino/strapi/uploads/sober_bash_grani_muskat_muskat_dzhialo_beloe_suhoe_12_9d46b2c399.webp,sober-bash-grani-muskat-muskat-dzhialo-beloe-suhoe-12,raw
dataset/uploads_root/prod-svoe-vino-strapi/prod-svoe-vino/strapi/uploads/sober_bash_grani_plechistik_krasnoe_suhoe_12_c4203547d4.webp,sober-bash-grani-plechistik-krasnoe-suhoe-12,raw
dataset/uploads_root/prod-svoe-vino-strapi/prod-svoe-vino/strapi/uploads/derbent_vino_graf_vorontsov_beloe_polusladkoe_sovinon_blan_105_125_5bcfddfbc1.webp,derbent-vino-graf-vorontsov-beloe-polusladkoe-sovinon-blan-105-125,raw
dataset/uploads_root/prod-svoe-vino-strapi/prod-svoe-vino/strapi/uploads/derbent_vino_graf_vorontsov_bryut_beloe_sovinon_blan_105_125_75497fccb3.webp,derbent-vino-graf-vorontsov-bryut-beloe-sovinon-blan-105-125,raw
dataset/uploads_root/prod-svoe-vino-strapi/prod-svoe-vino/strapi/uploads/derbent_vino_graf_vorontsov_bryut_rozovoe_pervenets_magaracha_105_125_080d855e21.webp,derbent-vino-graf-vorontsov-bryut-rozovoe-pervenets-magaracha-105-125,raw
dataset/uploads_root/prod-svoe-vino-strapi/prod-svoe-vino/strapi/uploads/shato_ay_danil_grenash_krasnoe_suhoe_12_d09ddb015c.webp,shato-ay-danil-grenash-krasnoe-suhoe-12,raw
dataset/uploads_root/prod-svoe-vino-strapi/prod-svoe-vino/strapi/uploads/chateau_andre_gryuner_beloe_suhoe_13_c15d8162b2.webp,chateau-andre-gryuner-beloe-suhoe-13,raw
dataset/uploads_root/prod-svoe-vino-strapi/prod-svoe-vino/strapi/uploads/vinodelnya_vedernikov_gubernatorskiy_rezerv_beloe_risling_suhoe_12_280641b281.webp,vinodelnya-vedernikov-gubernatorskiy-rezerv-beloe-risling-suhoe-12,raw
dataset/uploads_root/prod-svoe-vino-strapi/prod-svoe-vino/strapi/uploads/vinodelnya_vedernikov_gubernatorskiy_rezerv_krasnoe_kaberne_sovinon_suhoe_14_35b1c6ebda.webp,vinodelnya-vedernikov-gubernatorskiy-rezerv-krasnoe-kaberne-sovinon-suhoe-14,raw
dataset/uploads_root/prod-svoe-vino-strapi/prod-svoe-vino/strapi/uploads/vinodelnya_vedernikov_gubernatorskoe_golubok_krasnoe_suhoe_11_35f666fa86.webp,vinodelnya-vedernikov-gubernatorskoe-golubok-krasnoe-suhoe-11,raw
dataset/uploads_root/prod-svoe-vino-strapi/prod-svoe-vino/strapi/uploads/vinodelnya_vedernikov_gubernatorskoe_kaberne_krasnostop_zolotovskiy_krasnoe_suhoe_12_62ddf16cc6.webp,vinodelnya-vedernikov-gubernatorskoe-kaberne-krasnostop-zolotovskiy-krasnoe-suhoe-12,raw
dataset/uploads_root/prod-svoe-vino-strapi/prod-svoe-vino/strapi/uploads/vinodelnya_vedernikov_gubernatorskoe_risling_beloe_suhoe_12_43f9820281.webp,vinodelnya-vedernikov-gubernatorskoe-risling-beloe-suhoe-12,raw
dataset/uploads_root/prod-svoe-vino-strapi/prod-svoe-vino/strapi/uploads/vinodelnya_vedernikov_gubernatorskoe_rkatsiteli_beloe_suhoe_13_3e2b70fdee.webp,vinodelnya-vedernikov-gubernatorskoe-rkatsiteli-beloe-suhoe-13,raw
dataset/uploads_root/prod-svoe-vino-strapi/prod-svoe-vino/strapi/uploads/vinodelnya_vedernikov_gubernatorskoe_rozovoe_tsimlyanskiy_chernyy_suhoe_11_46e399ed48.webp,vinodelnya-vedernikov-gubernatorskoe-rozovoe-tsimlyanskiy-chernyy-suhoe-11,raw
dataset/uploads_root/prod-svoe-vino-strapi/prod-svoe-vino/strapi/uploads/DSC_09166_cf6c3aaa12.webp,dva-brata-pet-nat-kokur-2024,raw
dataset/uploads_root/prod-svoe-vino-strapi/prod-svoe-vino/strapi/uploads/sober_bash_dve_doliny_auri_mtsvane_kahetinskiy_beloe_suhoe_125_a76407b8bc.webp,sober-bash-dve-doliny-auri-mtsvane-kahetinskiy-beloe-suhoe-125,raw
dataset/uploads_root/prod-svoe-vino-strapi/prod-svoe-vino/strapi/uploads/sober_bash_dve_doliny_kaberne_fran_2023_krasnoe_polusuhoe_14_fae22fb7b6.webp,sober-bash-dve-doliny-kaberne-fran-2023-krasnoe-polusuhoe-14,raw
dataset/uploads_root/prod-svoe-vino-strapi/prod-svoe-vino/strapi/uploads/sober_bash_dve_doliny_liuri_2023_dostoynyy_rozovoe_suhoe_13_cb46b8033e.webp,sober-bash-dve-doliny-liuri-2023-dostoynyy-rozovoe-suhoe-13,raw
dataset/uploads_root/prod-svoe-vino-strapi/prod-svoe-vino/strapi/uploads/sober_bash_dve_doliny_myuller_turgau_2023_beloe_suhoe_117_a86924eb95.webp,sober-bash-dve-doliny-myuller-turgau-2023-beloe-suhoe-117,raw
dataset/uploads_root/prod-svoe-vino-strapi/prod-svoe-vino/strapi/uploads/sober_bash_dve_doliny_saperavi_kachich_krasnoe_polusuhoe_15_05e046e50c.webp,sober-bash-dve-doliny-saperavi-kachich-krasnoe-polusuhoe-15,raw
dataset/uploads_root/prod-svoe-vino-strapi/prod-svoe-vino/strapi/uploads/sober_bash_dve_doliny_tsimlyanskiy_2023_tsimlyanskiy_chernyy_krasnoe_suhoe_13_b4e53e75c9.webp,sober-bash-dve-doliny-tsimlyanskiy-2023-tsimlyanskiy-chernyy-krasnoe-suhoe-13,raw
dataset/uploads_root/prod-svoe-vino-strapi/prod-svoe-vino/strapi/uploads/fanagoriya_dekanter_chardonnay_2020_shardone_beloe_suhoe_135_b72982bc7e.webp,fanagoriya-dekanter-chardonnay-2020-shardone-beloe-suhoe-135,raw
dataset/uploads_root/prod-svoe-vino-strapi/prod-svoe-vino/strapi/uploads/fanagoriya_dekanter_riesling_2020_risling_reynskiy_beloe_suhoe_13_501205987a.webp,fanagoriya-dekanter-riesling-2020-risling-reynskiy-beloe-suhoe-13,raw
dataset/uploads_root/prod-svoe-vino-strapi/prod-svoe-vino/strapi/uploads/fanagoriya_dekanter_kaberne_sovinon_2018_krasnoe_suhoe_14_fefe5a3d2b.webp,fanagoriya-dekanter-kaberne-sovinon-2018-krasnoe-suhoe-14,raw
dataset/uploads_root/prod-svoe-vino-strapi/prod-svoe-vino/strapi/uploads/fanagoriya_dekanter_kaberne_fran_2019_krasnoe_suhoe_13_0b28b4ba5d.webp,fanagoriya-dekanter-kaberne-fran-2019-krasnoe-suhoe-13,raw
dataset/uploads_root/prod-svoe-vino-strapi/prod-svoe-vino/strapi/uploads/fanagoriya_dekanter_merlo_2018_krasnoe_suhoe_14_5bd81e96ca.webp,fanagoriya-dekanter-merlo-2018-krasnoe-suhoe-14,raw
dataset/uploads_root/prod-svoe-vino-strapi/prod-svoe-vino/strapi/uploads/fanagoriya_dekanter_pino_nuar_2020_krasnoe_suhoe_135_7e07c8dd79.webp,fanagoriya-dekanter-pino-nuar-2020-krasnoe-suhoe-135,raw
dataset/uploads_root/prod-svoe-vino-strapi/prod-svoe-vino/strapi/uploads/fanagoriya_dekanter_rkatsiteli_2019_beloe_suhoe_135_e7a61d6050.webp,fanagoriya-dekanter-rkatsiteli-2019-beloe-suhoe-135,raw
dataset/uploads_root/prod-svoe-vino-strapi/prod-svoe-vino/strapi/uploads/fanagoriya_dekanter_saperavi_2017_krasnoe_suhoe_135_1eb1ee94fa.webp,fanagoriya-dekanter-saperavi-2017-krasnoe-suhoe-135,raw
dataset/uploads_root/prod-svoe-vino-strapi/prod-svoe-vino/strapi/uploads/fanagoriya_dekanter_formula_q_kaberne_sovinon_krasnoe_suhoe_135_f3b19bcb8e.webp,fanagoriya-dekanter-formula-q-kaberne-sovinon-krasnoe-suhoe-135,raw
dataset/uploads_root/prod-svoe-vino-strapi/prod-svoe-vino/strapi/uploads/derbent_vino_di_kaspiko_merlo_krasnoe_polusladkoe_11_fe0af35587.webp,derbent-vino-di-kaspiko-merlo-krasnoe-polusladkoe-11,raw
dataset/uploads_root/prod-svoe-vino-strapi/prod-svoe-vino/strapi/uploads/derbent_vino_di_kaspiko_rkatsiteli_beloe_polusladkoe_11_0f1d01c9b8.webp,derbent-vino-di-kaspiko-rkatsiteli-beloe-polusladkoe-11,raw
dataset/uploads_root/prod-svoe-vino-strapi/prod-svoe-vino/strapi/uploads/derbent_vino_di_kaspiko_shardone_beloe_bryut_105_125_4d786338c5.webp,derbent-vino-di-kaspiko-shardone-beloe-bryut-105-125,raw
dataset/uploads_root/prod-svoe-vino-strapi/prod-svoe-vino/strapi/uploads/DK_bel_plsl_ebdebaedce.webp,derbent-vino-di-kaspiko-shardone-beloe-polusladkoe-105-125,raw
dataset/uploads_root/prod-svoe-vino-strapi/prod-svoe-vino/strapi/uploads/FDM_verde_white_4012edf5ad.webp,di-kaspiko-di-caspico-fiori-di-mare-verde,raw
dataset/uploads_root/prod-svoe-vino-strapi/prod-svoe-vino/strapi/uploads/DI_CASPICO_Bd_B_51a07c38ef.webp,igristoe-vino-bryut-beloe-di-kaspiko-blan-de-blan-di-caspico-blanc-de-blancs,raw
dataset/uploads_root/prod-svoe-vino-strapi/prod-svoe-vino/strapi/uploads/DI_CASPICO_Bd_N_468dd912ff.webp,igristoe-vino-bryut-rozovoe-di-kaspiko-blan-de-nuar-di-caspico-blanc-de-noirs,raw
dataset/uploads_root/prod-svoe-vino-strapi/prod-svoe-vino/strapi/uploads/derbent_vino_di_kaspiko_kaberne_sovinon_krasnoe_suhoe_135_cb62d5c61d.webp,derbent-vino-di-kaspiko-kaberne-sovinon-krasnoe-suhoe-135,raw
dataset/uploads_root/prod-svoe-vino-strapi/prod-svoe-vino/strapi/uploads/derbent_vino_di_kaspiko_merlo_krasnoe_suhoe_13_955108cf50.webp,derbent-vino-di-kaspiko-merlo-krasnoe-suhoe-13,raw
dataset/uploads_root/prod-svoe-vino-strapi/prod-svoe-vino/strapi/uploads/derbent_vino_di_kaspiko_risling_beloe_suhoe_12_4811c15318.webp,derbent-vino-di-kaspiko-risling-beloe-suhoe-12,raw
dataset/uploads_root/prod-svoe-vino-strapi/prod-svoe-vino/strapi/uploads/derbent_vino_di_kaspiko_rkatsiteli_beloe_suhoe_12_bb2cf4506e.webp,derbent-vino-di-kaspiko-rkatsiteli-beloe-suhoe-12,raw
dataset/uploads_root/prod-svoe-vino-strapi/prod-svoe-vino/strapi/uploads/derbent_vino_di_kaspiko_roze_shardone_rozovoe_suhoe_12_9bae135964.webp,derbent-vino-di-kaspiko-roze-shardone-rozovoe-suhoe-12,raw
dataset/uploads_root/prod-svoe-vino-strapi/prod-svoe-vino/strapi/uploads/derbent_vino_di_kaspiko_saperavi_krasnoe_suhoe_13_753016cd3a.webp,derbent-vino-di-kaspiko-saperavi-krasnoe-suhoe-13,raw
dataset/uploads_root/prod-svoe-vino-strapi/prod-svoe-vino/strapi/uploads/DK_bel_sovinon_105c5fad6a.webp,derbent-vino-di-kaspiko-sovinon-sovinon-blan-beloe-suhoe-12,raw
dataset/uploads_root/prod-svoe-vino-strapi/prod-svoe-vino/strapi/uploads/derbent_vino_di_kaspiko_fiori_di_mare_verde_avgustin_rozovoe_polusuhoe_10_e9fa99da2f.webp,derbent-vino-di-kaspiko-fiori-di-mare-verde-avgustin-rozovoe-polusuhoe-10,raw
dataset/uploads_root/prod-svoe-vino-strapi/prod-svoe-vino/strapi/uploads/derbent_vino_di_kaspiko_shardone_beloe_suhoe_125_f909d0b705.webp,derbent-vino-di-kaspiko-shardone-beloe-suhoe-125,raw
dataset/uploads_root/prod-svoe-vino-strapi/prod-svoe-vino/strapi/uploads/vinodelnya_marko_dikiy_sovinon_sovinon_blan_beloe_suhoe_12_391dfa9445.webp,vinodelnya-marko-dikiy-sovinon-sovinon-blan-beloe-suhoe-12,raw
dataset/uploads_root/prod-svoe-vino-strapi/prod-svoe-vino/strapi/uploads/shato_pino_kaberne_fran_krasnoe_suhoe_14_2be9b0f50c.webp,shato-pino-dichkaberne-fran-krasnoe-suhoe-14,raw
dataset/uploads_root/prod-svoe-vino-strapi/prod-svoe-vino/strapi/uploads/DNK_Alleliya_Merkotan2_3011aefe23.webp,dnk-alleli,raw
dataset/uploads_root/prod-svoe-vino-strapi/prod-svoe-vino/strapi/uploads/DNK_Aura_Merkotan2_b358e92e8d.webp,dnk-aura,raw
dataset/uploads_root/prod-svoe-vino-strapi/prod-svoe-vino/strapi/uploads/Kaberne_Sovinon_Merkotan_39ee25f793.webp,dnk-kaberne-sovinon,raw
dataset/uploads_root/prod-svoe-vino-strapi/prod-svoe-vino/strapi/uploads/DNK_Pokolenie_Merkotan2_5b589ac6e4.webp,dnk-pokolenie,raw
dataset/uploads_root/prod-svoe-vino-strapi/prod-svoe-vino/strapi/uploads/valeriy_zaharin_dom_zaharinyh_beloe_sary_pandas_beloe_suhoe_115_d6510ac4dc.webp,valeriy-zaharin-dom-zaharinyh-beloe-sary-pandas-suhoe-115,raw
dataset/uploads_root/prod-svoe-vino-strapi/prod-svoe-vino/strapi/uploads/valeriy_zaharin_dom_zaharinyh_krasnoe_kaberne_sovinon_krasnoe_suhoe_125_c129a97c03.webp,valeriy-zaharin-dom-zaharinyh-krasnoe-kaberne-sovinon-suhoe-125,raw
dataset/uploads_root/prod-svoe-vino-strapi/prod-svoe-vino/strapi/uploads/sober_bash_dostoynyy_krasnoe_suhoe_14_b2d3facf49.webp,sober-bash-dostoynyy-krasnoe-suhoe-14,raw
dataset/uploads_root/prod-svoe-vino-strapi/prod-svoe-vino/strapi/uploads/cloudy_winery_dubrovskiy_bordeaux_blend_kaberne_fran_krasnoe_suhoe_14_f6e9762007.webp,cloudy-winery-dubrovskiy-bordeaux-blend-kaberne-fran-krasnoe-suhoe-14,raw
dataset/uploads_root/prod-svoe-vino-strapi/prod-svoe-vino/strapi/uploads/cloudy_winery_dubrovskiy_orange_rkatsiteli_beloe_suhoe_125_4f9572c38b.webp,cloudy-winery-dubrovskiy-orange-rkatsiteli-beloe-suhoe-125,raw
dataset/uploads_root/prod-svoe-vino-strapi/prod-svoe-vino/strapi/uploads/skalistyy_bereg_dyhanie_voln_shardone_beloe_suhoe_121_74e150ac8e.webp,skalistyy-bereg-dyhanie-voln-shardone-beloe-suhoe-121,raw
dataset/uploads_root/prod-svoe-vino-strapi/prod-svoe-vino/strapi/uploads/Desono_Kaberne_Sovinon_92912df82f.webp,derbent-vino-desono-kaberne-sovinon-krasnoe-suhoe-125,raw
dataset/uploads_root/prod-svoe-vino-strapi/prod-svoe-vino/strapi/uploads/Desono_Kaberne_Fran_d35065b98b.webp,derbent-vino-desono-kaberne-fran-krasnoe-suhoe-125,raw
dataset/uploads_root/prod-svoe-vino-strapi/prod-svoe-vino/strapi/uploads/Desono_Merlo_8f58649b26.webp,derbent-vino-desono-merlo-krasnoe-suhoe-125,raw
dataset/uploads_root/prod-svoe-vino-strapi/prod-svoe-vino/strapi/uploads/Desono_Risling_b70f2d30ac.webp,derbent-vino-desono-risling-beloe-suhoe-125,raw
dataset/uploads_root/prod-svoe-vino-strapi/prod-svoe-vino/strapi/uploads/derbent_vino_desono_risling_ekstra_bryut_beloe_105_125_724cf52ff8.webp,derbent-vino-desono-risling-ekstra-bryut-beloe-105-125,raw
dataset/uploads_root/prod-svoe-vino-strapi/prod-svoe-vino/strapi/uploads/Desono_Rkacziteli_orandzh_a572c088a4.webp,derbent-vino-desono-rkatsiteli-oranzh-beloe-suhoe-125,raw
dataset/uploads_root/prod-svoe-vino-strapi/prod-svoe-vino/strapi/uploads/Desono_Saperavi_606c582da8.webp,derbent-vino-desono-saperavi-krasnoe-suhoe-125,raw
dataset/uploads_root/prod-svoe-vino-strapi/prod-svoe-vino/strapi/uploads/Desono_Saperavi_roze_a6f976b72e.webp,derbent-vino-desono-saperavi-roze-rozovoe-suhoe-125,raw
dataset/uploads_root/prod-svoe-vino-strapi/prod-svoe-vino/strapi/uploads/derbent_vino_desono_sovinon_ekstra_bryut_sovinon_blan_beloe_105_125_756134dcb1.webp,derbent-vino-desono-sovinon-ekstra-bryut-sovinon-blan-beloe-105-125,raw
dataset/uploads_root/prod-svoe-vino-strapi/prod-svoe-vino/strapi/uploads/Desono_Shardone_46ac5a58e0.webp,derbent-vino-desono-shardone-beloe-suhoe-125,raw
dataset/uploads_root/prod-svoe-vino-strapi/prod-svoe-vino/strapi/uploads/Aligote_Czitron_bel_suh_8bc8ca2832.webp,zhemchuzhnaya-9-aligote-czitron,raw
dataset/uploads_root/prod-svoe-vino-strapi/prod-svoe-vino/strapi/uploads/Kaberne_Pino_nuar_p_sl_ba5ed7824d.webp,zhemchuzhnaya-9-kaberne-sovinon-pino-nuar-1,raw
dataset/uploads_root/prod-svoe-vino-strapi/prod-svoe-vino/strapi/uploads/Kaberne_Pino_Nuar_p_suh_fe5a6a54b9.webp,zhemchuzhnaya-9-kaberne-sovinon-pino-nuar,raw
dataset/uploads_root/prod-svoe-vino-strapi/prod-svoe-vino/strapi/uploads/Muskat_Kaberne_p_sl_7faf5a7173.webp,zhemchuzhnaya-9-muskat-rozovyj-kaberne-sovinon,raw
dataset/uploads_root/prod-svoe-vino-strapi/prod-svoe-vino/strapi/uploads/Muskat_Pino_Gri_suh_bbbbbf5ff9.webp,zhemchuzhnaya-9-muskat-rozovyj-pino-gri,raw
dataset/uploads_root/prod-svoe-vino-strapi/prod-svoe-vino/strapi/uploads/Pino_Gri_Pino_Nuar_suh_9c75ca2f52.webp,zhemchuzhnaya-9-pino-gri-pino-nuar,raw
dataset/uploads_root/prod-svoe-vino-strapi/prod-svoe-vino/strapi/uploads/Pino_Nuar_Muskat_p_sl_7adf03cd48.webp,zhemchuzhnaya-9-pino-nuar-muskat-rozovyj-2,raw
dataset/uploads_root/prod-svoe-vino-strapi/prod-svoe-vino/strapi/uploads/Pino_Nuar_Muskat_p_suh_6f84a398e4.webp,zhemchuzhnaya-9-pino-nuar-muskat-rozovyj-1,raw
dataset/uploads_root/prod-svoe-vino-strapi/prod-svoe-vino/strapi/uploads/Pino_Nuar_Muskat_suh_82108c8383.webp,zhemchuzhnaya-9-pino-nuar-muskat-rozovyj,raw
dataset/uploads_root/prod-svoe-vino-strapi/prod-svoe-vino/strapi/uploads/Risling_Sovinon_p_suh_2e0b39c41e.webp,zhemchuzhnaya-9-risling-sovinon-blan,raw
dataset/uploads_root/prod-svoe-vino-strapi/prod-svoe-vino/strapi/uploads/Sovinon_Aligote_suh_f405e4e033.webp,zhemchuzhnaya-9-sovinon-blan-aligote,raw
dataset/uploads_root/prod-svoe-vino-strapi/prod-svoe-vino/strapi/uploads/Czitron_Sovinon_p_suh_f07f1d8280.webp,czitronnyj-magaracha-sovinon-blan,raw
dataset/uploads_root/prod-svoe-vino-strapi/prod-svoe-vino/strapi/uploads/Czitron_Shard_p_sl_b94274915f.webp,zhemchuzhnaya-9-czitron-shardone-1,raw
data/refs/zakat_denisov_platform.webp,zakat-denisov-vajneri,raw
dataset/uploads_root/prod-svoe-vino-strapi/prod-svoe-vino/strapi/uploads/belbek_zakat_merlo_sira_krasnoe_suhoe_132_1a2112ceb7.webp,belbek-zakat-merlo-sira-krasnoe-suhoe-132,raw
dataset/uploads_root/prod-svoe-vino-strapi/prod-svoe-vino/strapi/uploads/convertio_in_L1002571_8cf9459a5e.webp,zb-vajn-vajt-suhoe-beloe,raw
dataset/uploads_root/prod-svoe-vino-strapi/prod-svoe-vino/strapi/uploads/Moskato_beloe_polusladkoe_bce522a309.webp,zb-vajn-moskato-polusladkoe-beloe,raw
data/refs/zb_moscato_rose_krymwine.webp,zb-vajn-moskato-polusladkoe-rozovoe,raw
dataset/uploads_root/prod-svoe-vino-strapi/prod-svoe-vino/strapi/uploads/convertio_in_Risling_vint_eeb3d3e63c.webp,zb-vajn-risling-polusuhoe-beloe,raw
dataset/uploads_root/prod-svoe-vino-strapi/prod-svoe-vino/strapi/uploads/convertio_in_L1002577_1_8ca44facec.webp,zb-vajn-roze-suhoe-rozovoe,raw
data/refs/zb_spumante_rose_brut_krymwine.webp,zb-vajn-spumante-bryut-rozovoe,raw
dataset/uploads_root/prod-svoe-vino-strapi/prod-svoe-vino/strapi/uploads/Spumante_beloe_polusuhoe_d8b5b76db4.webp,zb-vajn-spumante-polusuhoe-beloe,raw
dataset/uploads_root/prod-svoe-vino-strapi/prod-svoe-vino/strapi/uploads/soyuz_vino_zelyonaya_dolina_kaberne_sovinon_krasnoe_suhoe_12_093855198c.webp,soyuz-vino-zelyonaya-dolina-kaberne-sovinon-krasnoe-suhoe-12,raw
dataset/uploads_root/prod-svoe-vino-strapi/prod-svoe-vino/strapi/uploads/soyuz_vino_zelyonaya_dolina_kaberne_merlo_kaberne_sovinon_krasnoe_polusladkoe_12_7bd855e183.webp,soyuz-vino-zelyonaya-dolina-kaberne-merlo-kaberne-sovinon-krasnoe-polusladkoe-12,raw
dataset/uploads_root/prod-svoe-vino-strapi/prod-svoe-vino/strapi/uploads/soyuz_vino_zelyonaya_dolina_kaberne_merlo_v_banke_kaberne_sovinon_krasnoe_polusladkoe_12_16c08bed18.webp,soyuz-vino-zelyonaya-dolina-kaberne-merlo-v-banke-kaberne-sovinon-krasnoe-polusladkoe-12,raw
dataset/uploads_root/prod-svoe-vino-strapi/prod-svoe-vino/strapi/uploads/soyuz_vino_zelyonaya_dolina_pino_blan_v_banke_beloe_polusladkoe_115_ec62bc058b.webp,soyuz-vino-zelyonaya-dolina-pino-blan-v-banke-beloe-polusladkoe-115,raw
dataset/uploads_root/prod-svoe-vino-strapi/prod-svoe-vino/strapi/uploads/soyuz_vino_zelyonaya_dolina_pino_nuar_krasnoe_suhoe_12_99229b1a8a.webp,soyuz-vino-zelyonaya-dolina-pino-nuar-krasnoe-suhoe-12,raw
dataset/uploads_root/prod-svoe-vino-strapi/prod-svoe-vino/strapi/uploads/soyuz_vino_zelyonaya_dolina_pino_nuar_v_banke_krasnoe_suhoe_12_16633f774d.webp,soyuz-vino-zelyonaya-dolina-pino-nuar-v-banke-krasnoe-suhoe-12,raw
dataset/uploads_root/prod-svoe-vino-strapi/prod-svoe-vino/strapi/uploads/soyuz_vino_zelyonaya_dolina_sovinon_blan_polusladkoe_beloe_12_37e7e1e966.webp,soyuz-vino-zelyonaya-dolina-sovinon-blan-polusladkoe-beloe-12,raw
dataset/uploads_root/prod-svoe-vino-strapi/prod-svoe-vino/strapi/uploads/soyuz_vino_zelyonaya_dolina_sovinon_blan_suhoe_beloe_12_c604b7c3de.webp,soyuz-vino-zelyonaya-dolina-sovinon-blan-suhoe-beloe-12,raw
dataset/uploads_root/prod-svoe-vino-strapi/prod-svoe-vino/strapi/uploads/soyuz_vino_zelyonaya_dolina_shardone_beloe_suhoe_12_9350f4af7c.webp,soyuz-vino-zelyonaya-dolina-shardone-beloe-suhoe-12,raw
dataset/uploads_root/prod-svoe-vino-strapi/prod-svoe-vino/strapi/uploads/soyuz_vino_zelyonaya_dolina_shardone_v_banke_beloe_suhoe_12_c6b6ff13f2.webp,soyuz-vino-zelyonaya-dolina-shardone-v-banke-beloe-suhoe-12,raw
dataset/uploads_root/prod-svoe-vino-strapi/prod-svoe-vino/strapi/uploads/fanagoriya_zelyonoe_vino_risling_tsitronnyy_magaracha_beloe_polusuhoe_11_e4de13ab6b.webp,fanagoriya-zelyonoe-vino-risling-tsitronnyy-magaracha-beloe-polusuhoe-11,raw
dataset/uploads_root/prod-svoe-vino-strapi/prod-svoe-vino/strapi/uploads/fanagoriya_zelyonoe_vino_risling_tsitronnyy_magaracha_merlo_rozovoe_polusuhoe_11_b750443919.webp,fanagoriya-zelyonoe-vino-risling-tsitronnyy-magaracha-merlo-rozovoe-polusuhoe-11,raw
dataset/uploads_root/prod-svoe-vino-strapi/prod-svoe-vino/strapi/uploads/vinodelnya_myshako_zinfandel_mode_krasnoe_suhoe_148_f6a88f446d.webp,vinodelnya-myshako-zinfandel-mode-krasnoe-suhoe-148,raw
dataset/uploads_root/prod-svoe-vino-strapi/prod-svoe-vino/strapi/uploads/vinodelnya_myshako_zinfandel_mode_petnat_petnat_polusuhoy_rozovyy_12_09340e76e9.webp,vinodelnya-myshako-zinfandel-mode-petnat-rozovoe-polusuhoe-12,raw
data/refs/znoj_denisov_platform.webp,znoj-denisov-vajneri,raw
dataset/uploads_root/prod-svoe-vino-strapi/prod-svoe-vino/strapi/uploads/Zolotaya_Balka_igristoe_krasnoe_polusladkoe_8604608e59.webp,zolotaya-balka-igristoe-krasnoe-polusladkoe,raw
dataset/uploads_root/prod-svoe-vino-strapi/prod-svoe-vino/strapi/uploads/DK_bel_bryut_88b2830c23.webp,igristoe-vino-bryut-beloe-di-caspico,raw
dataset/uploads_root/prod-svoe-vino-strapi/prod-svoe-vino/strapi/uploads/novyy_svet_dom_shampanskih_vin_igristoe_vino_vyderzhannoe_bryut_krasnoe_novyy_svet_kaberne_sovinon_135_c251fa3c04.webp,novyy-svet-dom-shampanskih-vin-igristoe-vino-vyderzhannoe-bryut-krasnoe-novyy-svet-kaberne-sovinon-135,raw
dataset/uploads_root/prod-svoe-vino-strapi/prod-svoe-vino/strapi/uploads/novyy_svet_dom_shampanskih_vin_igristoe_vino_vyderzhannoe_bryut_rozovoe_novyy_svet_pino_nuar_125_971ad70c91.webp,novyy-svet-dom-shampanskih-vin-igristoe-vino-vyderzhannoe-bryut-rozovoe-novyy-svet-pino-nuar-125,raw
dataset/uploads_root/prod-svoe-vino-strapi/prod-svoe-vino/strapi/uploads/novyy_svet_dom_shampanskih_vin_igristoe_vino_vyderzhannoe_bryut_rozovoe_novyy_svet_pino_fran_135_e6633aa65e.webp,novyy-svet-dom-shampanskih-vin-igristoe-vino-vyderzhannoe-bryut-rozovoe-novyy-svet-pino-fran-135,raw
dataset/uploads_root/prod-svoe-vino-strapi/prod-svoe-vino/strapi/uploads/novyy_svet_dom_shampanskih_vin_igristoe_vino_vyderzhannoe_polusladkoe_krasnoe_novyy_svet_kaberne_sovinon_12_fd0d395f6b.webp,novyy-svet-dom-shampanskih-vin-igristoe-vino-vyderzhannoe-polusladkoe-krasnoe-novyy-svet-kaberne-sovinon-12,raw
dataset/uploads_root/prod-svoe-vino-strapi/prod-svoe-vino/strapi/uploads/novyy_svet_dom_shampanskih_vin_igristoe_vino_vyderzhannoe_polusladkoe_rozovoe_novyy_svet_pino_fran_135_f0782b6699.webp,novyy-svet-dom-shampanskih-vin-igristoe-vino-vyderzhannoe-polusladkoe-rozovoe-novyy-svet-pino-fran-135,raw
dataset/uploads_root/prod-svoe-vino-strapi/prod-svoe-vino/strapi/uploads/DK_bel_eks_bryut_1ef4fd40dc.webp,igristoe-vino-ekstra-bryut-beloe-di-caspico,raw
dataset/uploads_root/prod-svoe-vino-strapi/prod-svoe-vino/strapi/uploads/bel_plsl_16457d7b78.webp,igristoe-zhemchuzhnoe-vino-polusladkoe-beloe-di-kaspiko-fiori-di-mare-di-caspico-fiori-di-mare,raw
dataset/uploads_root/prod-svoe-vino-strapi/prod-svoe-vino/strapi/uploads/roz_plsl_besczv_03_02_2026_6c352de785.webp,igristoe-zhemchuzhnoe-vino-polusladkoe-rozovoe-di-kaspiko-fiori-di-mare-di-caspico-fiori-di-mare,raw
dataset/uploads_root/prod-svoe-vino-strapi/prod-svoe-vino/strapi/uploads/krasn_plsh_b83ae42a4f.webp,igristoe-zhemchuzhnoe-vino-polusuhoe-krasnoe-di-kaspiko-fiori-di-mare-di-caspico-fiori-di-mare,raw
dataset/uploads_root/prod-svoe-vino-strapi/prod-svoe-vino/strapi/uploads/Igristoe_krasnoe_sladkoe_Czimlyanskoe_ea86054adf.webp,igristoe-krasnoe-sladkoe-czimlyanskoe,raw
dataset/uploads_root/prod-svoe-vino-strapi/prod-svoe-vino/strapi/uploads/soyuz_vino_izola_del_sole_beloe_v_banke_shardone_suhoe_11_373dbe2d73.webp,soyuz-vino-izola-del-sole-beloe-v-banke-shardone-suhoe-11,raw
dataset/uploads_root/prod-svoe-vino-strapi/prod-svoe-vino/strapi/uploads/soyuz_vino_izola_del_sole_roze_v_banke_krasnostop_rozovoe_suhoe_11_8aadc9f0c6.webp,soyuz-vino-izola-del-sole-roze-v-banke-krasnostop-rozovoe-suhoe-11,raw
dataset/uploads_root/prod-svoe-vino-strapi/prod-svoe-vino/strapi/uploads/abrau_dyurso_imperatorskoe_bryut_shardone_beloe_12_d6c7ebb073.webp,abrau-dyurso-imperatorskoe-bryut-shardone-beloe-12,raw
dataset/uploads_root/prod-svoe-vino-strapi/prod-svoe-vino/strapi/uploads/abrau_dyurso_imperatorskoe_polusladkoe_shardone_beloe_12_956aaee80d.webp,abrau-dyurso-imperatorskoe-polusladkoe-shardone-beloe-12,raw
dataset/uploads_root/prod-svoe-vino-strapi/prod-svoe-vino/strapi/uploads/abrau_dyurso_imperatorskoe_polusuhoe_shardone_beloe_12_51385573f2.webp,abrau-dyurso-imperatorskoe-polusuhoe-shardone-beloe-12,raw
dataset/uploads_root/prod-svoe-vino-strapi/prod-svoe-vino/strapi/uploads/abrau_dyurso_imperial_brut_lart_nouveau_shardone_beloe_bryut_105_71076b0053.webp,abrau-dyurso-imperial-brut-lart-nouveau-shardone-beloe-bryut-105,raw
dataset/uploads_root/prod-svoe-vino-strapi/prod-svoe-vino/strapi/uploads/abrau_dyurso_imperial_brut_rose_pino_nuar_rozovoe_bryut_12_3eafe20e40.webp,abrau-dyurso-imperial-brut-rose-pino-nuar-rozovoe-bryut-12,raw
dataset/uploads_root/prod-svoe-vino-strapi/prod-svoe-vino/strapi/uploads/abrau_dyurso_imperial_kyuve_pino_nuar_igristoe_bryut_rozovoe_125_99fe198335.webp,abrau-dyurso-imperial-kyuve-pino-nuar-rozovoe-bryut-125,raw
dataset/uploads_root/prod-svoe-vino-strapi/prod-svoe-vino/strapi/uploads/abrau_dyurso_imperial_brut_vintage_shardone_beloe_bryut_12_8f6dbe7a71.webp,abrau-dyurso-imperial-brut-vintage-shardone-beloe-bryut-12,raw
dataset/uploads_root/prod-svoe-vino-strapi/prod-svoe-vino/strapi/uploads/inkermanskiy_zmv_inkerman_bryut_rkatsiteli_beloe_12_d9607fd400.webp,inkermanskiy-zmv-inkerman-bryut-rkatsiteli-beloe-12,raw
dataset/uploads_root/prod-svoe-vino-strapi/prod-svoe-vino/strapi/uploads/inkermanskiy_zmv_inkerman_muskat_polusladkoe_beloe_13_7b92ce68f8.webp,inkermanskiy-zmv-inkerman-muskat-polusladkoe-beloe-13,raw
dataset/uploads_root/prod-svoe-vino-strapi/prod-svoe-vino/strapi/uploads/inkermanskiy_zmv_inkerman_pino_blan_zero_dozazh_beloe_ekstra_bryut_12_8502401e55.webp,inkermanskiy-zmv-inkerman-pino-blan-zero-dozazh-beloe-ekstra-bryut-12,raw
dataset/uploads_root/prod-svoe-vino-strapi/prod-svoe-vino/strapi/uploads/inkermanskiy_zmv_inkerman_polusladkoe_rkatsiteli_beloe_13_5e5f1aa9c4.webp,inkermanskiy-zmv-inkerman-polusladkoe-rkatsiteli-beloe-13,raw
dataset/uploads_root/prod-svoe-vino-strapi/prod-svoe-vino/strapi/uploads/inkermanskiy_zmv_inkerman_roze_zero_dozazh_kokur_rozovoe_ekstra_bryut_12_2c38685dfc.webp,inkermanskiy-zmv-inkerman-roze-zero-dozazh-kokur-rozovoe-ekstra-bryut-12,raw
dataset/uploads_root/prod-svoe-vino-strapi/prod-svoe-vino/strapi/uploads/inkermanskiy_zmv_inkerman_rozovoe_polusladkoe_rkatsiteli_12_2cbe882a16.webp,inkermanskiy-zmv-inkerman-rozovoe-polusladkoe-rkatsiteli-12,raw
dataset/uploads_root/prod-svoe-vino-strapi/prod-svoe-vino/strapi/uploads/Inkerman_Shato_Blan_beloe_polusuhoe_526e6530b9.webp,inkerman-shato-blan,raw
dataset/uploads_root/prod-svoe-vino-strapi/prod-svoe-vino/strapi/uploads/semeynaya_vinodelnya_mihaila_kolesnikova_ispanets_kaberne_sovinon_krasnoe_suhoe_148_0438e28b4c.webp,semeynaya-vinodelnya-mihaila-kolesnikova-ispanets-kaberne-sovinon-krasnoe-suhoe-148,raw
dataset/uploads_root/prod-svoe-vino-strapi/prod-svoe-vino/strapi/uploads/vinodelnya_berdyaeva_kaberne_kaberne_sovinon_krasnoe_suhoe_138_8d12df089c.webp,vinodelnya-berdyaeva-kaberne-kaberne-sovinon-krasnoe-suhoe-138,raw
dataset/uploads_root/prod-svoe-vino-strapi/prod-svoe-vino/strapi/uploads/kuban_vino_kaberne_de_tamane_kaberne_sovinon_krasnoe_suhoe_125_d65b4385ed.webp,kuban-vino-kaberne-de-tamane-kaberne-sovinon-krasnoe-suhoe-125,raw
dataset/uploads_root/prod-svoe-vino-strapi/prod-svoe-vino/strapi/uploads/vinodelnya_batrak_kaberne_kortis_krasnoe_suhoe_12_0e8405289f.webp,vinodelnya-batrak-kaberne-kortis-krasnoe-suhoe-12,raw
dataset/uploads_root/prod-svoe-vino-strapi/prod-svoe-vino/strapi/uploads/vinodelnya_myshako_kaberne_myshako_grand_rezerv_kaberne_sovinon_krasnoe_suhoe_125_5ef2a79acb.webp,vinodelnya-myshako-kaberne-myshako-grand-rezerv-kaberne-sovinon-krasnoe-suhoe-125,raw
dataset/uploads_root/prod-svoe-vino-strapi/prod-svoe-vino/strapi/uploads/esse_kaberne_otbornoe_kaberne_sovinon_krasnoe_suhoe_12_1f8b96ac79.webp,esse-kaberne-otbornoe-kaberne-sovinon-krasnoe-suhoe-12,raw
dataset/uploads_root/prod-svoe-vino-strapi/prod-svoe-vino/strapi/uploads/loco_cimbali_kaberne_sovinon_krasnoe_suhoe_146_97d63cb5eb.webp,loco-cimbali-kaberne-sovinon-krasnoe-suhoe-146,raw
dataset/uploads_root/prod-svoe-vino-strapi/prod-svoe-vino/strapi/uploads/villa_sofiya_kaberne_sovinon_krasnoe_suhoe_133_6bb475b71f.webp,villa-sofiya-kaberne-sovinon-krasnoe-suhoe-133,raw
dataset/uploads_root/prod-svoe-vino-strapi/prod-svoe-vino/strapi/uploads/esse_kaberne_sovinon_krasnoe_suhoe_14_2536b9976e.webp,esse-kaberne-sovinon-krasnoe-suhoe-14,raw
dataset/uploads_root/prod-svoe-vino-strapi/prod-svoe-vino/strapi/uploads/abrau_dyurso_kaberne_sovinon_krasnoe_suhoe_vyderzhannoe_125_b9410efa7a.webp,abrau-dyurso-kaberne-sovinon-krasnoe-suhoe-125,raw
dataset/uploads_root/prod-svoe-vino-strapi/prod-svoe-vino/strapi/uploads/mons_albus_kaberne_sovinon_krasnoe_suhoe_14_b012140125.webp,mons-albus-kaberne-sovinon-krasnoe-suhoe-14,raw
dataset/uploads_root/prod-svoe-vino-strapi/prod-svoe-vino/strapi/uploads/vinodelnya_batrak_kaberne_sovinon_krasnoe_suhoe_14_50425a88e9.webp,vinodelnya-batrak-kaberne-sovinon-krasnoe-suhoe-14,raw
dataset/uploads_root/prod-svoe-vino-strapi/prod-svoe-vino/strapi/uploads/product_1_fbbba3f9d3.webp,twopeters_kaberne_sovinion,raw
dataset/uploads_root/prod-svoe-vino-strapi/prod-svoe-vino/strapi/uploads/kab_sov_9d7c8ac45e.webp,kaberne-sovinon-1,raw
dataset/uploads_root/prod-svoe-vino-strapi/prod-svoe-vino/strapi/uploads/vinodelnya_berdyaeva_kaberne_sovinon_krasnoe_suhoe_145_8fb9e49e04.webp,vinodelnya-berdyaeva-kaberne-sovinon-krasnoe-suhoe-145,raw
dataset/uploads_root/prod-svoe-vino-strapi/prod-svoe-vino/strapi/uploads/golubitskoe_estate_kaberne_sovinon_krasnoe_suhoe_137_b1ceb967fd.webp,golubitskoe-estate-kaberne-sovinon-krasnoe-suhoe-137,raw
dataset/uploads_root/prod-svoe-vino-strapi/prod-svoe-vino/strapi/uploads/vinodelnya_vedernikov_kaberne_sovinon_krasnoe_suhoe_14_bf65626333.webp,vinodelnya-vedernikov-kaberne-sovinon-krasnoe-suhoe-14,raw
dataset/uploads_root/prod-svoe-vino-strapi/prod-svoe-vino/strapi/uploads/chateau_andre_kaberne_sovinon_krasnoe_suhoe_13_38b93a343b.webp,chateau-andre-kaberne-sovinon-krasnoe-suhoe-13,raw
dataset/uploads_root/prod-svoe-vino-strapi/prod-svoe-vino/strapi/uploads/vinodelnya_myshako_kaberne_sovinon_krasnoe_suhoe_138_0ff42c6b1b.webp,vinodelnya-myshako-kaberne-sovinon-krasnoe-suhoe-138,raw
dataset/uploads_root/prod-svoe-vino-strapi/prod-svoe-vino/strapi/uploads/shato_pino_kaberne_sovinon_krasnoe_suhoe_14_9ad8f94ebc.webp,shato-pino-kaberne-sovinon-krasnoe-suhoe-14,raw
dataset/uploads_root/prod-svoe-vino-strapi/prod-svoe-vino/strapi/uploads/vinodelnya_marchenko_kaberne_sovinon_krasnoe_suhoe_14_387edd3954.webp,vinodelnya-marchenko-kaberne-sovinon-krasnoe-suhoe-14,raw
dataset/uploads_root/prod-svoe-vino-strapi/prod-svoe-vino/strapi/uploads/belbek_kaberne_sovinon_krasnoe_suhoe_138_96f7db37a0.webp,belbek-kaberne-sovinon-krasnoe-suhoe-138,raw
dataset/uploads_root/prod-svoe-vino-strapi/prod-svoe-vino/strapi/uploads/vaynkraft_kaberne_sovinon_krasnoe_suhoe_14_ae9402b920.webp,vaynkraft-kaberne-sovinon-krasnoe-suhoe-14,raw
dataset/uploads_root/prod-svoe-vino-strapi/prod-svoe-vino/strapi/uploads/vinodelnya_begildeeva_kaberne_sovinon_krasnoe_suhoe_14_1108f8580b.webp,vinodelnya-begildeeva-kaberne-sovinon-krasnoe-suhoe-14,raw
dataset/uploads_root/prod-svoe-vino-strapi/prod-svoe-vino/strapi/uploads/Screenshot_19_081d41ebac.webp,kaberne-sovinon-2,raw
dataset/uploads_root/prod-svoe-vino-strapi/prod-svoe-vino/strapi/uploads/bogovich_wine_vineyard_kaberne_sovinon_krasnoe_suhoe_125_9316654ea1.webp,bogovich-wine-vineyard-kaberne-sovinon-krasnoe-suhoe-125,raw
dataset/uploads_root/prod-svoe-vino-strapi/prod-svoe-vino/strapi/uploads/2202_v_UENI_49_2ae2376a1c.webp,kaberne-sovinon,raw
dataset/uploads_root/prod-svoe-vino-strapi/prod-svoe-vino/strapi/uploads/vinodelnya_bratev_melnikovyh_kaberne_sovinon_kaberne_fran_dva_brata_krasnoe_suhoe_145_04c9c00425.webp,vinodelnya-bratev-melnikovyh-kaberne-sovinon-kaberne-fran-dva-brata-krasnoe-suhoe-145,raw
dataset/uploads_root/prod-svoe-vino-strapi/prod-svoe-vino/strapi/uploads/shato_pino_kaberne_sovinonmerlo_krasnoe_suhoe_135_463039b1ff.webp,shato-pino-kaberne-sovinon-merlo-krasnoe-suhoe-135,raw
dataset/uploads_root/prod-svoe-vino-strapi/prod-svoe-vino/strapi/uploads/vinnyy_kooperativ_intuitsiya_kaberne_sovinon_merlo_saperavi_krasnoe_suhoe_128_927edc0651.webp,vinnyy-kooperativ-intuitsiya-kaberne-sovinon-merlo-saperavi-krasnoe-suhoe-128,raw
dataset/uploads_root/prod-svoe-vino-strapi/prod-svoe-vino/strapi/uploads/domaine_lipko_kaberne_sovinon_merlo_pomeste_trenzina_krasnoe_suhoe_15_aa953b6231.webp,domaine-lipko-kaberne-sovinon-merlo-pomeste-trenzina-krasnoe-suhoe-15,raw
dataset/uploads_root/prod-svoe-vino-strapi/prod-svoe-vino/strapi/uploads/vinodelnya_begildeeva_kaberne_sovinon_merlo_krasnoe_suhoe_14_287877eb6a.webp,vinodelnya-begildeeva-kaberne-sovinon-merlo-krasnoe-suhoe-14,raw
dataset/uploads_root/prod-svoe-vino-strapi/prod-svoe-vino/strapi/uploads/vinodelnya_myshako_kaberne_sovinon_merlo_kyuve_krasnoe_suhoe_142_8126d58a29.webp,vinodelnya-myshako-kaberne-sovinon-merlo-kyuve-krasnoe-suhoe-142,raw
dataset/uploads_root/prod-svoe-vino-strapi/prod-svoe-vino/strapi/uploads/usadba_perovskih_kaberne_sovinon_merlo_1890_krasnoe_suhoe_13_2fe58062d2.webp,usadba-perovskih-kaberne-sovinon-merlo-1890-krasnoe-suhoe-13,raw
dataset/uploads_root/prod-svoe-vino-strapi/prod-svoe-vino/strapi/uploads/kab_sov_apas_5d86695316.webp,kaberne-sovinon-appasimento,raw
dataset/uploads_root/prod-svoe-vino-strapi/prod-svoe-vino/strapi/uploads/golubitskoe_estate_kaberne_sovinon_noble_selection_krasnoe_suhoe_133_f0984d4c21.webp,golubitskoe-estate-kaberne-sovinon-noble-selection-krasnoe-suhoe-133,raw
dataset/uploads_root/prod-svoe-vino-strapi/prod-svoe-vino/strapi/uploads/villa_urkusta_kaberne_sovinon_blan_de_nuar_beloe_suhoe_13_f33f9ea57b.webp,villa-urkusta-kaberne-sovinon-blan-de-nuar-beloe-suhoe-13,raw
dataset/uploads_root/prod-svoe-vino-strapi/prod-svoe-vino/strapi/uploads/artvin_kaberne_sovinon_grand_rezerv_krasnoe_suhoe_13_501fa25679.webp,artvin-kaberne-sovinon-grand-rezerv-krasnoe-suhoe-13,raw
dataset/uploads_root/prod-svoe-vino-strapi/prod-svoe-vino/strapi/uploads/villa_urkusta_kaberne_sovinon_klaret_rozovoe_polusuhoe_15_03c00dd390.webp,villa-urkusta-kaberne-sovinon-klaret-rozovoe-polusuhoe-15,raw
dataset/uploads_root/prod-svoe-vino-strapi/prod-svoe-vino/strapi/uploads/villa_urkusta_kaberne_sovinon_klassik_krasnoe_suhoe_12_d3c723876d.webp,villa-urkusta-kaberne-sovinon-klassik-krasnoe-suhoe-12,raw
dataset/uploads_root/prod-svoe-vino-strapi/prod-svoe-vino/strapi/uploads/villa_urkusta_kaberne_sovinon_klassik_krasnoe_suhoe_139_1655b82b2d.webp,villa-urkusta-kaberne-sovinon-klassik-krasnoe-suhoe-139,raw
dataset/uploads_root/prod-svoe-vino-strapi/prod-svoe-vino/strapi/uploads/golubitskoe_estate_kaberne_sovinon_rezerv_krasnoe_suhoe_125_9afdb2e885.webp,golubitskoe-estate-kaberne-sovinon-rezerv-krasnoe-suhoe-125,raw
dataset/uploads_root/prod-svoe-vino-strapi/prod-svoe-vino/strapi/uploads/alma_valley_kaberne_sovinon_rezerv_krasnoe_suhoe_15_58f5256504.webp,alma-valley-kaberne-sovinon-rezerv-krasnoe-suhoe-15,raw
dataset/uploads_root/prod-svoe-vino-strapi/prod-svoe-vino/strapi/uploads/chateau_de_talu_kaberne_sovinon_rezerv_krasnoe_suhoe_14_6106a6f6b0.webp,chateau-de-talu-kaberne-sovinon-rezerv-krasnoe-suhoe-14,raw
dataset/uploads_root/prod-svoe-vino-strapi/prod-svoe-vino/strapi/uploads/usadba_markoth_kaberne_sovinon_rezerv_krasnoe_suhoe_vyderzhannoe_13_77c2e45e25.webp,usadba-markoth-kaberne-sovinon-rezerv-krasnoe-suhoe-13,raw
dataset/uploads_root/prod-svoe-vino-strapi/prod-svoe-vino/strapi/uploads/pomeste_golubitskoe_kaberne_sovinon_rezerv_krasnoe_suhoe_vyderzhannoe_143_97eb57d86b.webp,pomeste-golubitskoe-kaberne-sovinon-rezerv-krasnoe-suhoe-143,raw
dataset/uploads_root/prod-svoe-vino-strapi/prod-svoe-vino/strapi/uploads/villa_urkusta_kaberne_sovinon_rezerva_krasnoe_suhoe_15_9851ee4c06.webp,villa-urkusta-kaberne-sovinon-rezerva-krasnoe-suhoe-15,raw
dataset/uploads_root/prod-svoe-vino-strapi/prod-svoe-vino/strapi/uploads/villa_urkusta_kaberne_sovinon_roze_de_sene_rozovoe_suhoe_13_c58d238e0e.webp,villa-urkusta-kaberne-sovinon-roze-de-sene-rozovoe-suhoe-13,raw
dataset/uploads_root/prod-svoe-vino-strapi/prod-svoe-vino/strapi/uploads/20260617_071733_Photoroom_31245772bb.webp,jd_winery_kaberne_souvignon,raw
dataset/uploads_root/prod-svoe-vino-strapi/prod-svoe-vino/strapi/uploads/villa_di_alma_kaberne_sovinon_ekstra_bryut_igristoe_ekstra_bryut_rozovoe_125_9921ad97ed.webp,villa-di-alma-kaberne-sovinon-ekstra-bryut-rozovoe-125,raw
dataset/uploads_root/prod-svoe-vino-strapi/prod-svoe-vino/strapi/uploads/vinodelnya_myshako_kaberne_sovinon_black_out_krasnoe_polusuhoe_16_c5bb09a533.webp,vinodelnya-myshako-kaberne-sovinon-black-out-krasnoe-polusuhoe-16,raw
dataset/uploads_root/prod-svoe-vino-strapi/prod-svoe-vino/strapi/uploads/imenie_sikory_kaberne_sovinon_semeynyy_rezerv_krasnoe_suhoe_vyderzhannoe_14_dc4aa1ddb5.webp,imenie-sikory-kaberne-sovinon-semeynyy-rezerv-krasnoe-suhoe-14,raw
dataset/uploads_root/prod-svoe-vino-strapi/prod-svoe-vino/strapi/uploads/vinodelnya_berdyaeva_kaberne_fran_krasnoe_suhoe_115_f3000e7b45.webp,vinodelnya-berdyaeva-kaberne-fran-krasnoe-suhoe-115,raw
dataset/uploads_root/prod-svoe-vino-strapi/prod-svoe-vino/strapi/uploads/bakla_vines_kaberne_fran_krasnoe_suhoe_143_eb045e6d5d.webp,bakla-vines-kaberne-fran-krasnoe-suhoe-143,raw
dataset/uploads_root/prod-svoe-vino-strapi/prod-svoe-vino/strapi/uploads/belbek_kaberne_fran_krasnoe_suhoe_134_bb8ab4763e.webp,belbek-kaberne-fran-krasnoe-suhoe-134,raw
dataset/uploads_root/prod-svoe-vino-strapi/prod-svoe-vino/strapi/uploads/bogovich_wine_vineyard_kaberne_fran_krasnoe_suhoe_135_5882f6ad55.webp,bogovich-wine-vineyard-kaberne-fran-krasnoe-suhoe-135,raw
dataset/uploads_root/prod-svoe-vino-strapi/prod-svoe-vino/strapi/uploads/sober_bash_kaberne_fran_krasnoe_suhoe_127_b52ebced7b.webp,sober-bash-kaberne-fran-krasnoe-suhoe-127,raw
dataset/uploads_root/prod-svoe-vino-strapi/prod-svoe-vino/strapi/uploads/kab_fran_e07141fa76.webp,kaberne-fran,raw
dataset/uploads_root/prod-svoe-vino-strapi/prod-svoe-vino/strapi/uploads/sober_bash_kaberne_fran_rozovoe_suhoe_12_4177891820.webp,sober-bash-kaberne-fran-rozovoe-suhoe-12,raw
dataset/uploads_root/prod-svoe-vino-strapi/prod-svoe-vino/strapi/uploads/radiowine_kaberne_fran_krasnoe_suhoe_14_cb1eb5dcb8.webp,radiowine-kaberne-fran-krasnoe-suhoe-14,raw
dataset/uploads_root/prod-svoe-vino-strapi/prod-svoe-vino/strapi/uploads/dva_serdtsa_kaberne_fran_krasnoe_suhoe_14_3cd97c037a.webp,dva-serdtsa-kaberne-fran-krasnoe-suhoe-14,raw
dataset/uploads_root/prod-svoe-vino-strapi/prod-svoe-vino/strapi/uploads/donskoe_vinodelcheskoe_hozyaystvo_elbuzd_kaberne_fran_krasnoe_suhoe_13_2f331c5376.webp,donskoe-vinodelcheskoe-hozyaystvo-elbuzd-kaberne-fran-krasnoe-suhoe-13,raw
dataset/uploads_root/prod-svoe-vino-strapi/prod-svoe-vino/strapi/uploads/viktor_stashko_kaberne_fran_krasnoe_suhoe_145_1bfa8e8a31.webp,viktor-stashko-kaberne-fran-krasnoe-suhoe-145,raw
dataset/uploads_root/prod-svoe-vino-strapi/prod-svoe-vino/strapi/uploads/esse_kaberne_fran_krasnoe_suhoe_13_458f9c63ca.webp,esse-kaberne-fran-krasnoe-suhoe-13,raw
dataset/uploads_root/prod-svoe-vino-strapi/prod-svoe-vino/strapi/uploads/alma_valley_kaberne_fran_krasnoe_suhoe_145_f987d71edd.webp,alma-valley-kaberne-fran-krasnoe-suhoe-145,raw
dataset/uploads_root/prod-svoe-vino-strapi/prod-svoe-vino/strapi/uploads/vinodelnya_myshako_kaberne_fran_krasnoe_suhoe_142_57650d8a36.webp,vinodelnya-myshako-kaberne-fran-krasnoe-suhoe-142,raw
dataset/uploads_root/prod-svoe-vino-strapi/prod-svoe-vino/strapi/uploads/ferrum_winery_kaberne_fran_krasnoe_suhoe_12_9890e1cced.webp,ferrum-winery-kaberne-fran-krasnoe-suhoe-12,raw
dataset/uploads_root/prod-svoe-vino-strapi/prod-svoe-vino/strapi/uploads/sober_bash_kaberne_fran_krasnoe_suhoe_13_7b677af99d.webp,sober-bash-kaberne-fran-krasnoe-suhoe-13,raw
dataset/uploads_root/prod-svoe-vino-strapi/prod-svoe-vino/strapi/uploads/chateau_andre_kaberne_fran_krasnoe_suhoe_14_e070a8fb44.webp,chateau-andre-kaberne-fran-krasnoe-suhoe-14,raw
dataset/uploads_root/prod-svoe-vino-strapi/prod-svoe-vino/strapi/uploads/shato_pino_kaberne_frankaberne_sovinon_krasnoe_suhoe_135_dbc6706292.webp,shato-pino-kaberne-fran-kaberne-sovinon-krasnoe-suhoe-135,raw
dataset/uploads_root/prod-svoe-vino-strapi/prod-svoe-vino/strapi/uploads/semeynaya_vinodelnya_mihaila_kolesnikova_kaberne_fran_merlo_krasnostop_krasnoe_suhoe_148_d6e607e493.webp,semeynaya-vinodelnya-mihaila-kolesnikova-kaberne-fran-merlo-krasnostop-krasnoe-suhoe-148,raw
dataset/uploads_root/prod-svoe-vino-strapi/prod-svoe-vino/strapi/uploads/usadba_perovskih_kaberne_fran_1890_krasnoe_suhoe_13_5b8be14ff1.webp,usadba-perovskih-kaberne-fran-1890-krasnoe-suhoe-13,raw
dataset/uploads_root/prod-svoe-vino-strapi/prod-svoe-vino/strapi/uploads/gunko_winery_kaberne_fran_gunko_winery_krasnoe_suhoe_135_aa5f643dca.webp,gunko-winery-kaberne-fran-gunko-winery-krasnoe-suhoe-135,raw
dataset/uploads_root/prod-svoe-vino-strapi/prod-svoe-vino/strapi/uploads/vinodelnya_myshako_kaberne_fran_avtorskaya_tehnologiya_krasnoe_suhoe_142_adbc6382f4.webp,vinodelnya-myshako-kaberne-fran-avtorskaya-tehnologiya-krasnoe-suhoe-142,raw
dataset/uploads_root/prod-svoe-vino-strapi/prod-svoe-vino/strapi/uploads/Kaberne_Fran_rezerv_2de24730a4.webp,perovskih_kaberne_fran_reserve,raw
dataset/uploads_root/prod-svoe-vino-strapi/prod-svoe-vino/strapi/uploads/alma_valley_kaberne_fran_rezerv_krasnoe_suhoe_15_6ef14d79ec.webp,alma-valley-kaberne-fran-rezerv-krasnoe-suhoe-15,raw
dataset/uploads_root/prod-svoe-vino-strapi/prod-svoe-vino/strapi/uploads/chateau_de_talu_kaberne_fran_rezerv_krasnoe_suhoe_13_6dc8dcf2ec.webp,chateau-de-talu-kaberne-fran-rezerv-krasnoe-suhoe-13,raw
dataset/uploads_root/prod-svoe-vino-strapi/prod-svoe-vino/strapi/uploads/imenie_sikory_kaberne_fran_roze_rozovoe_suhoe_13_4f0044a40b.webp,imenie-sikory-kaberne-fran-roze-rozovoe-suhoe-13,raw
dataset/uploads_root/prod-svoe-vino-strapi/prod-svoe-vino/strapi/uploads/imenie_sikory_kaberne_fran_sikory_rozovoe_suhoe_13_734a89a002.webp,imenie-sikory-kaberne-fran-sikory-rozovoe-suhoe-13,raw
dataset/uploads_root/prod-svoe-vino-strapi/prod-svoe-vino/strapi/uploads/valeriy_zaharin_kaberne_fran_burlyuk_krasnoe_suhoe_13_759e000bb4.webp,valeriy-zaharin-kaberne-fran-burlyuk-krasnoe-suhoe-13,raw
dataset/uploads_root/prod-svoe-vino-strapi/prod-svoe-vino/strapi/uploads/Kaberne_d0c64468d7.webp,kaberne-avtorskoe-vino,raw
dataset/uploads_root/prod-svoe-vino-strapi/prod-svoe-vino/strapi/uploads/Beloe_bryut_85d083f446.webp,derbent-vino-kavkazian-rkatsiteli-beloe-bryut-105-125,raw
dataset/uploads_root/prod-svoe-vino-strapi/prod-svoe-vino/strapi/uploads/derbent_vino_kavkazian_merlo_krasnoe_polusladkoe_105_125_d2973b5f66.webp,derbent-vino-kavkazian-merlo-krasnoe-polusladkoe-105-125,raw
dataset/uploads_root/prod-svoe-vino-strapi/prod-svoe-vino/strapi/uploads/derbent_vino_kavkazian_dzharauli_moldova_krasnoe_polusladkoe_11_79f7379ec0.webp,derbent-vino-kavkazian-dzharauli-moldova-krasnoe-polusladkoe-11,raw
dataset/uploads_root/prod-svoe-vino-strapi/prod-svoe-vino/strapi/uploads/derbent_vino_kavkazian_rkatsiteli_beloe_suhoe_12_88da97ff68.webp,derbent-vino-kavkazian-rkatsiteli-beloe-suhoe-12,raw
dataset/uploads_root/prod-svoe-vino-strapi/prod-svoe-vino/strapi/uploads/derbent_vino_kavkazian_saperavi_krasnoe_suhoe_105_125_f6bb126efc.webp,derbent-vino-kavkazian-saperavi-krasnoe-suhoe-105-125,raw
dataset/uploads_root/prod-svoe-vino-strapi/prod-svoe-vino/strapi/uploads/zmv_koktebel_kagor_vysshego_kachestva_kaberne_sovinon_krasnoe_sladkoe_16_d2bf326549.webp,zmv-koktebel-kagor-vysshego-kachestva-kaberne-sovinon-krasnoe-sladkoe-16,raw
dataset/uploads_root/prod-svoe-vino-strapi/prod-svoe-vino/strapi/uploads/massandra_kagor_gurzuf_saperavi_krasnoe_sladkoe_16_deb9b34e9f.webp,massandra-kagor-gurzuf-saperavi-krasnoe-sladkoe-16,raw
dataset/uploads_root/prod-svoe-vino-strapi/prod-svoe-vino/strapi/uploads/massandra_kagor_yuzhnoberezhnyy_saperavi_krasnoe_sladkoe_16_3299446389.webp,massandra-kagor-yuzhnoberezhnyy-saperavi-krasnoe-sladkoe-16,raw
dataset/uploads_root/prod-svoe-vino-strapi/prod-svoe-vino/strapi/uploads/dacha_serdyuka_kazache_krasnostop_zolotovskiy_krasnoe_suhoe_135_4d9bef956f.webp,dacha-serdyuka-kazache-krasnostop-zolotovskiy-krasnoe-suhoe-135,raw
dataset/uploads_root/prod-svoe-vino-strapi/prod-svoe-vino/strapi/uploads/le_k2_kamenolomnya_sira_krasnoe_suhoe_145_36f41af0e8.webp,le-k2-kamenolomnya-sira-krasnoe-suhoe-145,raw
dataset/uploads_root/prod-svoe-vino-strapi/prod-svoe-vino/strapi/uploads/bakla_vines_kangun_beloe_suhoe_12_6f20bb8dda.webp,bakla-vines-kangun-beloe-suhoe-12,raw
dataset/uploads_root/prod-svoe-vino-strapi/prod-svoe-vino/strapi/uploads/bakla_vines_kangun_ps_beloe_suhoe_128_213dcbb9eb.webp,bakla-vines-kangun-ps-beloe-suhoe-128,raw
dataset/uploads_root/prod-svoe-vino-strapi/prod-svoe-vino/strapi/uploads/bakla_vines_kangun_oranzh_beloe_suhoe_119_f52f04331a.webp,bakla-vines-kangun-oranzh-beloe-suhoe-119,raw
dataset/uploads_root/prod-svoe-vino-strapi/prod-svoe-vino/strapi/uploads/soyuz_vino_kanonicheskie_traditsii_krasnoe_polusladkoe_kaberne_sovinon_115_e1f1bb8027.webp,soyuz-vino-kanonicheskie-traditsii-krasnoe-polusladkoe-kaberne-sovinon-115,raw
dataset/uploads_root/prod-svoe-vino-strapi/prod-svoe-vino/strapi/uploads/soyuz_vino_kanonicheskie_traditsii_krasnoe_sladkoe_kaberne_sovinon_115_7b60103360.webp,soyuz-vino-kanonicheskie-traditsii-krasnoe-sladkoe-kaberne-sovinon-115,raw
dataset/uploads_root/prod-svoe-vino-strapi/prod-svoe-vino/strapi/uploads/shato_ay_danil_kapriz_muskat_belyy_beloe_suhoe_135_13f73381b3.webp,shato-ay-danil-kapriz-muskat-belyy-beloe-suhoe-135,raw
dataset/uploads_root/prod-svoe-vino-strapi/prod-svoe-vino/strapi/uploads/vinodelnya_zhakov_karbon_saperavi_krasnoe_suhoe_126_7c676ef0b4.webp,vinodelnya-zhakov-karbon-saperavi-krasnoe-suhoe-126,raw
dataset/uploads_root/prod-svoe-vino-strapi/prod-svoe-vino/strapi/uploads/DSC_09171_f04d8d1b64.webp,karbon-glyu-2024,raw
dataset/uploads_root/prod-svoe-vino-strapi/prod-svoe-vino/strapi/uploads/soyuz_vino_kartuli_supris_saperavi_krasnoe_polusladkoe_11_5d8bde93a1.webp,soyuz-vino-kartuli-supris-saperavi-krasnoe-polusladkoe-11,raw
dataset/uploads_root/prod-svoe-vino-strapi/prod-svoe-vino/strapi/uploads/soyuz_vino_kartuli_supris_saperavi_suhoe_krasnoe_11_4731a34d41.webp,soyuz-vino-kartuli-supris-saperavi-suhoe-krasnoe-11,raw
dataset/uploads_root/prod-svoe-vino-strapi/prod-svoe-vino/strapi/uploads/soyuz_vino_kartuli_supris_shereuli_saperavi_krasnoe_polusladkoe_11_e1946c394e.webp,soyuz-vino-kartuli-supris-shereuli-saperavi-krasnoe-polusladkoe-11,raw
dataset/uploads_root/prod-svoe-vino-strapi/prod-svoe-vino/strapi/uploads/valeriy_zaharin_kefesiya_valeriy_zaharin_krasnoe_suhoe_12_8233409122.webp,valeriy-zaharin-kefesiya-valeriy-zaharin-krasnoe-suhoe-12,raw
dataset/uploads_root/prod-svoe-vino-strapi/prod-svoe-vino/strapi/uploads/vinodelnya_konstantina_dzitoeva_kion_kaberne_sovinon_krasnoe_suhoe_vyderzhannoe_145_0463d6f222.webp,vinodelnya-konstantina-dzitoeva-kion-kaberne-sovinon-krasnoe-suhoe-145,raw
dataset/uploads_root/prod-svoe-vino-strapi/prod-svoe-vino/strapi/uploads/vinodelnya_batrak_klaret_podarok_magaracha_rozovoe_suhoe_12_796e43f7cb.webp,vinodelnya-batrak-klaret-podarok-magaracha-rozovoe-suhoe-12,raw
dataset/uploads_root/prod-svoe-vino-strapi/prod-svoe-vino/strapi/uploads/bogovich_wine_vineyard_klaret_pino_nuar_krasnoe_suhoe_119_77d8d4b842.webp,bogovich-wine-vineyard-klaret-pino-nuar-krasnoe-suhoe-119,raw
dataset/uploads_root/prod-svoe-vino-strapi/prod-svoe-vino/strapi/uploads/bogovich_wine_vineyard_klassika_pino_nuar_krasnoe_suhoe_125_5e73a1cf19.webp,bogovich-wine-vineyard-klassika-pino-nuar-krasnoe-suhoe-125,raw
dataset/uploads_root/prod-svoe-vino-strapi/prod-svoe-vino/strapi/uploads/chateau_de_talu_klere_sira_rozovoe_suhoe_136_2bf038e641.webp,chateau-de-talu-klere-sira-rozovoe-suhoe-136,raw
dataset/uploads_root/prod-svoe-vino-strapi/prod-svoe-vino/strapi/uploads/ZMV_Koktebel_Kaza_belyj_kupazh_251c6cd270.webp,koktebel-casa-belyj-kupazh,raw
dataset/uploads_root/prod-svoe-vino-strapi/prod-svoe-vino/strapi/uploads/yaiyla_winery_kokur_kokur_belyy_beloe_suhoe_13_091ad93a22.webp,yaiyla-winery-kokur-kokur-belyy-beloe-suhoe-13,raw
dataset/uploads_root/prod-svoe-vino-strapi/prod-svoe-vino/strapi/uploads/winepark_kokur_kokur_belyy_beloe_suhoe_13_4a6a6767d9.webp,winepark-kokur-kokur-belyy-beloe-suhoe-13,raw
dataset/uploads_root/prod-svoe-vino-strapi/prod-svoe-vino/strapi/uploads/dva_serdtsa_kokur_beloe_suhoe_125_2a62b6715b.webp,dva-serdtsa-kokur-beloe-suhoe-125,raw
dataset/uploads_root/prod-svoe-vino-strapi/prod-svoe-vino/strapi/uploads/belbek_kokur_kokur_belyy_beloe_suhoe_13_ac497b5531.webp,belbek-kokur-kokur-belyy-beloe-suhoe-13,raw
dataset/uploads_root/prod-svoe-vino-strapi/prod-svoe-vino/strapi/uploads/product_5_a2d5dbddf8.webp,twopeters_kokur,raw
dataset/uploads_root/prod-svoe-vino-strapi/prod-svoe-vino/strapi/uploads/uppa_winery_kokur_kokur_belyy_beloe_suhoe_12_62428d68b3.webp,uppa-winery-kokur-kokur-belyy-beloe-suhoe-12,raw
dataset/uploads_root/prod-svoe-vino-strapi/prod-svoe-vino/strapi/uploads/alma_valley_kokur_beloe_suhoe_14_b8bafe9cd7.webp,alma-valley-kokur-beloe-suhoe-14,raw
dataset/uploads_root/prod-svoe-vino-strapi/prod-svoe-vino/strapi/uploads/4287_Y_Ch_P_Nz3_no_bg_preview_carve_photos_5f55816077.webp,kokur-avtorskoe,raw
dataset/uploads_root/prod-svoe-vino-strapi/prod-svoe-vino/strapi/uploads/vinnyy_fort_adagum_kokur_belyy_beloe_suhoe_12_70d7924326.webp,vinnyy-fort-adagum-kokur-belyy-beloe-suhoe-12,raw
dataset/uploads_root/prod-svoe-vino-strapi/prod-svoe-vino/strapi/uploads/inkermanskiy_zmv_kokur_belyy_ekstra_bryut_igristoe_ekstra_bryut_beloe_135_742967a765.webp,inkermanskiy-zmv-kokur-belyy-ekstra-bryut-beloe-135,raw
dataset/uploads_root/prod-svoe-vino-strapi/prod-svoe-vino/strapi/uploads/zmv_koktebel_kokur_bryut_beloe_11_b59c6723b7.webp,zmv-koktebel-kokur-bryut-beloe-11,raw
dataset/uploads_root/prod-svoe-vino-strapi/prod-svoe-vino/strapi/uploads/massandra_kokur_desertnyy_surozh_beloe_sladkoe_16_ffabb4dfbc.webp,massandra-kokur-desertnyy-surozh-beloe-sladkoe-16,raw
dataset/uploads_root/prod-svoe-vino-strapi/prod-svoe-vino/strapi/uploads/valeriy_zaharin_kokur_klassika_kokur_belyy_igristoe_bryut_beloe_115_4d15edacbd.webp,valeriy-zaharin-kokur-klassika-kokur-belyy-beloe-bryut-115,raw
dataset/uploads_root/prod-svoe-vino-strapi/prod-svoe-vino/strapi/uploads/Kokur_oranzh_7818d586b6.webp,perovskih_kokur_orange,raw
dataset/uploads_root/prod-svoe-vino-strapi/prod-svoe-vino/strapi/uploads/4291_pif_Lu_Yu_no_bg_preview_carve_photos_d891f6036d.webp,kokur-premium,raw
dataset/uploads_root/prod-svoe-vino-strapi/prod-svoe-vino/strapi/uploads/PU_Sjv7dn_M_Nil_H25_TO_9_Bcb_E_Hx_Fs_Vdacxiw9g14_S_j_Nls_QH_Uw8_Gotsf9_O_Tvh_VAM_2_MP_Fez_WL_9o66c_Kdh_RE_Gsm_Uq_A_d6dd6cde3c.webp,kokur-suhoe,raw
dataset/uploads_root/prod-svoe-vino-strapi/prod-svoe-vino/strapi/uploads/DSC_00839_Photoroom_418c4b31b3.webp,kokur-2025,raw
dataset/uploads_root/prod-svoe-vino-strapi/prod-svoe-vino/strapi/uploads/valeriy_zaharin_kokur_valeriy_zaharin_kokur_belyy_beloe_polusladkoe_125_f1a78bab87.webp,valeriy-zaharin-kokur-valeriy-zaharin-kokur-belyy-beloe-polusladkoe-125,raw
dataset/uploads_root/prod-svoe-vino-strapi/prod-svoe-vino/strapi/uploads/vinodelnya_zhakov_kokurkod_beloe_suhoe_118_f912412bcd.webp,vinodelnya-zhakov-kokurkod-beloe-suhoe-118,raw
dataset/uploads_root/prod-svoe-vino-strapi/prod-svoe-vino/strapi/uploads/Koldun_belyj_cb86264c80.webp,koldun-beloe-suhoe,raw
dataset/uploads_root/prod-svoe-vino-strapi/prod-svoe-vino/strapi/uploads/shato_pino_belyy_shardone_beloe_suhoe_12_18f04d3075.webp,shato-pino-koldun-belyy-shardone-beloe-suhoe-12,raw
dataset/uploads_root/prod-svoe-vino-strapi/prod-svoe-vino/strapi/uploads/shato_pino_krasnyy_merlo_krasnoe_suhoe_14_1ed5081328.webp,shato-pino-koldun-krasnyy-merlo-krasnoe-suhoe-14,raw
dataset/uploads_root/prod-svoe-vino-strapi/prod-svoe-vino/strapi/uploads/shato_pino_krasnyy_rezerv_kaberne_sovinon_krasnoe_suhoe_14_7415f9a41b.webp,shato-pino-koldun-rezerv-kaberne-sovinon-krasnoe-suhoe-14,raw
dataset/uploads_root/prod-svoe-vino-strapi/prod-svoe-vino/strapi/uploads/vinodelnya_krinitsa_kollin_sira_krasnoe_suhoe_13_0578a4fafe.webp,vinodelnya-krinitsa-kollin-sira-krasnoe-suhoe-13,raw
dataset/uploads_root/prod-svoe-vino-strapi/prod-svoe-vino/strapi/uploads/alma_valley_kolombar_beloe_polusuhoe_135_c5b227e252.webp,alma-valley-kolombar-beloe-polusuhoe-135,raw
dataset/uploads_root/prod-svoe-vino-strapi/prod-svoe-vino/strapi/uploads/soyuz_vino_konfessa_pino_gridzhio_beloe_polusladkoe_11_d51fdece6f.webp,soyuz-vino-konfessa-pino-gridzhio-beloe-polusladkoe-11,raw
dataset/uploads_root/prod-svoe-vino-strapi/prod-svoe-vino/strapi/uploads/soyuz_vino_konfessa_sandzhoveze_krasnoe_suhoe_11_c05cac50db.webp,soyuz-vino-konfessa-sandzhoveze-krasnoe-suhoe-11,raw
dataset/uploads_root/prod-svoe-vino-strapi/prod-svoe-vino/strapi/uploads/soyuz_vino_konfessa_sandzhoveze_polusladkoe_krasnoe_11_a47a602f57.webp,soyuz-vino-konfessa-sandzhoveze-polusladkoe-krasnoe-11,raw
dataset/uploads_root/prod-svoe-vino-strapi/prod-svoe-vino/strapi/uploads/sober_bash_korvina_krasnostop_zolotovskiy_krasnoe_suhoe_14_bf19f3161d.webp,sober-bash-korvina-krasnostop-zolotovskiy-krasnoe-suhoe-14,raw
dataset/uploads_root/prod-svoe-vino-strapi/prod-svoe-vino/strapi/uploads/vinodelnya_uzunov_krasa_kaberne_sovinon_krasnoe_suhoe_125_15d22e77ca.webp,vinodelnya-uzunov-krasa-kaberne-sovinon-krasnoe-suhoe-125,raw
dataset/uploads_root/prod-svoe-vino-strapi/prod-svoe-vino/strapi/uploads/sober_bash_krasnostop_krasnostop_zolotovskiy_krasnoe_suhoe_14_061d6f8d46.webp,sober-bash-krasnostop-krasnostop-zolotovskiy-krasnoe-suhoe-14,raw
dataset/uploads_root/prod-svoe-vino-strapi/prod-svoe-vino/strapi/uploads/nesterov_winery_krasnostop_rubin_klere_krasnostop_zolotovskiy_rozovoe_suhoe_11_ea3affe402.webp,nesterov-winery-krasnostop-rubin-klere-krasnostop-zolotovskiy-rozovoe-suhoe-11,raw
dataset/uploads_root/prod-svoe-vino-strapi/prod-svoe-vino/strapi/uploads/sober_bash_krasnostop_amfora_krasnostop_zolotovskiy_krasnoe_suhoe_13_221a756dbb.webp,sober-bash-krasnostop-amfora-krasnostop-zolotovskiy-krasnoe-suhoe-13,raw
dataset/uploads_root/prod-svoe-vino-strapi/prod-svoe-vino/strapi/uploads/kuban_vino_krasnostop_de_tamane_krasnostop_anapskiy_krasnoe_suhoe_13_84762b109b.webp,kuban-vino-krasnostop-de-tamane-krasnostop-anapskiy-krasnoe-suhoe-13,raw
dataset/uploads_root/prod-svoe-vino-strapi/prod-svoe-vino/strapi/uploads/vinodelnya_vedernikov_krasnostop_zolotovskiy_krasnoe_suhoe_13_a05fcccc58.webp,vinodelnya-vedernikov-krasnostop-zolotovskiy-krasnoe-suhoe-13,raw
dataset/uploads_root/prod-svoe-vino-strapi/prod-svoe-vino/strapi/uploads/vinodelnya_molchanova_krasnostop_zolotovskiy_krasnoe_suhoe_13_4f38b50b32.webp,vinodelnya-molchanova-krasnostop-zolotovskiy-krasnoe-suhoe-13,raw
dataset/uploads_root/prod-svoe-vino-strapi/prod-svoe-vino/strapi/uploads/vinodelnya_marchenko_krasnostop_zolotovskiy_krasnoe_suhoe_14_e218e5ada4.webp,vinodelnya-marchenko-krasnostop-zolotovskiy-krasnoe-suhoe-14,raw
dataset/uploads_root/prod-svoe-vino-strapi/prod-svoe-vino/strapi/uploads/vinodelnya_molchanova_krasnostop_zolotovskiy_krasnoe_suhoe_135_0abfc57924.webp,vinodelnya-molchanova-krasnostop-zolotovskiy-krasnoe-suhoe-135,raw
dataset/uploads_root/prod-svoe-vino-strapi/prod-svoe-vino/strapi/uploads/krasnostop_cca9e0b43e.webp,krasnostop-zolotovskij,raw
dataset/uploads_root/prod-svoe-vino-strapi/prod-svoe-vino/strapi/uploads/nesterov_winery_krasnostop_zolotovskiy_krasnoe_suhoe_12_6036ce85a5.webp,nesterov-winery-krasnostop-zolotovskiy-krasnoe-suhoe-12,raw
dataset/uploads_root/prod-svoe-vino-strapi/prod-svoe-vino/strapi/uploads/vinodelnya_vedernikov_krasnostop_zolotovskiy_rezerv_krasnoe_suhoe_15_d809aa8af8.webp,vinodelnya-vedernikov-krasnostop-zolotovskiy-rezerv-krasnoe-suhoe-15,raw
dataset/uploads_root/prod-svoe-vino-strapi/prod-svoe-vino/strapi/uploads/vinodelnya_vedernikov_krasnostop_zolotovskiy_roze_rozovoe_suhoe_12_eb54b43c4b.webp,vinodelnya-vedernikov-krasnostop-zolotovskiy-roze-rozovoe-suhoe-12,raw
dataset/uploads_root/prod-svoe-vino-strapi/prod-svoe-vino/strapi/uploads/imenie_sikory_krasnostop_zolotovskiy_na_terrasah_rozovoe_suhoe_13_fd7deda788.webp,imenie-sikory-krasnostop-zolotovskiy-na-terrasah-rozovoe-suhoe-13,raw
dataset/uploads_root/prod-svoe-vino-strapi/prod-svoe-vino/strapi/uploads/imenie_sikory_krasnostop_zolotovskiy_na_terrasah_krasnoe_suhoe_14_93b75eb2a0.webp,imenie-sikory-krasnostop-zolotovskiy-na-terrasah-krasnoe-suhoe-14,raw
dataset/uploads_root/prod-svoe-vino-strapi/prod-svoe-vino/strapi/uploads/imenie_sikory_krasnostop_zolotovskiy_pozdniy_sbor_rozovoe_sladkoe_13_305f6270ac.webp,imenie-sikory-krasnostop-zolotovskiy-pozdniy-sbor-rozovoe-sladkoe-13,raw
dataset/uploads_root/prod-svoe-vino-strapi/prod-svoe-vino/strapi/uploads/chateau_de_talu_krasnostop_rezerv_krasnostop_anapskiy_krasnoe_suhoe_137_bcb15093c2.webp,chateau-de-talu-krasnostop-rezerv-krasnostop-anapskiy-krasnoe-suhoe-137,raw
dataset/uploads_root/prod-svoe-vino-strapi/prod-svoe-vino/strapi/uploads/chateau_le_grand_vostock_krasnostop_rezerv_krasnoe_suhoe_vyderzhannoe_145_a04e866765.webp,chateau-le-grand-vostock-krasnostop-rezerv-krasnoe-suhoe-145,raw
dataset/uploads_root/prod-svoe-vino-strapi/prod-svoe-vino/strapi/uploads/domaine_de_la_vivandiere_krasnostop_roze_rozovoe_suhoe_134_065e0d758d.webp,domaine-de-la-vivandiere-krasnostop-roze-rozovoe-suhoe-134,raw
dataset/uploads_root/prod-svoe-vino-strapi/prod-svoe-vino/strapi/uploads/Sh_T_Molodoe_2025_igristoe_Normal_Krasnostop_22827aa941.webp,krasnostop-shato-taman,raw
dataset/uploads_root/prod-svoe-vino-strapi/prod-svoe-vino/strapi/uploads/gunko_winery_krasnye_gliny_kaberne_fran_krasnoe_suhoe_14_8b48e4bcbe.webp,gunko-winery-krasnye-gliny-kaberne-fran-krasnoe-suhoe-14,raw
dataset/uploads_root/prod-svoe-vino-strapi/prod-svoe-vino/strapi/uploads/cloudy_winery_krash_cabernet_sauvignon_kaberne_sovinon_krasnoe_suhoe_14_7de40e47b0.webp,cloudy-winery-krash-cabernet-sauvignon-kaberne-sovinon-krasnoe-suhoe-14,raw
dataset/uploads_root/prod-svoe-vino-strapi/prod-svoe-vino/strapi/uploads/cloudy_winery_krash_super_bryut_shardone_beloe_ekstra_bryut_85_82cb8d2e04.webp,cloudy-winery-krash-super-bryut-shardone-beloe-ekstra-bryut-85,raw
dataset/uploads_root/prod-svoe-vino-strapi/prod-svoe-vino/strapi/uploads/tsimlyanskie_vina_krepost_sarkel_krasnostop_zolotovskiy_krasnoe_suhoe_vyderzhannoe_145_d399c42b0b.webp,tsimlyanskie-vina-krepost-sarkel-krasnostop-zolotovskiy-krasnoe-suhoe-145,raw
dataset/uploads_root/prod-svoe-vino-strapi/prod-svoe-vino/strapi/uploads/soyuz_vino_kubanskoe_traditsionnoe_beloe_polusladkoe_belye_sorta_vinograda_11_da04d4179e.webp,soyuz-vino-kubanskoe-traditsionnoe-beloe-polusladkoe-belye-sorta-vinograda-11,raw
dataset/uploads_root/prod-svoe-vino-strapi/prod-svoe-vino/strapi/uploads/soyuz_vino_kubanskoe_traditsionnoe_beloe_polusladkoe_07_belye_sorta_vinograda_11_Photoroom_145fe6b33e.webp,soyuz-vino-kubanskoe-traditsionnoe-beloe-polusladkoe-07-belye-sorta-vinograda-11,raw
dataset/uploads_root/prod-svoe-vino-strapi/prod-svoe-vino/strapi/uploads/soyuz_vino_kubanskoe_traditsionnoe_beloe_suhoe_belye_sorta_vinograda_11_d20fbcfd38.webp,soyuz-vino-kubanskoe-traditsionnoe-beloe-suhoe-belye-sorta-vinograda-11,raw
dataset/uploads_root/prod-svoe-vino-strapi/prod-svoe-vino/strapi/uploads/soyuz_vino_kubanskoe_traditsionnoe_beloe_suhoe_07_belye_sorta_vinograda_11_0f473b186a.webp,soyuz-vino-kubanskoe-traditsionnoe-beloe-suhoe-07-belye-sorta-vinograda-11,raw
dataset/uploads_root/prod-svoe-vino-strapi/prod-svoe-vino/strapi/uploads/soyuz_vino_kubanskoe_traditsionnoe_krasnoe_polusladkoe_krasnye_sorta_vinograda_11_2dbb69f817.webp,soyuz-vino-kubanskoe-traditsionnoe-krasnoe-polusladkoe-krasnye-sorta-vinograda-11,raw
dataset/uploads_root/prod-svoe-vino-strapi/prod-svoe-vino/strapi/uploads/soyuz_vino_kubanskoe_traditsionnoe_krasnoe_polusladkoe_07_krasnye_sorta_vinograda_11_10045d3003.webp,soyuz-vino-kubanskoe-traditsionnoe-krasnoe-polusladkoe-07-krasnye-sorta-vinograda-11,raw
dataset/uploads_root/prod-svoe-vino-strapi/prod-svoe-vino/strapi/uploads/soyuz_vino_kubanskoe_traditsionnoe_krasnoe_suhoe_krasnye_sorta_vinograda_11_7a255cc56d.webp,soyuz-vino-kubanskoe-traditsionnoe-krasnoe-suhoe-krasnye-sorta-vinograda-11,raw
dataset/uploads_root/prod-svoe-vino-strapi/prod-svoe-vino/strapi/uploads/soyuz_vino_kubanskoe_traditsionnoe_krasnoe_suhoe_07_krasnye_sorta_vinograda_11_Photoroom_819d8f5468.webp,soyuz-vino-kubanskoe-traditsionnoe-krasnoe-suhoe-07-krasnye-sorta-vinograda-11,raw
dataset/uploads_root/prod-svoe-vino-strapi/prod-svoe-vino/strapi/uploads/sober_bash_kumshatskiy_kumshatskiy_belyy_beloe_suhoe_11_d67e1de2a8.webp,sober-bash-kumshatskiy-kumshatskiy-belyy-beloe-suhoe-11,raw
dataset/uploads_root/prod-svoe-vino-strapi/prod-svoe-vino/strapi/uploads/chateau_de_talu_kupazh_132_kaberne_sovinon_krasnoe_suhoe_146_d0f33c3c98.webp,chateau-de-talu-kupazh-132-kaberne-sovinon-krasnoe-suhoe-146,raw
dataset/uploads_root/prod-svoe-vino-strapi/prod-svoe-vino/strapi/uploads/loco_cimbali_kuprin_bastardo_magarachskiy_krasnoe_suhoe_138_8c28259c57.webp,loco-cimbali-kuprin-bastardo-magarachskiy-krasnoe-suhoe-138,raw
dataset/uploads_root/prod-svoe-vino-strapi/prod-svoe-vino/strapi/uploads/winepark_kuchuk_isar_kaberne_sovinon_krasnoe_suhoe_135_2932a37da0.webp,winepark-kuchuk-isar-kaberne-sovinon-krasnoe-suhoe-135,raw
dataset/uploads_root/prod-svoe-vino-strapi/prod-svoe-vino/strapi/uploads/cock_test_belle_kyuve_1_blanc_de_blancs_shardone_igristoe_ekstra_bryut_beloe_12_ca089c6b08.webp,cock-test-belle-kyuve-1-blanc-de-blancs-shardone-beloe-ekstra-bryut-12,raw
dataset/uploads_root/prod-svoe-vino-strapi/prod-svoe-vino/strapi/uploads/cock_test_belle_kyuve_2_blan_de_nuar_pino_mene_igristoe_ekstra_bryut_beloe_12_8d6ef280c1.webp,cock-test-belle-kyuve-2-blan-de-nuar-pino-mene-beloe-ekstra-bryut-12,raw
dataset/uploads_root/prod-svoe-vino-strapi/prod-svoe-vino/strapi/uploads/cock_test_belle_kyuve_5_roze_shardone_igristoe_ekstra_bryut_rozovoe_12_98ac397fd8.webp,cock-test-belle-kyuve-5-roze-shardone-rozovoe-ekstra-bryut-12,raw
dataset/uploads_root/prod-svoe-vino-strapi/prod-svoe-vino/strapi/uploads/usadba_markoth_kyuve_blan_shardone_beloe_suhoe_12_ccae093133.webp,usadba-markoth-kyuve-blan-shardone-beloe-suhoe-12,raw
dataset/uploads_root/prod-svoe-vino-strapi/prod-svoe-vino/strapi/uploads/chateau_le_grand_vostock_kyuve_karsov_rezerv_shardone_beloe_suhoe_14_ff996271bf.webp,chateau-le-grand-vostock-kyuve-karsov-rezerv-shardone-beloe-suhoe-14,raw
dataset/uploads_root/prod-svoe-vino-strapi/prod-svoe-vino/strapi/uploads/Czimlyanskoe_kyuve_krasnoe_krasnostop_i_czimlyanskij_chernyj_d1e86bb6b6.webp,kyuve-czimlyanskij-chernyj-i-krasnostop-zolotoj,raw
dataset/uploads_root/prod-svoe-vino-strapi/prod-svoe-vino/strapi/uploads/soyuz_vino_lavetti_beloe_polusladkoe_belye_sorta_vinograda_11_0ebc53bd39.webp,soyuz-vino-lavetti-beloe-polusladkoe-belye-sorta-vinograda-11,raw
dataset/uploads_root/prod-svoe-vino-strapi/prod-svoe-vino/strapi/uploads/soyuz_vino_lavetti_beloe_suhoe_belye_sorta_vinograda_11_38d387c335.webp,soyuz-vino-lavetti-beloe-suhoe-belye-sorta-vinograda-11,raw
dataset/uploads_root/prod-svoe-vino-strapi/prod-svoe-vino/strapi/uploads/soyuz_vino_lavetti_krasnoe_polusladkoe_krasnye_sorta_vinograda_11_6fdd024692.webp,soyuz-vino-lavetti-krasnoe-polusladkoe-krasnye-sorta-vinograda-11,raw
dataset/uploads_root/prod-svoe-vino-strapi/prod-svoe-vino/strapi/uploads/soyuz_vino_lavetti_krasnoe_suhoe_krasnye_sorta_vinograda_11_b12fab732e.webp,soyuz-vino-lavetti-krasnoe-suhoe-krasnye-sorta-vinograda-11,raw
dataset/uploads_root/prod-svoe-vino-strapi/prod-svoe-vino/strapi/uploads/soyuz_vino_lavetti_rozovoe_polusladkoe_krasnye_sorta_vinograda_11_079294d0a5.webp,soyuz-vino-lavetti-rozovoe-polusladkoe-krasnye-sorta-vinograda-11,raw
dataset/uploads_root/prod-svoe-vino-strapi/prod-svoe-vino/strapi/uploads/soyuz_vino_lak_dazyur_blan_moellyo_belye_sorta_vinograda_beloe_polusladkoe_11_4eb7a57e26.webp,soyuz-vino-lak-dazyur-blan-moellyo-belye-sorta-vinograda-beloe-polusladkoe-11,raw
dataset/uploads_root/prod-svoe-vino-strapi/prod-svoe-vino/strapi/uploads/soyuz_vino_lak_dazyur_blan_sek_belye_sorta_vinograda_beloe_suhoe_11_652ccd145e.webp,soyuz-vino-lak-dazyur-blan-sek-belye-sorta-vinograda-beloe-suhoe-11,raw
dataset/uploads_root/prod-svoe-vino-strapi/prod-svoe-vino/strapi/uploads/soyuz_vino_lak_dazyur_ruzh_moellyo_belye_sorta_vinograda_krasnoe_polusladkoe_11_d78d680459.webp,soyuz-vino-lak-dazyur-ruzh-moellyo-belye-sorta-vinograda-krasnoe-polusladkoe-11,raw
dataset/uploads_root/prod-svoe-vino-strapi/prod-svoe-vino/strapi/uploads/soyuz_vino_lak_dazyur_ruzh_sek_krasnye_sorta_vinograda_krasnoe_suhoe_11_55b71c558b.webp,soyuz-vino-lak-dazyur-ruzh-sek-krasnye-sorta-vinograda-krasnoe-suhoe-11,raw
dataset/uploads_root/prod-svoe-vino-strapi/prod-svoe-vino/strapi/uploads/massandra_lakrima_kristi_aleatiko_krasnoe_sladkoe_16_2a990c55e6.webp,massandra-lakrima-kristi-aleatiko-krasnoe-sladkoe-16,raw
dataset/uploads_root/prod-svoe-vino-strapi/prod-svoe-vino/strapi/uploads/image_04_08_26_12_58_1_5347234e15.webp,lebedushka,raw
dataset/uploads_root/prod-svoe-vino-strapi/prod-svoe-vino/strapi/uploads/gavras_levokumskiy_krasnoe_suhoe_12_48b24ef5e2.webp,gavras-levokumskiy-krasnoe-suhoe-12,raw
dataset/uploads_root/prod-svoe-vino-strapi/prod-svoe-vino/strapi/uploads/legato_legato_kaberne_fran_krasnoe_suhoe_14_a59d99f1f0.webp,legato-legato-kaberne-fran-krasnoe-suhoe-14,raw
dataset/uploads_root/prod-svoe-vino-strapi/prod-svoe-vino/strapi/uploads/legato_legato_merlo_krasnoe_suhoe_135_24d962f194.webp,legato-legato-merlo-krasnoe-suhoe-135,raw
dataset/uploads_root/prod-svoe-vino-strapi/prod-svoe-vino/strapi/uploads/legato_legato_pino_nuar_krasnoe_suhoe_135_569c4a919e.webp,legato-legato-pino-nuar-krasnoe-suhoe-135,raw
dataset/uploads_root/prod-svoe-vino-strapi/prod-svoe-vino/strapi/uploads/legato_legato_saperavi_krasnoe_suhoe_14_235a0f876d.webp,legato-legato-saperavi-krasnoe-suhoe-14,raw
dataset/uploads_root/prod-svoe-vino-strapi/prod-svoe-vino/strapi/uploads/legato_legato_sovinon_blan_beloe_suhoe_125_2cbc37a644.webp,legato-legato-sovinon-blan-beloe-suhoe-125,raw
dataset/uploads_root/prod-svoe-vino-strapi/prod-svoe-vino/strapi/uploads/legato_legato_sovinon_blan_mtsvane_beloe_suhoe_125_cd868d9a7f.webp,legato-legato-sovinon-blan-mtsvane-beloe-suhoe-125,raw
dataset/uploads_root/prod-svoe-vino-strapi/prod-svoe-vino/strapi/uploads/legato_legato_shardone_beloe_suhoe_135_5ef41c179f.webp,legato-legato-shardone-beloe-suhoe-135,raw
dataset/uploads_root/prod-svoe-vino-strapi/prod-svoe-vino/strapi/uploads/fanagoriya_ledyanoe_vino_muskat_muskat_ottonel_beloe_sladkoe_11_b8c2ae7315.webp,fanagoriya-ledyanoe-vino-muskat-muskat-ottonel-beloe-sladkoe-11,raw
dataset/uploads_root/prod-svoe-vino-strapi/prod-svoe-vino/strapi/uploads/soyuz_vino_lenty_izabella_krymskaya_krasnoe_polusladkoe_11_ed35a4d2c8.webp,soyuz-vino-lenty-izabella-krymskaya-krasnoe-polusladkoe-11,raw
dataset/uploads_root/prod-svoe-vino-strapi/prod-svoe-vino/strapi/uploads/soyuz_vino_lenty_kaberne_krymskoe_kaberne_sovinon_krasnoe_polusladkoe_11_aaa52b009e.webp,soyuz-vino-lenty-kaberne-krymskoe-kaberne-sovinon-krasnoe-polusladkoe-11,raw
dataset/uploads_root/prod-svoe-vino-strapi/prod-svoe-vino/strapi/uploads/soyuz_vino_lenty_shardone_krymskoe_beloe_polusladkoe_11_2d98f1c227.webp,soyuz-vino-lenty-shardone-krymskoe-beloe-polusladkoe-11,raw
dataset/uploads_root/prod-svoe-vino-strapi/prod-svoe-vino/strapi/uploads/Screenshot_4_7c7945f9a9.webp,lesnaya-proseka,raw
dataset/uploads_root/prod-svoe-vino-strapi/prod-svoe-vino/strapi/uploads/Levkadiya_beloe_1_6e34dfade1.webp,lefkadiya-beloe,raw
dataset/uploads_root/prod-svoe-vino-strapi/prod-svoe-vino/strapi/uploads/Levkadiya_krasnoe_1_bff42ff522.webp,lefkadiya-krasnoe,raw
dataset/uploads_root/prod-svoe-vino-strapi/prod-svoe-vino/strapi/uploads/vinodelnya_zhakov_logovo_saperavi_krasnoe_suhoe_126_4ac26ab1e4.webp,vinodelnya-zhakov-logovo-saperavi-krasnoe-suhoe-126,raw
dataset/uploads_root/prod-svoe-vino-strapi/prod-svoe-vino/strapi/uploads/Igristoe_Beloe_iz_Belogo_Shardone_no_bg_preview_bez_fona_a1bca7bfd8.webp,lorio-bryut-belyj,raw
dataset/uploads_root/prod-svoe-vino-strapi/prod-svoe-vino/strapi/uploads/Igristoe_Rozovoe_Pino_Nuar_bez_fona_0156c8af31.webp,lorio-bryut-rozovoe-igristoe,raw
dataset/uploads_root/prod-svoe-vino-strapi/prod-svoe-vino/strapi/uploads/loriot_Kaberne_Sovinon_f3c3a66527.webp,lorio-kaberne-sovinon,raw
dataset/uploads_root/prod-svoe-vino-strapi/prod-svoe-vino/strapi/uploads/loriot_red_043b87285b.webp,lorio-kaberne-sovinon-i-pino-nuar,raw
dataset/uploads_root/prod-svoe-vino-strapi/prod-svoe-vino/strapi/uploads/LORIO_PINO_NUAR_dca3c3d9cf.webp,lorio-pino-nuar,raw
dataset/uploads_root/prod-svoe-vino-strapi/prod-svoe-vino/strapi/uploads/LORIO_ROZOVOE_9e1be3c909.webp,lorio-rozovoe,raw
dataset/uploads_root/prod-svoe-vino-strapi/prod-svoe-vino/strapi/uploads/loriot_Sovinon_Blan_672ada0ef4.webp,lorio-sovinon-blan-2024,raw
dataset/uploads_root/prod-svoe-vino-strapi/prod-svoe-vino/strapi/uploads/Sovinon_Blan_LORIO_0723f6f81d.webp,lorio-sovinon-blan-2025,raw
dataset/uploads_root/prod-svoe-vino-strapi/prod-svoe-vino/strapi/uploads/loriot_wight_daff22e4d6.webp,lorio-sovinon-blan-i-shardone-1,raw
dataset/uploads_root/prod-svoe-vino-strapi/prod-svoe-vino/strapi/uploads/loriot_shardone_38a9e28b03.webp,lorio-shardone,raw
dataset/uploads_root/prod-svoe-vino-strapi/prod-svoe-vino/strapi/uploads/zmv_koktebel_madera_albilo_beloe_sladkoe_19_5ce87b8df7.webp,zmv-koktebel-madera-albilo-beloe-sladkoe-19,raw
dataset/uploads_root/prod-svoe-vino-strapi/prod-svoe-vino/strapi/uploads/Massandra_Madera_Krymskaya_42f85c120a.webp,madera-krymskaya,raw
dataset/uploads_root/prod-svoe-vino-strapi/prod-svoe-vino/strapi/uploads/chateau_andre_mado_pino_nuar_rozovoe_suhoe_13_6412ac00e9.webp,chateau-andre-mado-pino-nuar-rozovoe-suhoe-13,raw
dataset/uploads_root/prod-svoe-vino-strapi/prod-svoe-vino/strapi/uploads/gunko_winery_malbek_krasnoe_suhoe_14_1944604a52.webp,gunko-winery-malbek-krasnoe-suhoe-14,raw
dataset/uploads_root/prod-svoe-vino-strapi/prod-svoe-vino/strapi/uploads/aromatnoe_malbek_rezerv_krasnoe_suhoe_vyderzhannoe_125_d2e32af939.webp,aromatnoe-malbek-rezerv-krasnoe-suhoe-125,raw
dataset/uploads_root/prod-svoe-vino-strapi/prod-svoe-vino/strapi/uploads/cellar_master_malvaziya_beloe_suhoe_13_3214f361ad.webp,cellar-master-malvaziya-beloe-suhoe-13,raw
dataset/uploads_root/prod-svoe-vino-strapi/prod-svoe-vino/strapi/uploads/esse_mama_marselan_krasnoe_suhoe_135_5fef596cdc.webp,esse-mama-marselan-krasnoe-suhoe-135,raw
dataset/uploads_root/prod-svoe-vino-strapi/prod-svoe-vino/strapi/uploads/vinodelnya_pokrovskaya_marinka_marinovskiy_rozovoe_suhoe_123_90615151cb.webp,vinodelnya-pokrovskaya-marinka-marinovskiy-rozovoe-suhoe-123,raw
dataset/uploads_root/prod-svoe-vino-strapi/prod-svoe-vino/strapi/uploads/vinodelnya_myshako_marselan_krasnoe_suhoe_144_233050ecbc.webp,vinodelnya-myshako-marselan-krasnoe-suhoe-144,raw
dataset/uploads_root/prod-svoe-vino-strapi/prod-svoe-vino/strapi/uploads/vinodelnya_myshako_marselan_krasnoe_suhoe_143_26d0cfdb16.webp,vinodelnya-myshako-marselan-krasnoe-suhoe-143,raw
dataset/uploads_root/prod-svoe-vino-strapi/prod-svoe-vino/strapi/uploads/shato_pino_marselan_merlo_krasnoe_suhoe_13_d4ec35012c.webp,shato-pino-marselan-merlo-krasnoe-suhoe-13,raw
dataset/uploads_root/prod-svoe-vino-strapi/prod-svoe-vino/strapi/uploads/vinodelnya_myshako_marselan_mode_krasnoe_suhoe_145_924e926ae9.webp,vinodelnya-myshako-marselan-mode-krasnoe-suhoe-145,raw
dataset/uploads_root/prod-svoe-vino-strapi/prod-svoe-vino/strapi/uploads/vinodelnya_myshako_marselan_mode_appassimento_krasnoe_suhoe_146_ea99d1e997.webp,vinodelnya-myshako-marselan-mode-appassimento-krasnoe-suhoe-146,raw
dataset/uploads_root/prod-svoe-vino-strapi/prod-svoe-vino/strapi/uploads/vinodelnya_myshako_marselan_avtorskaya_tehnologiya_krasnoe_suhoe_144_d0c6e20dc5.webp,vinodelnya-myshako-marselan-avtorskaya-tehnologiya-krasnoe-suhoe-144,raw
dataset/uploads_root/prod-svoe-vino-strapi/prod-svoe-vino/strapi/uploads/Massandra_Kokur_1fa858a17c.webp,massandra-kokur,raw
dataset/uploads_root/prod-svoe-vino-strapi/prod-svoe-vino/strapi/uploads/Massandra_Muskat_94b702fe3b.webp,massandra-muskat,raw
dataset/uploads_root/prod-svoe-vino-strapi/prod-svoe-vino/strapi/uploads/Massandra_suhoe_rozovoe_218d80e12d.webp,massandra-rozovoe-suhoe,raw
dataset/uploads_root/prod-svoe-vino-strapi/prod-svoe-vino/strapi/uploads/Massandra_Heres_f281a9d608.webp,massandra-heres,raw
dataset/uploads_root/prod-svoe-vino-strapi/prod-svoe-vino/strapi/uploads/massandra_massandra_heres_oreadna_aligote_beloe_suhoe_16_efa1aed005.webp,massandra-massandra-heres-oreadna-aligote-beloe-suhoe-16,raw
dataset/uploads_root/prod-svoe-vino-strapi/prod-svoe-vino/strapi/uploads/solnechnaya_dolina_meganom_blanc_de_blancs_kokur_igristoe_bryut_beloe_11_d897a0fd23.webp,solnechnaya-dolina-meganom-blanc-de-blancs-kokur-beloe-bryut-11,raw
dataset/uploads_root/prod-svoe-vino-strapi/prod-svoe-vino/strapi/uploads/solnechnaya_dolina_meganom_beloe_aligote_beloe_suhoe_13_040339bc56.webp,solnechnaya-dolina-meganom-beloe-aligote-suhoe-13,raw
dataset/uploads_root/prod-svoe-vino-strapi/prod-svoe-vino/strapi/uploads/solnechnaya_dolina_meganom_kyuve_shardone_igristoe_bryut_beloe_11_7fec189f24.webp,solnechnaya-dolina-meganom-kyuve-shardone-beloe-bryut-11,raw
dataset/uploads_root/prod-svoe-vino-strapi/prod-svoe-vino/strapi/uploads/Mezenka_Kaberne_Fran_33fd19b800.webp,katharon-mezenka-kaberne-fran,raw
dataset/uploads_root/prod-svoe-vino-strapi/prod-svoe-vino/strapi/uploads/Mezenka_Kaberne_Fran_Merlo_roze_7c0d7f9e13.webp,katharon-mezenka-kaberne-fran-merlo,raw
dataset/uploads_root/prod-svoe-vino-strapi/prod-svoe-vino/strapi/uploads/Mezenka_Merlo_a57948ccce.webp,katharon-mezenka-merlo,raw
dataset/uploads_root/prod-svoe-vino-strapi/prod-svoe-vino/strapi/uploads/IMG_20260617_132406_315_dc183ec137.webp,katharon-mezenka-risling-polusuhoe,raw
dataset/uploads_root/prod-svoe-vino-strapi/prod-svoe-vino/strapi/uploads/IMG_20260617_132401_890_e3ce77f247.webp,katharon-mezenka-risling-suhoe,raw
dataset/uploads_root/prod-svoe-vino-strapi/prod-svoe-vino/strapi/uploads/Mezenka_Sira_29468a4464.webp,katharon-mezenka-sira,raw
dataset/uploads_root/prod-svoe-vino-strapi/prod-svoe-vino/strapi/uploads/Mezenka_Sovinon_blan_d042166bd2.webp,katharon-mezenka-sovinon-blan,raw
dataset/uploads_root/prod-svoe-vino-strapi/prod-svoe-vino/strapi/uploads/usadba_mezyb_mezyb_kaberne_sovinon_krasnoe_suhoe_145_d7c1e16ecd.webp,usadba-mezyb-mezyb-kaberne-sovinon-krasnoe-suhoe-145,raw
dataset/uploads_root/prod-svoe-vino-strapi/prod-svoe-vino/strapi/uploads/usadba_mezyb_mezyb_merlo_krasnoe_suhoe_145_728824e935.webp,usadba-mezyb-mezyb-merlo-krasnoe-suhoe-145,raw
dataset/uploads_root/prod-svoe-vino-strapi/prod-svoe-vino/strapi/uploads/usadba_mezyb_mezyb_vione_beloe_suhoe_13_6e8c3cc5b2.webp,usadba-mezyb-mezyb-vione-beloe-suhoe-13,raw
dataset/uploads_root/prod-svoe-vino-strapi/prod-svoe-vino/strapi/uploads/usadba_mezyb_mezyb_kaberne_sovinon_kaberne_fran_krasnoe_suhoe_14_21f4d76eab.webp,usadba-mezyb-mezyb-kaberne-sovinon-kaberne-fran-krasnoe-suhoe-14,raw
dataset/uploads_root/prod-svoe-vino-strapi/prod-svoe-vino/strapi/uploads/usadba_mezyb_mezyb_kaberne_sovinon_kaberne_fran_vione_rozovoe_suhoe_133_986a11a9c7.webp,usadba-mezyb-mezyb-kaberne-sovinon-kaberne-fran-vione-rozovoe-suhoe-133,raw
dataset/uploads_root/prod-svoe-vino-strapi/prod-svoe-vino/strapi/uploads/skalistyy_bereg_melodiya_leta_krasnostop_zolotovskiy_rozovoe_suhoe_126_0c4c354c3c.webp,skalistyy-bereg-melodiya-leta-krasnostop-zolotovskiy-rozovoe-suhoe-126,raw
dataset/uploads_root/prod-svoe-vino-strapi/prod-svoe-vino/strapi/uploads/belbek_meritazh_kaberne_sovinon_krasnoe_suhoe_136_b0152ba5c6.webp,belbek-meritazh-kaberne-sovinon-krasnoe-suhoe-136,raw
dataset/uploads_root/prod-svoe-vino-strapi/prod-svoe-vino/strapi/uploads/golubitskoe_estate_merlo_krasnoe_suhoe_135_4cc0abb46d.webp,golubitskoe-estate-merlo-krasnoe-suhoe-135,raw
dataset/uploads_root/prod-svoe-vino-strapi/prod-svoe-vino/strapi/uploads/zmv_koktebel_merlo_krasnoe_suhoe_13_a8d634f782.webp,zmv-koktebel-merlo-krasnoe-suhoe-13,raw
dataset/uploads_root/prod-svoe-vino-strapi/prod-svoe-vino/strapi/uploads/alma_valley_merlo_krasnoe_suhoe_13_51d2488815.webp,alma-valley-merlo-krasnoe-suhoe-13,raw
dataset/uploads_root/prod-svoe-vino-strapi/prod-svoe-vino/strapi/uploads/esse_merlo_krasnoe_suhoe_135_efd9f63edb.webp,esse-merlo-krasnoe-suhoe-135,raw
dataset/uploads_root/prod-svoe-vino-strapi/prod-svoe-vino/strapi/uploads/bogovich_wine_vineyard_merlo_krasnoe_suhoe_14_6e030dc0f1.webp,bogovich-wine-vineyard-merlo-krasnoe-suhoe-14,raw
dataset/uploads_root/prod-svoe-vino-strapi/prod-svoe-vino/strapi/uploads/chateau_andre_merlo_krasnoe_suhoe_14_ac531c264e.webp,chateau-andre-merlo-krasnoe-suhoe-14,raw
dataset/uploads_root/prod-svoe-vino-strapi/prod-svoe-vino/strapi/uploads/vinodelnya_begildeeva_merlo_krasnoe_suhoe_14_977a726c54.webp,vinodelnya-begildeeva-merlo-krasnoe-suhoe-14,raw
dataset/uploads_root/prod-svoe-vino-strapi/prod-svoe-vino/strapi/uploads/vinodelnya_batrak_merlo_rozovoe_suhoe_13_c52c679840.webp,vinodelnya-batrak-merlo-rozovoe-suhoe-13,raw
dataset/uploads_root/prod-svoe-vino-strapi/prod-svoe-vino/strapi/uploads/MERLO_Photoroom_86d1e59354.webp,orlov_merlo,raw
dataset/uploads_root/prod-svoe-vino-strapi/prod-svoe-vino/strapi/uploads/loco_cimbali_merlo_krasnoe_suhoe_138_810725db96.webp,loco-cimbali-merlo-krasnoe-suhoe-138,raw
dataset/uploads_root/prod-svoe-vino-strapi/prod-svoe-vino/strapi/uploads/stn_winery_merlo_krasnoe_suhoe_14_a40621f55a.webp,stn-winery-merlo-krasnoe-suhoe-14,raw
dataset/uploads_root/prod-svoe-vino-strapi/prod-svoe-vino/strapi/uploads/Merlo_2022_255392430a.webp,perovskih_merlo,raw
dataset/uploads_root/prod-svoe-vino-strapi/prod-svoe-vino/strapi/uploads/mons_albus_merlo_rozovoe_suhoe_132_a694baeaee.webp,mons-albus-merlo-rozovoe-suhoe-132,raw
dataset/uploads_root/prod-svoe-vino-strapi/prod-svoe-vino/strapi/uploads/belbek_merlo_krasnoe_suhoe_13_62ef7bfee8.webp,belbek-merlo-krasnoe-suhoe-13,raw
dataset/uploads_root/prod-svoe-vino-strapi/prod-svoe-vino/strapi/uploads/vinodelnya_marko_merlo_krasnoe_suhoe_14_384d0e4a2a.webp,vinodelnya-marko-merlo-krasnoe-suhoe-14,raw
dataset/uploads_root/prod-svoe-vino-strapi/prod-svoe-vino/strapi/uploads/vinodelnya_marchenko_merlo_krasnoe_suhoe_14_b03e5e2a36.webp,vinodelnya-marchenko-merlo-krasnoe-suhoe-14,raw
dataset/uploads_root/prod-svoe-vino-strapi/prod-svoe-vino/strapi/uploads/merlo_d6c03313e4.webp,merlo,raw
dataset/uploads_root/prod-svoe-vino-strapi/prod-svoe-vino/strapi/uploads/merlo_89592556f7.webp,merlo-1,raw
dataset/uploads_root/prod-svoe-vino-strapi/prod-svoe-vino/strapi/uploads/donskoe_vinodelcheskoe_hozyaystvo_elbuzd_merlo_krasnoe_suhoe_13_261ddc4f01.webp,donskoe-vinodelcheskoe-hozyaystvo-elbuzd-merlo-krasnoe-suhoe-13,raw
dataset/uploads_root/prod-svoe-vino-strapi/prod-svoe-vino/strapi/uploads/villa_sofiya_merlo_kaberne_sovinon_krasnoe_suhoe_14_84e867e1b3.webp,villa-sofiya-merlo-kaberne-sovinon-krasnoe-suhoe-14,raw
dataset/uploads_root/prod-svoe-vino-strapi/prod-svoe-vino/strapi/uploads/vinodelnya_myshako_merlo_zinfandel_kyuve_rozovoe_suhoe_128_3d3d21e00a.webp,vinodelnya-myshako-merlo-zinfandel-kyuve-rozovoe-suhoe-128,raw
dataset/uploads_root/prod-svoe-vino-strapi/prod-svoe-vino/strapi/uploads/vinodelnya_myshako_merlo_tempranilo_kyuve_krasnoe_polusladkoe_135_884e18f396.webp,vinodelnya-myshako-merlo-tempranilo-kyuve-krasnoe-polusladkoe-135,raw
dataset/uploads_root/prod-svoe-vino-strapi/prod-svoe-vino/strapi/uploads/vinodelnya_myshako_merlo_grand_rezerv_krasnoe_suhoe_142_755fcb23a0.webp,vinodelnya-myshako-merlo-grand-rezerv-krasnoe-suhoe-142,raw
dataset/uploads_root/prod-svoe-vino-strapi/prod-svoe-vino/strapi/uploads/image_04_09_26_01_21_e2229a9af8.webp,merlo-litavshhuk,raw
dataset/uploads_root/prod-svoe-vino-strapi/prod-svoe-vino/strapi/uploads/esse_merlo_otbornoe_krasnoe_suhoe_13_eda65be34f.webp,esse-merlo-otbornoe-krasnoe-suhoe-13,raw
dataset/uploads_root/prod-svoe-vino-strapi/prod-svoe-vino/strapi/uploads/usadba_markoth_merlo_rezerv_krasnoe_suhoe_vyderzhannoe_13_7e6627d371.webp,usadba-markoth-merlo-rezerv-krasnoe-suhoe-13,raw
dataset/uploads_root/prod-svoe-vino-strapi/prod-svoe-vino/strapi/uploads/golubitskoe_estate_merlo_rezerv_krasnoe_suhoe_135_2a7849699b.webp,golubitskoe-estate-merlo-rezerv-krasnoe-suhoe-135,raw
dataset/uploads_root/prod-svoe-vino-strapi/prod-svoe-vino/strapi/uploads/chateau_de_talu_merlo_rezerv_krasnoe_suhoe_14_d84b50e282.webp,chateau-de-talu-merlo-rezerv-krasnoe-suhoe-14,raw
dataset/uploads_root/prod-svoe-vino-strapi/prod-svoe-vino/strapi/uploads/alma_valley_merlo_rezerv_krasnoe_suhoe_15_6f1a4e1e17.webp,alma-valley-merlo-rezerv-krasnoe-suhoe-15,raw
dataset/uploads_root/prod-svoe-vino-strapi/prod-svoe-vino/strapi/uploads/alma_valley_merlo_rezerv_krasnoe_suhoe_vyderzhannoe_14_ea3e8292cb.webp,alma-valley-merlo-rezerv-krasnoe-suhoe-14,raw
dataset/uploads_root/prod-svoe-vino-strapi/prod-svoe-vino/strapi/uploads/dubinin_winery_merlo_roze_rozovoe_suhoe_125_7a5b91f610.webp,dubinin-winery-merlo-roze-rozovoe-suhoe-125,raw
dataset/uploads_root/prod-svoe-vino-strapi/prod-svoe-vino/strapi/uploads/imenie_sikory_merlo_sikory_krasnoe_suhoe_13_962d1b82f9.webp,imenie-sikory-merlo-sikory-krasnoe-suhoe-13,raw
dataset/uploads_root/prod-svoe-vino-strapi/prod-svoe-vino/strapi/uploads/vinodelnya_myshako_merlo_black_out_krasnoe_sladkoe_14_83578ec427.webp,vinodelnya-myshako-merlo-black-out-krasnoe-sladkoe-14,raw
dataset/uploads_root/prod-svoe-vino-strapi/prod-svoe-vino/strapi/uploads/imenie_sikory_merlo_semeynyy_rezerv_krasnoe_suhoe_vyderzhannoe_14_ddcc4b5b79.webp,imenie-sikory-merlo-semeynyy-rezerv-krasnoe-suhoe-14,raw
dataset/uploads_root/prod-svoe-vino-strapi/prod-svoe-vino/strapi/uploads/Molodoe_Atlas_2025_Normal_Krasnoe_748e72dcb7.webp,molodoe-shato-taman-1,raw
dataset/uploads_root/prod-svoe-vino-strapi/prod-svoe-vino/strapi/uploads/Molodoe_Atlas_2025_Normal_Beloe_da0ba8a14a.webp,molodoe-shato-taman,raw
dataset/uploads_root/prod-svoe-vino-strapi/prod-svoe-vino/strapi/uploads/vinodelnya_uzunov_mono_kaberne_sovinon_krasnoe_suhoe_139_42121992a0.webp,vinodelnya-uzunov-mono-kaberne-sovinon-krasnoe-suhoe-139,raw
dataset/uploads_root/prod-svoe-vino-strapi/prod-svoe-vino/strapi/uploads/vinodelnya_uzunov_mono_krasnostop_krasnostop_zolotovskiy_krasnoe_suhoe_139_dc975abb72.webp,vinodelnya-uzunov-mono-krasnostop-krasnostop-zolotovskiy-krasnoe-suhoe-139,raw
dataset/uploads_root/prod-svoe-vino-strapi/prod-svoe-vino/strapi/uploads/vinodelnya_uzunov_mono_saperavi_krasnoe_suhoe_139_f7bdf672a2.webp,vinodelnya-uzunov-mono-saperavi-krasnoe-suhoe-139,raw
dataset/uploads_root/prod-svoe-vino-strapi/prod-svoe-vino/strapi/uploads/soyuz_vino_mosavali_rkatsiteli_beloe_polusladkoe_11_cf350f08a2.webp,soyuz-vino-mosavali-rkatsiteli-beloe-polusladkoe-11,raw
dataset/uploads_root/prod-svoe-vino-strapi/prod-svoe-vino/strapi/uploads/soyuz_vino_mosavali_saperavi_polusladkoe_krasnoe_11_Photoroom_f236b93ec6.webp,soyuz-vino-mosavali-saperavi-polusladkoe-krasnoe-11,raw
dataset/uploads_root/prod-svoe-vino-strapi/prod-svoe-vino/strapi/uploads/soyuz_vino_mosavali_saperavi_suhoe_krasnoe_11_4664250a21.webp,soyuz-vino-mosavali-saperavi-suhoe-krasnoe-11,raw
dataset/uploads_root/prod-svoe-vino-strapi/prod-svoe-vino/strapi/uploads/stn_winery_muskat_beloe_suhoe_115_73c0464c2e.webp,stn-winery-muskat-beloe-suhoe-115,raw
dataset/uploads_root/prod-svoe-vino-strapi/prod-svoe-vino/strapi/uploads/esse_muskat_muskat_belyy_beloe_suhoe_115_48469f1962.webp,esse-muskat-muskat-belyy-beloe-suhoe-115,raw
dataset/uploads_root/prod-svoe-vino-strapi/prod-svoe-vino/strapi/uploads/Muskat_2024_ff79889a1b.webp,perovskih_muskat,raw
dataset/uploads_root/prod-svoe-vino-strapi/prod-svoe-vino/strapi/uploads/belbek_muskat_muskat_belyy_beloe_suhoe_127_d8229478b6.webp,belbek-muskat-muskat-belyy-beloe-suhoe-127,raw
dataset/uploads_root/prod-svoe-vino-strapi/prod-svoe-vino/strapi/uploads/dva_serdtsa_muskat_muskat_belyy_beloe_polusuhoe_12_812f13f41a.webp,dva-serdtsa-muskat-muskat-belyy-beloe-polusuhoe-12,raw
dataset/uploads_root/prod-svoe-vino-strapi/prod-svoe-vino/strapi/uploads/chateau_de_talu_muskat_beloe_suhoe_13_c31a9ba7de.webp,chateau-de-talu-muskat-beloe-suhoe-13,raw
dataset/uploads_root/prod-svoe-vino-strapi/prod-svoe-vino/strapi/uploads/radiowine_muskat_amber_muskat_ottonel_beloe_suhoe_13_30d2cbdd8f.webp,radiowine-muskat-amber-muskat-ottonel-beloe-suhoe-13,raw
dataset/uploads_root/prod-svoe-vino-strapi/prod-svoe-vino/strapi/uploads/rem_akchurin_muskat_belyy_beloe_suhoe_135_83780f24fa.webp,rem-akchurin-muskat-belyy-beloe-suhoe-135,raw
dataset/uploads_root/prod-svoe-vino-strapi/prod-svoe-vino/strapi/uploads/esse_muskat_belyy_beloe_suhoe_135_446d285a06.webp,esse-muskat-belyy-beloe-suhoe-135,raw
dataset/uploads_root/prod-svoe-vino-strapi/prod-svoe-vino/strapi/uploads/massandra_muskat_belyy_krasnogo_kamnya_beloe_sladkoe_13_8456db974b.webp,massandra-muskat-belyy-krasnogo-kamnya-beloe-sladkoe-13,raw
dataset/uploads_root/prod-svoe-vino-strapi/prod-svoe-vino/strapi/uploads/massandra_muskat_belyy_pozdnego_sbora_beloe_sladkoe_10_17230edc84.webp,massandra-muskat-belyy-pozdnego-sbora-beloe-sladkoe-10,raw
dataset/uploads_root/prod-svoe-vino-strapi/prod-svoe-vino/strapi/uploads/massandra_muskat_belyy_yuzhnoberezhnyy_beloe_desertnoe_16_609f9d79d5.webp,massandra-muskat-belyy-yuzhnoberezhnyy-beloe-sladkoe-16,raw
dataset/uploads_root/prod-svoe-vino-strapi/prod-svoe-vino/strapi/uploads/chateau_cachalot_muskat_blan_muskat_belyy_beloe_suhoe_117_d2969be524.webp,chateau-cachalot-muskat-blan-muskat-belyy-beloe-suhoe-117,raw
dataset/uploads_root/prod-svoe-vino-strapi/prod-svoe-vino/strapi/uploads/andryus_yutsis_muskat_blan_vione_beloe_suhoe_117_67d4906ed6.webp,andryus-yutsis-muskat-blan-vione-beloe-suhoe-117,raw
dataset/uploads_root/prod-svoe-vino-strapi/prod-svoe-vino/strapi/uploads/zmv_koktebel_muskat_desertnyy_rozovoe_sladkoe_16_42c8ac5c99.webp,zmv-koktebel-muskat-desertnyy-rozovoe-sladkoe-16,raw
dataset/uploads_root/prod-svoe-vino-strapi/prod-svoe-vino/strapi/uploads/Muskat_oranzh_2024_55882c1c4d.webp,perovskih_muskat_orange,raw
dataset/uploads_root/prod-svoe-vino-strapi/prod-svoe-vino/strapi/uploads/esse_muskat_oranzh_muskat_belyy_beloe_suhoe_115_8221306c48.webp,esse-muskat-oranzh-muskat-belyy-beloe-suhoe-115,raw
dataset/uploads_root/prod-svoe-vino-strapi/prod-svoe-vino/strapi/uploads/rem_akchurin_muskat_oranzh_oranzhevoe_suhoe_115_d72b609dd9.webp,rem-akchurin-muskat-oranzh-oranzhevoe-suhoe-115,raw
dataset/uploads_root/prod-svoe-vino-strapi/prod-svoe-vino/strapi/uploads/belbek_muskat_oranzh_muskat_belyy_oranzhevoe_suhoe_125_15ac5f6bc6.webp,belbek-muskat-oranzh-muskat-belyy-oranzhevoe-suhoe-125,raw
dataset/uploads_root/prod-svoe-vino-strapi/prod-svoe-vino/strapi/uploads/bogovich_wine_vineyard_muskat_oranzh_muskat_belyy_beloe_suhoe_125_959036a2e8.webp,bogovich-wine-vineyard-muskat-oranzh-muskat-belyy-beloe-suhoe-125,raw
dataset/uploads_root/prod-svoe-vino-strapi/prod-svoe-vino/strapi/uploads/vinodelnya_78_muskat_otbornyy_muskat_yantarnyy_beloe_suhoe_125_f70367e658.webp,vinodelnya-78-muskat-otbornyy-muskat-yantarnyy-beloe-suhoe-125,raw
dataset/uploads_root/prod-svoe-vino-strapi/prod-svoe-vino/strapi/uploads/blagolyubov_muskat_ottonel_beloe_suhoe_125_32dd0cb4e6.webp,blagolyubov-muskat-ottonel-beloe-suhoe-125,raw
dataset/uploads_root/prod-svoe-vino-strapi/prod-svoe-vino/strapi/uploads/petnat_muskat_no_bg_preview_carve_photos_2296dc8b1a.webp,muskat-ottonel-gusev,raw
dataset/uploads_root/prod-svoe-vino-strapi/prod-svoe-vino/strapi/uploads/20260617_072415_Photoroom_6dda2f8425.webp,jd_winery_muskat_ottonel,raw
dataset/uploads_root/prod-svoe-vino-strapi/prod-svoe-vino/strapi/uploads/massandra_muskat_pozdnego_sbora_muskat_belyy_beloe_sladkoe_16_75b19a772c.webp,massandra-muskat-pozdnego-sbora-muskat-belyy-beloe-sladkoe-16,raw
dataset/uploads_root/prod-svoe-vino-strapi/prod-svoe-vino/strapi/uploads/4290_z_D_Kb_OVA_no_bg_preview_carve_photos_6bdfe80e27.webp,muskat-pozdnego-sbora-rozovyj,raw
dataset/uploads_root/prod-svoe-vino-strapi/prod-svoe-vino/strapi/uploads/vinodelnya_78_muskat_polusladkoe_muskat_ottonel_igristoe_polusladkoe_beloe_115_7d7906929e.webp,vinodelnya-78-muskat-polusladkoe-muskat-ottonel-beloe-115,raw
dataset/uploads_root/prod-svoe-vino-strapi/prod-svoe-vino/strapi/uploads/massandra_muskat_rozovyy_pozdnego_sbora_rozovoe_sladkoe_10_543ccac814.webp,massandra-muskat-rozovyy-pozdnego-sbora-rozovoe-sladkoe-10,raw
dataset/uploads_root/prod-svoe-vino-strapi/prod-svoe-vino/strapi/uploads/dva_serdtsa_muskat_suhoy_muskat_belyy_beloe_suhoe_12_904721b94a.webp,dva-serdtsa-muskat-suhoy-muskat-belyy-beloe-suhoe-12,raw
dataset/uploads_root/prod-svoe-vino-strapi/prod-svoe-vino/strapi/uploads/zmv_koktebel_muskat_yantarnyy_desertnyy_beloe_sladkoe_16_b191b9e48e.webp,zmv-koktebel-muskat-yantarnyy-desertnyy-beloe-sladkoe-16,raw
dataset/uploads_root/prod-svoe-vino-strapi/prod-svoe-vino/strapi/uploads/vinodelnya_myshako_muskat_avtorskaya_tehnologiya_mono_beloe_suhoe_128_a6633f8b78.webp,vinodelnya-myshako-muskat-avtorskaya-tehnologiya-mono-beloe-suhoe-128,raw
dataset/uploads_root/prod-svoe-vino-strapi/prod-svoe-vino/strapi/uploads/2923_GVA_Ps_CA_no_bg_preview_carve_photos_4a01fd1119.webp,muskat-avtorskoe-vino,raw
dataset/uploads_root/prod-svoe-vino-strapi/prod-svoe-vino/strapi/uploads/valeriy_zaharin_muskat_valeriy_zaharin_muskat_ottonel_beloe_polusladkoe_12_a78dbaf48c.webp,valeriy-zaharin-muskat-valeriy-zaharin-muskat-ottonel-beloe-polusladkoe-12,raw
dataset/uploads_root/prod-svoe-vino-strapi/prod-svoe-vino/strapi/uploads/domaine_lipko_muskat_pomeste_trenzina_muskat_belyy_beloe_suhoe_119_f53581d3d0.webp,domaine-lipko-muskat-pomeste-trenzina-muskat-belyy-beloe-suhoe-119,raw
dataset/uploads_root/prod-svoe-vino-strapi/prod-svoe-vino/strapi/uploads/Screenshot_25_e7771a3f2d.webp,muskat-premium,raw
dataset/uploads_root/prod-svoe-vino-strapi/prod-svoe-vino/strapi/uploads/massandra_muskatel_belyy_belye_sorta_vinograda_beloe_sladkoe_16_f7e0314033.webp,massandra-muskatel-belyy-belye-sorta-vinograda-beloe-sladkoe-16,raw
dataset/uploads_root/prod-svoe-vino-strapi/prod-svoe-vino/strapi/uploads/massandra_muskatel_rozovyy_belye_sorta_vinograda_rozovoe_sladkoe_16_3e12b153be.webp,massandra-muskatel-rozovyy-belye-sorta-vinograda-rozovoe-sladkoe-16,raw
dataset/uploads_root/prod-svoe-vino-strapi/prod-svoe-vino/strapi/uploads/massandra_muskatel_chernyy_krasnye_sorta_vinograda_krasnoe_sladkoe_16_b35635608c.webp,massandra-muskatel-chernyy-krasnye-sorta-vinograda-krasnoe-sladkoe-16,raw
dataset/uploads_root/prod-svoe-vino-strapi/prod-svoe-vino/strapi/uploads/solnechnaya_dolina_muskatnoe_festivalnoe_muskat_belyy_rozovoe_sladkoe_16_a0294f4818.webp,solnechnaya-dolina-muskatnoe-festivalnoe-muskat-belyy-rozovoe-sladkoe-16,raw
dataset/uploads_root/prod-svoe-vino-strapi/prod-svoe-vino/strapi/uploads/Sh_T_Molodoe_2025_igristoe_Normal_Muskat_24e7ba1069.webp,muskatnoe-shato-taman,raw
dataset/uploads_root/prod-svoe-vino-strapi/prod-svoe-vino/strapi/uploads/vinodelnya_marchenko_mtsvane_mtsvane_kahetinskiy_beloe_suhoe_135_f2692146b1.webp,vinodelnya-marchenko-mtsvane-mtsvane-kahetinskiy-beloe-suhoe-135,raw
dataset/uploads_root/prod-svoe-vino-strapi/prod-svoe-vino/strapi/uploads/Myshako_grin_kejp_shardone_e8511bbe5d.webp,myshako-green-cape-shardone-beloe-bryut,raw
dataset/uploads_root/prod-svoe-vino-strapi/prod-svoe-vino/strapi/uploads/Myshako_igristoe_bryut_beloe_d8ba526bcc.webp,myshako-igristoe-beloe-bryut,raw
dataset/uploads_root/prod-svoe-vino-strapi/prod-svoe-vino/strapi/uploads/Myshako_igristoe_polusladkoe_beloe_846a405f2a.webp,myshako-igristoe-beloe-polusladkoe,raw
dataset/uploads_root/prod-svoe-vino-strapi/prod-svoe-vino/strapi/uploads/vinodelnya_myshako_myshako_kyuve_rozovoe_pino_nuar_igristoe_bryut_rozovoe_123_eace41f3c1.webp,vinodelnya-myshako-myshako-kyuve-rozovoe-pino-nuar-bryut-123,raw
dataset/uploads_root/prod-svoe-vino-strapi/prod-svoe-vino/strapi/uploads/uppa_winery_nebbiolo_krasnoe_suhoe_14_2d7e43d3e7.webp,uppa-winery-nebbiolo-krasnoe-suhoe-14,raw
dataset/uploads_root/prod-svoe-vino-strapi/prod-svoe-vino/strapi/uploads/Screenshot_6_Photoroom_b5b45ec3f4.webp,nebo-rossii-glera,raw
dataset/uploads_root/prod-svoe-vino-strapi/prod-svoe-vino/strapi/uploads/vinodelnya_zhakov_neoranzh_vostorg_beloe_suhoe_123_daeaeb297b.webp,vinodelnya-zhakov-neoranzh-vostorg-beloe-suhoe-123,raw
dataset/uploads_root/prod-svoe-vino-strapi/prod-svoe-vino/strapi/uploads/4300_tl_K_Hp_Eg_0fa0eef9b4.webp,novyj-svet-vyderzhannoe-bryut,raw
dataset/uploads_root/prod-svoe-vino-strapi/prod-svoe-vino/strapi/uploads/4293_5v_Oij6_H_e1d1daa1cf.webp,novyj-svet-kollekczionnoe-bryut,raw
dataset/uploads_root/prod-svoe-vino-strapi/prod-svoe-vino/strapi/uploads/4300_tl_K_Hp_Eg_58f660d670.webp,novyj-svet-polusladkoe,raw
dataset/uploads_root/prod-svoe-vino-strapi/prod-svoe-vino/strapi/uploads/novyy_svet_dom_shampanskih_vin_novyy_svet_polusladkoe_roze_shardone_igristoe_polusladkoe_rozovoe_115_79fb7eee7d.webp,novyy-svet-dom-shampanskih-vin-novyy-svet-polusladkoe-roze-shardone-rozovoe-115,raw
dataset/uploads_root/prod-svoe-vino-strapi/prod-svoe-vino/strapi/uploads/4299_5o_I_Vt_UU_9348a5c313.webp,novyj-svet-polusuhoe-kollekczionnoe,raw
dataset/uploads_root/prod-svoe-vino-strapi/prod-svoe-vino/strapi/uploads/2938_CG_6_Oxk_C_8ebbf0da39.webp,novyj-svet-aligote,raw
dataset/uploads_root/prod-svoe-vino-strapi/prod-svoe-vino/strapi/uploads/2939_WV_4_G4x_P_1d07c0e491.webp,novyj-svet-blan-de-nuar,raw
dataset/uploads_root/prod-svoe-vino-strapi/prod-svoe-vino/strapi/uploads/4310_5n67_NVV_9e7031b185.webp,novyj-svet-zolotoj-risling,raw
dataset/uploads_root/prod-svoe-vino-strapi/prod-svoe-vino/strapi/uploads/2927_F6_GFXH_9_09971a59db.webp,novyj-svet-kaberne,raw
dataset/uploads_root/prod-svoe-vino-strapi/prod-svoe-vino/strapi/uploads/4308_TC_5bs_GE_232f37619b.webp,novyj-svet-kaberne-sovinon,raw
dataset/uploads_root/prod-svoe-vino-strapi/prod-svoe-vino/strapi/uploads/4309_Xp_Hvu_QW_c001f686c0.webp,novyj-svet-kaberne-sovinon-polusladkoe,raw
dataset/uploads_root/prod-svoe-vino-strapi/prod-svoe-vino/strapi/uploads/novyy_svet_dom_shampanskih_vin_novyy_svet_kokur_kokur_belyy_igristoe_ekstra_bryut_beloe_12_b5e5ba5f93.webp,novyy-svet-dom-shampanskih-vin-novyy-svet-kokur-kokur-belyy-beloe-ekstra-bryut-12,raw
dataset/uploads_root/prod-svoe-vino-strapi/prod-svoe-vino/strapi/uploads/novyy_svet_dom_shampanskih_vin_novyy_svet_kyuve_ekstra_bryut_shardone_igristoe_ekstra_bryut_beloe_135_581e3f0c7a.webp,novyy-svet-dom-shampanskih-vin-novyy-svet-kyuve-ekstra-bryut-shardone-beloe-135,raw
dataset/uploads_root/prod-svoe-vino-strapi/prod-svoe-vino/strapi/uploads/2934_gdn4e_Jx_261a22f964.webp,novyj-svet-paradizio,raw
dataset/uploads_root/prod-svoe-vino-strapi/prod-svoe-vino/strapi/uploads/4303_v_E_Ae_Fb_H_c2ae43e296.webp,novyj-svet-pino-gri-millezim,raw
dataset/uploads_root/prod-svoe-vino-strapi/prod-svoe-vino/strapi/uploads/novyy_svet_dom_shampanskih_vin_novyy_svet_pino_nuar_igristoe_bryut_rozovoe_13_44fddc2b18.webp,novyy-svet-dom-shampanskih-vin-novyy-svet-pino-nuar-rozovoe-bryut-13,raw
dataset/uploads_root/prod-svoe-vino-strapi/prod-svoe-vino/strapi/uploads/4298_n_Wd2gfl_fc9d46eed2.webp,novyj-svet-risling-kyuve-de-prestizh,raw
dataset/uploads_root/prod-svoe-vino-strapi/prod-svoe-vino/strapi/uploads/4301_xc_Hycz_V_5f1c804393.webp,novyj-svet-shardone,raw
dataset/uploads_root/prod-svoe-vino-strapi/prod-svoe-vino/strapi/uploads/4302_K89cs_Mx_a2f8098739.webp,novyj-svet-shardone-kyuve-de-prestizh,raw
dataset/uploads_root/prod-svoe-vino-strapi/prod-svoe-vino/strapi/uploads/2936_z_C6_X56_X_bbd70ec699.webp,novyj-svet-shardone-kyuve-de-prestizh-1,raw
dataset/uploads_root/prod-svoe-vino-strapi/prod-svoe-vino/strapi/uploads/vinodelnya_uzunov_nrav_krasnostop_zolotovskiy_krasnoe_suhoe_132_17879d1190.webp,vinodelnya-uzunov-nrav-krasnostop-zolotovskiy-krasnoe-suhoe-132,raw
dataset/uploads_root/prod-svoe-vino-strapi/prod-svoe-vino/strapi/uploads/vinodelnya_uzunov_nrav_rezerv_krasnostop_zolotovskiy_krasnoe_suhoe_139_ef83afb6fb.webp,vinodelnya-uzunov-nrav-rezerv-krasnostop-zolotovskiy-krasnoe-suhoe-139,raw
dataset/uploads_root/prod-svoe-vino-strapi/prod-svoe-vino/strapi/uploads/artvin_odesskiy_chernyy_rezerv_krasnoe_suhoe_13_4531c8f1c7.webp,artvin-odesskiy-chernyy-rezerv-krasnoe-suhoe-13,raw
dataset/uploads_root/prod-svoe-vino-strapi/prod-svoe-vino/strapi/uploads/Odesskij_chernyj_limitirovannaya_52bc844aa1.webp,perovskih_odesskiy_chernyi,raw
dataset/uploads_root/prod-svoe-vino-strapi/prod-svoe-vino/strapi/uploads/Screenshot_9_78adaf4455.webp,oleg,raw
dataset/uploads_root/prod-svoe-vino-strapi/prod-svoe-vino/strapi/uploads/olymp_winery_olimp_avtorskoe_kaberne_sovinon_krasnoe_suhoe_11_9c790bc6e3.webp,olymp-winery-olimp-avtorskoe-kaberne-sovinon-krasnoe-suhoe-11,raw
dataset/uploads_root/prod-svoe-vino-strapi/prod-svoe-vino/strapi/uploads/loco_cimbali_oranzh_muskat_oranzhevoe_suhoe_127_dc98a21033.webp,loco-cimbali-oranzh-muskat-oranzhevoe-suhoe-127,raw
dataset/uploads_root/prod-svoe-vino-strapi/prod-svoe-vino/strapi/uploads/loco_cimbali_oranzh_muskat_belyy_beloe_suhoe_129_8e7474bb65.webp,loco-cimbali-oranzh-muskat-belyy-beloe-suhoe-129,raw
dataset/uploads_root/prod-svoe-vino-strapi/prod-svoe-vino/strapi/uploads/zmv_koktebel_oranzh_rkatsiteli_beloe_suhoe_125_43fc87e7b1.webp,zmv-koktebel-oranzh-rkatsiteli-beloe-suhoe-125,raw
dataset/uploads_root/prod-svoe-vino-strapi/prod-svoe-vino/strapi/uploads/vinodelnya_myshako_oranzhevoe_iz_belogo_gevyurtstraminer_krasnoe_suhoe_142_44b9fe0380.webp,vinodelnya-myshako-oranzhevoe-iz-belogo-gevyurtstraminer-krasnoe-suhoe-142,raw
dataset/uploads_root/prod-svoe-vino-strapi/prod-svoe-vino/strapi/uploads/andryus_yutsis_organik_risling_beloe_suhoe_115_6eb74add89.webp,andryus-yutsis-organik-risling-beloe-suhoe-115,raw
dataset/uploads_root/prod-svoe-vino-strapi/prod-svoe-vino/strapi/uploads/Pazori_Risling_e5de844d95.webp,denisov_pazori_risling,raw
dataset/uploads_root/prod-svoe-vino-strapi/prod-svoe-vino/strapi/uploads/vinodelnya_raevskoe_parfyum_de_terruar_blansh_vione_beloe_suhoe_12_da74965f85.webp,vinodelnya-raevskoe-parfyum-de-terruar-blansh-vione-beloe-suhoe-12,raw
dataset/uploads_root/prod-svoe-vino-strapi/prod-svoe-vino/strapi/uploads/vinodelnya_raevskoe_parfyum_de_terruar_muskat_muskat_zheltyy_beloe_suhoe_123_b111e93f53.webp,vinodelnya-raevskoe-parfyum-de-terruar-muskat-muskat-zheltyy-beloe-suhoe-123,raw
dataset/uploads_root/prod-svoe-vino-strapi/prod-svoe-vino/strapi/uploads/vinodelnya_raevskoe_parfyum_de_terruar_risling_beloe_suhoe_12_8823716922.webp,vinodelnya-raevskoe-parfyum-de-terruar-risling-beloe-suhoe-12,raw
dataset/uploads_root/prod-svoe-vino-strapi/prod-svoe-vino/strapi/uploads/vinodelnya_raevskoe_parfyum_de_terruar_roze_tempranilo_rozovoe_suhoe_116_3a3a12f03a.webp,vinodelnya-raevskoe-parfyum-de-terruar-roze-tempranilo-rozovoe-suhoe-116,raw
dataset/uploads_root/prod-svoe-vino-strapi/prod-svoe-vino/strapi/uploads/vinodelnya_raevskoe_parfyum_de_terruar_ruzh_tempranilo_krasnoe_suhoe_13_ac22e06bac.webp,vinodelnya-raevskoe-parfyum-de-terruar-ruzh-tempranilo-krasnoe-suhoe-13,raw
dataset/uploads_root/prod-svoe-vino-strapi/prod-svoe-vino/strapi/uploads/vinodelnya_raevskoe_parfyum_de_terruar_sovinon_blan_beloe_suhoe_121_fb61b21cb1.webp,vinodelnya-raevskoe-parfyum-de-terruar-sovinon-blan-beloe-suhoe-121,raw
dataset/uploads_root/prod-svoe-vino-strapi/prod-svoe-vino/strapi/uploads/valeriy_zaharin_paterum_bastardo_saperavi_kefesiya_bastardo_magarachskiy_krasnoe_suhoe_12_f8cd350db5.webp,valeriy-zaharin-paterum-bastardo-saperavi-kefesiya-bastardo-magarachskiy-krasnoe-suhoe-12,raw
dataset/uploads_root/prod-svoe-vino-strapi/prod-svoe-vino/strapi/uploads/Tihoe_Pereplyas_2025_2090756472.webp,denisov_pereplyas_kurmyshi,raw
dataset/uploads_root/prod-svoe-vino-strapi/prod-svoe-vino/strapi/uploads/skalistyy_bereg_pesn_holmov_merlo_krasnoe_suhoe_145_88a221aea6.webp,skalistyy-bereg-pesn-holmov-merlo-krasnoe-suhoe-145,raw
dataset/uploads_root/prod-svoe-vino-strapi/prod-svoe-vino/strapi/uploads/DSC_09170_a4e65f21e4.webp,pet-nat-sosedi-2024,raw
dataset/uploads_root/prod-svoe-vino-strapi/prod-svoe-vino/strapi/uploads/PETNAT_Rubin_prozrachnaya_3964ed9fec.webp,denisov_pet_nat_rubin,raw
dataset/uploads_root/prod-svoe-vino-strapi/prod-svoe-vino/strapi/uploads/PETNAT_Czitron_Rkacziteli_prozrachnaya_2_2a66431961.webp,denisov_pet_nat_citron_rkaciteli,raw
dataset/uploads_root/prod-svoe-vino-strapi/prod-svoe-vino/strapi/uploads/alma_valley_petit_arvin_beloe_suhoe_13_863e81595b.webp,alma-valley-petit-arvin-beloe-suhoe-13,raw
dataset/uploads_root/prod-svoe-vino-strapi/prod-svoe-vino/strapi/uploads/golubitskoe_estate_petnat_white_risling_reynskiy_petnat_suhoy_belyy_115_e6d0ac50f9.webp,golubitskoe-estate-petnat-white-risling-reynskiy-beloe-suhoe-115,raw
dataset/uploads_root/prod-svoe-vino-strapi/prod-svoe-vino/strapi/uploads/shato_pino_oranzh_vione_igristoe_ekstra_bryut_beloe_11_9a8ccb87e7.webp,shato-pino-petnat-oranzh-vione-beloe-ekstra-bryut-11,raw
dataset/uploads_root/prod-svoe-vino-strapi/prod-svoe-vino/strapi/uploads/shato_pino_pino_gri_igristoe_ekstra_bryut_beloe_11_470a963704.webp,shato-pino-petnat-pino-gri-beloe-ekstra-bryut-11,raw
dataset/uploads_root/prod-svoe-vino-strapi/prod-svoe-vino/strapi/uploads/shato_pino_pino_gri_igristoe_ekstra_bryut_rozovoe_11_660c923c47.webp,shato-pino-petnat-pino-gri-rozovoe-ekstra-bryut-11,raw
dataset/uploads_root/prod-svoe-vino-strapi/prod-svoe-vino/strapi/uploads/shato_pino_pino_nuar_igristoe_ekstra_bryut_rozovoe_11_ebf10494b8.webp,shato-pino-petnat-pino-nuar-rozovoe-ekstra-bryut-11,raw
dataset/uploads_root/prod-svoe-vino-strapi/prod-svoe-vino/strapi/uploads/denisov_winery_petnat_risling_petnat_ekstra_bryut_belyy_10_8ac6c27fa7.webp,denisov-winery-petnat-risling-beloe-ekstra-bryut-10,raw
dataset/uploads_root/prod-svoe-vino-strapi/prod-svoe-vino/strapi/uploads/denisov_winery_petnat_rkatsiteli_petnat_ekstra_bryut_belyy_107_5da935c18a.webp,denisov-winery-petnat-rkatsiteli-beloe-ekstra-bryut-107,raw
dataset/uploads_root/prod-svoe-vino-strapi/prod-svoe-vino/strapi/uploads/denisov_winery_petnat_saperavi_severnyy_petnat_ekstra_bryut_rozovyy_105_4689f0cb14.webp,denisov-winery-petnat-saperavi-severnyy-rozovoe-ekstra-bryut-105,raw
dataset/uploads_root/prod-svoe-vino-strapi/prod-svoe-vino/strapi/uploads/shato_pino_sovinon_blan_igristoe_ekstra_bryut_beloe_11_419d1bcf49.webp,shato-pino-petnat-sovinon-blan-beloe-ekstra-bryut-11,raw
dataset/uploads_root/prod-svoe-vino-strapi/prod-svoe-vino/strapi/uploads/denisov_winery_petnat_tsitron_risling_tsitronnyy_magaracha_petnat_ekstra_bryut_belyy_102_8f425093ef.webp,denisov-winery-petnat-tsitron-risling-tsitronnyy-magaracha-beloe-ekstra-bryut-102,raw
dataset/uploads_root/prod-svoe-vino-strapi/prod-svoe-vino/strapi/uploads/alma_valley_pino_blan_beloe_suhoe_14_8798dea7ca.webp,alma-valley-pino-blan-beloe-suhoe-14,raw
dataset/uploads_root/prod-svoe-vino-strapi/prod-svoe-vino/strapi/uploads/loco_cimbali_pino_blan_beloe_suhoe_13_8c35d27517.webp,loco-cimbali-pino-blan-beloe-suhoe-13,raw
dataset/uploads_root/prod-svoe-vino-strapi/prod-svoe-vino/strapi/uploads/winepark_pino_blan_beloe_suhoe_125_b372984207.webp,winepark-pino-blan-beloe-suhoe-125,raw
dataset/uploads_root/prod-svoe-vino-strapi/prod-svoe-vino/strapi/uploads/alma_valley_pino_blan_rezerv_beloe_suhoe_14_1be9ab6c2a.webp,alma-valley-pino-blan-rezerv-beloe-suhoe-14,raw
dataset/uploads_root/prod-svoe-vino-strapi/prod-svoe-vino/strapi/uploads/DSC_00837_Photoroom_494c8f4098.webp,pino-glyu-2025,raw
dataset/uploads_root/prod-svoe-vino-strapi/prod-svoe-vino/strapi/uploads/esse_pino_gri_beloe_suhoe_12_8bf3160446.webp,esse-pino-gri-beloe-suhoe-12,raw
dataset/uploads_root/prod-svoe-vino-strapi/prod-svoe-vino/strapi/uploads/massandra_pino_gri_beloe_sladkoe_16_d391c28c56.webp,massandra-pino-gri-beloe-sladkoe-16,raw
dataset/uploads_root/prod-svoe-vino-strapi/prod-svoe-vino/strapi/uploads/sober_bash_pino_gri_beloe_suhoe_11_725e59e401.webp,sober-bash-pino-gri-beloe-suhoe-11,raw
dataset/uploads_root/prod-svoe-vino-strapi/prod-svoe-vino/strapi/uploads/esse_pino_gri_beloe_suhoe_135_914856d918.webp,esse-pino-gri-beloe-suhoe-135,raw
dataset/uploads_root/prod-svoe-vino-strapi/prod-svoe-vino/strapi/uploads/alma_valley_pino_gri_beloe_polusuhoe_15_4e288bc898.webp,alma-valley-pino-gri-beloe-polusuhoe-15,raw
dataset/uploads_root/prod-svoe-vino-strapi/prod-svoe-vino/strapi/uploads/chateau_andre_pino_gri_beloe_suhoe_14_6dc42ba55b.webp,chateau-andre-pino-gri-beloe-suhoe-14,raw
dataset/uploads_root/prod-svoe-vino-strapi/prod-svoe-vino/strapi/uploads/esse_pino_gri_blush_rozovoe_suhoe_115_6dbb8b61f3.webp,esse-pino-gri-blush-rozovoe-suhoe-115,raw
dataset/uploads_root/prod-svoe-vino-strapi/prod-svoe-vino/strapi/uploads/4286_Ixm_F_Mpd_no_bg_preview_carve_photos_e9bc638816.webp,pino-gri-avtorskoe,raw
dataset/uploads_root/prod-svoe-vino-strapi/prod-svoe-vino/strapi/uploads/esse_pino_gri_blash_rozovoe_suhoe_125_b69f532199.webp,esse-pino-gri-blash-rozovoe-suhoe-125,raw
dataset/uploads_root/prod-svoe-vino-strapi/prod-svoe-vino/strapi/uploads/zmv_koktebel_pino_gri_desertnoe_beloe_sladkoe_16_b61dc2f497.webp,zmv-koktebel-pino-gri-desertnoe-beloe-sladkoe-16,raw
dataset/uploads_root/prod-svoe-vino-strapi/prod-svoe-vino/strapi/uploads/shato_pino_pino_gri_roze_igristoe_ekstra_bryut_rozovoe_12_dc98b15d48.webp,shato-pino-pino-gri-roze-rozovoe-ekstra-bryut-12,raw
dataset/uploads_root/prod-svoe-vino-strapi/prod-svoe-vino/strapi/uploads/vinodelnya_myshako_pino_gridzhio_beloe_polusuhoe_123_b4efce4e31.webp,vinodelnya-myshako-pino-gridzhio-beloe-polusuhoe-123,raw
dataset/uploads_root/prod-svoe-vino-strapi/prod-svoe-vino/strapi/uploads/shato_pino_pino_gridzhio_beloe_suhoe_12_4b10c72d3d.webp,shato-pino-pino-gridzhio-beloe-suhoe-12,raw
dataset/uploads_root/prod-svoe-vino-strapi/prod-svoe-vino/strapi/uploads/loco_cimbali_pino_mene_krasnoe_suhoe_115_35912ae0c1.webp,loco-cimbali-pino-mene-krasnoe-suhoe-115,raw
dataset/uploads_root/prod-svoe-vino-strapi/prod-svoe-vino/strapi/uploads/belbek_pino_mene_krasnoe_suhoe_128_e2f0538eec.webp,belbek-pino-mene-krasnoe-suhoe-128,raw
dataset/uploads_root/prod-svoe-vino-strapi/prod-svoe-vino/strapi/uploads/loco_cimbali_pino_nuar_krasnoe_suhoe_126_bf544ab5a0.webp,loco-cimbali-pino-nuar-krasnoe-suhoe-126,raw
dataset/uploads_root/prod-svoe-vino-strapi/prod-svoe-vino/strapi/uploads/bakla_vines_pino_nuar_krasnoe_suhoe_125_da1c7fdac6.webp,bakla-vines-pino-nuar-krasnoe-suhoe-125,raw
dataset/uploads_root/prod-svoe-vino-strapi/prod-svoe-vino/strapi/uploads/bogovich_wine_vineyard_pino_nuar_krasnoe_suhoe_125_1146574e01.webp,bogovich-wine-vineyard-pino-nuar-krasnoe-suhoe-125,raw
dataset/uploads_root/prod-svoe-vino-strapi/prod-svoe-vino/strapi/uploads/andryus_yutsis_pino_nuar_krasnoe_suhoe_12_bf6b9d813b.webp,andryus-yutsis-pino-nuar-krasnoe-suhoe-12,raw
dataset/uploads_root/prod-svoe-vino-strapi/prod-svoe-vino/strapi/uploads/belbek_pino_nuar_krasnoe_suhoe_133_a2cb505435.webp,belbek-pino-nuar-krasnoe-suhoe-133,raw
dataset/uploads_root/prod-svoe-vino-strapi/prod-svoe-vino/strapi/uploads/chateau_andre_pino_nuar_krasnoe_suhoe_14_2f54e79838.webp,chateau-andre-pino-nuar-krasnoe-suhoe-14,raw
dataset/uploads_root/prod-svoe-vino-strapi/prod-svoe-vino/strapi/uploads/a_gordienko_m_nikolaev_pino_nuar_krasnoe_suhoe_135_660d8a5012.webp,a-gordienko-m-nikolaev-pino-nuar-krasnoe-suhoe-135,raw
dataset/uploads_root/prod-svoe-vino-strapi/prod-svoe-vino/strapi/uploads/denisov_winery_pino_nuar_rozovoe_suhoe_125_ad6a3633ed.webp,denisov-winery-pino-nuar-rozovoe-suhoe-125,raw
dataset/uploads_root/prod-svoe-vino-strapi/prod-svoe-vino/strapi/uploads/chateau_cachalot_pino_nuar_krasnoe_suhoe_12_baf40bf4e8.webp,chateau-cachalot-pino-nuar-krasnoe-suhoe-12,raw
dataset/uploads_root/prod-svoe-vino-strapi/prod-svoe-vino/strapi/uploads/abrau_dyurso_pino_nuar_krasnoe_suhoe_125_529987dabf.webp,abrau-dyurso-pino-nuar-krasnoe-suhoe-125,raw
dataset/uploads_root/prod-svoe-vino-strapi/prod-svoe-vino/strapi/uploads/esse_pino_nuar_krasnoe_suhoe_115_469fd883e6.webp,esse-pino-nuar-krasnoe-suhoe-115,raw
dataset/uploads_root/prod-svoe-vino-strapi/prod-svoe-vino/strapi/uploads/belmas_winery_pino_nuar_krasnoe_suhoe_135_ea70d5c59b.webp,belmas-winery-pino-nuar-krasnoe-suhoe-135,raw
dataset/uploads_root/prod-svoe-vino-strapi/prod-svoe-vino/strapi/uploads/stn_winery_pino_nuar_krasnoe_suhoe_12_afc27a10d4.webp,stn-winery-pino-nuar-krasnoe-suhoe-12,raw
dataset/uploads_root/prod-svoe-vino-strapi/prod-svoe-vino/strapi/uploads/domaine_lipko_pino_nuar_krasnoe_suhoe_12_645408d2e3.webp,domaine-lipko-pino-nuar-krasnoe-suhoe-12,raw
dataset/uploads_root/prod-svoe-vino-strapi/prod-svoe-vino/strapi/uploads/alma_valley_pino_nuar_krasnoe_suhoe_13_a898042e38.webp,alma-valley-pino-nuar-krasnoe-suhoe-13,raw
dataset/uploads_root/prod-svoe-vino-strapi/prod-svoe-vino/strapi/uploads/abrau_dyurso_pino_nuar_krasnoe_suhoe_vyderzhannoe_12_e7055f24aa.webp,abrau-dyurso-pino-nuar-krasnoe-suhoe-12,raw
dataset/uploads_root/prod-svoe-vino-strapi/prod-svoe-vino/strapi/uploads/alma_valley_pino_nuar_beloe_ekstra_bryut_115_e3cb51cf8f.webp,alma-valley-pino-nuar-beloe-ekstra-bryut-115,raw
dataset/uploads_root/prod-svoe-vino-strapi/prod-svoe-vino/strapi/uploads/shato_pino_pino_nuar_krasnoe_suhoe_135_d34aee0942.webp,shato-pino-pino-nuar-krasnoe-suhoe-135,raw
dataset/uploads_root/prod-svoe-vino-strapi/prod-svoe-vino/strapi/uploads/tempelhof_winery_pino_nuar_krasnoe_suhoe_125_9f8f5502f9.webp,tempelhof-winery-pino-nuar-krasnoe-suhoe-125,raw
dataset/uploads_root/prod-svoe-vino-strapi/prod-svoe-vino/strapi/uploads/nikolaev_i_synovya_pino_nuar_krasnoe_suhoe_125_01b9ccdcdb.webp,nikolaev-i-synovya-pino-nuar-krasnoe-suhoe-125,raw
dataset/uploads_root/prod-svoe-vino-strapi/prod-svoe-vino/strapi/uploads/vaynkraft_pino_nuar_krasnoe_suhoe_13_3e5b99ea7b.webp,vaynkraft-pino-nuar-krasnoe-suhoe-13,raw
dataset/uploads_root/prod-svoe-vino-strapi/prod-svoe-vino/strapi/uploads/pino_nuar_4915dc36a6.webp,pino-nuar,raw
dataset/uploads_root/prod-svoe-vino-strapi/prod-svoe-vino/strapi/uploads/donskoe_vinodelcheskoe_hozyaystvo_elbuzd_pino_nuar_krasnoe_suhoe_13_fe1f143b4b.webp,donskoe-vinodelcheskoe-hozyaystvo-elbuzd-pino-nuar-krasnoe-suhoe-13,raw
dataset/uploads_root/prod-svoe-vino-strapi/prod-svoe-vino/strapi/uploads/vinodelnya_myshako_pino_nuar_karmener_reserve_krasnoe_suhoe_138_142d47602d.webp,vinodelnya-myshako-pino-nuar-karmener-reserve-krasnoe-suhoe-138,raw
dataset/uploads_root/prod-svoe-vino-strapi/prod-svoe-vino/strapi/uploads/shato_pino_pino_nuar_pino_gri_rozovoe_suhoe_115_3537e77fae.webp,shato-pino-pino-nuar-pino-gri-rozovoe-suhoe-115,raw
dataset/uploads_root/prod-svoe-vino-strapi/prod-svoe-vino/strapi/uploads/shato_pino_pino_nuar_saperavi_krasnoe_suhoe_13_4166359dd7.webp,shato-pino-pino-nuar-saperavi-krasnoe-suhoe-13,raw
dataset/uploads_root/prod-svoe-vino-strapi/prod-svoe-vino/strapi/uploads/denisov_winery_pino_nuar_shardone_ekstra_bryut_igristoe_ekstra_bryut_beloe_125_43d45643b9.webp,denisov-winery-pino-nuar-shardone-ekstra-bryut-beloe-125,raw
dataset/uploads_root/prod-svoe-vino-strapi/prod-svoe-vino/strapi/uploads/bogovich_wine_vineyard_pino_nuar_2_krasnoe_suhoe_12_ddfd0f7952.webp,bogovich-wine-vineyard-pino-nuar-2-krasnoe-suhoe-12,raw
dataset/uploads_root/prod-svoe-vino-strapi/prod-svoe-vino/strapi/uploads/zmv_koktebel_pino_nuar_bryut_rozovoe_11_ef31c55be7.webp,zmv-koktebel-pino-nuar-bryut-rozovoe-11,raw
dataset/uploads_root/prod-svoe-vino-strapi/prod-svoe-vino/strapi/uploads/dubinin_winery_pino_nuar_bryut_roze_igristoe_ekstra_bryut_rozovoe_125_f445b9db8a.webp,dubinin-winery-pino-nuar-bryut-roze-rozovoe-ekstra-bryut-125,raw
dataset/uploads_root/prod-svoe-vino-strapi/prod-svoe-vino/strapi/uploads/pino_nuar_dzhavaga_d29d630ce8.webp,pino-nuar-dzhavaga,raw
dataset/uploads_root/prod-svoe-vino-strapi/prod-svoe-vino/strapi/uploads/Tihoe_Krasnaya_strelka_Pino_Nuar_1_19fde8fd23.webp,denisov_pino_noir_klaret,raw
dataset/uploads_root/prod-svoe-vino-strapi/prod-svoe-vino/strapi/uploads/le_k2_pino_nuar_pi_krasnoe_suhoe_133_12e71c8c98.webp,le-k2-pino-nuar-pi-krasnoe-suhoe-133,raw
dataset/uploads_root/prod-svoe-vino-strapi/prod-svoe-vino/strapi/uploads/novyy_svet_dom_shampanskih_vin_pino_nuar_polusuhoe_igristoe_polusuhoe_rozovoe_135_9940b7a0c3.webp,novyy-svet-dom-shampanskih-vin-pino-nuar-polusuhoe-rozovoe-135,raw
dataset/uploads_root/prod-svoe-vino-strapi/prod-svoe-vino/strapi/uploads/belbek_pino_nuar_rezerv_krasnoe_suhoe_135_7e9ad8a8e2.webp,belbek-pino-nuar-rezerv-krasnoe-suhoe-135,raw
dataset/uploads_root/prod-svoe-vino-strapi/prod-svoe-vino/strapi/uploads/usadba_perovskih_pino_nuar_rezerv_krasnoe_suhoe_122_a52f1c4ded.webp,usadba-perovskih-pino-nuar-rezerv-krasnoe-suhoe-122,raw
dataset/uploads_root/prod-svoe-vino-strapi/prod-svoe-vino/strapi/uploads/alma_valley_pino_nuar_rezerv_krasnoe_suhoe_14_c3c0dc1cc6.webp,alma-valley-pino-nuar-rezerv-krasnoe-suhoe-14,raw
dataset/uploads_root/prod-svoe-vino-strapi/prod-svoe-vino/strapi/uploads/chateau_le_grand_vostock_pino_nuar_rezerv_krasnoe_suhoe_vyderzhannoe_14_16df8a8740.webp,chateau-le-grand-vostock-pino-nuar-rezerv-krasnoe-suhoe-14,raw
dataset/uploads_root/prod-svoe-vino-strapi/prod-svoe-vino/strapi/uploads/golubitskoe_estate_pino_nuar_rezerv_krasnoe_suhoe_132_d93b15131f.webp,golubitskoe-estate-pino-nuar-rezerv-krasnoe-suhoe-132,raw
dataset/uploads_root/prod-svoe-vino-strapi/prod-svoe-vino/strapi/uploads/shato_pino_pino_nuar_roze_igristoe_ekstra_bryut_rozovoe_115_6ab9eefe2b.webp,shato-pino-pino-nuar-roze-rozovoe-ekstra-bryut-115,raw
dataset/uploads_root/prod-svoe-vino-strapi/prod-svoe-vino/strapi/uploads/domaine_de_la_vivandiere_pino_nuar_roze_rozovoe_suhoe_122_48ffea282d.webp,domaine-de-la-vivandiere-pino-nuar-roze-rozovoe-suhoe-122,raw
dataset/uploads_root/prod-svoe-vino-strapi/prod-svoe-vino/strapi/uploads/vinabani_pino_nuar_roze_rozovoe_suhoe_12_d4132258d7.webp,vinabani-pino-nuar-roze-rozovoe-suhoe-12,raw
dataset/uploads_root/prod-svoe-vino-strapi/prod-svoe-vino/strapi/uploads/chateau_andre_pino_nuar_roze_rozovoe_suhoe_13_d662df99bd.webp,chateau-andre-pino-nuar-roze-rozovoe-suhoe-13,raw
dataset/uploads_root/prod-svoe-vino-strapi/prod-svoe-vino/strapi/uploads/belbek_pino_nuar_roze_rozovoe_suhoe_115_19d98fb390.webp,belbek-pino-nuar-roze-rozovoe-suhoe-115,raw
dataset/uploads_root/prod-svoe-vino-strapi/prod-svoe-vino/strapi/uploads/imenie_sikory_pino_nuar_sikory_krasnoe_suhoe_14_4a36d13ce1.webp,imenie-sikory-pino-nuar-sikory-krasnoe-suhoe-14,raw
dataset/uploads_root/prod-svoe-vino-strapi/prod-svoe-vino/strapi/uploads/DSC_00836_4070f8fd2f.webp,pino-nuar-2025,raw
dataset/uploads_root/prod-svoe-vino-strapi/prod-svoe-vino/strapi/uploads/valeriy_zaharin_pino_nuar_valeriy_zaharin_krasnoe_polusladkoe_105_5ffb538f5f.webp,valeriy-zaharin-pino-nuar-valeriy-zaharin-krasnoe-polusladkoe-105,raw
dataset/uploads_root/prod-svoe-vino-strapi/prod-svoe-vino/strapi/uploads/Screenshot_29_c14fcdaf9d.webp,pino-nuar-premium,raw
dataset/uploads_root/prod-svoe-vino-strapi/prod-svoe-vino/strapi/uploads/imenie_sikory_pino_nuar_semeynyy_rezerv_krasnoe_suhoe_14_e1d961aa68.webp,imenie-sikory-pino-nuar-semeynyy-rezerv-krasnoe-suhoe-14,raw
dataset/uploads_root/prod-svoe-vino-strapi/prod-svoe-vino/strapi/uploads/vinodelnya_bratev_melnikovyh_pino_dva_brata_pino_gri_rozovoe_suhoe_13_29922b3bc8.webp,vinodelnya-bratev-melnikovyh-pino-dva-brata-pino-gri-rozovoe-suhoe-13,raw
dataset/uploads_root/prod-svoe-vino-strapi/prod-svoe-vino/strapi/uploads/cloudy_winery_plohaya_devochka_pryanyy_traminer_traminer_beloe_suhoe_12_3160b1b322.webp,cloudy-winery-plohaya-devochka-pryanyy-traminer-traminer-beloe-suhoe-12,raw
dataset/uploads_root/prod-svoe-vino-strapi/prod-svoe-vino/strapi/uploads/cloudy_winery_plohaya_devochka_pryanyy_blend_byanka_beloe_suhoe_125_ee12b511d9.webp,cloudy-winery-plohaya-devochka-pryanyy-blend-byanka-beloe-suhoe-125,raw
dataset/uploads_root/prod-svoe-vino-strapi/prod-svoe-vino/strapi/uploads/cloudy_winery_plohaya_devochka_sochnyy_pino_noir_pino_nuar_krasnoe_suhoe_12_60e37c5c3b.webp,cloudy-winery-plohaya-devochka-sochnyy-pino-noir-pino-nuar-krasnoe-suhoe-12,raw
dataset/uploads_root/prod-svoe-vino-strapi/prod-svoe-vino/strapi/uploads/Screenshot_7_53531eb2bc.webp,pobeda,raw
dataset/uploads_root/prod-svoe-vino-strapi/prod-svoe-vino/strapi/uploads/v2r_podnyat_parusa_kaberne_sovinon_krasnoe_suhoe_125_b672f31d66.webp,v2r-podnyat-parusa-kaberne-sovinon-krasnoe-suhoe-125,raw
dataset/uploads_root/prod-svoe-vino-strapi/prod-svoe-vino/strapi/uploads/Screenshot_21_2f4c3173b1.webp,pozdnij-sbor-beloe,raw
dataset/uploads_root/prod-svoe-vino-strapi/prod-svoe-vino/strapi/uploads/Screenshot_22_1b291bec0e.webp,pozdnij-sbor-krasnoe,raw
dataset/uploads_root/prod-svoe-vino-strapi/prod-svoe-vino/strapi/uploads/vinodelnya_pokrovskaya_pokrovskoe_krasnoe_kaberne_sovinon_krasnoe_suhoe_14_cb8d56d0d7.webp,vinodelnya-pokrovskaya-pokrovskoe-krasnoe-kaberne-sovinon-suhoe-14,raw
dataset/uploads_root/prod-svoe-vino-strapi/prod-svoe-vino/strapi/uploads/vinodelnya_pokrovskaya_pokrovskoe_sladkoe_krasnoe_kaberne_sovinon_krasnoe_sladkoe_13_962487e868.webp,vinodelnya-pokrovskaya-pokrovskoe-sladkoe-krasnoe-kaberne-sovinon-13,raw
dataset/uploads_root/prod-svoe-vino-strapi/prod-svoe-vino/strapi/uploads/Beloe_Polusladkoe_2024_6ac89014e4.webp,perovskih_polusladkoe_beloe,raw
dataset/uploads_root/prod-svoe-vino-strapi/prod-svoe-vino/strapi/uploads/Polusladkoe_beloe_7d49885ec0.webp,polusladkoe-beloe-zolotaya-balka,raw
dataset/uploads_root/prod-svoe-vino-strapi/prod-svoe-vino/strapi/uploads/Krasnoe_polusladkoe_2024_f21c3df4d0.webp,perovskih_polusladkoe_krasnoe,raw
dataset/uploads_root/prod-svoe-vino-strapi/prod-svoe-vino/strapi/uploads/Frizante_krasnoe_polusladkoe_67706f9516.webp,polusladkoe-krasnoe-zb-vajn-frizzante,raw
dataset/uploads_root/prod-svoe-vino-strapi/prod-svoe-vino/strapi/uploads/Polusladkoe_krasnoe_b2776e879a.webp,polusladkoe-krasnoe-zolotaya-balka,raw
dataset/uploads_root/prod-svoe-vino-strapi/prod-svoe-vino/strapi/uploads/Rozovoe_Polusladkoe_44f6f05597.webp,perovskih_polusladkoe_rosovoe,raw
dataset/uploads_root/prod-svoe-vino-strapi/prod-svoe-vino/strapi/uploads/Polusladkoe_rozovoe_1_69bf5dc971.webp,polusladkoe-rozovoe-zolotaya-balka,raw
dataset/uploads_root/prod-svoe-vino-strapi/prod-svoe-vino/strapi/uploads/Polusuhoe_beloe_b1d39f3c20.webp,polusuhoe-beloe-zolotaya-balka,raw
dataset/uploads_root/prod-svoe-vino-strapi/prod-svoe-vino/strapi/uploads/Krasnoe_polusuhoe_2024_a4eadaac17.webp,perovskih_polusuhoe_krasnoe,raw
dataset/uploads_root/prod-svoe-vino-strapi/prod-svoe-vino/strapi/uploads/ZB_Frizzante_Rose_Semidry_813124d39d.webp,polusuhoe-rozovoe-zb-vajn-frizzante,raw
dataset/uploads_root/prod-svoe-vino-strapi/prod-svoe-vino/strapi/uploads/dacha_serdyuka_porechnoe_kaberne_sovinon_krasnoe_suhoe_13_da7ab3daa7.webp,dacha-serdyuka-porechnoe-kaberne-sovinon-krasnoe-suhoe-13,raw
dataset/uploads_root/prod-svoe-vino-strapi/prod-svoe-vino/strapi/uploads/zmv_koktebel_portveyn_beloe_kreplyonoe_aligote_sladkoe_17_f0222852d9.webp,zmv-koktebel-portveyn-beloe-kreplyonoe-aligote-sladkoe-17,raw
dataset/uploads_root/prod-svoe-vino-strapi/prod-svoe-vino/strapi/uploads/zmv_koktebel_portveyn_krasnoe_kreplyonoe_kaberne_sovinon_sladkoe_17_ffc534359d.webp,zmv-koktebel-portveyn-krasnoe-kreplyonoe-kaberne-sovinon-sladkoe-17,raw
dataset/uploads_root/prod-svoe-vino-strapi/prod-svoe-vino/strapi/uploads/massandra_portveyn_belyy_alushta_belye_sorta_vinograda_beloe_sladkoe_17_ab89a72383.webp,massandra-portveyn-belyy-alushta-belye-sorta-vinograda-beloe-sladkoe-17,raw
dataset/uploads_root/prod-svoe-vino-strapi/prod-svoe-vino/strapi/uploads/massandra_portveyn_belyy_gurzuf_kokur_belyy_beloe_sladkoe_135_d34b047b41.webp,massandra-portveyn-belyy-gurzuf-kokur-belyy-beloe-sladkoe-135,raw
dataset/uploads_root/prod-svoe-vino-strapi/prod-svoe-vino/strapi/uploads/massandra_portveyn_belyy_krymskiy_kokur_beloe_sladkoe_18_4a04230d4f.webp,massandra-portveyn-belyy-krymskiy-kokur-beloe-sladkoe-18,raw
dataset/uploads_root/prod-svoe-vino-strapi/prod-svoe-vino/strapi/uploads/massandra_portveyn_krasnyy_alushta_krasnye_sorta_vinograda_krasnoe_sladkoe_17_15423ac1a3.webp,massandra-portveyn-krasnyy-alushta-krasnye-sorta-vinograda-krasnoe-sladkoe-17,raw
dataset/uploads_root/prod-svoe-vino-strapi/prod-svoe-vino/strapi/uploads/massandra_portveyn_krasnyy_livadiya_kaberne_sovinon_krasnoe_sladkoe_185_02e4e0776e.webp,massandra-portveyn-krasnyy-livadiya-kaberne-sovinon-krasnoe-sladkoe-185,raw
dataset/uploads_root/prod-svoe-vino-strapi/prod-svoe-vino/strapi/uploads/Solnechnaya_dolina_portvejn_krymskij_e3f225c04e.webp,portvejn-krymskij,raw
dataset/uploads_root/prod-svoe-vino-strapi/prod-svoe-vino/strapi/uploads/Massandra_Portvejn_belyj_Surozh_5476f24b50.webp,portvejn-surozh,raw
dataset/uploads_root/prod-svoe-vino-strapi/prod-svoe-vino/strapi/uploads/solnechnaya_dolina_porto_solnechnoy_doliny_kokur_belyy_beloe_likernoe_vyderzhannoe_175_6cac460b4e.webp,solnechnaya-dolina-porto-solnechnoy-doliny-kokur-belyy-beloe-sladkoe-175,raw
dataset/uploads_root/prod-svoe-vino-strapi/prod-svoe-vino/strapi/uploads/Potenczial_672c03625e.webp,potenczial-2026,raw
dataset/uploads_root/prod-svoe-vino-strapi/prod-svoe-vino/strapi/uploads/vinodelnya_vedernikov_pravoberezhnoe_beloe_aligote_suhoe_13_bc8750c1c8.webp,vinodelnya-vedernikov-pravoberezhnoe-beloe-aligote-suhoe-13,raw
dataset/uploads_root/prod-svoe-vino-strapi/prod-svoe-vino/strapi/uploads/vinodelnya_vedernikov_pravoberezhnoe_krasnoe_kaberne_sovinon_suhoe_145_75edc6fd6c.webp,vinodelnya-vedernikov-pravoberezhnoe-krasnoe-kaberne-sovinon-suhoe-145,raw
dataset/uploads_root/prod-svoe-vino-strapi/prod-svoe-vino/strapi/uploads/shato_ay_danil_presto_rezerv_kaberne_sovinon_krasnoe_suhoe_vyderzhannoe_135_2099ac281e.webp,shato-ay-danil-presto-rezerv-kaberne-sovinon-krasnoe-suhoe-135,raw
dataset/uploads_root/prod-svoe-vino-strapi/prod-svoe-vino/strapi/uploads/Solnechnaya_dolina_Privat_e29e2f450a.webp,privat,raw
dataset/uploads_root/prod-svoe-vino-strapi/prod-svoe-vino/strapi/uploads/solnechnaya_dolina_privat_kaberne_sovinon_krasnoe_likernoe_vyderzhannoe_155_b18918825f.webp,solnechnaya-dolina-privat-kaberne-sovinon-krasnoe-sladkoe-155,raw
dataset/uploads_root/prod-svoe-vino-strapi/prod-svoe-vino/strapi/uploads/vinodelnya_batrak_prikumskoe_sonnenschein_shardone_beloe_suhoe_12_ee92c4745e.webp,vinodelnya-batrak-prikumskoe-sonnenschein-shardone-beloe-suhoe-12,raw
dataset/uploads_root/prod-svoe-vino-strapi/prod-svoe-vino/strapi/uploads/vinodelnya_batrak_prikumskoe_vitale_kraft_kaberne_sovinon_krasnoe_suhoe_135_42da615ec6.webp,vinodelnya-batrak-prikumskoe-vitale-kraft-kaberne-sovinon-krasnoe-suhoe-135,raw
dataset/uploads_root/prod-svoe-vino-strapi/prod-svoe-vino/strapi/uploads/vinodelnya_myshako_primitivo_blaufrankish_reserve_krasnoe_suhoe_142_c96e36183b.webp,vinodelnya-myshako-primitivo-blaufrankish-reserve-krasnoe-suhoe-142,raw
dataset/uploads_root/prod-svoe-vino-strapi/prod-svoe-vino/strapi/uploads/esse_prirodno_polusladkoe_beloe_risling_beloe_polusladkoe_125_727390d43b.webp,esse-prirodno-polusladkoe-beloe-risling-125,raw
dataset/uploads_root/prod-svoe-vino-strapi/prod-svoe-vino/strapi/uploads/esse_prirodno_polusladkoe_krasnoe_merlo_krasnoe_polusladkoe_13_df0166b111.webp,esse-prirodno-polusladkoe-krasnoe-merlo-13,raw
dataset/uploads_root/prod-svoe-vino-strapi/prod-svoe-vino/strapi/uploads/villa_di_alma_pti_verdo_krasnoe_suhoe_125_3c660417ac.webp,villa-di-alma-pti-verdo-krasnoe-suhoe-125,raw
dataset/uploads_root/prod-svoe-vino-strapi/prod-svoe-vino/strapi/uploads/domaine_lipko_pti_verdo_krasnoe_suhoe_14_155eed96cb.webp,domaine-lipko-pti-verdo-krasnoe-suhoe-14,raw
dataset/uploads_root/prod-svoe-vino-strapi/prod-svoe-vino/strapi/uploads/sober_bash_puhlyakovskiy_beloe_suhoe_12_c809d55527.webp,sober-bash-puhlyakovskiy-beloe-suhoe-12,raw
dataset/uploads_root/prod-svoe-vino-strapi/prod-svoe-vino/strapi/uploads/vinodelnya_uzunov_rash_risling_beloe_suhoe_127_f5a419791f.webp,vinodelnya-uzunov-rash-risling-beloe-suhoe-127,raw
dataset/uploads_root/prod-svoe-vino-strapi/prod-svoe-vino/strapi/uploads/vinodelnya_uzunov_rash_rezerv_risling_reynskiy_beloe_suhoe_127_a95297272f.webp,vinodelnya-uzunov-rash-rezerv-risling-reynskiy-beloe-suhoe-127,raw
dataset/uploads_root/prod-svoe-vino-strapi/prod-svoe-vino/strapi/uploads/Rebo_2023_b68e39eaee.webp,rebo,raw
dataset/uploads_root/prod-svoe-vino-strapi/prod-svoe-vino/strapi/uploads/Rebo_reserve_2023_2f54a334ff.webp,rebo-rezerv,raw
dataset/uploads_root/prod-svoe-vino-strapi/prod-svoe-vino/strapi/uploads/relikta_relikta_antey_magarachskiy_muskat_belyy_rozovoe_polusuhoe_11_22ccbaad9f.webp,relikta-relikta-antey-magarachskiy-muskat-belyy-rozovoe-polusuhoe-11,raw
dataset/uploads_root/prod-svoe-vino-strapi/prod-svoe-vino/strapi/uploads/relikta_relikta_varvary_antey_magarachskiy_krasnoe_suhoe_13_15_a41ff30b81.webp,relikta-relikta-varvary-antey-magarachskiy-krasnoe-suhoe-13-15,raw
dataset/uploads_root/prod-svoe-vino-strapi/prod-svoe-vino/strapi/uploads/relikta_relikta_dekabrskiy_krasnoe_polusladkoe_125_e678cd28ce.webp,relikta-relikta-dekabrskiy-krasnoe-polusladkoe-125,raw
dataset/uploads_root/prod-svoe-vino-strapi/prod-svoe-vino/strapi/uploads/relikta_relikta_kaberne_sovinon_krasnoe_suhoe_135_f165601db7.webp,relikta-relikta-kaberne-sovinon-krasnoe-suhoe-135,raw
dataset/uploads_root/prod-svoe-vino-strapi/prod-svoe-vino/strapi/uploads/relikta_relikta_merlo_krasnoe_suhoe_135_e4e0277049.webp,relikta-relikta-merlo-krasnoe-suhoe-135,raw
dataset/uploads_root/prod-svoe-vino-strapi/prod-svoe-vino/strapi/uploads/relikta_relikta_merlo_kaberne_sovinon_krasnoe_suhoe_135_4d7da23f88.webp,relikta-relikta-merlo-kaberne-sovinon-krasnoe-suhoe-135,raw
dataset/uploads_root/prod-svoe-vino-strapi/prod-svoe-vino/strapi/uploads/relikta_relikta_muskat_beloe_polusuhoe_12_6fed0ab5da.webp,relikta-relikta-muskat-beloe-polusuhoe-12,raw
dataset/uploads_root/prod-svoe-vino-strapi/prod-svoe-vino/strapi/uploads/relikta_relikta_muskat_belyy_beloe_suhoe_12_5b2b11ec48.webp,relikta-relikta-muskat-belyy-beloe-suhoe-12,raw
dataset/uploads_root/prod-svoe-vino-strapi/prod-svoe-vino/strapi/uploads/relikta_relikta_pervenets_pervenets_magaracha_beloe_suhoe_12_b4fce6d9a2.webp,relikta-relikta-pervenets-pervenets-magaracha-beloe-suhoe-12,raw
dataset/uploads_root/prod-svoe-vino-strapi/prod-svoe-vino/strapi/uploads/relikta_relikta_pervenets_muskat_pervenets_magaracha_beloe_polusladkoe_125_7ef7de5851.webp,relikta-relikta-pervenets-muskat-pervenets-magaracha-beloe-polusladkoe-125,raw
dataset/uploads_root/prod-svoe-vino-strapi/prod-svoe-vino/strapi/uploads/relikta_relikta_petnat_antey_magarachskiy_rozovoe_ekstra_bryut_11_00d21fcaf1.webp,relikta-relikta-petnat-antey-magarachskiy-rozovoe-ekstra-bryut-11,raw
dataset/uploads_root/prod-svoe-vino-strapi/prod-svoe-vino/strapi/uploads/relikta_relikta_risling_beloe_suhoe_12_c4cc8d0ab4.webp,relikta-relikta-risling-beloe-suhoe-12,raw
dataset/uploads_root/prod-svoe-vino-strapi/prod-svoe-vino/strapi/uploads/relikta_relikta_sira_krasnoe_suhoe_13_7239045ae9.webp,relikta-relikta-sira-krasnoe-suhoe-13,raw
dataset/uploads_root/prod-svoe-vino-strapi/prod-svoe-vino/strapi/uploads/relikta_relikta_sira_kaberne_fran_krasnoe_suhoe_13_f915b3e0fa.webp,relikta-relikta-sira-kaberne-fran-krasnoe-suhoe-13,raw
dataset/uploads_root/prod-svoe-vino-strapi/prod-svoe-vino/strapi/uploads/relikta_relikta_traminer_beloe_suhoe_11_e7c7c353c6.webp,relikta-relikta-traminer-beloe-suhoe-11,raw
dataset/uploads_root/prod-svoe-vino-strapi/prod-svoe-vino/strapi/uploads/relikta_relikta_shardone_beloe_suhoe_12_b5447e74d6.webp,relikta-relikta-shardone-beloe-suhoe-12,raw
dataset/uploads_root/prod-svoe-vino-strapi/prod-svoe-vino/strapi/uploads/relikta_relikta_ekstra_bryut_shardone_beloe_105_186ff56ab3.webp,relikta-relikta-ekstra-bryut-shardone-beloe-105,raw
dataset/uploads_root/prod-svoe-vino-strapi/prod-svoe-vino/strapi/uploads/rem_akchurin_rem_akchurin_pino_nuar_roze_rozovoe_suhoe_14_10383931e1.webp,rem-akchurin-rem-akchurin-pino-nuar-roze-rozovoe-suhoe-14,raw
dataset/uploads_root/prod-svoe-vino-strapi/prod-svoe-vino/strapi/uploads/vinodelnya_raevskoe_renessans_beloe_shardone_beloe_suhoe_126_a8170bcee9.webp,vinodelnya-raevskoe-renessans-beloe-shardone-suhoe-126,raw
dataset/uploads_root/prod-svoe-vino-strapi/prod-svoe-vino/strapi/uploads/vinodelnya_raevskoe_renessans_belyy_blend_risling_beloe_suhoe_121_d72a834899.webp,vinodelnya-raevskoe-renessans-belyy-blend-risling-beloe-suhoe-121,raw
dataset/uploads_root/prod-svoe-vino-strapi/prod-svoe-vino/strapi/uploads/vinodelnya_raevskoe_renessans_blaufrankish_krasnoe_suhoe_128_5debb8fc14.webp,vinodelnya-raevskoe-renessans-blaufrankish-krasnoe-suhoe-128,raw
dataset/uploads_root/prod-svoe-vino-strapi/prod-svoe-vino/strapi/uploads/vinodelnya_raevskoe_renessans_vione_beloe_suhoe_122_8d857ddfa3.webp,vinodelnya-raevskoe-renessans-vione-beloe-suhoe-122,raw
dataset/uploads_root/prod-svoe-vino-strapi/prod-svoe-vino/strapi/uploads/vinodelnya_raevskoe_renessans_karmener_krasnoe_suhoe_12_690f3e8e78.webp,vinodelnya-raevskoe-renessans-karmener-krasnoe-suhoe-12,raw
dataset/uploads_root/prod-svoe-vino-strapi/prod-svoe-vino/strapi/uploads/vinodelnya_raevskoe_renessans_krasnoe_kaberne_sovinon_krasnoe_suhoe_13_72587cf80e.webp,vinodelnya-raevskoe-renessans-krasnoe-kaberne-sovinon-suhoe-13,raw
dataset/uploads_root/prod-svoe-vino-strapi/prod-svoe-vino/strapi/uploads/vinodelnya_raevskoe_renessans_pino_nuar_krasnoe_suhoe_125_dfbc856fa3.webp,vinodelnya-raevskoe-renessans-pino-nuar-krasnoe-suhoe-125,raw
dataset/uploads_root/prod-svoe-vino-strapi/prod-svoe-vino/strapi/uploads/vinodelnya_raevskoe_renessans_pti_verdo_krasnoe_suhoe_145_f62eb404c2.webp,vinodelnya-raevskoe-renessans-pti-verdo-krasnoe-suhoe-145,raw
dataset/uploads_root/prod-svoe-vino-strapi/prod-svoe-vino/strapi/uploads/vinodelnya_raevskoe_renessans_rozovoe_tempranilo_rozovoe_suhoe_12_a7e60be17a.webp,vinodelnya-raevskoe-renessans-rozovoe-tempranilo-suhoe-12,raw
dataset/uploads_root/prod-svoe-vino-strapi/prod-svoe-vino/strapi/uploads/vinodelnya_raevskoe_renessans_tempranilo_krasnoe_suhoe_135_eab54b6b7c.webp,vinodelnya-raevskoe-renessans-tempranilo-krasnoe-suhoe-135,raw
dataset/uploads_root/prod-svoe-vino-strapi/prod-svoe-vino/strapi/uploads/vinodelnya_raevskoe_renessans_shardone_beloe_suhoe_128_47261bcba1.webp,vinodelnya-raevskoe-renessans-shardone-beloe-suhoe-128,raw
dataset/uploads_root/prod-svoe-vino-strapi/prod-svoe-vino/strapi/uploads/vinodelnya_raevskoe_renessans_shardone_beloe_suhoe_127_39a51d919c.webp,vinodelnya-raevskoe-renessans-shardone-beloe-suhoe-127,raw
dataset/uploads_root/prod-svoe-vino-strapi/prod-svoe-vino/strapi/uploads/vinodelnya_krinitsa_rivazh_kaberne_sovinon_krasnoe_suhoe_13_4a7f72881d.webp,vinodelnya-krinitsa-rivazh-kaberne-sovinon-krasnoe-suhoe-13,raw
dataset/uploads_root/prod-svoe-vino-strapi/prod-svoe-vino/strapi/uploads/alma_valley_rislaner_beloe_polusladkoe_125_01d472fe7c.webp,alma-valley-rislaner-beloe-polusladkoe-125,raw
dataset/uploads_root/prod-svoe-vino-strapi/prod-svoe-vino/strapi/uploads/winepark_risling_beloe_suhoe_125_166136f9df.webp,winepark-risling-beloe-suhoe-125,raw
dataset/uploads_root/prod-svoe-vino-strapi/prod-svoe-vino/strapi/uploads/andryus_yutsis_risling_beloe_suhoe_12_a00be531c0.webp,andryus-yutsis-risling-beloe-suhoe-12,raw
dataset/uploads_root/prod-svoe-vino-strapi/prod-svoe-vino/strapi/uploads/bakla_vines_risling_beloe_polusuhoe_125_1b541a1b1c.webp,bakla-vines-risling-beloe-polusuhoe-125,raw
dataset/uploads_root/prod-svoe-vino-strapi/prod-svoe-vino/strapi/uploads/esse_risling_beloe_suhoe_115_56a1b754fc.webp,esse-risling-beloe-suhoe-115,raw
dataset/uploads_root/prod-svoe-vino-strapi/prod-svoe-vino/strapi/uploads/chateau_andre_risling_beloe_suhoe_13_cacac269cf.webp,chateau-andre-risling-beloe-suhoe-13,raw
dataset/uploads_root/prod-svoe-vino-strapi/prod-svoe-vino/strapi/uploads/belbek_risling_risling_reynskiy_beloe_suhoe_12_8eaeddd994.webp,belbek-risling-risling-reynskiy-beloe-suhoe-12,raw
dataset/uploads_root/prod-svoe-vino-strapi/prod-svoe-vino/strapi/uploads/vinodelnya_myshako_risling_beloe_suhoe_123_6680d29abd.webp,vinodelnya-myshako-risling-beloe-suhoe-123,raw
dataset/uploads_root/prod-svoe-vino-strapi/prod-svoe-vino/strapi/uploads/gunko_winery_risling_beloe_suhoe_135_6242067443.webp,gunko-winery-risling-beloe-suhoe-135,raw
dataset/uploads_root/prod-svoe-vino-strapi/prod-svoe-vino/strapi/uploads/chateau_cachalot_risling_beloe_suhoe_115_f258cd3856.webp,chateau-cachalot-risling-beloe-suhoe-115,raw
dataset/uploads_root/prod-svoe-vino-strapi/prod-svoe-vino/strapi/uploads/golubitskoe_estate_risling_beloe_suhoe_125_f232e3bdcb.webp,golubitskoe-estate-risling-beloe-suhoe-125,raw
dataset/uploads_root/prod-svoe-vino-strapi/prod-svoe-vino/strapi/uploads/domaine_de_la_vivandiere_risling_beloe_suhoe_122_68ba0c1792.webp,domaine-de-la-vivandiere-risling-beloe-suhoe-122,raw
dataset/uploads_root/prod-svoe-vino-strapi/prod-svoe-vino/strapi/uploads/villa_sofiya_risling_beloe_suhoe_12_2455b065a9.webp,villa-sofiya-risling-beloe-suhoe-12,raw
dataset/uploads_root/prod-svoe-vino-strapi/prod-svoe-vino/strapi/uploads/domaine_lipko_risling_beloe_polusuhoe_124_221fa1bd0b.webp,domaine-lipko-risling-beloe-polusuhoe-124,raw
dataset/uploads_root/prod-svoe-vino-strapi/prod-svoe-vino/strapi/uploads/dubinin_winery_risling_beloe_suhoe_12_7ac8ef3e5f.webp,dubinin-winery-risling-beloe-suhoe-12,raw
dataset/uploads_root/prod-svoe-vino-strapi/prod-svoe-vino/strapi/uploads/loco_cimbali_risling_beloe_suhoe_125_b5c98f4d21.webp,loco-cimbali-risling-beloe-suhoe-125,raw
dataset/uploads_root/prod-svoe-vino-strapi/prod-svoe-vino/strapi/uploads/denisov_winery_risling_beloe_suhoe_115_3963e7c359.webp,denisov-winery-risling-beloe-suhoe-115,raw
dataset/uploads_root/prod-svoe-vino-strapi/prod-svoe-vino/strapi/uploads/vinodelnya_krinitsa_risling_beloe_suhoe_13_8b7fd60fb9.webp,vinodelnya-krinitsa-risling-beloe-suhoe-13,raw
dataset/uploads_root/prod-svoe-vino-strapi/prod-svoe-vino/strapi/uploads/vinodelnya_marko_risling_beloe_suhoe_12_99d6ef8f95.webp,vinodelnya-marko-risling-beloe-suhoe-12,raw
dataset/uploads_root/prod-svoe-vino-strapi/prod-svoe-vino/strapi/uploads/abrau_dyurso_risling_beloe_suhoe_12_dea6af4677.webp,abrau-dyurso-risling-beloe-suhoe-12,raw
dataset/uploads_root/prod-svoe-vino-strapi/prod-svoe-vino/strapi/uploads/rem_akchurin_risling_beloe_suhoe_125_e4d4908cd9.webp,rem-akchurin-risling-beloe-suhoe-125,raw
dataset/uploads_root/prod-svoe-vino-strapi/prod-svoe-vino/strapi/uploads/vinodelnya_berdyaeva_risling_beloe_polusuhoe_108_e446508842.webp,vinodelnya-berdyaeva-risling-beloe-polusuhoe-108,raw
dataset/uploads_root/prod-svoe-vino-strapi/prod-svoe-vino/strapi/uploads/vinodelnya_berdyaeva_risling_risling_reynskiy_beloe_suhoe_121_d8df12dffc.webp,vinodelnya-berdyaeva-risling-risling-reynskiy-beloe-suhoe-121,raw
dataset/uploads_root/prod-svoe-vino-strapi/prod-svoe-vino/strapi/uploads/v2r_risling_risling_reynskiy_beloe_suhoe_122_01d92911d4.webp,v2r-risling-risling-reynskiy-beloe-suhoe-122,raw
dataset/uploads_root/prod-svoe-vino-strapi/prod-svoe-vino/strapi/uploads/belmas_winery_risling_beloe_suhoe_135_50cbb379a8.webp,belmas-winery-risling-beloe-suhoe-135,raw
dataset/uploads_root/prod-svoe-vino-strapi/prod-svoe-vino/strapi/uploads/loco_cimbali_risling_risling_reynskiy_beloe_suhoe_13_18fbb74a2c.webp,loco-cimbali-risling-risling-reynskiy-beloe-suhoe-13,raw
dataset/uploads_root/prod-svoe-vino-strapi/prod-svoe-vino/strapi/uploads/vaynkraft_risling_beloe_suhoe_123_a80dc48cd5.webp,vaynkraft-risling-beloe-suhoe-123,raw
dataset/uploads_root/prod-svoe-vino-strapi/prod-svoe-vino/strapi/uploads/rem_akchurin_risling_beloe_polusuhoe_12_f5a8d1b1ef.webp,rem-akchurin-risling-beloe-polusuhoe-12,raw
dataset/uploads_root/prod-svoe-vino-strapi/prod-svoe-vino/strapi/uploads/Screenshot_11_a9d7c8f8df.webp,risling-1,raw
dataset/uploads_root/prod-svoe-vino-strapi/prod-svoe-vino/strapi/uploads/abrau_dyurso_risling_beloe_suhoe_vyderzhannoe_13_3d81416050.webp,abrau-dyurso-risling-beloe-suhoe-13,raw
dataset/uploads_root/prod-svoe-vino-strapi/prod-svoe-vino/strapi/uploads/alma_valley_risling_beloe_polusuhoe_125_88fc981d53.webp,alma-valley-risling-beloe-polusuhoe-125,raw
dataset/uploads_root/prod-svoe-vino-strapi/prod-svoe-vino/strapi/uploads/sober_bash_risling_risling_reynskiy_beloe_suhoe_11_3886abbe5d.webp,sober-bash-risling-risling-reynskiy-beloe-suhoe-11,raw
dataset/uploads_root/prod-svoe-vino-strapi/prod-svoe-vino/strapi/uploads/donskoe_vinodelcheskoe_hozyaystvo_elbuzd_risling_beloe_suhoe_12_c5359f598b.webp,donskoe-vinodelcheskoe-hozyaystvo-elbuzd-risling-beloe-suhoe-12,raw
dataset/uploads_root/prod-svoe-vino-strapi/prod-svoe-vino/strapi/uploads/risling_86f49d6fb2.webp,risling,raw
dataset/uploads_root/prod-svoe-vino-strapi/prod-svoe-vino/strapi/uploads/tempelhof_winery_risling_risling_reynskiy_beloe_suhoe_115_825c5cd60a.webp,tempelhof-winery-risling-risling-reynskiy-beloe-suhoe-115,raw
dataset/uploads_root/prod-svoe-vino-strapi/prod-svoe-vino/strapi/uploads/villa_sofiya_risling_beloe_suhoe_131_ce864e36d8.webp,villa-sofiya-risling-beloe-suhoe-131,raw
dataset/uploads_root/prod-svoe-vino-strapi/prod-svoe-vino/strapi/uploads/product_3_5598a285a2.webp,twopeters_risling,raw
dataset/uploads_root/prod-svoe-vino-strapi/prod-svoe-vino/strapi/uploads/sober_bash_risling_risling_reynskiy_beloe_suhoe_12_1781eda577.webp,sober-bash-risling-risling-reynskiy-beloe-suhoe-12,raw
dataset/uploads_root/prod-svoe-vino-strapi/prod-svoe-vino/strapi/uploads/vinodelnya_myshako_risling_mode_kabinett_beloe_polusuhoe_126_13ef87d688.webp,vinodelnya-myshako-risling-mode-kabinett-beloe-polusuhoe-126,raw
dataset/uploads_root/prod-svoe-vino-strapi/prod-svoe-vino/strapi/uploads/vinodelnya_myshako_risling_kyuve_bryut_igristoe_bryut_beloe_126_bf3f490c36.webp,vinodelnya-myshako-risling-kyuve-bryut-beloe-126,raw
dataset/uploads_root/prod-svoe-vino-strapi/prod-svoe-vino/strapi/uploads/golubitskoe_estate_risling_oranzh_risling_reynskiy_oranzhevoe_suhoe_13_f1f3796561.webp,golubitskoe-estate-risling-oranzh-risling-reynskiy-oranzhevoe-suhoe-13,raw
dataset/uploads_root/prod-svoe-vino-strapi/prod-svoe-vino/strapi/uploads/20260617_070147_Photoroom_2bf16b8d06.webp,jd_winery_risling_orange,raw
dataset/uploads_root/prod-svoe-vino-strapi/prod-svoe-vino/strapi/uploads/gunko_winery_risling_rezerv_beloe_suhoe_135_e2e2bb75a2.webp,gunko-winery-risling-rezerv-beloe-suhoe-135,raw
dataset/uploads_root/prod-svoe-vino-strapi/prod-svoe-vino/strapi/uploads/nesterov_winery_risling_reynskiy_beloe_suhoe_12_8a5db2ad0b.webp,nesterov-winery-risling-reynskiy-beloe-suhoe-12,raw
dataset/uploads_root/prod-svoe-vino-strapi/prod-svoe-vino/strapi/uploads/imenie_sikory_risling_sikory_beloe_suhoe_13_08744b4e75.webp,imenie-sikory-risling-sikory-beloe-suhoe-13,raw
dataset/uploads_root/prod-svoe-vino-strapi/prod-svoe-vino/strapi/uploads/DJ_7074_done_c1541429c5.webp,jd_winery_risling,raw
dataset/uploads_root/prod-svoe-vino-strapi/prod-svoe-vino/strapi/uploads/DSC_00840_Photoroom_13a0701346.webp,risling-2024,raw
dataset/uploads_root/prod-svoe-vino-strapi/prod-svoe-vino/strapi/uploads/vinodelnya_myshako_risling_blanc_out_beloe_suhoe_145_266fb7c61e.webp,vinodelnya-myshako-risling-blanc-out-beloe-suhoe-145,raw
dataset/uploads_root/prod-svoe-vino-strapi/prod-svoe-vino/strapi/uploads/valeriy_zaharin_risling_valeriy_zaharin_risling_reynskiy_beloe_polusladkoe_125_e821394cf1.webp,valeriy-zaharin-risling-valeriy-zaharin-risling-reynskiy-beloe-polusladkoe-125,raw
dataset/uploads_root/prod-svoe-vino-strapi/prod-svoe-vino/strapi/uploads/imenie_sikory_risling_pozdniy_sbor_beloe_sladkoe_13_e60898ab3b.webp,imenie-sikory-risling-pozdniy-sbor-beloe-sladkoe-13,raw
dataset/uploads_root/prod-svoe-vino-strapi/prod-svoe-vino/strapi/uploads/belbek_risling_pozdniy_sbor_risling_reynskiy_beloe_sladkoe_117_02352777b6.webp,belbek-risling-pozdniy-sbor-risling-reynskiy-beloe-sladkoe-117,raw
dataset/uploads_root/prod-svoe-vino-strapi/prod-svoe-vino/strapi/uploads/vinodelnya_pokrovskaya_risling_pokrovskoe_risling_reynskiy_beloe_suhoe_13_3f7429ad83.webp,vinodelnya-pokrovskaya-risling-pokrovskoe-risling-reynskiy-beloe-suhoe-13,raw
dataset/uploads_root/prod-svoe-vino-strapi/prod-svoe-vino/strapi/uploads/imenie_sikory_risling_semeynyy_rezerv_beloe_suhoe_13_3ef1716553.webp,imenie-sikory-risling-semeynyy-rezerv-beloe-suhoe-13,raw
dataset/uploads_root/prod-svoe-vino-strapi/prod-svoe-vino/strapi/uploads/imenie_sikory_risling_semeynyy_rezerv_risling_reynskiy_beloe_suhoe_vyderzhannoe_13_045b648555.webp,imenie-sikory-risling-semeynyy-rezerv-risling-reynskiy-beloe-suhoe-13,raw
dataset/uploads_root/prod-svoe-vino-strapi/prod-svoe-vino/strapi/uploads/Sh_T_Molodoe_2025_igristoe_Normal_Risling_42217577a3.webp,risling-shato-taman,raw
dataset/uploads_root/prod-svoe-vino-strapi/prod-svoe-vino/strapi/uploads/sober_bash_rkatsiteli_beloe_suhoe_14_5c76e13a55.webp,sober-bash-rkatsiteli-beloe-suhoe-14,raw
dataset/uploads_root/prod-svoe-vino-strapi/prod-svoe-vino/strapi/uploads/zmv_koktebel_rkatsiteli_beloe_likernoe_vyderzhannoe_135_7a0a924213.webp,zmv-koktebel-rkatsiteli-beloe-sladkoe-135,raw
dataset/uploads_root/prod-svoe-vino-strapi/prod-svoe-vino/strapi/uploads/esse_rkatsiteli_beloe_suhoe_125_4f094ac315.webp,esse-rkatsiteli-beloe-suhoe-125,raw
dataset/uploads_root/prod-svoe-vino-strapi/prod-svoe-vino/strapi/uploads/vinodelnya_marchenko_rkatsiteli_beloe_suhoe_135_17aa4b13da.webp,vinodelnya-marchenko-rkatsiteli-beloe-suhoe-135,raw
dataset/uploads_root/prod-svoe-vino-strapi/prod-svoe-vino/strapi/uploads/loco_cimbali_rkatsiteli_oranzhevoe_suhoe_13_ebaa76e9a4.webp,loco-cimbali-rkatsiteli-oranzhevoe-suhoe-13,raw
dataset/uploads_root/prod-svoe-vino-strapi/prod-svoe-vino/strapi/uploads/mons_albus_rkatsiteli_beloe_suhoe_124_ebd0180edd.webp,mons-albus-rkatsiteli-beloe-suhoe-124,raw
dataset/uploads_root/prod-svoe-vino-strapi/prod-svoe-vino/strapi/uploads/vinodelnya_vedernikov_rkatsiteli_beloe_suhoe_13_f4d5d4e613.webp,vinodelnya-vedernikov-rkatsiteli-beloe-suhoe-13,raw
dataset/uploads_root/prod-svoe-vino-strapi/prod-svoe-vino/strapi/uploads/belbek_rkatsiteli_beloe_suhoe_13_72dc1f9029.webp,belbek-rkatsiteli-beloe-suhoe-13,raw
dataset/uploads_root/prod-svoe-vino-strapi/prod-svoe-vino/strapi/uploads/denisov_winery_rkatsiteli_beloe_suhoe_112_ed8e9acfcd.webp,denisov-winery-rkatsiteli-beloe-suhoe-112,raw
dataset/uploads_root/prod-svoe-vino-strapi/prod-svoe-vino/strapi/uploads/levokumskoe_rkatsiteli_beloe_suhoe_10_67ac316dd2.webp,levokumskoe-rkatsiteli-beloe-suhoe-10,raw
dataset/uploads_root/prod-svoe-vino-strapi/prod-svoe-vino/strapi/uploads/usadba_perovskih_rkatsiteli_beloe_suhoe_13_209409e8e2.webp,usadba-perovskih-rkatsiteli-beloe-suhoe-13,raw
dataset/uploads_root/prod-svoe-vino-strapi/prod-svoe-vino/strapi/uploads/vinodelnya_pokrovskaya_rkatsiteli_shardone_pokrovskoe_beloe_suhoe_13_79b247780d.webp,vinodelnya-pokrovskaya-rkatsiteli-shardone-pokrovskoe-beloe-suhoe-13,raw
dataset/uploads_root/prod-svoe-vino-strapi/prod-svoe-vino/strapi/uploads/oxana_istratova_wine_rkatsiteli_2023_oranzhevoe_suhoe_113_ed2c3cbe36.webp,oxana-istratova-wine-rkatsiteli-2023-oranzhevoe-suhoe-113,raw
dataset/uploads_root/prod-svoe-vino-strapi/prod-svoe-vino/strapi/uploads/oxana_istratova_wine_rkatsiteli_2024_oranzhevoe_suhoe_12_7a4aaf2a55.webp,oxana-istratova-wine-rkatsiteli-2024-oranzhevoe-suhoe-12,raw
dataset/uploads_root/prod-svoe-vino-strapi/prod-svoe-vino/strapi/uploads/sober_bash_rkatsiteli_amfora_beloe_suhoe_135_7ad32c6fab.webp,sober-bash-rkatsiteli-amfora-beloe-suhoe-135,raw
dataset/uploads_root/prod-svoe-vino-strapi/prod-svoe-vino/strapi/uploads/belbek_rkatsiteli_barrik_beloe_suhoe_13_42076e5365.webp,belbek-rkatsiteli-barrik-beloe-suhoe-13,raw
dataset/uploads_root/prod-svoe-vino-strapi/prod-svoe-vino/strapi/uploads/PU_Sjv7dn_M_Nil_H25_TO_9_Bcb_HX_Ipy_m_U_Tr_Wd50_Scq_Gjhv_Z2m_AVX_4zqqc_ETZ_Rz075dvr_A_Xeagyogp_Hml_Zh_I3_IH_Jb_Q_3b5c66876c.webp,rkacziteli-beloe-suhoe,raw
dataset/uploads_root/prod-svoe-vino-strapi/prod-svoe-vino/strapi/uploads/zmv_koktebel_rkatsiteli_desertnoe_beloe_sladkoe_16_8d34f665f3.webp,zmv-koktebel-rkatsiteli-desertnoe-beloe-sladkoe-16,raw
dataset/uploads_root/prod-svoe-vino-strapi/prod-svoe-vino/strapi/uploads/vaynkraft_rkatsiteli_oranzh_oranzhevoe_suhoe_12_65fe9c2119.webp,vaynkraft-rkatsiteli-oranzh-oranzhevoe-suhoe-12,raw
dataset/uploads_root/prod-svoe-vino-strapi/prod-svoe-vino/strapi/uploads/esse_rkatsiteli_oranzh_beloe_suhoe_12_1c6512e2ab.webp,esse-rkatsiteli-oranzh-beloe-suhoe-12,raw
dataset/uploads_root/prod-svoe-vino-strapi/prod-svoe-vino/strapi/uploads/bogovich_wine_vineyard_rkatsiteli_oranzh_beloe_suhoe_125_451f042270.webp,bogovich-wine-vineyard-rkatsiteli-oranzh-beloe-suhoe-125,raw
dataset/uploads_root/prod-svoe-vino-strapi/prod-svoe-vino/strapi/uploads/Rkacziteli_oranzh_2024_ddce7657ea.webp,perovskih_rkaciteli_orange,raw
dataset/uploads_root/prod-svoe-vino-strapi/prod-svoe-vino/strapi/uploads/esse_rkatsiteli_syur_li_beloe_suhoe_125_2f0b000796.webp,esse-rkatsiteli-syur-li-beloe-suhoe-125,raw
dataset/uploads_root/prod-svoe-vino-strapi/prod-svoe-vino/strapi/uploads/vinodelnya_zhakov_rkatsiteli_eskeyp_krasnoe_suhoe_119_0b92b05d72.webp,vinodelnya-zhakov-rkatsiteli-eskeyp-krasnoe-suhoe-119,raw
dataset/uploads_root/prod-svoe-vino-strapi/prod-svoe-vino/strapi/uploads/Screenshot_17_6d600742f0.webp,roze-2,raw
dataset/uploads_root/prod-svoe-vino-strapi/prod-svoe-vino/strapi/uploads/v2r_roze_kaberne_sovinon_rozovoe_polusuhoe_13_b9c301f7a6.webp,v2r-roze-kaberne-sovinon-rozovoe-polusuhoe-13,raw
dataset/uploads_root/prod-svoe-vino-strapi/prod-svoe-vino/strapi/uploads/Extra_Brut_Rose_b02ec16ad0.webp,perovskih_rose,raw
dataset/uploads_root/prod-svoe-vino-strapi/prod-svoe-vino/strapi/uploads/gunko_winery_roze_kaberne_fran_rozovoe_suhoe_135_59dd0bac47.webp,gunko-winery-roze-kaberne-fran-rozovoe-suhoe-135,raw
dataset/uploads_root/prod-svoe-vino-strapi/prod-svoe-vino/strapi/uploads/chateau_de_talu_roze_kaberne_sovinon_rozovoe_suhoe_14_034e61a253.webp,chateau-de-talu-roze-kaberne-sovinon-rozovoe-suhoe-14,raw
dataset/uploads_root/prod-svoe-vino-strapi/prod-svoe-vino/strapi/uploads/esse_roze_kaberne_sovinon_rozovoe_suhoe_135_f6a387d48c.webp,esse-roze-kaberne-sovinon-rozovoe-suhoe-135,raw
dataset/uploads_root/prod-svoe-vino-strapi/prod-svoe-vino/strapi/uploads/roze_0cd69a079f.webp,roze-1,raw
dataset/uploads_root/prod-svoe-vino-strapi/prod-svoe-vino/strapi/uploads/Roze_Semiray_4b0a8686a0.webp,roze,raw
dataset/uploads_root/prod-svoe-vino-strapi/prod-svoe-vino/strapi/uploads/dubinin_winery_roze_kaberne_fran_rozovoe_suhoe_13_d7bb0abe34.webp,dubinin-winery-roze-kaberne-fran-rozovoe-suhoe-13,raw
dataset/uploads_root/prod-svoe-vino-strapi/prod-svoe-vino/strapi/uploads/Levkadiya_rozovoe_1_fdd3f9f4fd.webp,roze-malbek,raw
dataset/uploads_root/prod-svoe-vino-strapi/prod-svoe-vino/strapi/uploads/domaine_lipko_roze_sira_rozovoe_suhoe_135_32069a0e89.webp,domaine-lipko-roze-sira-rozovoe-suhoe-135,raw
dataset/uploads_root/prod-svoe-vino-strapi/prod-svoe-vino/strapi/uploads/belbek_roze_sira_rozovoe_suhoe_125_2131a8be30.webp,belbek-roze-sira-rozovoe-suhoe-125,raw
dataset/uploads_root/prod-svoe-vino-strapi/prod-svoe-vino/strapi/uploads/vinodelnya_uzunov_roze_ekstra_bryut_kaberne_sovinon_igristoe_ekstra_bryut_rozovoe_127_e1e68b12cc.webp,vinodelnya-uzunov-roze-ekstra-bryut-kaberne-sovinon-rozovoe-127,raw
dataset/uploads_root/prod-svoe-vino-strapi/prod-svoe-vino/strapi/uploads/zmv_koktebel_roze_merlo_rozovoe_suhoe_12_d19cc5e53f.webp,zmv-koktebel-roze-merlo-rozovoe-suhoe-12,raw
dataset/uploads_root/prod-svoe-vino-strapi/prod-svoe-vino/strapi/uploads/2922_l_Cf6_Bdm_213c0a3fbb.webp,roze-avtorskoe-vino,raw
dataset/uploads_root/prod-svoe-vino-strapi/prod-svoe-vino/strapi/uploads/Screenshot_24_c38ca52fac.webp,roze-premium,raw
dataset/uploads_root/prod-svoe-vino-strapi/prod-svoe-vino/strapi/uploads/vinodelnya_zhakov_rozeo_saperavi_rozovoe_suhoe_115_6728000363.webp,vinodelnya-zhakov-rozeo-saperavi-rozovoe-suhoe-115,raw
dataset/uploads_root/prod-svoe-vino-strapi/prod-svoe-vino/strapi/uploads/Roz_Pantera_becb2c2b2a.webp,rozovaya-pantera,raw
dataset/uploads_root/prod-svoe-vino-strapi/prod-svoe-vino/strapi/uploads/vinodelnya_pokrovskaya_rozovoe_marinovskiy_rozovoe_suhoe_135_90ac7e81ce.webp,vinodelnya-pokrovskaya-rozovoe-marinovskiy-suhoe-135,raw
dataset/uploads_root/prod-svoe-vino-strapi/prod-svoe-vino/strapi/uploads/dva_serdtsa_rozovoe_kaberne_sovinon_rozovoe_suhoe_13_43d6654ff9.webp,dva-serdtsa-rozovoe-kaberne-sovinon-suhoe-13,raw
dataset/uploads_root/prod-svoe-vino-strapi/prod-svoe-vino/strapi/uploads/PU_Sjv7dn_M_Nil_H25_TO_9_Bcb_FBPZSZMWHW_C96_w_Sl_B_Ivm4j7_Som_Vif_Cn_Wb_Cxb_VPT_4yr_DB_1uyf_ORJ_Yphzw_KV_Ywj_Q_f45fac7d4e.webp,rozovoe-bryut-1,raw
dataset/uploads_root/prod-svoe-vino-strapi/prod-svoe-vino/strapi/uploads/PU_Sjv7dn_M_Nil_H25_TO_9_Bcb_G_Lfwi_SE_8_H5cq_Xo_T_Ec1_yac_Fq_C67_G_Bdpq_E3_H_Xb_Aj_Cyq73a90_Q8_Kp_BC_64_Bcw_S_Wo_Q_a100d7b92b.webp,rozovoe-bryut,raw
dataset/uploads_root/prod-svoe-vino-strapi/prod-svoe-vino/strapi/uploads/PU_Sjv7dn_M_Nil_H25_TO_9_Bcb_Ldza_JNH_1_Hv9_W_Or_Hokzv1ehc6k_Ky_O_Sa_NL_81_Blk2_Wzh_W9_BBPU_9ky_PHC_Zl_Df_I0_Sstz_Q_7a31558363.webp,rozovoe-bryut-spumante,raw
dataset/uploads_root/prod-svoe-vino-strapi/prod-svoe-vino/strapi/uploads/Screenshot_16_a237793391.webp,rozovoe-zoloto,raw
dataset/uploads_root/prod-svoe-vino-strapi/prod-svoe-vino/strapi/uploads/PU_Sjv7dn_M_Nil_H25_TO_9_Bcb_Fq_WE_Fmk_HJ_5_O_Xnj_Got_CN_vax_0croyl_P_3x_Y_Xp_E34_B238k_V_Muxth_JLK_Hv_6_IW_4_L_Ig_0e234892f1.webp,rozovoe-polusladkoe,raw
dataset/uploads_root/prod-svoe-vino-strapi/prod-svoe-vino/strapi/uploads/PU_Sjv7dn_M_Nil_H25_TO_9_Bcb_D_v_EZB_Mijp_NGR_Wvy6u_Ifxk_Fr_Yqzmn_Hkb_TDN_Sql_Q_Sk_M5nnryrf3_Sd_Jnv_NIRGZKU_e_Q_03b44d8031.webp,rozovoe-polusladkoe-1,raw
dataset/uploads_root/prod-svoe-vino-strapi/prod-svoe-vino/strapi/uploads/novyy_svet_dom_shampanskih_vin_rossiyskoe_shampanskoe_vyderzhannoe_bryut_beloe_novyy_svet_shardone_125_360e04943f.webp,novyy-svet-dom-shampanskih-vin-rossiyskoe-shampanskoe-vyderzhannoe-bryut-beloe-novyy-svet-shardone-125,raw
dataset/uploads_root/prod-svoe-vino-strapi/prod-svoe-vino/strapi/uploads/novyy_svet_dom_shampanskih_vin_rossiyskoe_shampanskoe_vyderzhannoe_bryut_rozovoe_novyy_svet_kaberne_kaberne_sovinon_11_7a22643210.webp,novyy-svet-dom-shampanskih-vin-rossiyskoe-shampanskoe-vyderzhannoe-bryut-rozovoe-novyy-svet-kaberne-kaberne-sovinon-11,raw
dataset/uploads_root/prod-svoe-vino-strapi/prod-svoe-vino/strapi/uploads/novyy_svet_dom_shampanskih_vin_rossiyskoe_shampanskoe_vyderzhannoe_polusladkoe_rozovoe_novyy_svet_shardone_125_a0a982c0c9.webp,novyy-svet-dom-shampanskih-vin-rossiyskoe-shampanskoe-vyderzhannoe-polusladkoe-rozovoe-novyy-svet-shardone-125,raw
dataset/uploads_root/prod-svoe-vino-strapi/prod-svoe-vino/strapi/uploads/novyy_svet_dom_shampanskih_vin_rossiyskoe_shampanskoe_vyderzhannoe_ekstra_bryut_beloe_novyy_svet_aligote_13_8866e4a13c.webp,novyy-svet-dom-shampanskih-vin-rossiyskoe-shampanskoe-vyderzhannoe-ekstra-bryut-beloe-novyy-svet-aligote-13,raw
dataset/uploads_root/prod-svoe-vino-strapi/prod-svoe-vino/strapi/uploads/novyy_svet_dom_shampanskih_vin_rossiyskoe_shampanskoe_vyderzhannoe_ekstra_bryut_beloe_novyy_svet_kokur_11_e405aff9a0.webp,novyy-svet-dom-shampanskih-vin-rossiyskoe-shampanskoe-vyderzhannoe-ekstra-bryut-beloe-novyy-svet-kokur-11,raw
dataset/uploads_root/prod-svoe-vino-strapi/prod-svoe-vino/strapi/uploads/novyy_svet_dom_shampanskih_vin_rossiyskoe_shampanskoe_kollektsionnoe_bryut_beloe_novyy_svet_zolotoy_risling_suhoe_13_f6818826f9.webp,novyy-svet-dom-shampanskih-vin-rossiyskoe-shampanskoe-kollektsionnoe-bryut-beloe-novyy-svet-zolotoy-risling-suhoe-13,raw
dataset/uploads_root/prod-svoe-vino-strapi/prod-svoe-vino/strapi/uploads/novyy_svet_dom_shampanskih_vin_rossiyskoe_shampanskoe_kollektsionnoe_bryut_beloe_novyy_svet_kyuve_de_prestizh_pino_gri_millezim_rozovoe_125_04f220ac39.webp,novyy-svet-dom-shampanskih-vin-rossiyskoe-shampanskoe-kollektsionnoe-bryut-beloe-novyy-svet-kyuve-de-prestizh-pino-gri-millezim-rozovoe-125,raw
dataset/uploads_root/prod-svoe-vino-strapi/prod-svoe-vino/strapi/uploads/novyy_svet_dom_shampanskih_vin_rossiyskoe_shampanskoe_kollektsionnoe_bryut_beloe_novyy_svet_paradizio_shardone_125_de1ec3a166.webp,novyy-svet-dom-shampanskih-vin-rossiyskoe-shampanskoe-kollektsionnoe-bryut-beloe-novyy-svet-paradizio-shardone-125,raw
dataset/uploads_root/prod-svoe-vino-strapi/prod-svoe-vino/strapi/uploads/novyy_svet_dom_shampanskih_vin_rossiyskoe_shampanskoe_kollektsionnoe_bryut_beloe_novyy_svet_yubileynoe_risling_13_fcd393bb9f.webp,novyy-svet-dom-shampanskih-vin-rossiyskoe-shampanskoe-kollektsionnoe-bryut-beloe-novyy-svet-yubileynoe-risling-13,raw
dataset/uploads_root/prod-svoe-vino-strapi/prod-svoe-vino/strapi/uploads/novyy_svet_dom_shampanskih_vin_rossiyskoe_shampanskoe_kollektsionnoe_bryut_rozovoe_novyy_svet_pino_nuar_135_4227a19509.webp,novyy-svet-dom-shampanskih-vin-rossiyskoe-shampanskoe-kollektsionnoe-bryut-rozovoe-novyy-svet-pino-nuar-135,raw
dataset/uploads_root/prod-svoe-vino-strapi/prod-svoe-vino/strapi/uploads/novyy_svet_dom_shampanskih_vin_rossiyskoe_shampanskoe_kollektsionnoe_polusuhoe_beloe_novyy_svet_shardone_13_564818e214.webp,novyy-svet-dom-shampanskih-vin-rossiyskoe-shampanskoe-kollektsionnoe-polusuhoe-beloe-novyy-svet-shardone-13,raw
dataset/uploads_root/prod-svoe-vino-strapi/prod-svoe-vino/strapi/uploads/novyy_svet_dom_shampanskih_vin_rossiyskoe_shampanskoe_kollektsionnoe_polusuhoe_beloe_novyy_svet_risling_125_7748979b97.webp,novyy-svet-dom-shampanskih-vin-rossiyskoe-shampanskoe-kollektsionnoe-polusuhoe-beloe-novyy-svet-risling-125,raw
dataset/uploads_root/prod-svoe-vino-strapi/prod-svoe-vino/strapi/uploads/novyy_svet_dom_shampanskih_vin_rossiyskoe_shampanskoe_kollektsionnoe_polusuhoe_rozovoe_novyy_svet_pino_nuar_125_815a1c3374.webp,novyy-svet-dom-shampanskih-vin-rossiyskoe-shampanskoe-kollektsionnoe-polusuhoe-rozovoe-novyy-svet-pino-nuar-125,raw
dataset/uploads_root/prod-svoe-vino-strapi/prod-svoe-vino/strapi/uploads/novyy_svet_dom_shampanskih_vin_rossiyskoe_shampanskoe_kollektsionnoe_ekstra_bryut_beloe_novyy_svet_blan_de_nuar_pino_nuar_13_c8e5d77c41.webp,novyy-svet-dom-shampanskih-vin-rossiyskoe-shampanskoe-kollektsionnoe-ekstra-bryut-beloe-novyy-svet-blan-de-nuar-pino-nuar-13,raw
dataset/uploads_root/prod-svoe-vino-strapi/prod-svoe-vino/strapi/uploads/novyy_svet_dom_shampanskih_vin_rossiyskoe_shampanskoe_kollektsionnoe_ekstra_bryut_beloe_novyy_svet_kyuve_de_prestizh_shardone_125_622aabc99e.webp,novyy-svet-dom-shampanskih-vin-rossiyskoe-shampanskoe-kollektsionnoe-ekstra-bryut-beloe-novyy-svet-kyuve-de-prestizh-shardone-125,raw
dataset/uploads_root/prod-svoe-vino-strapi/prod-svoe-vino/strapi/uploads/novyy_svet_dom_shampanskih_vin_rossiyskoe_shampanskoe_kollektsionnoe_ekstra_bryut_beloe_novyy_svet_kyuve_risling_125_1bca593096.webp,novyy-svet-dom-shampanskih-vin-rossiyskoe-shampanskoe-kollektsionnoe-ekstra-bryut-beloe-novyy-svet-kyuve-risling-125,raw
dataset/uploads_root/prod-svoe-vino-strapi/prod-svoe-vino/strapi/uploads/novyy_svet_dom_shampanskih_vin_rossiyskoe_shampanskoe_kollektsionnoe_ekstra_bryut_beloe_novyy_svet_risling_kyuve_de_prestizh_125_ba5ae8b9d4.webp,novyy-svet-dom-shampanskih-vin-rossiyskoe-shampanskoe-kollektsionnoe-ekstra-bryut-beloe-novyy-svet-risling-kyuve-de-prestizh-125,raw
dataset/uploads_root/prod-svoe-vino-strapi/prod-svoe-vino/strapi/uploads/novyy_svet_dom_shampanskih_vin_rossiyskoe_shampanskoe_kollektsionnoe_ekstra_bryut_beloe_novyy_svet_shardone_125_18bd3fb00b.webp,novyy-svet-dom-shampanskih-vin-rossiyskoe-shampanskoe-kollektsionnoe-ekstra-bryut-beloe-novyy-svet-shardone-125,raw
dataset/uploads_root/prod-svoe-vino-strapi/prod-svoe-vino/strapi/uploads/vinodelnya_marchenko_rubin_rubin_azos_krasnoe_suhoe_14_d37b2bc288.webp,vinodelnya-marchenko-rubin-rubin-azos-krasnoe-suhoe-14,raw
dataset/uploads_root/prod-svoe-vino-strapi/prod-svoe-vino/strapi/uploads/sober_bash_rubin_rubin_rubin_azos_krasnoe_suhoe_14_e6ce9172ae.webp,sober-bash-rubin-rubin-rubin-azos-krasnoe-suhoe-14,raw
dataset/uploads_root/prod-svoe-vino-strapi/prod-svoe-vino/strapi/uploads/nesterov_winery_rubin_golodrigi_krasnoe_suhoe_11_a0c7b4022b.webp,nesterov-winery-rubin-golodrigi-krasnoe-suhoe-11,raw
dataset/uploads_root/prod-svoe-vino-strapi/prod-svoe-vino/strapi/uploads/Screenshot_18_1109114bb0.webp,rubin-golodrigi,raw
dataset/uploads_root/prod-svoe-vino-strapi/prod-svoe-vino/strapi/uploads/Vino_krasnoe_Kr_Strelka_3_7c02276274.webp,denisov_rubin_klaret_krasnaya_strelka,raw
dataset/uploads_root/prod-svoe-vino-strapi/prod-svoe-vino/strapi/uploads/Screenshot_30_32461c6908.webp,rubin-premium,raw
dataset/uploads_root/prod-svoe-vino-strapi/prod-svoe-vino/strapi/uploads/esse_rubinovyy_rubinovyy_magaracha_krasnoe_suhoe_12_0570a9069b.webp,esse-rubinovyy-rubinovyy-magaracha-krasnoe-suhoe-12,raw
dataset/uploads_root/prod-svoe-vino-strapi/prod-svoe-vino/strapi/uploads/chateau_de_talu_ruzh_kaberne_sovinon_krasnoe_suhoe_14_4bdd4b0a4f.webp,chateau-de-talu-ruzh-kaberne-sovinon-krasnoe-suhoe-14,raw
dataset/uploads_root/prod-svoe-vino-strapi/prod-svoe-vino/strapi/uploads/zmv_koktebel_ruzh_rubinovyy_magaracha_krasnoe_suhoe_135_2dfb2547d6.webp,zmv-koktebel-ruzh-rubinovyy-magaracha-krasnoe-suhoe-135,raw
dataset/uploads_root/prod-svoe-vino-strapi/prod-svoe-vino/strapi/uploads/abrau_dyurso_russkoe_igristoe_koshernoe_bryut_shardone_beloe_13_8b9ee7f9fe.webp,abrau-dyurso-russkoe-igristoe-koshernoe-bryut-shardone-beloe-13,raw
dataset/uploads_root/prod-svoe-vino-strapi/prod-svoe-vino/strapi/uploads/abrau_dyurso_russkoe_igristoe_koshernoe_polusladkoe_shardone_beloe_12_cce09fd580.webp,abrau-dyurso-russkoe-igristoe-koshernoe-polusladkoe-shardone-beloe-12,raw
dataset/uploads_root/prod-svoe-vino-strapi/prod-svoe-vino/strapi/uploads/abrau_dyurso_russkoe_igristoe_polusladkoe_shardone_beloe_12_a8752d67f6.webp,abrau-dyurso-russkoe-igristoe-polusladkoe-shardone-beloe-12,raw
dataset/uploads_root/prod-svoe-vino-strapi/prod-svoe-vino/strapi/uploads/abrau_dyurso_russkoe_igristoe_polusladkoe_krasnoe_kaberne_sovinon_12_d7c8d1c042.webp,abrau-dyurso-russkoe-igristoe-polusladkoe-krasnoe-kaberne-sovinon-12,raw
dataset/uploads_root/prod-svoe-vino-strapi/prod-svoe-vino/strapi/uploads/abrau_dyurso_russkoe_igristoe_polusuhoe_shardone_beloe_12_1dd99a0a33.webp,abrau-dyurso-russkoe-igristoe-polusuhoe-shardone-beloe-12,raw
dataset/uploads_root/prod-svoe-vino-strapi/prod-svoe-vino/strapi/uploads/abrau_dyurso_russkoe_igristoe_polusuhoe_rozovoe_pino_nuar_12_dafb6d988e.webp,abrau-dyurso-russkoe-igristoe-polusuhoe-rozovoe-pino-nuar-12,raw
dataset/uploads_root/prod-svoe-vino-strapi/prod-svoe-vino/strapi/uploads/Screenshot_3_dce2afc6e1.webp,rustok-glera-ru-140,raw
dataset/uploads_root/prod-svoe-vino-strapi/prod-svoe-vino/strapi/uploads/vinodelnya_pokrovskaya_ryzhest_rkatsiteli_beloe_suhoe_11_4e400e23f8.webp,vinodelnya-pokrovskaya-ryzhest-rkatsiteli-beloe-suhoe-11,raw
dataset/uploads_root/prod-svoe-vino-strapi/prod-svoe-vino/strapi/uploads/ferrum_winery_sabernet_sauvignon_kaberne_sovinon_krasnoe_suhoe_14_462b926187.webp,ferrum-winery-sabernet-sauvignon-kaberne-sovinon-krasnoe-suhoe-14,raw
dataset/uploads_root/prod-svoe-vino-strapi/prod-svoe-vino/strapi/uploads/ferrum_winery_sabernet_sauvignon_cabernet_franc_kaberne_sovinon_krasnoe_suhoe_12_89900c9039.webp,ferrum-winery-sabernet-sauvignon-cabernet-franc-kaberne-sovinon-krasnoe-suhoe-12,raw
dataset/uploads_root/prod-svoe-vino-strapi/prod-svoe-vino/strapi/uploads/cellar_master_sandzhoveze_krasnoe_suhoe_125_3851d0eaae.webp,cellar-master-sandzhoveze-krasnoe-suhoe-125,raw
dataset/uploads_root/prod-svoe-vino-strapi/prod-svoe-vino/strapi/uploads/belbek_sandzhoveze_krasnoe_suhoe_14_a0ba68a6c3.webp,belbek-sandzhoveze-krasnoe-suhoe-14,raw
dataset/uploads_root/prod-svoe-vino-strapi/prod-svoe-vino/strapi/uploads/Rebo_reserve_2023_2f54a334ff.webp,sand-zh-oveze-rezerv,raw
dataset/uploads_root/prod-svoe-vino-strapi/prod-svoe-vino/strapi/uploads/valeriy_zaharin_sandzhoveze_burlyuk_krasnoe_suhoe_13_b9ac510815.webp,valeriy-zaharin-sandzhoveze-burlyuk-krasnoe-suhoe-13,raw
dataset/uploads_root/prod-svoe-vino-strapi/prod-svoe-vino/strapi/uploads/product_6cccd75be9.webp,twopeters_saperavi,raw
dataset/uploads_root/prod-svoe-vino-strapi/prod-svoe-vino/strapi/uploads/belbek_saperavi_krasnoe_suhoe_137_469b436cb9.webp,belbek-saperavi-krasnoe-suhoe-137,raw
dataset/uploads_root/prod-svoe-vino-strapi/prod-svoe-vino/strapi/uploads/vinodelnya_zhakov_saperavi_krasnoe_suhoe_126_0231863a40.webp,vinodelnya-zhakov-saperavi-krasnoe-suhoe-126,raw
dataset/uploads_root/prod-svoe-vino-strapi/prod-svoe-vino/strapi/uploads/vinabani_saperavi_krasnoe_suhoe_135_10f0e33613.webp,vinabani-saperavi-krasnoe-suhoe-135,raw
dataset/uploads_root/prod-svoe-vino-strapi/prod-svoe-vino/strapi/uploads/vinodelnya_78_saperavi_krasnoe_suhoe_135_1ea4d62431.webp,vinodelnya-78-saperavi-krasnoe-suhoe-135,raw
dataset/uploads_root/prod-svoe-vino-strapi/prod-svoe-vino/strapi/uploads/dacha_serdyuka_saperavi_saperavi_severnyy_krasnoe_suhoe_14_f1b30ba078.webp,dacha-serdyuka-saperavi-saperavi-severnyy-krasnoe-suhoe-14,raw
dataset/uploads_root/prod-svoe-vino-strapi/prod-svoe-vino/strapi/uploads/nesterov_winery_saperavi_krasnoe_suhoe_135_ff5b3ee0a9.webp,nesterov-winery-saperavi-krasnoe-suhoe-135,raw
dataset/uploads_root/prod-svoe-vino-strapi/prod-svoe-vino/strapi/uploads/dva_serdtsa_saperavi_krasnoe_suhoe_135_58815e0ac2.webp,dva-serdtsa-saperavi-krasnoe-suhoe-135,raw
dataset/uploads_root/prod-svoe-vino-strapi/prod-svoe-vino/strapi/uploads/esse_saperavi_krasnoe_suhoe_13_52697406ad.webp,esse-saperavi-krasnoe-suhoe-13,raw
dataset/uploads_root/prod-svoe-vino-strapi/prod-svoe-vino/strapi/uploads/sober_bash_saperavi_krasnoe_suhoe_13_07a0953b2b.webp,sober-bash-saperavi-krasnoe-suhoe-13,raw
dataset/uploads_root/prod-svoe-vino-strapi/prod-svoe-vino/strapi/uploads/valeriy_zaharin_saperavi_kaberne_sovinon_bakkal_su_krasnoe_suhoe_12_27f454f43f.webp,valeriy-zaharin-saperavi-kaberne-sovinon-bakkal-su-krasnoe-suhoe-12,raw
dataset/uploads_root/prod-svoe-vino-strapi/prod-svoe-vino/strapi/uploads/oxana_istratova_wine_saperavi_2023_krasnoe_suhoe_13_9e21363ec3.webp,oxana-istratova-wine-saperavi-2023-krasnoe-suhoe-13,raw
dataset/uploads_root/prod-svoe-vino-strapi/prod-svoe-vino/strapi/uploads/vinodelnya_zhakov_saperavi_escape_krasnoe_suhoe_127_49559b52aa.webp,vinodelnya-zhakov-saperavi-escape-krasnoe-suhoe-127,raw
dataset/uploads_root/prod-svoe-vino-strapi/prod-svoe-vino/strapi/uploads/gunko_winery_saperavi_gunko_winery_krasnoe_suhoe_135_530300631c.webp,gunko-winery-saperavi-gunko-winery-krasnoe-suhoe-135,raw
dataset/uploads_root/prod-svoe-vino-strapi/prod-svoe-vino/strapi/uploads/esse_saperavi_heaven_krasnoe_suhoe_13_759445e79f.webp,esse-saperavi-heaven-krasnoe-suhoe-13,raw
dataset/uploads_root/prod-svoe-vino-strapi/prod-svoe-vino/strapi/uploads/sober_bash_saperavi_amfora_krasnoe_suhoe_14_dcfa6b09f6.webp,sober-bash-saperavi-amfora-krasnoe-suhoe-14,raw
dataset/uploads_root/prod-svoe-vino-strapi/prod-svoe-vino/strapi/uploads/vinodelnya_zhakov_saperavi_vyderzhannoe_krasnoe_suhoe_115_f5a569eab1.webp,vinodelnya-zhakov-saperavi-vyderzhannoe-krasnoe-suhoe-115,raw
dataset/uploads_root/prod-svoe-vino-strapi/prod-svoe-vino/strapi/uploads/kuban_vino_saperavi_de_tamane_krasnoe_suhoe_125_66c688690c.webp,kuban-vino-saperavi-de-tamane-krasnoe-suhoe-125,raw
dataset/uploads_root/prod-svoe-vino-strapi/prod-svoe-vino/strapi/uploads/belbek_saperavi_rezerv_krasnoe_suhoe_14_c9a3cc2e46.webp,belbek-saperavi-rezerv-krasnoe-suhoe-14,raw
dataset/uploads_root/prod-svoe-vino-strapi/prod-svoe-vino/strapi/uploads/dubinin_winery_saperavi_fresh_krasnoe_suhoe_135_ed1dd0f8f4.webp,dubinin-winery-saperavi-fresh-krasnoe-suhoe-135,raw
dataset/uploads_root/prod-svoe-vino-strapi/prod-svoe-vino/strapi/uploads/Screenshot_26_e93e60541c.webp,saperavi-premium,raw
dataset/uploads_root/prod-svoe-vino-strapi/prod-svoe-vino/strapi/uploads/Solnechnaya_Dolina_Sary_Pandas_vyderzhannoe_c056d7120c.webp,sary-pandas-vyderzhannoe,raw
dataset/uploads_root/prod-svoe-vino-strapi/prod-svoe-vino/strapi/uploads/valeriy_zaharin_sary_pandas_valeriy_zaharin_beloe_suhoe_125_5e1d79e615.webp,valeriy-zaharin-sary-pandas-valeriy-zaharin-beloe-suhoe-125,raw
dataset/uploads_root/prod-svoe-vino-strapi/prod-svoe-vino/strapi/uploads/satera_satera_esse_krasnyy_blend_15_kaberne_sovinon_krasnoe_suhoe_13_b43fbe47fd.webp,satera-satera-esse-krasnyy-blend-15-kaberne-sovinon-krasnoe-suhoe-13,raw
dataset/uploads_root/prod-svoe-vino-strapi/prod-svoe-vino/strapi/uploads/vinodelnya_marchenko_svezhiy_veter_mtsvane_mtsvane_kahetinskiy_beloe_suhoe_135_b72dd767de.webp,vinodelnya-marchenko-svezhiy-veter-mtsvane-mtsvane-kahetinskiy-beloe-suhoe-135,raw
dataset/uploads_root/prod-svoe-vino-strapi/prod-svoe-vino/strapi/uploads/imenie_sikory_semeynoe_nasledie_kaberne_sovinon_krasnoe_suhoe_vyderzhannoe_14_acacce2336.webp,imenie-sikory-semeynoe-nasledie-kaberne-sovinon-krasnoe-suhoe-14,raw
dataset/uploads_root/prod-svoe-vino-strapi/prod-svoe-vino/strapi/uploads/alma_valley_semilon_beloe_suhoe_135_12953499e0.webp,alma-valley-semilon-beloe-suhoe-135,raw
dataset/uploads_root/prod-svoe-vino-strapi/prod-svoe-vino/strapi/uploads/vinodelnya_myshako_semilon_aligote_reserve_beloe_suhoe_126_f332895d20.webp,vinodelnya-myshako-semilon-aligote-reserve-beloe-suhoe-126,raw
dataset/uploads_root/prod-svoe-vino-strapi/prod-svoe-vino/strapi/uploads/Semilon_rezerv_376b6f0b84.webp,perovskih_semilion_reserv,raw
dataset/uploads_root/prod-svoe-vino-strapi/prod-svoe-vino/strapi/uploads/belbek_semilon_rezerv_beloe_suhoe_127_64909a173d.webp,belbek-semilon-rezerv-beloe-suhoe-127,raw
dataset/uploads_root/prod-svoe-vino-strapi/prod-svoe-vino/strapi/uploads/domaine_de_la_vivandiere_senso_roze_rozovoe_suhoe_126_1beb87273d.webp,domaine-de-la-vivandiere-senso-roze-rozovoe-suhoe-126,raw
dataset/uploads_root/prod-svoe-vino-strapi/prod-svoe-vino/strapi/uploads/dacha_serdyuka_sibirkovyy_beloe_suhoe_135_c7ad6452b8.webp,dacha-serdyuka-sibirkovyy-beloe-suhoe-135,raw
dataset/uploads_root/prod-svoe-vino-strapi/prod-svoe-vino/strapi/uploads/vinodelnya_vedernikov_sibirkovyy_beloe_suhoe_11_1b751f8d90.webp,vinodelnya-vedernikov-sibirkovyy-beloe-suhoe-11,raw
dataset/uploads_root/prod-svoe-vino-strapi/prod-svoe-vino/strapi/uploads/blagolyubov_sibirkovyy_beloe_suhoe_115_9194769ec7.webp,blagolyubov-sibirkovyy-beloe-suhoe-115,raw
dataset/uploads_root/prod-svoe-vino-strapi/prod-svoe-vino/strapi/uploads/domaine_de_la_vivandiere_sibirkovyy_sur_lies_beloe_suhoe_121_536caa1f6a.webp,domaine-de-la-vivandiere-sibirkovyy-sur-lies-beloe-suhoe-121,raw
dataset/uploads_root/prod-svoe-vino-strapi/prod-svoe-vino/strapi/uploads/dacha_serdyuka_sibirkovyy_oranzh_beloe_suhoe_135_5f7489325e.webp,dacha-serdyuka-sibirkovyy-oranzh-beloe-suhoe-135,raw
dataset/uploads_root/prod-svoe-vino-strapi/prod-svoe-vino/strapi/uploads/domaine_de_la_vivandiere_sibirkovyy_fresh_beloe_suhoe_125_39e6be90f5.webp,domaine-de-la-vivandiere-sibirkovyy-fresh-beloe-suhoe-125,raw
dataset/uploads_root/prod-svoe-vino-strapi/prod-svoe-vino/strapi/uploads/vinodelnya_vedernikov_sibirkovyy_ekstra_bryut_beloe_117_5f7d82bd4f.webp,vinodelnya-vedernikov-sibirkovyy-ekstra-bryut-beloe-117,raw
dataset/uploads_root/prod-svoe-vino-strapi/prod-svoe-vino/strapi/uploads/vinodelnya_vedernikov_sibirkovyy_aligote_beloe_bryut_117_e6cc15c360.webp,vinodelnya-vedernikov-sibirkovyy-aligote-beloe-bryut-117,raw
dataset/uploads_root/prod-svoe-vino-strapi/prod-svoe-vino/strapi/uploads/viktor_stashko_sira_krasnoe_suhoe_14_65be06bbd0.webp,viktor-stashko-sira-krasnoe-suhoe-14,raw
dataset/uploads_root/prod-svoe-vino-strapi/prod-svoe-vino/strapi/uploads/bakla_vines_sira_krasnoe_suhoe_135_1d09e35f1b.webp,bakla-vines-sira-krasnoe-suhoe-135,raw
dataset/uploads_root/prod-svoe-vino-strapi/prod-svoe-vino/strapi/uploads/sira_c4aea6abdf.webp,sira,raw
dataset/uploads_root/prod-svoe-vino-strapi/prod-svoe-vino/strapi/uploads/chateau_cachalot_sira_krasnoe_suhoe_12_dce15be016.webp,chateau-cachalot-sira-krasnoe-suhoe-12,raw
dataset/uploads_root/prod-svoe-vino-strapi/prod-svoe-vino/strapi/uploads/gavras_sira_krasnoe_suhoe_135_2d49e01dbe.webp,gavras-sira-krasnoe-suhoe-135,raw
dataset/uploads_root/prod-svoe-vino-strapi/prod-svoe-vino/strapi/uploads/vinodelnya_myshako_sira_marselan_kyuve_krasnoe_suhoe_136_3d66d5fcee.webp,vinodelnya-myshako-sira-marselan-kyuve-krasnoe-suhoe-136,raw
dataset/uploads_root/prod-svoe-vino-strapi/prod-svoe-vino/strapi/uploads/a_gordienko_m_nikolaev_sira_nuvo_krasnoe_suhoe_115_3eff431cec.webp,a-gordienko-m-nikolaev-sira-nuvo-krasnoe-suhoe-115,raw
dataset/uploads_root/prod-svoe-vino-strapi/prod-svoe-vino/strapi/uploads/belbek_sira_rezerv_krasnoe_suhoe_132_ad3192b478.webp,belbek-sira-rezerv-krasnoe-suhoe-132,raw
dataset/uploads_root/prod-svoe-vino-strapi/prod-svoe-vino/strapi/uploads/4826_N_Ndc2f_W_Photoroom_276188e83c.webp,mantra-estate-sira-roze-rozovoe-suhoe-12,raw
dataset/uploads_root/prod-svoe-vino-strapi/prod-svoe-vino/strapi/uploads/valeriy_zaharin_sira_valeriy_zaharin_krasnoe_polusladkoe_125_7c99c350d3.webp,valeriy-zaharin-sira-valeriy-zaharin-krasnoe-polusladkoe-125,raw
dataset/uploads_root/prod-svoe-vino-strapi/prod-svoe-vino/strapi/uploads/vinodelnya_krinitsa_sirakyuz_krasnoe_suhoe_13_6baebf9c06.webp,vinodelnya-krinitsa-sirakyuz-krasnoe-suhoe-13,raw
dataset/uploads_root/prod-svoe-vino-strapi/prod-svoe-vino/strapi/uploads/Skalistyj_bereg_shepot_czvetov_belyj_e9d550f01e.webp,skalistyj-bereg-shepot-czvetov,raw
dataset/uploads_root/prod-svoe-vino-strapi/prod-svoe-vino/strapi/uploads/skalistyy_bereg_skalistyy_bereg_kaberne_sovinon_krasnoe_suhoe_15_cea238d7d4.webp,skalistyy-bereg-skalistyy-bereg-kaberne-sovinon-krasnoe-suhoe-15,raw
dataset/uploads_root/prod-svoe-vino-strapi/prod-svoe-vino/strapi/uploads/skalistyy_bereg_skalistyy_bereg_kaberne_fran_krasnoe_suhoe_15_c77f61a917.webp,skalistyy-bereg-skalistyy-bereg-kaberne-fran-krasnoe-suhoe-15,raw
dataset/uploads_root/prod-svoe-vino-strapi/prod-svoe-vino/strapi/uploads/skalistyy_bereg_skalistyy_bereg_krasnaya_kniga_glava_1_kaberne_sovinon_krasnoe_suhoe_147_39262cfce3.webp,skalistyy-bereg-skalistyy-bereg-krasnaya-kniga-glava-1-kaberne-sovinon-krasnoe-suhoe-147,raw
dataset/uploads_root/prod-svoe-vino-strapi/prod-svoe-vino/strapi/uploads/skalistyy_bereg_skalistyy_bereg_krasnaya_kniga_glava_2_merlo_krasnoe_suhoe_15_02f408f3ee.webp,skalistyy-bereg-skalistyy-bereg-krasnaya-kniga-glava-2-merlo-krasnoe-suhoe-15,raw
dataset/uploads_root/prod-svoe-vino-strapi/prod-svoe-vino/strapi/uploads/skalistyy_bereg_skalistyy_bereg_krasnostop_zolotovskiy_krasnoe_suhoe_133_b9963f6e31.webp,skalistyy-bereg-skalistyy-bereg-krasnostop-zolotovskiy-krasnoe-suhoe-133,raw
dataset/uploads_root/prod-svoe-vino-strapi/prod-svoe-vino/strapi/uploads/skalistyy_bereg_skalistyy_bereg_pino_nuar_krasnoe_suhoe_13_de628e1d94.webp,skalistyy-bereg-skalistyy-bereg-pino-nuar-krasnoe-suhoe-13,raw
dataset/uploads_root/prod-svoe-vino-strapi/prod-svoe-vino/strapi/uploads/skalistyy_bereg_skalistyy_bereg_risling_beloe_suhoe_113_ced8bab54b.webp,skalistyy-bereg-skalistyy-bereg-risling-beloe-suhoe-113,raw
dataset/uploads_root/prod-svoe-vino-strapi/prod-svoe-vino/strapi/uploads/skalistyy_bereg_skalistyy_bereg_sovinon_blan_beloe_suhoe_12_1f7736e007.webp,skalistyy-bereg-skalistyy-bereg-sovinon-blan-beloe-suhoe-12,raw
dataset/uploads_root/prod-svoe-vino-strapi/prod-svoe-vino/strapi/uploads/skalistyy_bereg_skalistyy_bereg_shardone_beloe_suhoe_135_bd7a802212.webp,skalistyy-bereg-skalistyy-bereg-shardone-beloe-suhoe-135,raw
dataset/uploads_root/prod-svoe-vino-strapi/prod-svoe-vino/strapi/uploads/shato_ay_danil_skarlatto_da_sole_saperavi_krasnoe_polusladkoe_13_78a066b92d.webp,shato-ay-danil-skarlatto-da-sole-saperavi-krasnoe-polusladkoe-13,raw
dataset/uploads_root/prod-svoe-vino-strapi/prod-svoe-vino/strapi/uploads/skalistyy_bereg_skb_blan_de_nuar_pino_nuar_beloe_ekstra_bryut_118_7f63c74351.webp,skalistyy-bereg-skb-blan-de-nuar-pino-nuar-beloe-ekstra-bryut-118,raw
dataset/uploads_root/prod-svoe-vino-strapi/prod-svoe-vino/strapi/uploads/skalistyy_bereg_skb_roze_pino_nuar_beloe_ekstra_bryut_122_aa1fe454b7.webp,skalistyy-bereg-skb-roze-pino-nuar-beloe-ekstra-bryut-122,raw
dataset/uploads_root/prod-svoe-vino-strapi/prod-svoe-vino/strapi/uploads/product_4_ceb84c1474.webp,twopeters_sauvignon,raw
dataset/uploads_root/prod-svoe-vino-strapi/prod-svoe-vino/strapi/uploads/vinodelnya_uzunov_sovinon_blan_beloe_suhoe_125_9fd4593469.webp,vinodelnya-uzunov-sovinon-blan-beloe-suhoe-125,raw
dataset/uploads_root/prod-svoe-vino-strapi/prod-svoe-vino/strapi/uploads/golubitskoe_estate_sovinon_blan_beloe_suhoe_11_7236a859ce.webp,golubitskoe-estate-sovinon-blan-beloe-suhoe-11,raw
dataset/uploads_root/prod-svoe-vino-strapi/prod-svoe-vino/strapi/uploads/alma_valley_sovinon_blan_beloe_suhoe_14_a30a0144ff.webp,alma-valley-sovinon-blan-beloe-suhoe-14,raw
dataset/uploads_root/prod-svoe-vino-strapi/prod-svoe-vino/strapi/uploads/belbek_sovinon_blan_beloe_suhoe_12_f6ebdcced9.webp,belbek-sovinon-blan-beloe-suhoe-12,raw
dataset/uploads_root/prod-svoe-vino-strapi/prod-svoe-vino/strapi/uploads/chateau_andre_sovinon_blan_beloe_suhoe_13_fb031c925c.webp,chateau-andre-sovinon-blan-beloe-suhoe-13,raw
dataset/uploads_root/prod-svoe-vino-strapi/prod-svoe-vino/strapi/uploads/villa_sofiya_sovinon_blan_beloe_suhoe_14_bbafb2e342.webp,villa-sofiya-sovinon-blan-beloe-suhoe-14,raw
dataset/uploads_root/prod-svoe-vino-strapi/prod-svoe-vino/strapi/uploads/esse_sovinon_blan_beloe_suhoe_12_399b808abd.webp,esse-sovinon-blan-beloe-suhoe-12,raw
dataset/uploads_root/prod-svoe-vino-strapi/prod-svoe-vino/strapi/uploads/denisov_winery_sovinon_blan_beloe_suhoe_115_7ed31606ab.webp,denisov-winery-sovinon-blan-beloe-suhoe-115,raw
dataset/uploads_root/prod-svoe-vino-strapi/prod-svoe-vino/strapi/uploads/mantra_estate_sauvignon_blanc_sovinon_blan_beloe_suhoe_133_6e18218bcb.webp,mantra-estate-sauvignon-blanc-sovinon-blan-beloe-suhoe-133,raw
dataset/uploads_root/prod-svoe-vino-strapi/prod-svoe-vino/strapi/uploads/v2r_sovinon_blan_beloe_suhoe_13_89a35badfd.webp,v2r-sovinon-blan-beloe-suhoe-13,raw
dataset/uploads_root/prod-svoe-vino-strapi/prod-svoe-vino/strapi/uploads/blagolyubov_sovinon_blan_beloe_suhoe_125_c0d0a71248.webp,blagolyubov-sovinon-blan-beloe-suhoe-125,raw
dataset/uploads_root/prod-svoe-vino-strapi/prod-svoe-vino/strapi/uploads/villa_sofiya_sovinon_blan_beloe_suhoe_123_1e42c3ad84.webp,villa-sofiya-sovinon-blan-beloe-suhoe-123,raw
dataset/uploads_root/prod-svoe-vino-strapi/prod-svoe-vino/strapi/uploads/levokumskoe_sovinon_blan_beloe_suhoe_10_e7db3ad179.webp,levokumskoe-sovinon-blan-beloe-suhoe-10,raw
dataset/uploads_root/prod-svoe-vino-strapi/prod-svoe-vino/strapi/uploads/dubinin_winery_sovinon_blan_beloe_suhoe_12_18c78bf838.webp,dubinin-winery-sovinon-blan-beloe-suhoe-12,raw
dataset/uploads_root/prod-svoe-vino-strapi/prod-svoe-vino/strapi/uploads/donskoe_vinodelcheskoe_hozyaystvo_elbuzd_sovinon_blan_beloe_suhoe_12_1e0d005870.webp,donskoe-vinodelcheskoe-hozyaystvo-elbuzd-sovinon-blan-beloe-suhoe-12,raw
dataset/uploads_root/prod-svoe-vino-strapi/prod-svoe-vino/strapi/uploads/vaynkraft_sovinon_blan_beloe_suhoe_13_869a6fba08.webp,vaynkraft-sovinon-blan-beloe-suhoe-13,raw
dataset/uploads_root/prod-svoe-vino-strapi/prod-svoe-vino/strapi/uploads/domaine_lipko_sovinon_blan_beloe_suhoe_118_239115924a.webp,domaine-lipko-sovinon-blan-beloe-suhoe-118,raw
dataset/uploads_root/prod-svoe-vino-strapi/prod-svoe-vino/strapi/uploads/vinodelnya_myshako_sovinon_blan_beloe_suhoe_122_6cfa0eec2c.webp,vinodelnya-myshako-sovinon-blan-beloe-suhoe-122,raw
dataset/uploads_root/prod-svoe-vino-strapi/prod-svoe-vino/strapi/uploads/SOVINON_BLAN_Photoroom_2b8f44157c.webp,orlov_sauvignon_blan,raw
dataset/uploads_root/prod-svoe-vino-strapi/prod-svoe-vino/strapi/uploads/sov_blan_c03a466980.webp,sovinon-blan-krasnaya-gorka,raw
dataset/uploads_root/prod-svoe-vino-strapi/prod-svoe-vino/strapi/uploads/shato_pino_sovinon_blan_semilon_beloe_suhoe_115_907eca8d40.webp,shato-pino-sovinon-blan-semilon-beloe-suhoe-115,raw
dataset/uploads_root/prod-svoe-vino-strapi/prod-svoe-vino/strapi/uploads/vinodelnya_myshako_sovinon_blan_vione_kyuve_beloe_suhoe_125_f4446c2fcb.webp,vinodelnya-myshako-sovinon-blan-vione-kyuve-beloe-suhoe-125,raw
dataset/uploads_root/prod-svoe-vino-strapi/prod-svoe-vino/strapi/uploads/ferrum_winery_sovinon_blan_blush_beloe_suhoe_104_f62ecc27db.webp,ferrum-winery-sovinon-blan-blush-beloe-suhoe-104,raw
dataset/uploads_root/prod-svoe-vino-strapi/prod-svoe-vino/strapi/uploads/gunko_winery_sovinon_blan_gunko_winery_beloe_suhoe_135_018fec8f4b.webp,gunko-winery-sovinon-blan-gunko-winery-beloe-suhoe-135,raw
dataset/uploads_root/prod-svoe-vino-strapi/prod-svoe-vino/strapi/uploads/vinodelnya_myshako_sovinon_blan_mode_cold_style_beloe_suhoe_122_dedad7f0ba.webp,vinodelnya-myshako-sovinon-blan-mode-cold-style-beloe-suhoe-122,raw
dataset/uploads_root/prod-svoe-vino-strapi/prod-svoe-vino/strapi/uploads/vinodelnya_myshako_sovinon_blan_mode_petnat_petnat_bryut_belyy_12_80b3ff02e8.webp,vinodelnya-myshako-sovinon-blan-mode-petnat-beloe-bryut-12,raw
dataset/uploads_root/prod-svoe-vino-strapi/prod-svoe-vino/strapi/uploads/vinodelnya_myshako_sovinon_blan_kyuve_beloe_suhoe_134_2227c5fdb9.webp,vinodelnya-myshako-sovinon-blan-kyuve-beloe-suhoe-134,raw
dataset/uploads_root/prod-svoe-vino-strapi/prod-svoe-vino/strapi/uploads/alma_valley_sovinon_blan_rezerv_beloe_suhoe_14_67049e90d5.webp,alma-valley-sovinon-blan-rezerv-beloe-suhoe-14,raw
dataset/uploads_root/prod-svoe-vino-strapi/prod-svoe-vino/strapi/uploads/uppa_winery_sovinon_blan_rezerva_beloe_suhoe_12_76ba88a2a6.webp,uppa-winery-sovinon-blan-rezerva-beloe-suhoe-12,raw
dataset/uploads_root/prod-svoe-vino-strapi/prod-svoe-vino/strapi/uploads/imenie_sikory_sovinon_blan_sikory_beloe_suhoe_13_534c3bb3a0.webp,imenie-sikory-sovinon-blan-sikory-beloe-suhoe-13,raw
dataset/uploads_root/prod-svoe-vino-strapi/prod-svoe-vino/strapi/uploads/esse_sovinon_blan_fyume_beloe_suhoe_128_a32349f7e3.webp,esse-sovinon-blan-fyume-beloe-suhoe-128,raw
dataset/uploads_root/prod-svoe-vino-strapi/prod-svoe-vino/strapi/uploads/vinodelnya_myshako_sovinon_blan_blanc_out_beloe_suhoe_138_c0104a89b6.webp,vinodelnya-myshako-sovinon-blan-blanc-out-beloe-suhoe-138,raw
dataset/uploads_root/prod-svoe-vino-strapi/prod-svoe-vino/strapi/uploads/vinodelnya_myshako_sovinon_blan_avtorskaya_tehnologiya_mono_beloe_suhoe_128_1cb66bac07.webp,vinodelnya-myshako-sovinon-blan-avtorskaya-tehnologiya-mono-beloe-suhoe-128,raw
dataset/uploads_root/prod-svoe-vino-strapi/prod-svoe-vino/strapi/uploads/valeriy_zaharin_sovinon_blan_valeriy_zaharin_beloe_polusladkoe_105_8aec03d544.webp,valeriy-zaharin-sovinon-blan-valeriy-zaharin-beloe-polusladkoe-105,raw
dataset/uploads_root/prod-svoe-vino-strapi/prod-svoe-vino/strapi/uploads/vinodelnya_pokrovskaya_sovinon_blan_pokrovskoe_beloe_suhoe_12_7798c623a3.webp,vinodelnya-pokrovskaya-sovinon-blan-pokrovskoe-beloe-suhoe-12,raw
dataset/uploads_root/prod-svoe-vino-strapi/prod-svoe-vino/strapi/uploads/imenie_sikory_sovinon_blan_semeynyy_rezerv_beloe_suhoe_13_8902a3f131.webp,imenie-sikory-sovinon-blan-semeynyy-rezerv-beloe-suhoe-13,raw
dataset/uploads_root/prod-svoe-vino-strapi/prod-svoe-vino/strapi/uploads/vinodelnya_uzunov_sovinon_kukuoba_sovinon_blan_beloe_ekstra_bryut_12_afc1102ff2.webp,vinodelnya-uzunov-sovinon-kukuoba-sovinon-blan-beloe-ekstra-bryut-12,raw
dataset/uploads_root/prod-svoe-vino-strapi/prod-svoe-vino/strapi/uploads/vinodelnya_myshako_sovinon_semilon_kyuve_sovinon_blan_beloe_suhoe_132_46f2609e02.webp,vinodelnya-myshako-sovinon-semilon-kyuve-sovinon-blan-beloe-suhoe-132,raw
dataset/uploads_root/prod-svoe-vino-strapi/prod-svoe-vino/strapi/uploads/valeriy_zaharin_sovinon_valeriy_zaharin_beloe_polusladkoe_125_8494e4a11e.webp,valeriy-zaharin-sovinon-valeriy-zaharin-beloe-polusladkoe-125,raw
dataset/uploads_root/prod-svoe-vino-strapi/prod-svoe-vino/strapi/uploads/usadba_divnomorskoe_solist_marselan_rozovoe_suhoe_115_a73776de13.webp,usadba-divnomorskoe-solist-marselan-rozovoe-suhoe-115,raw
dataset/uploads_root/prod-svoe-vino-strapi/prod-svoe-vino/strapi/uploads/Solnechnaya_Dolina_meganom_kokur_0084a50e59.webp,solnechnaya-dolina-meganom-kokur-beloe-bryut,raw
dataset/uploads_root/prod-svoe-vino-strapi/prod-svoe-vino/strapi/uploads/usadba_divnomorskoe_solnechnyy_veter_shardone_beloe_suhoe_125_28a7d7de96.webp,usadba-divnomorskoe-solnechnyy-veter-shardone-beloe-suhoe-125,raw
dataset/uploads_root/prod-svoe-vino-strapi/prod-svoe-vino/strapi/uploads/alma_valley_solntse_vozduh_vinograd_sira_shiraz_rozovoe_polusladkoe_12_ace425804f.webp,alma-valley-solntse-vozduh-vinograd-sira-shiraz-rozovoe-polusladkoe-12,raw
dataset/uploads_root/prod-svoe-vino-strapi/prod-svoe-vino/strapi/uploads/alma_valley_solntse_vozduh_vinograd_sira_shiraz_krasnoe_polusuhoe_135_7cd3395fb2.webp,alma-valley-solntse-vozduh-vinograd-sira-shiraz-krasnoe-polusuhoe-135,raw
dataset/uploads_root/prod-svoe-vino-strapi/prod-svoe-vino/strapi/uploads/alma_valley_solntse_vozduh_vinograd_merlo_krasnoe_polusladkoe_14_6111b648a4.webp,alma-valley-solntse-vozduh-vinograd-merlo-krasnoe-polusladkoe-14,raw
dataset/uploads_root/prod-svoe-vino-strapi/prod-svoe-vino/strapi/uploads/alma_valley_solntse_vozduh_vinograd_shardone_beloe_polusuhoe_13_532db72561.webp,alma-valley-solntse-vozduh-vinograd-shardone-beloe-polusuhoe-13,raw
dataset/uploads_root/prod-svoe-vino-strapi/prod-svoe-vino/strapi/uploads/alma_valley_solntse_vozduh_vinograd_kokur_beloe_polusladkoe_13_e1b2a15be1.webp,alma-valley-solntse-vozduh-vinograd-kokur-beloe-polusladkoe-13,raw
dataset/uploads_root/prod-svoe-vino-strapi/prod-svoe-vino/strapi/uploads/nesterov_winery_solyaris_beloe_suhoe_14_634dc705f3.webp,nesterov-winery-solyaris-beloe-suhoe-14,raw
dataset/uploads_root/prod-svoe-vino-strapi/prod-svoe-vino/strapi/uploads/DSC_00842_e6a43cbc3d.webp,sosedi-aligote-shardone-2025,raw
dataset/uploads_root/prod-svoe-vino-strapi/prod-svoe-vino/strapi/uploads/soyuz_vino_soyuz_vino_evropak_shiraz_krasnoe_polusladkoe_11_80fd7e408c.webp,soyuz-vino-soyuz-vino-evropak-shiraz-krasnoe-polusladkoe-11,raw
dataset/uploads_root/prod-svoe-vino-strapi/prod-svoe-vino/strapi/uploads/soyuz_vino_soyuz_vino_izabella_krasnoe_polusladkoe_11_1abeea2193.webp,soyuz-vino-soyuz-vino-izabella-krasnoe-polusladkoe-11,raw
dataset/uploads_root/prod-svoe-vino-strapi/prod-svoe-vino/strapi/uploads/soyuz_vino_soyuz_vino_izabella_beg_in_boks_krasnoe_polusladkoe_11_57877fa333.webp,soyuz-vino-soyuz-vino-izabella-beg-in-boks-krasnoe-polusladkoe-11,raw
dataset/uploads_root/prod-svoe-vino-strapi/prod-svoe-vino/strapi/uploads/soyuz_vino_soyuz_vino_kaberne_sovinon_krasnoe_suhoe_12_323dad351f.webp,soyuz-vino-soyuz-vino-kaberne-sovinon-krasnoe-suhoe-12,raw
dataset/uploads_root/prod-svoe-vino-strapi/prod-svoe-vino/strapi/uploads/soyuz_vino_soyuz_vino_kaberne_sovinon_beg_in_boks_krasnoe_suhoe_11_a2b1e169b2.webp,soyuz-vino-soyuz-vino-kaberne-sovinon-beg-in-boks-krasnoe-suhoe-11,raw
dataset/uploads_root/prod-svoe-vino-strapi/prod-svoe-vino/strapi/uploads/soyuz_vino_soyuz_vino_kaberne_sovinon_polusladkoe_beg_in_boks_krasnoe_12_848ced18a2.webp,soyuz-vino-soyuz-vino-kaberne-sovinon-polusladkoe-beg-in-boks-krasnoe-12,raw
dataset/uploads_root/prod-svoe-vino-strapi/prod-svoe-vino/strapi/uploads/soyuz_vino_soyuz_vino_muskat_beloe_polusladkoe_11_31c63dac6f.webp,soyuz-vino-soyuz-vino-muskat-beloe-polusladkoe-11,raw
dataset/uploads_root/prod-svoe-vino-strapi/prod-svoe-vino/strapi/uploads/soyuz_vino_soyuz_vino_muskat_beg_in_boks_beloe_polusladkoe_11_c04d62fb2c.webp,soyuz-vino-soyuz-vino-muskat-beg-in-boks-beloe-polusladkoe-11,raw
dataset/uploads_root/prod-svoe-vino-strapi/prod-svoe-vino/strapi/uploads/soyuz_vino_soyuz_vino_shardone_beloe_polusladkoe_beg_in_boks_12_f0024228a1.webp,soyuz-vino-soyuz-vino-shardone-beloe-polusladkoe-beg-in-boks-12,raw
dataset/uploads_root/prod-svoe-vino-strapi/prod-svoe-vino/strapi/uploads/soyuz_vino_soyuz_vino_shardone_suhoe_beloe_11_ea78298986.webp,soyuz-vino-soyuz-vino-shardone-suhoe-beloe-11,raw
dataset/uploads_root/prod-svoe-vino-strapi/prod-svoe-vino/strapi/uploads/soyuz_vino_soyuz_vino_shardone_suhoe_beg_in_boks_beloe_11_d970c9b11d.webp,soyuz-vino-soyuz-vino-shardone-suhoe-beg-in-boks-beloe-11,raw
dataset/uploads_root/prod-svoe-vino-strapi/prod-svoe-vino/strapi/uploads/blagolyubov_stanichnoe_stanichnyy_beloe_suhoe_12_eef92e6059.webp,blagolyubov-stanichnoe-stanichnyy-beloe-suhoe-12,raw
dataset/uploads_root/prod-svoe-vino-strapi/prod-svoe-vino/strapi/uploads/usadba_mezyb_staraya_doroga_na_dzhanhot_kaberne_sovinon_krasnoe_suhoe_vyderzhannoe_144_6130c0ed6d.webp,usadba-mezyb-staraya-doroga-na-dzhanhot-kaberne-sovinon-krasnoe-suhoe-144,raw
dataset/uploads_root/prod-svoe-vino-strapi/prod-svoe-vino/strapi/uploads/usadba_mezyb_staraya_doroga_na_dzhanhot_kaberne_sovinon_kaberne_fran_krasnoe_suhoe_144_2792094341.webp,usadba-mezyb-staraya-doroga-na-dzhanhot-kaberne-sovinon-kaberne-fran-krasnoe-suhoe-144,raw
dataset/uploads_root/prod-svoe-vino-strapi/prod-svoe-vino/strapi/uploads/Frizante_beloe_suhoe_2f45164bc4.webp,suhoe-beloe-zb-vajn-frizzante,raw
dataset/uploads_root/prod-svoe-vino-strapi/prod-svoe-vino/strapi/uploads/vinodelnya_zhakov_tavkveri_escape_krasnoe_suhoe_117_b6800294d6.webp,vinodelnya-zhakov-tavkveri-escape-krasnoe-suhoe-117,raw
dataset/uploads_root/prod-svoe-vino-strapi/prod-svoe-vino/strapi/uploads/valeriy_zaharin_tangovoe_manto_pino_nuar_krasnoe_suhoe_13_a0df9308e1.webp,valeriy-zaharin-tangovoe-manto-pino-nuar-krasnoe-suhoe-13,raw
dataset/uploads_root/prod-svoe-vino-strapi/prod-svoe-vino/strapi/uploads/valeriy_zaharin_tangovoe_manto_sovinon_sovinon_blan_beloe_suhoe_125_e437fbd64f.webp,valeriy-zaharin-tangovoe-manto-sovinon-sovinon-blan-beloe-suhoe-125,raw
dataset/uploads_root/prod-svoe-vino-strapi/prod-svoe-vino/strapi/uploads/product_6_df359266e6.webp,twopeters_tandem,raw
dataset/uploads_root/prod-svoe-vino-strapi/prod-svoe-vino/strapi/uploads/alma_valley_tba_sovinon_sovinon_blan_beloe_sladkoe_75_571c20333f.webp,alma-valley-tba-sovinon-sovinon-blan-beloe-sladkoe-75,raw
dataset/uploads_root/prod-svoe-vino-strapi/prod-svoe-vino/strapi/uploads/Temelion_Blan_de_blan_1_bce05cbf71.webp,temelion-blanc-de-blancs,raw
dataset/uploads_root/prod-svoe-vino-strapi/prod-svoe-vino/strapi/uploads/Temelion_Bryut_1_a8d14c7360.webp,avtorskij-gid-artura-sarkisyana,raw
dataset/uploads_root/prod-svoe-vino-strapi/prod-svoe-vino/strapi/uploads/Temelion_Bryut_roze_1_a6d6d4234d.webp,temelion-bryut-roze,raw
dataset/uploads_root/prod-svoe-vino-strapi/prod-svoe-vino/strapi/uploads/le_k2_temnaya_roza_sira_rozovoe_suhoe_13_80e154d18a.webp,le-k2-temnaya-roza-sira-rozovoe-suhoe-13,raw
dataset/uploads_root/prod-svoe-vino-strapi/prod-svoe-vino/strapi/uploads/vinodelnya_myshako_tempranilo_rozovoe_suhoe_134_090941fd8c.webp,vinodelnya-myshako-tempranilo-rozovoe-suhoe-134,raw
dataset/uploads_root/prod-svoe-vino-strapi/prod-svoe-vino/strapi/uploads/alma_valley_tempranilo_krasnoe_suhoe_13_9f66826c6d.webp,alma-valley-tempranilo-krasnoe-suhoe-13,raw
dataset/uploads_root/prod-svoe-vino-strapi/prod-svoe-vino/strapi/uploads/alma_valley_tempranilo_rezerv_krasnoe_suhoe_14_36d4dbc6c0.webp,alma-valley-tempranilo-rezerv-krasnoe-suhoe-14,raw
dataset/uploads_root/prod-svoe-vino-strapi/prod-svoe-vino/strapi/uploads/soyuz_vino_terra_pia_kaldera_blend_risling_reynskiy_beloe_suhoe_11_0a3230fc09.webp,soyuz-vino-terra-pia-kaldera-blend-risling-reynskiy-beloe-suhoe-11,raw
dataset/uploads_root/prod-svoe-vino-strapi/prod-svoe-vino/strapi/uploads/soyuz_vino_terra_pia_lava_blend_merlo_krasnoe_suhoe_12_8c211b3368.webp,soyuz-vino-terra-pia-lava-blend-merlo-krasnoe-suhoe-12,raw
dataset/uploads_root/prod-svoe-vino-strapi/prod-svoe-vino/strapi/uploads/shato_ay_danil_tokkata_saperavi_krasnoe_suhoe_14_195c22982f.webp,shato-ay-danil-tokkata-saperavi-krasnoe-suhoe-14,raw
dataset/uploads_root/prod-svoe-vino-strapi/prod-svoe-vino/strapi/uploads/fanagoriya_tochka_saperavi_krasnoe_suhoe_14_85b003f862.webp,fanagoriya-tochka-saperavi-krasnoe-suhoe-14,raw
dataset/uploads_root/prod-svoe-vino-strapi/prod-svoe-vino/strapi/uploads/vaynkraft_traminer_traminer_rozovyy_beloe_suhoe_14_7301148f29.webp,vaynkraft-traminer-traminer-rozovyy-beloe-suhoe-14,raw
dataset/uploads_root/prod-svoe-vino-strapi/prod-svoe-vino/strapi/uploads/chateau_andre_traminer_beloe_suhoe_135_56ed4fb5e5.webp,chateau-andre-traminer-beloe-suhoe-135,raw
dataset/uploads_root/prod-svoe-vino-strapi/prod-svoe-vino/strapi/uploads/alma_valley_traminer_beloe_suhoe_125_535f55a570.webp,alma-valley-traminer-beloe-suhoe-125,raw
dataset/uploads_root/prod-svoe-vino-strapi/prod-svoe-vino/strapi/uploads/zmv_koktebel_traminer_desertnoe_beloe_sladkoe_16_be1e195feb.webp,zmv-koktebel-traminer-desertnoe-beloe-sladkoe-16,raw
dataset/uploads_root/prod-svoe-vino-strapi/prod-svoe-vino/strapi/uploads/vaynkraft_traminer_oranzh_traminer_rozovyy_oranzhevoe_suhoe_125_8a46ea97b3.webp,vaynkraft-traminer-oranzh-traminer-rozovyy-oranzhevoe-suhoe-125,raw
dataset/uploads_root/prod-svoe-vino-strapi/prod-svoe-vino/strapi/uploads/vaynkraft_traminer_oranzh_2_traminer_rozovyy_oranzhevoe_suhoe_125_3c507d40ce.webp,vaynkraft-traminer-oranzh-2-traminer-rozovyy-oranzhevoe-suhoe-125,raw
dataset/uploads_root/prod-svoe-vino-strapi/prod-svoe-vino/strapi/uploads/valeriy_zaharin_traminer_burlyuk_traminer_rozovyy_beloe_suhoe_135_229b0c4d18.webp,valeriy-zaharin-traminer-burlyuk-traminer-rozovyy-beloe-suhoe-135,raw
dataset/uploads_root/prod-svoe-vino-strapi/prod-svoe-vino/strapi/uploads/valeriy_zaharin_traminer_valeriy_zaharin_traminer_rozovyy_beloe_polusladkoe_105_8a6a05ec27.webp,valeriy-zaharin-traminer-valeriy-zaharin-traminer-rozovyy-beloe-polusladkoe-105,raw
dataset/uploads_root/prod-svoe-vino-strapi/prod-svoe-vino/strapi/uploads/shato_ay_danil_tramonto_kaberne_sovinon_krasnoe_suhoe_vyderzhannoe_14_63541d946c.webp,shato-ay-danil-tramonto-kaberne-sovinon-krasnoe-suhoe-14,raw
dataset/uploads_root/prod-svoe-vino-strapi/prod-svoe-vino/strapi/uploads/sober_bash_trezvaya_golova_kaberne_fran_krasnostop_krasnoe_suhoe_13_c95bc5ed9d.webp,sober-bash-trezvaya-golova-kaberne-fran-krasnostop-krasnoe-suhoe-13,raw
dataset/uploads_root/prod-svoe-vino-strapi/prod-svoe-vino/strapi/uploads/sober_bash_trezvaya_golova_risling_risling_reynskiy_beloe_suhoe_10_146c313d41.webp,sober-bash-trezvaya-golova-risling-risling-reynskiy-beloe-suhoe-10,raw
dataset/uploads_root/prod-svoe-vino-strapi/prod-svoe-vino/strapi/uploads/sober_bash_trezvaya_golova_rkatsiteli_beloe_suhoe_12_511c1cd6b2.webp,sober-bash-trezvaya-golova-rkatsiteli-beloe-suhoe-12,raw
dataset/uploads_root/prod-svoe-vino-strapi/prod-svoe-vino/strapi/uploads/sober_bash_trezvaya_golova_rozovoe_krasnostop_zolotovskiy_suhoe_115_7f51424925.webp,sober-bash-trezvaya-golova-rozovoe-krasnostop-zolotovskiy-suhoe-115,raw
dataset/uploads_root/prod-svoe-vino-strapi/prod-svoe-vino/strapi/uploads/sober_bash_trezvaya_golova_saperavi_krasnoe_suhoe_14_496206d9ee.webp,sober-bash-trezvaya-golova-saperavi-krasnoe-suhoe-14,raw
dataset/uploads_root/prod-svoe-vino-strapi/prod-svoe-vino/strapi/uploads/sober_bash_trezvaya_golova_sibirkovyypino_gri_beloe_suhoe_11_a02eb5c6fc.webp,sober-bash-trezvaya-golova-sibirkovyypino-gri-beloe-suhoe-11,raw
dataset/uploads_root/prod-svoe-vino-strapi/prod-svoe-vino/strapi/uploads/sober_bash_trezvaya_golova_tsimlyanskiygolubok_tsimlyanskiy_chernyy_krasnoe_suhoe_135_e92fe32066.webp,sober-bash-trezvaya-golova-tsimlyanskiygolubok-tsimlyanskiy-chernyy-krasnoe-suhoe-135,raw
dataset/uploads_root/prod-svoe-vino-strapi/prod-svoe-vino/strapi/uploads/stn_winery_trio_aligote_beloe_suhoe_13_6adf0dafd2.webp,stn-winery-trio-aligote-beloe-suhoe-13,raw
dataset/uploads_root/prod-svoe-vino-strapi/prod-svoe-vino/strapi/uploads/villa_sofiya_trio_beloe_risling_beloe_suhoe_123_c103bafa84.webp,villa-sofiya-trio-beloe-risling-suhoe-123,raw
dataset/uploads_root/prod-svoe-vino-strapi/prod-svoe-vino/strapi/uploads/villa_sofiya_trio_beloe_risling_beloe_suhoe_12_3473512487.webp,villa-sofiya-trio-beloe-risling-suhoe-12,raw
dataset/uploads_root/prod-svoe-vino-strapi/prod-svoe-vino/strapi/uploads/villa_sofiya_trio_krasnoe_merlo_krasnoe_suhoe_135_618c5541cf.webp,villa-sofiya-trio-krasnoe-merlo-suhoe-135,raw
dataset/uploads_root/prod-svoe-vino-strapi/prod-svoe-vino/strapi/uploads/villa_sofiya_trio_roze_pino_nuar_rozovoe_suhoe_14_3aa85a2cd3.webp,villa-sofiya-trio-roze-pino-nuar-rozovoe-suhoe-14,raw
dataset/uploads_root/prod-svoe-vino-strapi/prod-svoe-vino/strapi/uploads/chateau_de_talu_uroki_frantsuzskogo_shardone_beloe_suhoe_124_70debdc553.webp,chateau-de-talu-uroki-frantsuzskogo-shardone-beloe-suhoe-124,raw
dataset/uploads_root/prod-svoe-vino-strapi/prod-svoe-vino/strapi/uploads/chateau_de_talu_uroki_frantsuzskogo_sovinon_blan_beloe_suhoe_115_19393490fe.webp,chateau-de-talu-uroki-frantsuzskogo-sovinon-blan-beloe-suhoe-115,raw
dataset/uploads_root/prod-svoe-vino-strapi/prod-svoe-vino/strapi/uploads/chateau_de_talu_uroki_frantsuzskogo_kaberne_sovinon_krasnoe_suhoe_14_026f1c021d.webp,chateau-de-talu-uroki-frantsuzskogo-kaberne-sovinon-krasnoe-suhoe-14,raw
dataset/uploads_root/prod-svoe-vino-strapi/prod-svoe-vino/strapi/uploads/chateau_de_talu_uroki_frantsuzskogo_kaberne_fran_krasnoe_suhoe_14_742f3fe735.webp,chateau-de-talu-uroki-frantsuzskogo-kaberne-fran-krasnoe-suhoe-14,raw
dataset/uploads_root/prod-svoe-vino-strapi/prod-svoe-vino/strapi/uploads/chateau_de_talu_uroki_frantsuzskogo_krasnostop_krasnostop_anapskiy_krasnoe_suhoe_145_a9d5ec3ff6.webp,chateau-de-talu-uroki-frantsuzskogo-krasnostop-krasnostop-anapskiy-krasnoe-suhoe-145,raw
dataset/uploads_root/prod-svoe-vino-strapi/prod-svoe-vino/strapi/uploads/chateau_de_talu_uroki_frantsuzskogo_merlo_krasnoe_suhoe_147_2d728f9e11.webp,chateau-de-talu-uroki-frantsuzskogo-merlo-krasnoe-suhoe-147,raw
dataset/uploads_root/prod-svoe-vino-strapi/prod-svoe-vino/strapi/uploads/chateau_de_talu_uroki_frantsuzskogo_sira_krasnoe_suhoe_13_333740f907.webp,chateau-de-talu-uroki-frantsuzskogo-sira-krasnoe-suhoe-13,raw
dataset/uploads_root/prod-svoe-vino-strapi/prod-svoe-vino/strapi/uploads/usadba_mezyb_usadba_mezyb_vione_beloe_suhoe_118_dad4ef03e7.webp,usadba-mezyb-usadba-mezyb-vione-beloe-suhoe-118,raw
dataset/uploads_root/prod-svoe-vino-strapi/prod-svoe-vino/strapi/uploads/usadba_mezyb_usadba_mezyb_kaberne_sovinon_krasnoe_suhoe_143_d2e714e112.webp,usadba-mezyb-usadba-mezyb-kaberne-sovinon-krasnoe-suhoe-143,raw
dataset/uploads_root/prod-svoe-vino-strapi/prod-svoe-vino/strapi/uploads/usadba_mezyb_usadba_mezyb_kaberne_sovinon_kaberne_fran_merlo_krasnoe_suhoe_148_f747c194c8.webp,usadba-mezyb-usadba-mezyb-kaberne-sovinon-kaberne-fran-merlo-krasnoe-suhoe-148,raw
dataset/uploads_root/prod-svoe-vino-strapi/prod-svoe-vino/strapi/uploads/usadba_mezyb_usadba_mezyb_kaberne_fran_krasnoe_suhoe_145_4dea0aa5d1.webp,usadba-mezyb-usadba-mezyb-kaberne-fran-krasnoe-suhoe-145,raw
dataset/uploads_root/prod-svoe-vino-strapi/prod-svoe-vino/strapi/uploads/usadba_mezyb_usadba_mezyb_krasnostop_saperavi_krasnoe_suhoe_127_0cb8c6f5a1.webp,usadba-mezyb-usadba-mezyb-krasnostop-saperavi-krasnoe-suhoe-127,raw
dataset/uploads_root/prod-svoe-vino-strapi/prod-svoe-vino/strapi/uploads/usadba_mezyb_usadba_mezyb_merlo_krasnoe_suhoe_15_3d15fa2782.webp,usadba-mezyb-usadba-mezyb-merlo-krasnoe-suhoe-15,raw
dataset/uploads_root/prod-svoe-vino-strapi/prod-svoe-vino/strapi/uploads/usadba_mezyb_usadba_mezyb_roze_kaberne_sovinon_rozovoe_suhoe_135_2f934883da.webp,usadba-mezyb-usadba-mezyb-roze-kaberne-sovinon-rozovoe-suhoe-135,raw
dataset/uploads_root/prod-svoe-vino-strapi/prod-svoe-vino/strapi/uploads/usadba_mezyb_usadba_mezyb_roze_kaberne_fran_rozovoe_suhoe_143_6187bd1515.webp,usadba-mezyb-usadba-mezyb-roze-kaberne-fran-rozovoe-suhoe-143,raw
dataset/uploads_root/prod-svoe-vino-strapi/prod-svoe-vino/strapi/uploads/usadba_mezyb_usadba_mezyb_shardone_beloe_suhoe_125_f8982d7f16.webp,usadba-mezyb-usadba-mezyb-shardone-beloe-suhoe-125,raw
dataset/uploads_root/prod-svoe-vino-strapi/prod-svoe-vino/strapi/uploads/bogovich_wine_vineyard_faina_sovinon_zelenyy_beloe_suhoe_113_8384005071.webp,bogovich-wine-vineyard-faina-sovinon-zelenyy-beloe-suhoe-113,raw
dataset/uploads_root/prod-svoe-vino-strapi/prod-svoe-vino/strapi/uploads/Fanagrriya_polusladkoe_30637d1cb8.webp,fanagoriya-beloe-polusladkoe,raw
dataset/uploads_root/prod-svoe-vino-strapi/prod-svoe-vino/strapi/uploads/Fanagoriya_bryut_beloe_ona_skazala_da_7be00b028a.webp,fanagoriya-ona-skazala-da-beloe-bryut,raw
dataset/uploads_root/prod-svoe-vino-strapi/prod-svoe-vino/strapi/uploads/Fanagoriya_beloe_polusladkoe_ona_skazala_da_5ed0a48dfd.webp,fanagoriya-ona-skazala-da-beloe-polusladkoe,raw
dataset/uploads_root/prod-svoe-vino-strapi/prod-svoe-vino/strapi/uploads/fanagoriya_fanagoriya_sakra_sennoy_krasnostop_krasnoe_suhoe_135_f22347e4bd.webp,fanagoriya-fanagoriya-sakra-sennoy-krasnostop-krasnoe-suhoe-135,raw
dataset/uploads_root/prod-svoe-vino-strapi/prod-svoe-vino/strapi/uploads/f_Kq_In_Kw3d7b_LF_Oe_Fn_M_Gnh_Ktuh_Vl_Vjof_M3_Qaag_F_Bw_K_Wmvlyd_Gu_Q_Cp8tk_DOW_Pz1_Jf_Pnx7c_HG_Dn_X_Wt_Q_y1y7_Xu_Mfg0e_I_Qs5g_Tmt8_XG_4on_i36r8npum_ZHI_4mid_Pd_Whec_Nq_412368f0b0.webp,fanagoriya-fanagoriya-hey-bey-shardone-beloe-suhoe-13,raw
dataset/uploads_root/prod-svoe-vino-strapi/prod-svoe-vino/strapi/uploads/fanagoriya_fanagoriya_blanc_de_blancs_beloe_iz_belogo_shardone_igristoe_bryut_beloe_11_13_2387906571.webp,fanagoriya-fanagoriya-blanc-de-blancs-beloe-iz-belogo-shardone-igristoe-bryut-beloe-11-13,raw
dataset/uploads_root/prod-svoe-vino-strapi/prod-svoe-vino/strapi/uploads/fanagoriya_fanagoriya_blanc_de_noirs_beloe_iz_chyornogo_merlo_igristoe_bryut_beloe_11_13_a4d16b3226.webp,fanagoriya-fanagoriya-blanc-de-noirs-beloe-iz-chyornogo-merlo-igristoe-bryut-beloe-11-13,raw
dataset/uploads_root/prod-svoe-vino-strapi/prod-svoe-vino/strapi/uploads/fanagoriya_fanagoriya_rose_de_noirs_roze_de_nuar_merlo_igristoe_bryut_rozovoe_11_13_b3db75f16b.webp,fanagoriya-fanagoriya-rose-de-noirs-roze-de-nuar-merlo-igristoe-bryut-rozovoe-11-13,raw
dataset/uploads_root/prod-svoe-vino-strapi/prod-svoe-vino/strapi/uploads/fanagoriya_fanagoriya_bryut_beloe_sovinon_blan_igristoe_bryut_beloe_11_13_3b08e056cc.webp,fanagoriya-fanagoriya-bryut-beloe-sovinon-blan-igristoe-bryut-beloe-11-13,raw
dataset/uploads_root/prod-svoe-vino-strapi/prod-svoe-vino/strapi/uploads/fanagoriya_fanagoriya_bryut_rozovoe_sovinon_blan_igristoe_bryut_rozovoe_11_13_88695c0088.webp,fanagoriya-fanagoriya-bryut-rozovoe-sovinon-blan-igristoe-bryut-rozovoe-11-13,raw
dataset/uploads_root/prod-svoe-vino-strapi/prod-svoe-vino/strapi/uploads/fanagoriya_fanagoriya_polusladkoe_rozovoe_sovinon_blan_krasnoe_11_13_f19a8f122b.webp,fanagoriya-fanagoriya-polusladkoe-rozovoe-sovinon-blan-krasnoe-11-13,raw
dataset/uploads_root/prod-svoe-vino-strapi/prod-svoe-vino/strapi/uploads/vinodelnya_vedernikov_fantom_3070_krasnostop_zolotovskiy_krasnoe_suhoe_145_6c9dfe89bd.webp,vinodelnya-vedernikov-fantom-3070-krasnostop-zolotovskiy-krasnoe-suhoe-145,raw
dataset/uploads_root/prod-svoe-vino-strapi/prod-svoe-vino/strapi/uploads/vinodelnya_vedernikov_fantom_5050_krasnostop_zolotovskiy_krasnoe_suhoe_145_54e6aa9638.webp,vinodelnya-vedernikov-fantom-5050-krasnostop-zolotovskiy-krasnoe-suhoe-145,raw
dataset/uploads_root/prod-svoe-vino-strapi/prod-svoe-vino/strapi/uploads/vinodelnya_vedernikov_fantom_7030_krasnostop_zolotovskiy_krasnoe_suhoe_15_4431943ad0.webp,vinodelnya-vedernikov-fantom-7030-krasnostop-zolotovskiy-krasnoe-suhoe-15,raw
dataset/uploads_root/prod-svoe-vino-strapi/prod-svoe-vino/strapi/uploads/nikolaev_i_synovya_festeliya_pti_verdo_krasnoe_suhoe_135_981644d9ad.webp,nikolaev-i-synovya-festeliya-pti-verdo-krasnoe-suhoe-135,raw
data/refs/petnat_fioletovyj_platform.webp,fioletovyj-rannij-petnat,raw
dataset/uploads_root/prod-svoe-vino-strapi/prod-svoe-vino/strapi/uploads/nikolaev_i_synovya_flamingo_malbek_rozovoe_suhoe_125_d400bce4be.webp,nikolaev-i-synovya-flamingo-malbek-rozovoe-suhoe-125,raw
dataset/uploads_root/prod-svoe-vino-strapi/prod-svoe-vino/strapi/uploads/kuban_vino_flyor_dyu_syud_blan_de_tamane_tsvetochnyy_beloe_suhoe_115_bbb18fb1e2.webp,kuban-vino-flyor-dyu-syud-blan-de-tamane-tsvetochnyy-beloe-suhoe-115,raw
dataset/uploads_root/prod-svoe-vino-strapi/prod-svoe-vino/strapi/uploads/kuban_vino_flyor_dyu_syud_roze_de_tamane_traminer_rozovyy_rozovoe_suhoe_125_7be05745b7.webp,kuban-vino-flyor-dyu-syud-roze-de-tamane-traminer-rozovyy-rozovoe-suhoe-125,raw
dataset/uploads_root/prod-svoe-vino-strapi/prod-svoe-vino/strapi/uploads/kuban_vino_flyor_dyu_syud_ruzh_de_tamane_rubin_golodrigi_krasnoe_suhoe_12_c3a85b7901.webp,kuban-vino-flyor-dyu-syud-ruzh-de-tamane-rubin-golodrigi-krasnoe-suhoe-12,raw
dataset/uploads_root/prod-svoe-vino-strapi/prod-svoe-vino/strapi/uploads/fanagoriya_formula_q_kaberne_sovinon_krasnoe_suhoe_vyderzhannoe_135_9d678f8cd7.webp,fanagoriya-formula-q-kaberne-sovinon-krasnoe-suhoe-135,raw
dataset/uploads_root/prod-svoe-vino-strapi/prod-svoe-vino/strapi/uploads/vinodelnya_zhakov_fresherst_saperavi_krasnoe_suhoe_118_cfbb8e6d1d.webp,vinodelnya-zhakov-fresherst-saperavi-krasnoe-suhoe-118,raw
dataset/uploads_root/prod-svoe-vino-strapi/prod-svoe-vino/strapi/uploads/sober_bash_hihvi_beloe_suhoe_15_bccbba3f0b.webp,sober-bash-hihvi-beloe-suhoe-15,raw
dataset/uploads_root/prod-svoe-vino-strapi/prod-svoe-vino/strapi/uploads/sober_bash_hihvi_amfora_beloe_suhoe_14_188ebf7e8e.webp,sober-bash-hihvi-amfora-beloe-suhoe-14,raw
dataset/uploads_root/prod-svoe-vino-strapi/prod-svoe-vino/strapi/uploads/usadba_divnomorskoe_holodnyy_tuman_risling_beloe_suhoe_115_358dd58eab.webp,usadba-divnomorskoe-holodnyy-tuman-risling-beloe-suhoe-115,raw
dataset/uploads_root/prod-svoe-vino-strapi/prod-svoe-vino/strapi/uploads/chateau_andre_tsvaygelt_tsvaygelt_tamanskiy_rozovoe_suhoe_13_43d1400cf7.webp,chateau-andre-tsvaygelt-tsvaygelt-tamanskiy-rozovoe-suhoe-13,raw
dataset/uploads_root/prod-svoe-vino-strapi/prod-svoe-vino/strapi/uploads/chateau_andre_tsvaygelt_roze_rozovoe_suhoe_13_f31bcaba87.webp,chateau-andre-tsvaygelt-roze-rozovoe-suhoe-13,raw
dataset/uploads_root/prod-svoe-vino-strapi/prod-svoe-vino/strapi/uploads/tempelhof_winery_tsimlyanskiy_chernyy_krasnoe_suhoe_125_31e822d3f0.webp,tempelhof-winery-tsimlyanskiy-chernyy-krasnoe-suhoe-125,raw
dataset/uploads_root/prod-svoe-vino-strapi/prod-svoe-vino/strapi/uploads/vinodelnya_vedernikov_tsimlyanskiy_chernyy_blanc_de_noirs_beloe_bryut_117_eb7b9970f8.webp,vinodelnya-vedernikov-tsimlyanskiy-chernyy-blanc-de-noirs-beloe-bryut-117,raw
dataset/uploads_root/prod-svoe-vino-strapi/prod-svoe-vino/strapi/uploads/domaine_de_la_vivandiere_tsimlyanskiy_chyornyy_ctes_du_don_tsimlyanskiy_chernyy_rozovoe_suhoe_134_1114a4a7ac.webp,domaine-de-la-vivandiere-tsimlyanskiy-chyornyy-ctes-du-don-tsimlyanskiy-chernyy-rozovoe-suhoe-134,raw
dataset/uploads_root/prod-svoe-vino-strapi/prod-svoe-vino/strapi/uploads/vinodelnya_vedernikov_tsimlyanskiy_chernyy_bryut_roze_rozovoe_129_075d159ef0.webp,vinodelnya-vedernikov-tsimlyanskiy-chernyy-bryut-roze-rozovoe-129,raw
dataset/uploads_root/prod-svoe-vino-strapi/prod-svoe-vino/strapi/uploads/vinodelnya_vedernikov_tsimlyanskiy_chernyy_bryut_roze_igristoe_bryut_rozovoe_14_5478e43eff.webp,vinodelnya-vedernikov-tsimlyanskiy-chernyy-bryut-roze-rozovoe-14,raw
dataset/uploads_root/prod-svoe-vino-strapi/prod-svoe-vino/strapi/uploads/vinodelnya_vedernikov_tsimlyanskiy_chernyy_rezerv_krasnoe_suhoe_145_c7141a2860.webp,vinodelnya-vedernikov-tsimlyanskiy-chernyy-rezerv-krasnoe-suhoe-145,raw
dataset/uploads_root/prod-svoe-vino-strapi/prod-svoe-vino/strapi/uploads/vinodelnya_vedernikov_tsimlyanskiy_chernyy_rozovyy_rozovoe_suhoe_125_c3e94b0098.webp,vinodelnya-vedernikov-tsimlyanskiy-chernyy-rozovyy-rozovoe-suhoe-125,raw
dataset/uploads_root/prod-svoe-vino-strapi/prod-svoe-vino/strapi/uploads/Czimlyanskoe_beloe_bryut_7d785ea2e3.webp,czimlyanskoe-beloe-bryut,raw
dataset/uploads_root/prod-svoe-vino-strapi/prod-svoe-vino/strapi/uploads/Czimlyanskoe_beloe_polusladkoe_5c7026a82e.webp,czimlyanskoe-beloe-polusladkoe,raw
dataset/uploads_root/prod-svoe-vino-strapi/prod-svoe-vino/strapi/uploads/Czimlyanskoe_Bianka_beloe_04a59b0f1e.webp,czimlyanskoe-bianka,raw
dataset/uploads_root/prod-svoe-vino-strapi/prod-svoe-vino/strapi/uploads/tsimlyanskie_vina_tsimlyanskoe_kaberne_sovinon_ekstra_bryut_rozovoe_igristoe_ekstra_bryut_rozovoe_13_e418623638.webp,tsimlyanskie-vina-tsimlyanskoe-kaberne-sovinon-ekstra-bryut-rozovoe-13,raw
dataset/uploads_root/prod-svoe-vino-strapi/prod-svoe-vino/strapi/uploads/Czimlyanskoe_Risling_cea1a80937.webp,czimlyanskoe-risling,raw
dataset/uploads_root/prod-svoe-vino-strapi/prod-svoe-vino/strapi/uploads/Screenshot_20_74ce4e5bae.webp,czitronnyj-magaracha,raw
dataset/uploads_root/prod-svoe-vino-strapi/prod-svoe-vino/strapi/uploads/denisov_winery_tsitron_tsitronnyy_magaracha_beloe_suhoe_112_6a56776856.webp,denisov-winery-tsitron-tsitronnyy-magaracha-beloe-suhoe-112,raw
dataset/uploads_root/prod-svoe-vino-strapi/prod-svoe-vino/strapi/uploads/bakla_vines_tsitron_krymskiy_tsitronnyy_magaracha_beloe_suhoe_118_3e272f0bb2.webp,bakla-vines-tsitron-krymskiy-tsitronnyy-magaracha-beloe-suhoe-118,raw
dataset/uploads_root/prod-svoe-vino-strapi/prod-svoe-vino/strapi/uploads/denisov_winery_tsitron_oranzh_tsitronnyy_magaracha_oranzhevoe_suhoe_105_3d8bed58d0.webp,denisov-winery-tsitron-oranzh-tsitronnyy-magaracha-oranzhevoe-suhoe-105,raw
dataset/uploads_root/prod-svoe-vino-strapi/prod-svoe-vino/strapi/uploads/Chernaya_Lvicza_d00f4b1f84.webp,chernaya-lvicza-polusladkoe-krasnoe,raw
dataset/uploads_root/prod-svoe-vino-strapi/prod-svoe-vino/strapi/uploads/vinodelnya_myshako_chernoe_iz_krasnogo_appassimento_kaberne_sovinon_krasnoe_polusuhoe_15_4a7481518e.webp,vinodelnya-myshako-chernoe-iz-krasnogo-appassimento-kaberne-sovinon-krasnoe-polusuhoe-15,raw
dataset/uploads_root/prod-svoe-vino-strapi/prod-svoe-vino/strapi/uploads/vinodelnya_myshako_chernoe_iz_chernogo_appassimento_kaberne_sovinon_krasnoe_suhoe_15_19d090caca.webp,vinodelnya-myshako-chernoe-iz-chernogo-appassimento-kaberne-sovinon-krasnoe-suhoe-15,raw
dataset/uploads_root/prod-svoe-vino-strapi/prod-svoe-vino/strapi/uploads/solnechnaya_dolina_chernyy_doktor_solnechnoy_doliny_ekim_kara_krasnoe_likernoe_vyderzhannoe_16_baf328c18e.webp,solnechnaya-dolina-chernyy-doktor-solnechnoy-doliny-ekim-kara-krasnoe-sladkoe-16,raw
dataset/uploads_root/prod-svoe-vino-strapi/prod-svoe-vino/strapi/uploads/solnechnaya_dolina_chernyy_polkovnik_odesskiy_chernyy_krasnoe_likernoe_vyderzhannoe_175_bf68a8677f.webp,solnechnaya-dolina-chernyy-polkovnik-odesskiy-chernyy-krasnoe-sladkoe-175,raw
dataset/uploads_root/prod-svoe-vino-strapi/prod-svoe-vino/strapi/uploads/zolotaya_balka_chernyy_prints_shardone_igristoe_ekstra_bryut_beloe_12_30208d11d0.webp,zolotaya-balka-chernyy-prints-shardone-beloe-ekstra-bryut-12,raw
dataset/uploads_root/prod-svoe-vino-strapi/prod-svoe-vino/strapi/uploads/vinodelnya_myshako_chernyy_udar_marselan_krasnoe_suhoe_162_0fb37b486f.webp,vinodelnya-myshako-chernyy-udar-marselan-krasnoe-suhoe-162,raw
dataset/uploads_root/prod-svoe-vino-strapi/prod-svoe-vino/strapi/uploads/valeriy_zaharin_chetyre_tsveta_bastardo_bastardo_magarachskiy_krasnoe_suhoe_115_ed7714b616.webp,valeriy-zaharin-chetyre-tsveta-bastardo-bastardo-magarachskiy-krasnoe-suhoe-115,raw
dataset/uploads_root/prod-svoe-vino-strapi/prod-svoe-vino/strapi/uploads/shato_pino_sovinon_blan_shardone_beloe_suhoe_115_6ed714d69b.webp,shato-pino-shantazh-sovinon-blan-shardone-beloe-suhoe-115,raw
dataset/uploads_root/prod-svoe-vino-strapi/prod-svoe-vino/strapi/uploads/mantra_estate_chardonnay_shardone_beloe_suhoe_135_e2abc2ee63.webp,mantra-estate-chardonnay-shardone-beloe-suhoe-135,raw
dataset/uploads_root/prod-svoe-vino-strapi/prod-svoe-vino/strapi/uploads/vinodelnya_myshako_shardone_beloe_suhoe_123_1b8c3d331b.webp,vinodelnya-myshako-shardone-beloe-suhoe-123,raw
dataset/uploads_root/prod-svoe-vino-strapi/prod-svoe-vino/strapi/uploads/vinodelnya_myshako_shardone_beloe_suhoe_145_f46654064b.webp,vinodelnya-myshako-shardone-beloe-suhoe-145,raw
dataset/uploads_root/prod-svoe-vino-strapi/prod-svoe-vino/strapi/uploads/PU_Sjv7dn_M_Nil_H25_TO_9_Bcb_Ibf_SU_67q_XP_Tkd6_Y5_OIE_T_Oc_QS_Ua_S_2_C_87ope9zes_Jn82p4_L47_By9_VO_Gsbunuo_Ug_9aa6ca9ebe.webp,shardone-1,raw
dataset/uploads_root/prod-svoe-vino-strapi/prod-svoe-vino/strapi/uploads/product_2_03f0763593.webp,twopeters_shardone,raw
dataset/uploads_root/prod-svoe-vino-strapi/prod-svoe-vino/strapi/uploads/zmv_koktebel_shardone_beloe_suhoe_12_99fb11b6c4.webp,zmv-koktebel-shardone-beloe-suhoe-12,raw
dataset/uploads_root/prod-svoe-vino-strapi/prod-svoe-vino/strapi/uploads/villa_sofiya_shardone_beloe_suhoe_14_000dc1947a.webp,villa-sofiya-shardone-beloe-suhoe-14,raw
dataset/uploads_root/prod-svoe-vino-strapi/prod-svoe-vino/strapi/uploads/nikolaev_i_synovya_shardone_beloe_suhoe_125_2df587fd35.webp,nikolaev-i-synovya-shardone-beloe-suhoe-125,raw
dataset/uploads_root/prod-svoe-vino-strapi/prod-svoe-vino/strapi/uploads/shardo_krasnaya_gorka_92a45bb183.webp,shardone-2,raw
dataset/uploads_root/prod-svoe-vino-strapi/prod-svoe-vino/strapi/uploads/alma_valley_shardone_beloe_suhoe_135_c577ccd0a1.webp,alma-valley-shardone-beloe-suhoe-135,raw
dataset/uploads_root/prod-svoe-vino-strapi/prod-svoe-vino/strapi/uploads/donskoe_vinodelcheskoe_hozyaystvo_elbuzd_shardone_beloe_suhoe_13_4dc735a9ed.webp,donskoe-vinodelcheskoe-hozyaystvo-elbuzd-shardone-beloe-suhoe-13,raw
dataset/uploads_root/prod-svoe-vino-strapi/prod-svoe-vino/strapi/uploads/loco_cimbali_shardone_beloe_suhoe_127_c026078677.webp,loco-cimbali-shardone-beloe-suhoe-127,raw
dataset/uploads_root/prod-svoe-vino-strapi/prod-svoe-vino/strapi/uploads/chateau_andre_shardone_beloe_suhoe_13_daddc9dfbf.webp,chateau-andre-shardone-beloe-suhoe-13,raw
dataset/uploads_root/prod-svoe-vino-strapi/prod-svoe-vino/strapi/uploads/rem_akchurin_shardone_igristoe_bryut_beloe_14_9075497818.webp,rem-akchurin-shardone-beloe-bryut-14,raw
dataset/uploads_root/prod-svoe-vino-strapi/prod-svoe-vino/strapi/uploads/Shardone_Semiray_1_0b975120a9.webp,shardone,raw
dataset/uploads_root/prod-svoe-vino-strapi/prod-svoe-vino/strapi/uploads/abrau_dyurso_shardone_beloe_suhoe_vyderzhannoe_13_3fdd6c2c92.webp,abrau-dyurso-shardone-beloe-suhoe-13,raw
dataset/uploads_root/prod-svoe-vino-strapi/prod-svoe-vino/strapi/uploads/abrau_dyurso_shardone_beloe_suhoe_12_9e3d40dd34.webp,abrau-dyurso-shardone-beloe-suhoe-12,raw
dataset/uploads_root/prod-svoe-vino-strapi/prod-svoe-vino/strapi/uploads/vinodelnya_berdyaeva_shardone_beloe_suhoe_125_9f8c4d358a.webp,vinodelnya-berdyaeva-shardone-beloe-suhoe-125,raw
dataset/uploads_root/prod-svoe-vino-strapi/prod-svoe-vino/strapi/uploads/usadba_markoth_shardone_beloe_suhoe_12_d3c526d065.webp,usadba-markoth-shardone-beloe-suhoe-12,raw
dataset/uploads_root/prod-svoe-vino-strapi/prod-svoe-vino/strapi/uploads/shato_pino_shardone_beloe_suhoe_125_5bd8781d7c.webp,shato-pino-shardone-beloe-suhoe-125,raw
dataset/uploads_root/prod-svoe-vino-strapi/prod-svoe-vino/strapi/uploads/shato_pino_shardone_risling_beloe_suhoe_12_537466c828.webp,shato-pino-shardone-risling-beloe-suhoe-12,raw
dataset/uploads_root/prod-svoe-vino-strapi/prod-svoe-vino/strapi/uploads/vinodelnya_myshako_shardone_aligote_kyuve_beloe_suhoe_125_d066e8c407.webp,vinodelnya-myshako-shardone-aligote-kyuve-beloe-suhoe-125,raw
dataset/uploads_root/prod-svoe-vino-strapi/prod-svoe-vino/strapi/uploads/golubitskoe_estate_shardone_noble_selection_barrel_touch_beloe_suhoe_135_306499740f.webp,golubitskoe-estate-shardone-noble-selection-barrel-touch-beloe-suhoe-135,raw
dataset/uploads_root/prod-svoe-vino-strapi/prod-svoe-vino/strapi/uploads/vinodelnya_myshako_shardone_avtorskaya_tehnologiya_beloe_suhoe_155_ddb9b56c41.webp,vinodelnya-myshako-shardone-avtorskaya-tehnologiya-beloe-suhoe-155,raw
dataset/uploads_root/prod-svoe-vino-strapi/prod-svoe-vino/strapi/uploads/shardone_akacziya_a57018f101.webp,shardone-akacziya,raw
dataset/uploads_root/prod-svoe-vino-strapi/prod-svoe-vino/strapi/uploads/Shardone_ada18c9eae.webp,shardone-balaklava,raw
dataset/uploads_root/prod-svoe-vino-strapi/prod-svoe-vino/strapi/uploads/Mokap_shardone_2023_af03bb23ca.webp,shardone-barrel-2023,raw
dataset/uploads_root/prod-svoe-vino-strapi/prod-svoe-vino/strapi/uploads/vinodelnya_myshako_shardone_myshako_grand_rezerv_beloe_suhoe_125_00d560544c.webp,vinodelnya-myshako-shardone-myshako-grand-rezerv-beloe-suhoe-125,raw
dataset/uploads_root/prod-svoe-vino-strapi/prod-svoe-vino/strapi/uploads/esse_shardone_otbornoe_beloe_suhoe_12_3b070fa772.webp,esse-shardone-otbornoe-beloe-suhoe-12,raw
dataset/uploads_root/prod-svoe-vino-strapi/prod-svoe-vino/strapi/uploads/alma_valley_shardone_rezerv_beloe_suhoe_14_e93f9dbbf9.webp,alma-valley-shardone-rezerv-beloe-suhoe-14,raw
dataset/uploads_root/prod-svoe-vino-strapi/prod-svoe-vino/strapi/uploads/PU_Sjv7dn_M_Nil_H25_TO_9_Bcb_Hkhy9_G_Pz_I7_Uik_Trjq_Au_OFZ_YN_4_SE_Pto_I_Mm_Biu_J5iq0y_In803bn9p7xk_Fdrk_Wgmf5_A_229f378cb8.webp,shardone-rezerv,raw
dataset/uploads_root/prod-svoe-vino-strapi/prod-svoe-vino/strapi/uploads/vinodelnya_uzunov_shardone_rezerv_beloe_suhoe_135_80bc6fe151.webp,vinodelnya-uzunov-shardone-rezerv-beloe-suhoe-135,raw
dataset/uploads_root/prod-svoe-vino-strapi/prod-svoe-vino/strapi/uploads/golubitskoe_estate_shardone_rezerv_beloe_suhoe_135_3694507d1e.webp,golubitskoe-estate-shardone-rezerv-beloe-suhoe-135,raw
dataset/uploads_root/prod-svoe-vino-strapi/prod-svoe-vino/strapi/uploads/chateau_de_talu_shardone_rezerv_beloe_suhoe_13_d15ce11b77.webp,chateau-de-talu-shardone-rezerv-beloe-suhoe-13,raw
dataset/uploads_root/prod-svoe-vino-strapi/prod-svoe-vino/strapi/uploads/alma_valley_shardone_rezerv_beloe_suhoe_vyderzhannoe_135_3c92719654.webp,alma-valley-shardone-rezerv-beloe-suhoe-135,raw
dataset/uploads_root/prod-svoe-vino-strapi/prod-svoe-vino/strapi/uploads/pomeste_golubitskoe_shardone_rezerv_beloe_suhoe_vyderzhannoe_132_ae66b69665.webp,pomeste-golubitskoe-shardone-rezerv-beloe-suhoe-132,raw
dataset/uploads_root/prod-svoe-vino-strapi/prod-svoe-vino/strapi/uploads/imenie_sikory_shardone_sikory_beloe_suhoe_13_5bf321c065.webp,imenie-sikory-shardone-sikory-beloe-suhoe-13,raw
dataset/uploads_root/prod-svoe-vino-strapi/prod-svoe-vino/strapi/uploads/20260617_071051_Photoroom_58ca3070a8.webp,jd_winery_shardone,raw
dataset/uploads_root/prod-svoe-vino-strapi/prod-svoe-vino/strapi/uploads/vinodelnya_zhakov_shardone_eskeyp_beloe_suhoe_12_5ce6664768.webp,vinodelnya-zhakov-shardone-eskeyp-beloe-suhoe-12,raw
dataset/uploads_root/prod-svoe-vino-strapi/prod-svoe-vino/strapi/uploads/Screenshot_28_0955570164.webp,shardone-premium,raw
dataset/uploads_root/prod-svoe-vino-strapi/prod-svoe-vino/strapi/uploads/imenie_sikory_shardone_semeynyy_rezerv_beloe_suhoe_13_35f37fda1f.webp,imenie-sikory-shardone-semeynyy-rezerv-beloe-suhoe-13,raw
dataset/uploads_root/prod-svoe-vino-strapi/prod-svoe-vino/strapi/uploads/shato_pino_blash_pino_gri_rozovoe_suhoe_12_fda693e9ed.webp,shato-pino-shary-kolduna-blash-pino-gri-rozovoe-suhoe-12,raw
dataset/uploads_root/prod-svoe-vino-strapi/prod-svoe-vino/strapi/uploads/shato_pino_glyu_glyu_vione_krasnoe_suhoe_10_2f2adaea3e.webp,shato-pino-shary-kolduna-glyu-glyu-vione-krasnoe-suhoe-10,raw
dataset/uploads_root/prod-svoe-vino-strapi/prod-svoe-vino/strapi/uploads/shato_pino_kirpichi_prileteli_pino_nuar_krasnoe_suhoe_135_95b923907c.webp,shato-pino-shary-kolduna-kirpichi-prileteli-pino-nuar-krasnoe-suhoe-135,raw
dataset/uploads_root/prod-svoe-vino-strapi/prod-svoe-vino/strapi/uploads/shato_pino_ramato_pino_gri_rozovoe_suhoe_115_f6866f40a1.webp,shato-pino-shary-kolduna-ramato-pino-gri-rozovoe-suhoe-115,raw
dataset/uploads_root/prod-svoe-vino-strapi/prod-svoe-vino/strapi/uploads/shato_pino_topolek_rkatsiteli_beloe_suhoe_125_bb142e4f12.webp,shato-pino-shary-kolduna-topolek-rkatsiteli-beloe-suhoe-125,raw
dataset/uploads_root/prod-svoe-vino-strapi/prod-svoe-vino/strapi/uploads/shato_pino_troynichok_risling_beloe_suhoe_115_3173ff4eb7.webp,shato-pino-shary-koldunatroynichok-risling-beloe-suhoe-115,raw
dataset/uploads_root/prod-svoe-vino-strapi/prod-svoe-vino/strapi/uploads/olymp_winery_shato_belbek_kaberne_kaberne_sovinon_krasnoe_suhoe_11_81b9b798bd.webp,olymp-winery-shato-belbek-kaberne-kaberne-sovinon-krasnoe-suhoe-11,raw
dataset/uploads_root/prod-svoe-vino-strapi/prod-svoe-vino/strapi/uploads/soyuz_vino_shato_de_mongolfer_risling_polusuhoe_beloe_11_Photoroom_3793c3a6d3.webp,soyuz-vino-shato-de-mongolfer-risling-polusuhoe-beloe-11,raw
dataset/uploads_root/prod-svoe-vino-strapi/prod-svoe-vino/strapi/uploads/soyuz_vino_shato_de_mongolfer_shiraz_moellyo_krasnoe_polusladkoe_11_fde68acdc1.webp,soyuz-vino-shato-de-mongolfer-shiraz-moellyo-krasnoe-polusladkoe-11,raw
dataset/uploads_root/prod-svoe-vino-strapi/prod-svoe-vino/strapi/uploads/soyuz_vino_shato_de_mongolfer_shiraz_polusuhoe_krasnoe_11_a657118526.webp,soyuz-vino-shato-de-mongolfer-shiraz-polusuhoe-krasnoe-11,raw
dataset/uploads_root/prod-svoe-vino-strapi/prod-svoe-vino/strapi/uploads/shato_pino_shato_pino_koldun_merlo_krasnoe_suhoe_137_9784a279c6.webp,shato-pino-shato-pino-koldun-merlo-krasnoe-suhoe-137,raw
dataset/uploads_root/prod-svoe-vino-strapi/prod-svoe-vino/strapi/uploads/Shato_Pino_Klassika_Sauvignon_Blanc_ab7c633382.webp,shato-pino-klassika-sauvignon-blanc,raw
dataset/uploads_root/prod-svoe-vino-strapi/prod-svoe-vino/strapi/uploads/kuban_vino_shato_tamane_aligote_beloe_suhoe_13_5af831fbbc.webp,kuban-vino-shato-tamane-aligote-beloe-suhoe-13,raw
dataset/uploads_root/prod-svoe-vino-strapi/prod-svoe-vino/strapi/uploads/Sh_T_Igristoe_0_75_l_2024gu_Normal_Bryut_Beloe_1312c070e0.webp,shato-taman-bryut,raw
dataset/uploads_root/prod-svoe-vino-strapi/prod-svoe-vino/strapi/uploads/Sh_T_Igristoe_0_75_l_2024gu_Normal_Bryut_Rozvoe_aa44c75092.webp,shato-taman-bryut-1,raw
dataset/uploads_root/prod-svoe-vino-strapi/prod-svoe-vino/strapi/uploads/kuban_vino_shato_tamane_delikeyt_roze_2024_bianka_rozovoe_suhoe_95_ba22a88d2e.webp,kuban-vino-shato-tamane-delikeyt-roze-2024-bianka-rozovoe-suhoe-95,raw
dataset/uploads_root/prod-svoe-vino-strapi/prod-svoe-vino/strapi/uploads/Sh_T_Igristoe_0_75_l_2024gu_Normal_Beloe_Polusl_59c8d1f2c5.webp,shato-taman-polusladkoe,raw
dataset/uploads_root/prod-svoe-vino-strapi/prod-svoe-vino/strapi/uploads/kuban_vino_shato_tamane_rezerv_kaberne_limited_edishn_2015_kaberne_sovinon_krasnoe_suhoe_13_ba74d4f88e.webp,kuban-vino-shato-tamane-rezerv-kaberne-limited-edishn-2015-kaberne-sovinon-krasnoe-suhoe-13,raw
dataset/uploads_root/prod-svoe-vino-strapi/prod-svoe-vino/strapi/uploads/kuban_vino_shato_tamane_rezerv_kaberne_limited_edishn_2022_kaberne_sovinon_krasnoe_suhoe_14_93a50f2cf1.webp,kuban-vino-shato-tamane-rezerv-kaberne-limited-edishn-2022-kaberne-sovinon-krasnoe-suhoe-14,raw
dataset/uploads_root/prod-svoe-vino-strapi/prod-svoe-vino/strapi/uploads/kuban_vino_shato_tamane_rezerv_kollekshn_saperavi_2015_krasnoe_suhoe_13_22ef176871.webp,kuban-vino-shato-tamane-rezerv-kollekshn-saperavi-2015-krasnoe-suhoe-13,raw
dataset/uploads_root/prod-svoe-vino-strapi/prod-svoe-vino/strapi/uploads/kuban_vino_shato_tamane_rezerv_kollekshn_shardone_beloe_suhoe_125_94788e57d9.webp,kuban-vino-shato-tamane-rezerv-kollekshn-shardone-beloe-suhoe-125,raw
dataset/uploads_root/prod-svoe-vino-strapi/prod-svoe-vino/strapi/uploads/kuban_vino_shato_tamane_rezerv_krasnostop_krasnostop_anapskiy_krasnoe_suhoe_135_97bb10192f.webp,kuban-vino-shato-tamane-rezerv-krasnostop-krasnostop-anapskiy-krasnoe-suhoe-135,raw
dataset/uploads_root/prod-svoe-vino-strapi/prod-svoe-vino/strapi/uploads/kuban_vino_shato_tamane_rezerv_merlo_limited_edishn_2018_krasnoe_suhoe_125_ca32657ab3.webp,kuban-vino-shato-tamane-rezerv-merlo-limited-edishn-2018-krasnoe-suhoe-125,raw
dataset/uploads_root/prod-svoe-vino-strapi/prod-svoe-vino/strapi/uploads/kuban_vino_shato_tamane_rezerv_myuller_turgau_limited_edishn_beloe_suhoe_13_0155273bff.webp,kuban-vino-shato-tamane-rezerv-myuller-turgau-limited-edishn-beloe-suhoe-13,raw
dataset/uploads_root/prod-svoe-vino-strapi/prod-svoe-vino/strapi/uploads/kuban_vino_shato_tamane_rezerv_myuller_turgau_limited_edishn_2021_beloe_suhoe_12_5454c6baa4.webp,kuban-vino-shato-tamane-rezerv-myuller-turgau-limited-edishn-2021-beloe-suhoe-12,raw
dataset/uploads_root/prod-svoe-vino-strapi/prod-svoe-vino/strapi/uploads/kuban_vino_shato_tamane_rezerv_premer_ruzh_kaberne_sovinon_krasnoe_suhoe_13_e883e5bf18.webp,kuban-vino-shato-tamane-rezerv-premer-ruzh-kaberne-sovinon-krasnoe-suhoe-13,raw
dataset/uploads_root/prod-svoe-vino-strapi/prod-svoe-vino/strapi/uploads/kuban_vino_shato_tamane_rezerv_red_blend_kaberne_sovinon_krasnoe_suhoe_125_6efe35b973.webp,kuban-vino-shato-tamane-rezerv-red-blend-kaberne-sovinon-krasnoe-suhoe-125,raw
dataset/uploads_root/prod-svoe-vino-strapi/prod-svoe-vino/strapi/uploads/kuban_vino_shato_tamane_rkatsiteli_myuller_turgau_shardone_2025_beloe_suhoe_12_a4e548cd8e.webp,kuban-vino-shato-tamane-rkatsiteli-myuller-turgau-shardone-2025-beloe-suhoe-12,raw
dataset/uploads_root/prod-svoe-vino-strapi/prod-svoe-vino/strapi/uploads/kuban_vino_shato_tamane_ruzh_2023_tsvaygelt_krasnoe_suhoe_12_39edda6f34.webp,kuban-vino-shato-tamane-ruzh-2023-tsvaygelt-krasnoe-suhoe-12,raw
dataset/uploads_root/prod-svoe-vino-strapi/prod-svoe-vino/strapi/uploads/kuban_vino_shato_tamane_selekt_oranzh_tsitronnyy_magaracha_oranzhevoe_suhoe_135_4e83f61d0a.webp,kuban-vino-shato-tamane-selekt-oranzh-tsitronnyy-magaracha-oranzhevoe-suhoe-135,raw
dataset/uploads_root/prod-svoe-vino-strapi/prod-svoe-vino/strapi/uploads/kuban_vino_shato_tamane_selekt_ruzh_saperavi_krasnoe_suhoe_125_0e518aaf8c.webp,kuban-vino-shato-tamane-selekt-ruzh-saperavi-krasnoe-suhoe-125,raw
dataset/uploads_root/prod-svoe-vino-strapi/prod-svoe-vino/strapi/uploads/kuban_vino_shato_tamane_terruar_krasnostop_saperavi_2022_krasnoe_suhoe_125_2e0c0b569c.webp,kuban-vino-shato-tamane-terruar-krasnostop-saperavi-2022-krasnoe-suhoe-125,raw
dataset/uploads_root/prod-svoe-vino-strapi/prod-svoe-vino/strapi/uploads/kuban_vino_shato_tamane_terruar_krasnostop_saperavi_2023_krasnoe_suhoe_125_ebc334a55f.webp,kuban-vino-shato-tamane-terruar-krasnostop-saperavi-2023-krasnoe-suhoe-125,raw
dataset/uploads_root/prod-svoe-vino-strapi/prod-svoe-vino/strapi/uploads/kuban_vino_shato_tamane_shardone_beloe_suhoe_12_93dd8fa05c.webp,kuban-vino-shato-tamane-shardone-beloe-suhoe-12,raw
dataset/uploads_root/prod-svoe-vino-strapi/prod-svoe-vino/strapi/uploads/Sh_T_Grape_Dance_blanc_2021_fadfb6ea87.webp,shato-taman-grape-dance,raw
dataset/uploads_root/prod-svoe-vino-strapi/prod-svoe-vino/strapi/uploads/Sh_T_Grape_Dance_rose_2021_284abe2f5b.webp,shato-taman-grape-dance-1,raw
dataset/uploads_root/prod-svoe-vino-strapi/prod-svoe-vino/strapi/uploads/2024gu_Normal_Sh_T_Kaberne_suhoe_krasnoe_0_75_4e3842e06a.webp,shato-taman-kaberne,raw
dataset/uploads_root/prod-svoe-vino-strapi/prod-svoe-vino/strapi/uploads/2024gu_Normal_Sh_T_Kaberene_Sovinon_suh_roz_burgundiya_0_75_44046e83c9.webp,shato-taman-kaberne-sovinon,raw
dataset/uploads_root/prod-svoe-vino-strapi/prod-svoe-vino/strapi/uploads/2024gu_Normal_Sh_T_Krasnostop_suhoe_krasnoe_0_75_99318c8e15.webp,shato-taman-krasnostop,raw
dataset/uploads_root/prod-svoe-vino-strapi/prod-svoe-vino/strapi/uploads/Sh_T_Par_La_Mer_Roze_suh_2024_GU_Normal_83f76a1685.webp,shato-taman-par-la-mer-korall,raw
dataset/uploads_root/prod-svoe-vino-strapi/prod-svoe-vino/strapi/uploads/Sh_T_Par_La_Mer_igristoe_brut_5ff54a7dda.webp,shato-taman-par-la-mer-pino-blan,raw
dataset/uploads_root/prod-svoe-vino-strapi/prod-svoe-vino/strapi/uploads/Sh_T_Par_La_Mer_igristoe_brut_rose_9659a53999.webp,shato-taman-par-la-mer-pino-nuar,raw
dataset/uploads_root/prod-svoe-vino-strapi/prod-svoe-vino/strapi/uploads/Sh_T_Par_La_Mer_Beloe_suh_2024_GU_Normal_717117b640.webp,shato-taman-par-la-mer-sovinon,raw
dataset/uploads_root/prod-svoe-vino-strapi/prod-svoe-vino/strapi/uploads/Sh_T_Par_La_Mer_kras_suh_2024_GU_Normal_5e97b7a0a0.webp,shato-taman-par-la-mer-czvajgelt,raw
dataset/uploads_root/prod-svoe-vino-strapi/prod-svoe-vino/strapi/uploads/2024gu_Normal_Sh_T_Saperavi_suhoe_krasnoe_0_75_4b0f666d71.webp,shato-taman-saperavi,raw
dataset/uploads_root/prod-svoe-vino-strapi/prod-svoe-vino/strapi/uploads/2024gu_Normal_Sh_T_Shardone_suhoe_beloe_0_75_a190db1db4.webp,shato-taman-shardone,raw
dataset/uploads_root/prod-svoe-vino-strapi/prod-svoe-vino/strapi/uploads/andryus_yutsis_shenen_blan_beloe_suhoe_12_88fa29c996.webp,andryus-yutsis-shenen-blan-beloe-suhoe-12,raw
dataset/uploads_root/prod-svoe-vino-strapi/prod-svoe-vino/strapi/uploads/chateau_cachalot_shenen_blan_beloe_suhoe_113_f51452cd7b.webp,chateau-cachalot-shenen-blan-beloe-suhoe-113,raw
dataset/uploads_root/prod-svoe-vino-strapi/prod-svoe-vino/strapi/uploads/aromatnoe_shenen_blan_beloe_suhoe_13_292ec223ed.webp,aromatnoe-shenen-blan-beloe-suhoe-13,raw
dataset/uploads_root/prod-svoe-vino-strapi/prod-svoe-vino/strapi/uploads/esse_shenen_blan_beloe_suhoe_13_98cc04b8dc.webp,esse-shenen-blan-beloe-suhoe-13,raw
dataset/uploads_root/prod-svoe-vino-strapi/prod-svoe-vino/strapi/uploads/skalistyy_bereg_shyopot_tsvetov_risling_beloe_suhoe_109_837159c193.webp,skalistyy-bereg-shyopot-tsvetov-risling-beloe-suhoe-109,raw
dataset/uploads_root/prod-svoe-vino-strapi/prod-svoe-vino/strapi/uploads/soyuz_vino_sheremetevskie_pogreba_beloe_polusladkoe_belye_sorta_vinograda_11_57623452c6.webp,soyuz-vino-sheremetevskie-pogreba-beloe-polusladkoe-belye-sorta-vinograda-11,raw
dataset/uploads_root/prod-svoe-vino-strapi/prod-svoe-vino/strapi/uploads/soyuz_vino_sheremetevskie_pogreba_kaberne_sovinon_krasnoe_suhoe_11_06a2c8cff1.webp,soyuz-vino-sheremetevskie-pogreba-kaberne-sovinon-krasnoe-suhoe-11,raw
dataset/uploads_root/prod-svoe-vino-strapi/prod-svoe-vino/strapi/uploads/soyuz_vino_sheremetevskie_pogreba_krasnoe_polusladkoe_krasnye_sorta_vinograda_11_c720c471ab.webp,soyuz-vino-sheremetevskie-pogreba-krasnoe-polusladkoe-krasnye-sorta-vinograda-11,raw
dataset/uploads_root/prod-svoe-vino-strapi/prod-svoe-vino/strapi/uploads/soyuz_vino_sheremetevskie_pogreba_shardone_beloe_suhoe_11_82e0049185.webp,soyuz-vino-sheremetevskie-pogreba-shardone-beloe-suhoe-11,raw
dataset/uploads_root/prod-svoe-vino-strapi/prod-svoe-vino/strapi/uploads/shato_pino_shiraz_krasnoe_suhoe_14_e2d3fa5636.webp,shato-pino-shiraz-krasnoe-suhoe-14,raw
dataset/uploads_root/prod-svoe-vino-strapi/prod-svoe-vino/strapi/uploads/shato_pino_shiraz_krasnoe_suhoe_135_3332c96e74.webp,shato-pino-shiraz-krasnoe-suhoe-135,raw
dataset/uploads_root/prod-svoe-vino-strapi/prod-svoe-vino/strapi/uploads/alma_valley_shiraz_krasnoe_suhoe_13_cac190e3fc.webp,alma-valley-shiraz-krasnoe-suhoe-13,raw
dataset/uploads_root/prod-svoe-vino-strapi/prod-svoe-vino/strapi/uploads/vinodelnya_myshako_shiraz_krasnoe_suhoe_146_6afc4160e3.webp,vinodelnya-myshako-shiraz-krasnoe-suhoe-146,raw
dataset/uploads_root/prod-svoe-vino-strapi/prod-svoe-vino/strapi/uploads/alma_valley_shiraz_sira_rezerv_krasnoe_suhoe_14_8929b4c449.webp,alma-valley-shiraz-sira-rezerv-krasnoe-suhoe-14,raw
dataset/uploads_root/prod-svoe-vino-strapi/prod-svoe-vino/strapi/uploads/chateau_de_talu_shiraz_rezerv_sira_krasnoe_suhoe_14_86dc2c7da7.webp,chateau-de-talu-shiraz-rezerv-sira-krasnoe-suhoe-14,raw
dataset/uploads_root/prod-svoe-vino-strapi/prod-svoe-vino/strapi/uploads/vinodelnya_myshako_shiraz_black_out_krasnoe_suhoe_152_117767d8a2.webp,vinodelnya-myshako-shiraz-black-out-krasnoe-suhoe-152,raw
dataset/uploads_root/prod-svoe-vino-strapi/prod-svoe-vino/strapi/uploads/usadba_mezyb_shishka_karbonika_kaberne_fran_krasnoe_suhoe_143_b11d2287de.webp,usadba-mezyb-shishka-karbonika-kaberne-fran-krasnoe-suhoe-143,raw
dataset/uploads_root/prod-svoe-vino-strapi/prod-svoe-vino/strapi/uploads/usadba_mezyb_shishka_kupazh_5_kaberne_sovinon_rozovoe_suhoe_133_eb0dc52713.webp,usadba-mezyb-shishka-kupazh-5-kaberne-sovinon-rozovoe-suhoe-133,raw
dataset/uploads_root/prod-svoe-vino-strapi/prod-svoe-vino/strapi/uploads/usadba_mezyb_shishka_merlo_vione_rozovoe_suhoe_125_832d5a0795.webp,usadba-mezyb-shishka-merlo-vione-rozovoe-suhoe-125,raw
dataset/uploads_root/prod-svoe-vino-strapi/prod-svoe-vino/strapi/uploads/usadba_mezyb_shishka_oranzh_shardone_beloe_suhoe_127_3f122c60e4.webp,usadba-mezyb-shishka-oranzh-shardone-beloe-suhoe-127,raw
dataset/uploads_root/prod-svoe-vino-strapi/prod-svoe-vino/strapi/uploads/usadba_mezyb_shishka_pino_nuar_rozovoe_suhoe_115_7e715b2ce7.webp,usadba-mezyb-shishka-pino-nuar-rozovoe-suhoe-115,raw
dataset/uploads_root/prod-svoe-vino-strapi/prod-svoe-vino/strapi/uploads/usadba_mezyb_shishka_saperavi_krasnoe_suhoe_13_63c54300c8.webp,usadba-mezyb-shishka-saperavi-krasnoe-suhoe-13,raw
dataset/uploads_root/prod-svoe-vino-strapi/prod-svoe-vino/strapi/uploads/usadba_mezyb_shishka_sovinon_blan_beloe_suhoe_12_2d7e44f0d9.webp,usadba-mezyb-shishka-sovinon-blan-beloe-suhoe-12,raw
dataset/uploads_root/prod-svoe-vino-strapi/prod-svoe-vino/strapi/uploads/usadba_mezyb_shishka_shenen_blan_beloe_suhoe_13_05b3135709.webp,usadba-mezyb-shishka-shenen-blan-beloe-suhoe-13,raw
dataset/uploads_root/prod-svoe-vino-strapi/prod-svoe-vino/strapi/uploads/usadba_mezyb_shishka_shenen_blan_sovinon_blan_beloe_suhoe_126_3f1e1c2ee1.webp,usadba-mezyb-shishka-shenen-blan-sovinon-blan-beloe-suhoe-126,raw
dataset/uploads_root/prod-svoe-vino-strapi/prod-svoe-vino/strapi/uploads/tempelhof_winery_shpetburgunder_pino_nuar_krasnoe_suhoe_125_e4976d1ffc.webp,tempelhof-winery-shpetburgunder-pino-nuar-krasnoe-suhoe-125,raw
dataset/uploads_root/prod-svoe-vino-strapi/prod-svoe-vino/strapi/uploads/vinodelnya_batrak_shpinel_kaberne_sovinon_rozovoe_suhoe_12_7542903616.webp,vinodelnya-batrak-shpinel-kaberne-sovinon-rozovoe-suhoe-12,raw
dataset/uploads_root/prod-svoe-vino-strapi/prod-svoe-vino/strapi/uploads/seneth_shu_shu_saperavi_rozovoe_suhoe_12_69ec69a17a.webp,seneth-shu-shu-saperavi-rozovoe-suhoe-12,raw
dataset/uploads_root/prod-svoe-vino-strapi/prod-svoe-vino/strapi/uploads/vinodelnya_raevskoe_eklego_krasnoe_tempranilo_krasnoe_suhoe_13_a79d22bf66.webp,vinodelnya-raevskoe-eklego-krasnoe-tempranilo-suhoe-13,raw
dataset/uploads_root/prod-svoe-vino-strapi/prod-svoe-vino/strapi/uploads/villa_di_alma_ekstra_bryut_kokur_igristoe_ekstra_bryut_beloe_125_531725a54a.webp,villa-di-alma-ekstra-bryut-kokur-beloe-125,raw
dataset/uploads_root/prod-svoe-vino-strapi/prod-svoe-vino/strapi/uploads/soyuz_vino_el_krusero_blanko_polusladkoe_belye_sorta_vinograda_beloe_11_52c2589e48.webp,soyuz-vino-el-krusero-blanko-polusladkoe-belye-sorta-vinograda-beloe-11,raw
dataset/uploads_root/prod-svoe-vino-strapi/prod-svoe-vino/strapi/uploads/soyuz_vino_el_krusero_tinto_polusladkoe_krasnye_sorta_vinograda_krasnoe_11_7defea6b0e.webp,soyuz-vino-el-krusero-tinto-polusladkoe-krasnye-sorta-vinograda-krasnoe-11,raw
dataset/uploads_root/prod-svoe-vino-strapi/prod-svoe-vino/strapi/uploads/derbent_vino_endemy_aligote_beloe_bryut_105_125_9c9d02efb2.webp,derbent-vino-endemy-aligote-beloe-bryut-105-125,raw
dataset/uploads_root/prod-svoe-vino-strapi/prod-svoe-vino/strapi/uploads/Endemy_Bianka_7cf66eca8c.webp,igristoe-vino-endemy-bianka-bryut-beloe,raw
dataset/uploads_root/prod-svoe-vino-strapi/prod-svoe-vino/strapi/uploads/Endemy_Kaberne_Sovinon_4c5c1ced59.webp,derbent-vino-endemy-kaberne-sovinon-krasnoe-suhoe-13,raw
dataset/uploads_root/prod-svoe-vino-strapi/prod-svoe-vino/strapi/uploads/derbent_vino_endemy_kaberne_sovinon_rozovoe_bryut_105_125_2b46752cd4.webp,derbent-vino-endemy-kaberne-sovinon-rozovoe-bryut-105-125,raw
dataset/uploads_root/prod-svoe-vino-strapi/prod-svoe-vino/strapi/uploads/TV_Endemy_Kaberne_Sovinon_roz_da300d3d2e.webp,vino-suhoe-rozovoe-endemy-kaberne-sovinon,raw
dataset/uploads_root/prod-svoe-vino-strapi/prod-svoe-vino/strapi/uploads/derbent_vino_endemy_kaberne_fran_krasnoe_suhoe_13_6351c14f55.webp,derbent-vino-endemy-kaberne-fran-krasnoe-suhoe-13,raw
dataset/uploads_root/prod-svoe-vino-strapi/prod-svoe-vino/strapi/uploads/derbent_vino_endemy_merlo_krasnoe_suhoe_13_36ebced038.webp,derbent-vino-endemy-merlo-krasnoe-suhoe-13,raw
dataset/uploads_root/prod-svoe-vino-strapi/prod-svoe-vino/strapi/uploads/Endemy_Pino_Blan_8bad757c21.webp,igristoe-vino-endemy-pino-blan-bryut-beloe,raw
dataset/uploads_root/prod-svoe-vino-strapi/prod-svoe-vino/strapi/uploads/derbent_vino_endemy_pino_nuar_rozovoe_bryut_105_125_d889dc6335.webp,derbent-vino-endemy-pino-nuar-rozovoe-bryut-105-125,raw
dataset/uploads_root/prod-svoe-vino-strapi/prod-svoe-vino/strapi/uploads/derbent_vino_endemy_risling_beloe_bryut_105_125_ab6f76cf0a.webp,derbent-vino-endemy-risling-beloe-bryut-105-125,raw
dataset/uploads_root/prod-svoe-vino-strapi/prod-svoe-vino/strapi/uploads/derbent_vino_endemy_saperavi_krasnoe_suhoe_13_1e6d4109d5.webp,derbent-vino-endemy-saperavi-krasnoe-suhoe-13,raw
dataset/uploads_root/prod-svoe-vino-strapi/prod-svoe-vino/strapi/uploads/TV_Endemy_Saperavi_588c1f136e.webp,vino-suhoe-krasnoe-endemy-saperavi,raw
dataset/uploads_root/prod-svoe-vino-strapi/prod-svoe-vino/strapi/uploads/Endemy_Saperavi_e63474ff4b.webp,endemy-saperavi,raw
dataset/uploads_root/prod-svoe-vino-strapi/prod-svoe-vino/strapi/uploads/derbent_vino_endemy_sovinon_beloe_bryut_105_125_7117449f6c.webp,derbent-vino-endemy-sovinon-beloe-bryut-105-125,raw
dataset/uploads_root/prod-svoe-vino-strapi/prod-svoe-vino/strapi/uploads/TV_Endemy_Sovinon_5c280667ff.webp,vino-suhoe-beloe-endemy-sovinon,raw
dataset/uploads_root/prod-svoe-vino-strapi/prod-svoe-vino/strapi/uploads/derbent_vino_endemy_shardone_beloe_suhoe_13_62a14e694a.webp,derbent-vino-endemy-shardone-beloe-suhoe-13,raw
dataset/uploads_root/prod-svoe-vino-strapi/prod-svoe-vino/strapi/uploads/derbent_vino_endemy_shardone_beloe_bryut_105_125_0050dd60c9.webp,derbent-vino-endemy-shardone-beloe-bryut-105-125,raw
dataset/uploads_root/prod-svoe-vino-strapi/prod-svoe-vino/strapi/uploads/TV_Endemy_Shardone_67f5af65c9.webp,vino-suhoe-beloe-endemy-shardone,raw
dataset/uploads_root/prod-svoe-vino-strapi/prod-svoe-vino/strapi/uploads/chateau_de_talu_enolog_kaberne_sovinon_krasnoe_suhoe_15_a5c6b551a6.webp,chateau-de-talu-enolog-kaberne-sovinon-krasnoe-suhoe-15,raw
dataset/uploads_root/prod-svoe-vino-strapi/prod-svoe-vino/strapi/uploads/vinodelnya_krinitsa_ester_muskat_belyy_beloe_suhoe_12_2658e192ad.webp,vinodelnya-krinitsa-ester-muskat-belyy-beloe-suhoe-12,raw
dataset/uploads_root/prod-svoe-vino-strapi/prod-svoe-vino/strapi/uploads/vinodelnya_krinitsa_ester_muskat_beloe_suhoe_128_949dda1941.webp,vinodelnya-krinitsa-ester-muskat-beloe-suhoe-128,raw
dataset/uploads_root/prod-svoe-vino-strapi/prod-svoe-vino/strapi/uploads/chateau_de_talu_yuzhnaya_vertikal_kaberne_fran_krasnoe_suhoe_142_eb282f09b8.webp,chateau-de-talu-yuzhnaya-vertikal-kaberne-fran-krasnoe-suhoe-142,raw
dataset/uploads_root/prod-svoe-vino-strapi/prod-svoe-vino/strapi/uploads/chateau_de_talu_yuzhnaya_vertikal_kaberne_fran_premium_krasnoe_suhoe_143_fe11f85d85.webp,chateau-de-talu-yuzhnaya-vertikal-kaberne-fran-premium-krasnoe-suhoe-143,raw
dataset/uploads_root/prod-svoe-vino-strapi/prod-svoe-vino/strapi/uploads/chateau_de_talu_yuzhnaya_vertikal_kaberne_fran_rezerv_krasnoe_suhoe_146_9ed8edf81c.webp,chateau-de-talu-yuzhnaya-vertikal-kaberne-fran-rezerv-krasnoe-suhoe-146,raw
dataset/uploads_root/prod-svoe-vino-strapi/prod-svoe-vino/strapi/uploads/usadba_divnomorskoe_yuzhnyy_les_merlo_krasnoe_suhoe_137_89faa0325c.webp,usadba-divnomorskoe-yuzhnyy-les-merlo-krasnoe-suhoe-137,raw
dataset/uploads_root/prod-svoe-vino-strapi/prod-svoe-vino/strapi/uploads/Risunok1_no_bg_preview_carve_photos_c618e10c44.webp,ya-jla-risling,raw
data/refs/abrau_kupazh_decanter.jpg,abrau-dyurso-abrau-kupazh-tyomnyy-suhoe-kaberne-sovinon-krasnoe-13,raw
data/refs/kokur_decanter.jpg,kokur-suhoe,raw
data/refs/kokur_winemore.webp,kokur-suhoe,raw
data/refs/kanon_proizvoditel.jpg,soyuz-vino-kanonicheskie-traditsii-krasnoe-sladkoe-kaberne-sovinon-115,raw
data/refs/massandra_beloe_polusladkoe_ladoga.jpg,beloe-polusladkoe,raw
data/refs/abrau_ri_polusladkoe_krasnoe_old_winestyle.webp,abrau-dyurso-russkoe-igristoe-polusladkoe-krasnoe-kaberne-sovinon-12,raw
data/refs/abrau_ri_polusladkoe_krasnoe_old_decanter.jpg,abrau-dyurso-russkoe-igristoe-polusladkoe-krasnoe-kaberne-sovinon-12,raw
data/refs/abrau_ri_polusladkoe_krasnoe_new_winestyle.webp,abrau-dyurso-russkoe-igristoe-polusladkoe-krasnoe-kaberne-sovinon-12,raw
data/refs/massandra_portveyn_belyy_krymskiy_official.jpg,massandra-portveyn-belyy-krymskiy-kokur-beloe-sladkoe-18,raw
data/refs/fanagoria_bryut_beloe_2018_black_fortwine.jpg,fanagoriya-fanagoriya-bryut-beloe-sovinon-blan-igristoe-bryut-beloe-11-13,raw
data/refs/fanagoria_bryut_beloe_2018_black_decanter.jpg,fanagoriya-fanagoriya-bryut-beloe-sovinon-blan-igristoe-bryut-beloe-11-13,raw
data/refs/abrau_ri_polusladkoe_beloe_old_decanter.jpg,abrau-dyurso-russkoe-igristoe-polusladkoe-shardone-beloe-12,raw
dataset/uploads_root/prod-svoe-vino-strapi/prod-svoe-vino/strapi/uploads/PU_Sjv7dn_M_Nil_H25_TO_9_Bcb_FN_55l_Pr_Hs_K4e_S_Lja8tm9_Ur62n50_Pyxhl_RO_1_RU_4s3e_N_Zb1_Yq_GT_4_HJPD_77_Qg_W_Tf3_Ng_e4a467fffd.webp,avtohtonnoe-vino-kryma-beloe-suhoe,detect
dataset/uploads_root/prod-svoe-vino-strapi/prod-svoe-vino/strapi/uploads/DSC_09173_4a9ff95cc2.webp,aligote-barrel-2024,detect
data/refs/zb_spumante_white_brut_krymwine.webp,zb-vajn-spumante-bryut-beloe,detect
dataset/uploads_root/prod-svoe-vino-strapi/prod-svoe-vino/strapi/uploads/fanagoriya_100_ottenkov_krasnogo_kaberne_kaberne_sovinon_krasnoe_suhoe_135_ad8495191f.webp,fanagoriya-100-ottenkov-krasnogo-kaberne-kaberne-sovinon-krasnoe-suhoe-135,detect
dataset/uploads_root/prod-svoe-vino-strapi/prod-svoe-vino/strapi/uploads/fanagoriya_100_ottenkov_krasnogo_pino_nuar_krasnoe_suhoe_vyderzhannoe_135_12baf813ea.webp,fanagoriya-100-ottenkov-krasnogo-pino-nuar-krasnoe-suhoe-135,detect
dataset/uploads_root/prod-svoe-vino-strapi/prod-svoe-vino/strapi/uploads/fanagoriya_100_ottenkov_krasnogo_saperavi_krasnoe_suhoe_14_fa242e130a.webp,fanagoriya-100-ottenkov-krasnogo-saperavi-krasnoe-suhoe-14,detect
dataset/uploads_root/prod-svoe-vino-strapi/prod-svoe-vino/strapi/uploads/fanagoriya_100_ottenkov_shardone_beloe_suhoe_14_dd14e33b83.webp,fanagoriya-100-ottenkov-shardone-beloe-suhoe-14,detect
dataset/uploads_root/prod-svoe-vino-strapi/prod-svoe-vino/strapi/uploads/fanagoriya_101_ottenok_krasnogo_kaberne_kaberne_sovinon_krasnoe_suhoe_14_98c670a6a1.webp,fanagoriya-101-ottenok-krasnogo-kaberne-kaberne-sovinon-krasnoe-suhoe-14,detect
dataset/uploads_root/prod-svoe-vino-strapi/prod-svoe-vino/strapi/uploads/fanagoriya_101_ottenok_krasnogo_pino_nuar_krasnoe_suhoe_135_62be6e1c10.webp,fanagoriya-101-ottenok-krasnogo-pino-nuar-krasnoe-suhoe-135,detect
dataset/uploads_root/prod-svoe-vino-strapi/prod-svoe-vino/strapi/uploads/fanagoriya_101_ottenok_krasnogo_saperavi_krasnoe_suhoe_14_4716c6d770.webp,fanagoriya-101-ottenok-krasnogo-saperavi-krasnoe-suhoe-14,detect
dataset/uploads_root/prod-svoe-vino-strapi/prod-svoe-vino/strapi/uploads/usadba_rodnoe_gnezdo_4_elements_kaberne_sovinon_krasnoe_suhoe_15_0d55114014.webp,usadba-rodnoe-gnezdo-4-elements-kaberne-sovinon-krasnoe-suhoe-15,detect
dataset/uploads_root/prod-svoe-vino-strapi/prod-svoe-vino/strapi/uploads/usadba_rodnoe_gnezdo_4_elements_risling_beloe_suhoe_12_815bd0df08.webp,usadba-rodnoe-gnezdo-4-elements-risling-beloe-suhoe-12,detect
dataset/uploads_root/prod-svoe-vino-strapi/prod-svoe-vino/strapi/uploads/usadba_rodnoe_gnezdo_4_elements_risling_beloe_polusuhoe_12_3621a7b684.webp,usadba-rodnoe-gnezdo-4-elements-risling-beloe-polusuhoe-12,detect
dataset/uploads_root/prod-svoe-vino-strapi/prod-svoe-vino/strapi/uploads/usadba_rodnoe_gnezdo_4_elements_sira_roze_rozovoe_polusuhoe_135_2c2c876bf4.webp,usadba-rodnoe-gnezdo-4-elements-sira-roze-rozovoe-polusuhoe-135,detect
dataset/uploads_root/prod-svoe-vino-strapi/prod-svoe-vino/strapi/uploads/usadba_rodnoe_gnezdo_4_elements_sovinon_blan_beloe_polusladkoe_12_5007538dcc.webp,usadba-rodnoe-gnezdo-4-elements-sovinon-blan-beloe-polusladkoe-12,detect
dataset/uploads_root/prod-svoe-vino-strapi/prod-svoe-vino/strapi/uploads/usadba_rodnoe_gnezdo_4_elements_sovinon_blan_beloe_suhoe_12_38c66cd229.webp,usadba-rodnoe-gnezdo-4-elements-sovinon-blan-beloe-suhoe-12,detect
dataset/uploads_root/prod-svoe-vino-strapi/prod-svoe-vino/strapi/uploads/fanagoriya_5_elements_bryut_beloe_pino_gri_igristoe_bryut_beloe_125_d7497bb817.webp,fanagoriya-5-elements-bryut-beloe-pino-gri-igristoe-bryut-beloe-125,detect
dataset/uploads_root/prod-svoe-vino-strapi/prod-svoe-vino/strapi/uploads/fanagoriya_5_elements_bryut_rozovoe_saperavi_igristoe_bryut_rozovoe_125_89ce2d6975.webp,fanagoriya-5-elements-bryut-rozovoe-saperavi-igristoe-bryut-rozovoe-125,detect
dataset/uploads_root/prod-svoe-vino-strapi/prod-svoe-vino/strapi/uploads/vinodelnya_vedernikov_5050_tsimlyanskiy_sibirkovyy_ekstra_bryut_beloe_12_9cb05a5a09.webp,vinodelnya-vedernikov-5050-tsimlyanskiy-sibirkovyy-ekstra-bryut-beloe-12,detect
dataset/uploads_root/prod-svoe-vino-strapi/prod-svoe-vino/strapi/uploads/shato_pino_beloe_shardone_beloe_suhoe_13_8b4d6eb365.webp,shato-pino-agpoezdnik-beloe-shardone-suhoe-13,detect
dataset/uploads_root/prod-svoe-vino-strapi/prod-svoe-vino/strapi/uploads/shato_pino_krasnoe_kaberne_fran_krasnoe_suhoe_14_074ad489ef.webp,shato-pino-agpoezdnik-krasnoe-kaberne-fran-suhoe-14,detect
dataset/uploads_root/prod-svoe-vino-strapi/prod-svoe-vino/strapi/uploads/abrau_dyurso_abrau_estates_amurskiy_potapenko_krasnoe_suhoe_105_a70c9cabe2.webp,abrau-dyurso-abrau-estates-amurskiy-potapenko-krasnoe-suhoe-105,detect
dataset/uploads_root/prod-svoe-vino-strapi/prod-svoe-vino/strapi/uploads/abrau_dyurso_abrau_estates_beloe_shardone_suhoe_12_6c1aeb2039.webp,abrau-dyurso-abrau-estates-beloe-shardone-suhoe-12,detect
dataset/uploads_root/prod-svoe-vino-strapi/prod-svoe-vino/strapi/uploads/abrau_dyurso_abrau_estates_kaberne_po_belomu_kaberne_sovinon_beloe_suhoe_105_a340de7dd3.webp,abrau-dyurso-abrau-estates-kaberne-po-belomu-kaberne-sovinon-beloe-suhoe-105,detect
dataset/uploads_root/prod-svoe-vino-strapi/prod-svoe-vino/strapi/uploads/abrau_dyurso_abrau_estates_krasnoe_kaberne_sovinon_suhoe_13_1770f5150f.webp,abrau-dyurso-abrau-estates-krasnoe-kaberne-sovinon-suhoe-13,detect
dataset/uploads_root/prod-svoe-vino-strapi/prod-svoe-vino/strapi/uploads/abrau_dyurso_abrau_estates_oranzh_tsitronnyy_magaracha_oranzhevoe_suhoe_105_95e00a834b.webp,abrau-dyurso-abrau-estates-oranzh-tsitronnyy-magaracha-oranzhevoe-suhoe-105,detect
dataset/uploads_root/prod-svoe-vino-strapi/prod-svoe-vino/strapi/uploads/abrau_dyurso_abrau_estates_dostoynyy_krasnoe_suhoe_135_a2b9e120e4.webp,abrau-dyurso-abrau-estates-dostoynyy-krasnoe-suhoe-135,detect
dataset/uploads_root/prod-svoe-vino-strapi/prod-svoe-vino/strapi/uploads/abrau_dyurso_abrau_estates_roze_kaberne_sovinon_rozovoe_suhoe_12_416c8f123b.webp,abrau-dyurso-abrau-estates-roze-kaberne-sovinon-rozovoe-suhoe-12,detect
dataset/uploads_root/prod-svoe-vino-strapi/prod-svoe-vino/strapi/uploads/abrau_dyurso_abrau_durso_brut_rose_reserve_pino_nuar_beloe_bryut_12_bb364de705.webp,abrau-dyurso-abrau-durso-brut-rose-reserve-pino-nuar-beloe-bryut-12,detect
dataset/uploads_root/prod-svoe-vino-strapi/prod-svoe-vino/strapi/uploads/abrau_dyurso_abrau_durso_reserve_brut_shardone_beloe_bryut_115_c2d789063b.webp,abrau-dyurso-abrau-durso-reserve-brut-shardone-beloe-bryut-115,detect
dataset/uploads_root/prod-svoe-vino-strapi/prod-svoe-vino/strapi/uploads/olymp_winery_adagum_cabernet_franc_kaberne_fran_krasnoe_suhoe_11_1296da5e1c.webp,olymp-winery-adagum-cabernet-franc-kaberne-fran-krasnoe-suhoe-11,detect
dataset/uploads_root/prod-svoe-vino-strapi/prod-svoe-vino/strapi/uploads/olymp_winery_adagum_cabernet_sauvignon_kaberne_sovinon_krasnoe_suhoe_11_389c433b06.webp,olymp-winery-adagum-cabernet-sauvignon-kaberne-sovinon-krasnoe-suhoe-11,detect
dataset/uploads_root/prod-svoe-vino-strapi/prod-svoe-vino/strapi/uploads/olymp_winery_adagum_chardonnay_shardone_beloe_suhoe_11_cf6c199a92.webp,olymp-winery-adagum-chardonnay-shardone-beloe-suhoe-11,detect
dataset/uploads_root/prod-svoe-vino-strapi/prod-svoe-vino/strapi/uploads/olymp_winery_adagum_chardonnay_kuban_shardone_beloe_suhoe_11_a41c24329f.webp,olymp-winery-adagum-chardonnay-kuban-shardone-beloe-suhoe-11,detect
dataset/uploads_root/prod-svoe-vino-strapi/prod-svoe-vino/strapi/uploads/olymp_winery_adagum_estate_cabernet_sauvignon_kaberne_sovinon_krasnoe_suhoe_11_425fadfccf.webp,olymp-winery-adagum-estate-cabernet-sauvignon-kaberne-sovinon-krasnoe-suhoe-11,detect
dataset/uploads_root/prod-svoe-vino-strapi/prod-svoe-vino/strapi/uploads/olymp_winery_adagum_estate_chardonnay_shardone_beloe_suhoe_11_db799bd3fb.webp,olymp-winery-adagum-estate-chardonnay-shardone-beloe-suhoe-11,detect
dataset/uploads_root/prod-svoe-vino-strapi/prod-svoe-vino/strapi/uploads/olymp_winery_adagum_estate_merlot_merlo_krasnoe_suhoe_11_40b39cc86c.webp,olymp-winery-adagum-estate-merlot-merlo-krasnoe-suhoe-11,detect
dataset/uploads_root/prod-svoe-vino-strapi/prod-svoe-vino/strapi/uploads/olymp_winery_adagum_estate_red_blend_kaberne_fran_krasnoe_suhoe_11_4dc9ac373d.webp,olymp-winery-adagum-estate-red-blend-kaberne-fran-krasnoe-suhoe-11,detect
dataset/uploads_root/prod-svoe-vino-strapi/prod-svoe-vino/strapi/uploads/olymp_winery_adagum_estate_rose_kaberne_sovinon_rozovoe_suhoe_11_ad3a02cc01.webp,olymp-winery-adagum-estate-rose-kaberne-sovinon-rozovoe-suhoe-11,detect
dataset/uploads_root/prod-svoe-vino-strapi/prod-svoe-vino/strapi/uploads/olymp_winery_adagum_estate_sauvignon_blanc_sovinon_blan_beloe_suhoe_11_3a562a0c8b.webp,olymp-winery-adagum-estate-sauvignon-blanc-sovinon-blan-beloe-suhoe-11,detect
dataset/uploads_root/prod-svoe-vino-strapi/prod-svoe-vino/strapi/uploads/olymp_winery_adagum_krasnostop_krasnostop_zolotovskiy_krasnoe_suhoe_11_9741bfb5e5.webp,olymp-winery-adagum-krasnostop-krasnostop-zolotovskiy-krasnoe-suhoe-11,detect
dataset/uploads_root/prod-svoe-vino-strapi/prod-svoe-vino/strapi/uploads/olymp_winery_adagum_merlot_merlo_rozovoe_suhoe_10_b7656d1596.webp,olymp-winery-adagum-merlot-merlo-rozovoe-suhoe-10,detect
dataset/uploads_root/prod-svoe-vino-strapi/prod-svoe-vino/strapi/uploads/olymp_winery_adagum_odessa_black_kuban_odesskiy_chernyy_krasnoe_suhoe_11_8c94e0d7d5.webp,olymp-winery-adagum-odessa-black-kuban-odesskiy-chernyy-krasnoe-suhoe-11,detect
dataset/uploads_root/prod-svoe-vino-strapi/prod-svoe-vino/strapi/uploads/olymp_winery_adagum_pinot_noir_pino_nuar_rozovoe_suhoe_11_266cb2d0df.webp,olymp-winery-adagum-pinot-noir-pino-nuar-rozovoe-suhoe-11,detect
dataset/uploads_root/prod-svoe-vino-strapi/prod-svoe-vino/strapi/uploads/olymp_winery_adagum_pinot_noir_pino_nuar_krasnoe_suhoe_11_5be0562815.webp,olymp-winery-adagum-pinot-noir-pino-nuar-krasnoe-suhoe-11,detect
dataset/uploads_root/prod-svoe-vino-strapi/prod-svoe-vino/strapi/uploads/olymp_winery_adagum_riesling_risling_beloe_suhoe_11_73187f0bc2.webp,olymp-winery-adagum-riesling-risling-beloe-suhoe-11,detect
dataset/uploads_root/prod-svoe-vino-strapi/prod-svoe-vino/strapi/uploads/olymp_winery_adagum_saperavi_saperavi_krasnoe_suhoe_11_6a6ed2cae1.webp,olymp-winery-adagum-saperavi-saperavi-krasnoe-suhoe-11,detect
dataset/uploads_root/prod-svoe-vino-strapi/prod-svoe-vino/strapi/uploads/olymp_winery_adagum_sauvignon_sovinon_blan_beloe_suhoe_11_759c83d0e0.webp,olymp-winery-adagum-sauvignon-sovinon-blan-beloe-suhoe-11,detect
dataset/uploads_root/prod-svoe-vino-strapi/prod-svoe-vino/strapi/uploads/olymp_winery_adagum_valley_merlot_merlo_krasnoe_suhoe_11_3ec3bdd7ea.webp,olymp-winery-adagum-valley-merlot-merlo-krasnoe-suhoe-11,detect
dataset/uploads_root/prod-svoe-vino-strapi/prod-svoe-vino/strapi/uploads/olymp_winery_adagum_valley_pinot_noir_pino_nuar_krasnoe_suhoe_11_f03c68421f.webp,olymp-winery-adagum-valley-pinot-noir-pino-nuar-krasnoe-suhoe-11,detect
dataset/uploads_root/prod-svoe-vino-strapi/prod-svoe-vino/strapi/uploads/olymp_winery_adagum_valley_riesling_risling_reynskiy_beloe_suhoe_11_c4f049c0fc.webp,olymp-winery-adagum-valley-riesling-risling-reynskiy-beloe-suhoe-11,detect
dataset/uploads_root/prod-svoe-vino-strapi/prod-svoe-vino/strapi/uploads/olymp_winery_adagum_valley_rkatsiteli_rkatsiteli_beloe_suhoe_10_ddfa4f8a06.webp,olymp-winery-adagum-valley-rkatsiteli-rkatsiteli-beloe-suhoe-10,detect
dataset/uploads_root/prod-svoe-vino-strapi/prod-svoe-vino/strapi/uploads/olymp_winery_adagum_valley_saperavi_saperavi_krasnoe_suhoe_12_90b75e8147.webp,olymp-winery-adagum-valley-saperavi-saperavi-krasnoe-suhoe-12,detect
dataset/uploads_root/prod-svoe-vino-strapi/prod-svoe-vino/strapi/uploads/fp_ZE_Jh_YZ_Pst_BYLV_1775199670_92154c67f4.webp,agora-rosa-viva-cabernet-franc,detect
dataset/uploads_root/prod-svoe-vino-strapi/prod-svoe-vino/strapi/uploads/22_RA_11a_BWFX_8_Yu9_1775199820_d1ccb7706c.webp,agora-rosa-viva-cabernet-sauvignon-shiraz,detect
dataset/uploads_root/prod-svoe-vino-strapi/prod-svoe-vino/strapi/uploads/k_Ot_Rtt_C_Jv_P1_R7j_P_1775199321_a3cb38eb82.webp,agora-rosa-viva-muscat,detect
dataset/uploads_root/prod-svoe-vino-strapi/prod-svoe-vino/strapi/uploads/B_Yr_Ab_T0x_R_Ed_Rg8j_1775199389_86635deb7f.webp,agora-rosa-viva-riesling,detect
dataset/uploads_root/prod-svoe-vino-strapi/prod-svoe-vino/strapi/uploads/O4nl0_Y_Wdgyo6_H_Nd_1775200002_52181b7f44.webp,agora-rosa-viva-beloe-bryut,detect
dataset/uploads_root/prod-svoe-vino-strapi/prod-svoe-vino/strapi/uploads/ugb_HOG_Jxx_J9_Pv_Cj_1775200212_f3b8b5681b.webp,agora-rosa-viva-beloe-polusladkoe,detect
dataset/uploads_root/prod-svoe-vino-strapi/prod-svoe-vino/strapi/uploads/obmsa6_YZNZPDCKY_1775200312_524a5e0fbb.webp,agora-rosa-viva-rozovoe-polusladkoe,detect
dataset/uploads_root/prod-svoe-vino-strapi/prod-svoe-vino/strapi/uploads/Agora_Rezerv_Yahting_Sovinon_kopiya_066436e3ad.webp,agora-yachting-cabernet-sauvignon,detect
dataset/uploads_root/prod-svoe-vino-strapi/prod-svoe-vino/strapi/uploads/Agora_Rezerv_Yahting_Shardone_836c91ea71.webp,agora-yachting-chardonnay,detect
dataset/uploads_root/prod-svoe-vino-strapi/prod-svoe-vino/strapi/uploads/Agora_Rezerv_Yahting_Merlo_c83c62cf28.webp,agora-yachting-merlot,detect
dataset/uploads_root/prod-svoe-vino-strapi/prod-svoe-vino/strapi/uploads/Agora_Rezerv_Yahting_Pino_Gridzhio_5daf688202.webp,agora-yachting-pinot-grigio,detect
dataset/uploads_root/prod-svoe-vino-strapi/prod-svoe-vino/strapi/uploads/Agora_Rezerv_Yahting_Sovinon_kopiya_25525931ef.webp,agora-yachting-sauvignon,detect
dataset/uploads_root/prod-svoe-vino-strapi/prod-svoe-vino/strapi/uploads/Agora_Rezerv_Yahting_Shiraz_efe299c1a7.webp,agora-yachting-shiraz,detect
dataset/uploads_root/prod-svoe-vino-strapi/prod-svoe-vino/strapi/uploads/Agora_Bastardo_59a04897ff.webp,agora-bastardo,detect
dataset/uploads_root/prod-svoe-vino-strapi/prod-svoe-vino/strapi/uploads/Agora_Blek_Stoun_e98339ae1b.webp,agora-blek-stoun,detect
dataset/uploads_root/prod-svoe-vino-strapi/prod-svoe-vino/strapi/uploads/Agora_Kaberne_Sovinon_cf765cd22e.webp,agora-kaberne-sovinon,detect
dataset/uploads_root/prod-svoe-vino-strapi/prod-svoe-vino/strapi/uploads/Agora_Muskat_d55b57a0af.webp,agora-muskat,detect
dataset/uploads_root/prod-svoe-vino-strapi/prod-svoe-vino/strapi/uploads/Agora_Muskat_Chernyj_b3314704fa.webp,agora-muskat-chernyj,detect
dataset/uploads_root/prod-svoe-vino-strapi/prod-svoe-vino/strapi/uploads/Agora_Pino_Nuar_e81246aa3a.webp,agora-pino-nuar,detect
dataset/uploads_root/prod-svoe-vino-strapi/prod-svoe-vino/strapi/uploads/Agora_Risling_1b886b07f8.webp,agora-risling,detect
dataset/uploads_root/prod-svoe-vino-strapi/prod-svoe-vino/strapi/uploads/Agora_Saperavi_c472cc0afc.webp,agora-saperavi,detect
dataset/uploads_root/prod-svoe-vino-strapi/prod-svoe-vino/strapi/uploads/Agora_Sovinon_6b035f6913.webp,agora-sovinon,detect
dataset/uploads_root/prod-svoe-vino-strapi/prod-svoe-vino/strapi/uploads/Bastardo_terruarnoe_c692ff5ff0.webp,agora-terruarnoe-bastardo,detect
dataset/uploads_root/prod-svoe-vino-strapi/prod-svoe-vino/strapi/uploads/Kaberne_Sovinon_terruarnoe_cebc6287a8.webp,agora-terruarnoe-kaberne-sovinon,detect
dataset/uploads_root/prod-svoe-vino-strapi/prod-svoe-vino/strapi/uploads/Agora_Shardone_4e9ddf9c52.webp,agora-shardone,detect
dataset/uploads_root/prod-svoe-vino-strapi/prod-svoe-vino/strapi/uploads/Blan_de_Blan_2d64f13a73.webp,agora-vintage-blanc-de-blancs-extra-brut,detect
dataset/uploads_root/prod-svoe-vino-strapi/prod-svoe-vino/strapi/uploads/Blan_de_Nuar_f3d5c90643.webp,agora-vintage-blanc-de-noirs-extra-brut,detect
dataset/uploads_root/prod-svoe-vino-strapi/prod-svoe-vino/strapi/uploads/valeriy_zaharin_albedo_reserve_sary_pandas_beloe_suhoe_115_b108af9fde.webp,valeriy-zaharin-albedo-reserve-sary-pandas-beloe-suhoe-115,detect
dataset/uploads_root/prod-svoe-vino-strapi/prod-svoe-vino/strapi/uploads/chteau_le_grand_vostock_aligote_aligote_beloe_suhoe_125_77b160f87a.webp,chteau-le-grand-vostock-aligote-aligote-beloe-suhoe-125,detect
dataset/uploads_root/prod-svoe-vino-strapi/prod-svoe-vino/strapi/uploads/chteau_le_grand_vostock_aligote_reserve_aligote_beloe_suhoe_13_bd611c7154.webp,chteau-le-grand-vostock-aligote-reserve-aligote-beloe-suhoe-13,detect
dataset/uploads_root/prod-svoe-vino-strapi/prod-svoe-vino/strapi/uploads/vino_nebo_aligote_sur_lie_aligote_beloe_suhoe_127_217cf83431.webp,vino-nebo-aligote-sur-lie-aligote-beloe-suhoe-127,detect
dataset/uploads_root/prod-svoe-vino-strapi/prod-svoe-vino/strapi/uploads/bez_fona_no_bg_preview_carve_photos_d1b6f3d608.webp,aligote-shato-pino,detect
dataset/uploads_root/prod-svoe-vino-strapi/prod-svoe-vino/strapi/uploads/Alma_Velli_Lokantino_7ad51d416c.webp,alma-valley-locantita-merlot-cabernet-franc,detect
dataset/uploads_root/prod-svoe-vino-strapi/prod-svoe-vino/strapi/uploads/fanagoriya_alta_qortis_saperavi_krasnoe_suhoe_145_cd395bc533.webp,fanagoriya-alta-qortis-saperavi-krasnoe-suhoe-145,detect
dataset/uploads_root/prod-svoe-vino-strapi/prod-svoe-vino/strapi/uploads/fanagoriya_alveus_ultra_cuvee_brut_shardone_beloe_bryut_12_b29ade1dcd.webp,fanagoriya-alveus-ultra-cuvee-brut-shardone-beloe-bryut-12,detect
dataset/uploads_root/prod-svoe-vino-strapi/prod-svoe-vino/strapi/uploads/fanagoriya_alveus_ultra_cuvee_bryut_rozovoe_merlo_igristoe_bryut_rozovoe_12_a23595c6d7.webp,fanagoriya-alveus-ultra-cuvee-bryut-rozovoe-merlo-igristoe-bryut-rozovoe-12,detect
dataset/uploads_root/prod-svoe-vino-strapi/prod-svoe-vino/strapi/uploads/fanagoriya_alveus_ultra_cuvee_ekstra_bryut_beloe_risling_reynskiy_12_d3eb10a98a.webp,fanagoriya-alveus-ultra-cuvee-ekstra-bryut-beloe-risling-reynskiy-12,detect
dataset/uploads_root/prod-svoe-vino-strapi/prod-svoe-vino/strapi/uploads/fanagoriya_alveus_ultra_cuvee_ekstra_bryut_rozovoe_merlo_12_dda03da431.webp,fanagoriya-alveus-ultra-cuvee-ekstra-bryut-rozovoe-merlo-12,detect
dataset/uploads_root/prod-svoe-vino-strapi/prod-svoe-vino/strapi/uploads/Amelia_22_png_e439aa8564.webp,amelia,detect
dataset/uploads_root/prod-svoe-vino-strapi/prod-svoe-vino/strapi/uploads/Amelia_23_89599a3948.webp,amelia-2023,detect
dataset/uploads_root/prod-svoe-vino-strapi/prod-svoe-vino/strapi/uploads/ferrum_winery_apollinary_merlo_krasnoe_suhoe_13_335c7ed476.webp,ferrum-winery-apollinary-merlo-krasnoe-suhoe-13,detect
dataset/uploads_root/prod-svoe-vino-strapi/prod-svoe-vino/strapi/uploads/Appassimento_cbbff6ab39.webp,appassimento,detect
dataset/uploads_root/prod-svoe-vino-strapi/prod-svoe-vino/strapi/uploads/AYA_Mokap_apassimento_437849eda9.webp,appassimento-merlot,detect
dataset/uploads_root/prod-svoe-vino-strapi/prod-svoe-vino/strapi/uploads/ivan_ksenia_kruz_argonne_chardonay_shardone_beloe_suhoe_127_d4a21f7bc6.webp,ivan-ksenia-kruz-argonne-chardonay-shardone-beloe-suhoe-127,detect
dataset/uploads_root/prod-svoe-vino-strapi/prod-svoe-vino/strapi/uploads/ivan_ksenia_kruz_argonne_pinot_noir_pino_nuar_rozovoe_suhoe_122_956b877f5c.webp,ivan-ksenia-kruz-argonne-pinot-noir-pino-nuar-rozovoe-suhoe-122,detect
dataset/uploads_root/prod-svoe-vino-strapi/prod-svoe-vino/strapi/uploads/ivan_ksenia_kruz_argonne_riesling_risling_beloe_suhoe_119_7c2a4d6ca1.webp,ivan-ksenia-kruz-argonne-riesling-risling-beloe-suhoe-119,detect
dataset/uploads_root/prod-svoe-vino-strapi/prod-svoe-vino/strapi/uploads/ivan_ksenia_kruz_argonne_sauvignon_blanc_sovinon_blan_beloe_suhoe_115_e25c7aa235.webp,ivan-ksenia-kruz-argonne-sauvignon-blanc-sovinon-blan-beloe-suhoe-115,detect
dataset/uploads_root/prod-svoe-vino-strapi/prod-svoe-vino/strapi/uploads/ivan_ksenia_kruz_argonne_syrah_sira_krasnoe_suhoe_124_9d92c7e4ae.webp,ivan-ksenia-kruz-argonne-syrah-sira-krasnoe-suhoe-124,detect
dataset/uploads_root/prod-svoe-vino-strapi/prod-svoe-vino/strapi/uploads/Arie_2020_WM_f96f943b9a.webp,arie,detect
dataset/uploads_root/prod-svoe-vino-strapi/prod-svoe-vino/strapi/uploads/Arie_2020_KFB_75504e4cd0.webp,arie-vyderzhka-bochka-francziya-2020,detect
dataset/uploads_root/prod-svoe-vino-strapi/prod-svoe-vino/strapi/uploads/Arie_reserva_4e284defd7.webp,arie-riserva,detect
dataset/uploads_root/prod-svoe-vino-strapi/prod-svoe-vino/strapi/uploads/PU_Sjv7dn_M_Nil_H25_TO_9_Bcb_Bjo_R8u_Zy_Sbk_V5_WTE_Jjg3_C_Ky_5_U_v_Ue_Qv_P6o_l_XGG_5q_NED_Mtd_Ztu_Uj_Etjwa_Qrt_TX_Ag_c31d9f8afc.webp,aya-khrustaleva-76-merlot-organik,detect
dataset/uploads_root/prod-svoe-vino-strapi/prod-svoe-vino/strapi/uploads/abrau_dyurso_az_abrau_bayanshira_beloe_suhoe_12_50e16ea5d5.webp,abrau-dyurso-az-abrau-bayanshira-beloe-suhoe-12,detect
dataset/uploads_root/prod-svoe-vino-strapi/prod-svoe-vino/strapi/uploads/abrau_dyurso_az_abrau_madrasa_krasnoe_suhoe_14_a2a0b9e8a3.webp,abrau-dyurso-az-abrau-madrasa-krasnoe-suhoe-14,detect
dataset/uploads_root/prod-svoe-vino-strapi/prod-svoe-vino/strapi/uploads/balet_blan_7c53c7fcdb.webp,ballet-blanc,detect
dataset/uploads_root/prod-svoe-vino-strapi/prod-svoe-vino/strapi/uploads/zolotaya_balka_black_prince_crimea_prestige_cuvee_extra_brut_limited_edition_shardone_beloe_ekstra_bryut_125_93ec57c2e6.webp,zolotaya-balka-black-prince-crimea-prestige-cuvee-extra-brut-limited-edition-shardone-beloe-ekstra-bryut-125,detect
dataset/uploads_root/prod-svoe-vino-strapi/prod-svoe-vino/strapi/uploads/fanagoriya_blanc_de_blancs_shardone_igristoe_bryut_beloe_12_4071ae25d5.webp,fanagoriya-blanc-de-blancs-shardone-beloe-bryut-12,detect
dataset/uploads_root/prod-svoe-vino-strapi/prod-svoe-vino/strapi/uploads/usadba_perovskih_blanc_de_blancs_shardone_igristoe_ekstra_bryut_beloe_11_f486d972d4.webp,usadba-perovskih-blanc-de-blancs-shardone-beloe-ekstra-bryut-11,detect
dataset/uploads_root/prod-svoe-vino-strapi/prod-svoe-vino/strapi/uploads/gunko_winery_blanc_de_blancs_shardone_igristoe_bryut_beloe_12_ed1875c4fa.webp,gunko-winery-blanc-de-blancs-shardone-beloe-bryut-12,detect
dataset/uploads_root/prod-svoe-vino-strapi/prod-svoe-vino/strapi/uploads/vinodelnya_myshako_blanc_de_blancs_shardone_igristoe_bryut_beloe_121_d4edffbd87.webp,vinodelnya-myshako-blanc-de-blancs-shardone-beloe-bryut-121,detect
dataset/uploads_root/prod-svoe-vino-strapi/prod-svoe-vino/strapi/uploads/usadba_divnomorskoe_blanc_de_blancs_shardone_igristoe_ekstra_bryut_beloe_12_c91b1a3468.webp,usadba-divnomorskoe-blanc-de-blancs-shardone-beloe-ekstra-bryut-12,detect
dataset/uploads_root/prod-svoe-vino-strapi/prod-svoe-vino/strapi/uploads/114294_1_Photoroom_da9352acff.webp,blanc-de-blancs-idolo,detect
dataset/uploads_root/prod-svoe-vino-strapi/prod-svoe-vino/strapi/uploads/loco_cimbali_blanc_de_neige_shardone_beloe_suhoe_131_3d85be0763.webp,loco-cimbali-blanc-de-neige-shardone-beloe-suhoe-131,detect
dataset/uploads_root/prod-svoe-vino-strapi/prod-svoe-vino/strapi/uploads/zolotaya_balka_blanc_de_neige_shardone_beloe_suhoe_125_33030faa53.webp,zolotaya-balka-blanc-de-neige-shardone-beloe-suhoe-125,detect
dataset/uploads_root/prod-svoe-vino-strapi/prod-svoe-vino/strapi/uploads/fanagoriya_blanc_de_noir_mene_extra_brut_2019_pino_nuar_beloe_ekstra_bryut_12_cf7fa4159c.webp,fanagoriya-blanc-de-noir-mene-extra-brut-2019-pino-nuar-beloe-ekstra-bryut-12,detect
dataset/uploads_root/prod-svoe-vino-strapi/prod-svoe-vino/strapi/uploads/esse_blanc_de_noirs_pino_nuar_igristoe_ekstra_bryut_beloe_115_c951557140.webp,esse-blanc-de-noirs-pino-nuar-beloe-ekstra-bryut-115,detect
dataset/uploads_root/prod-svoe-vino-strapi/prod-svoe-vino/strapi/uploads/fanagoriya_blanc_de_noirs_mene_pino_mene_igristoe_ekstra_bryut_beloe_12_6cd37dc5ac.webp,fanagoriya-blanc-de-noirs-mene-pino-mene-beloe-ekstra-bryut-12,detect
dataset/uploads_root/prod-svoe-vino-strapi/prod-svoe-vino/strapi/uploads/domaine_lipko_blaufrankisch_domaine_lipko_blaufrankish_krasnoe_suhoe_136_440af9a034.webp,domaine-lipko-blaufrankisch-domaine-lipko-blaufrankish-krasnoe-suhoe-136,detect
dataset/uploads_root/prod-svoe-vino-strapi/prod-svoe-vino/strapi/uploads/aya_organic_wine_vineyards_blush_1_sira_petnat_ekstra_bryut_rozovyy_135_33ab300ffe.webp,aya-organic-wine-vineyards-blush-1-sira-rozovoe-ekstra-bryut-135,detect
dataset/uploads_root/prod-svoe-vino-strapi/prod-svoe-vino/strapi/uploads/aya_organic_wine_vineyards_blush_2_merlo_petnat_ekstra_bryut_rozovyy_135_ed87f553c8.webp,aya-organic-wine-vineyards-blush-2-merlo-rozovoe-ekstra-bryut-135,detect
dataset/uploads_root/prod-svoe-vino-strapi/prod-svoe-vino/strapi/uploads/aya_organic_wine_vineyards_blush_3_kaberne_fran_petnat_ekstra_bryut_rozovyy_132_a094099a22.webp,aya-organic-wine-vineyards-blush-3-kaberne-fran-rozovoe-ekstra-bryut-132,detect
dataset/uploads_root/prod-svoe-vino-strapi/prod-svoe-vino/strapi/uploads/aya_organic_wine_vineyards_blush_4_pino_nuar_petnat_ekstra_bryut_krasnyy_129_26041a124c.webp,aya-organic-wine-vineyards-blush-4-pino-nuar-krasnoe-ekstra-bryut-129,detect
dataset/uploads_root/prod-svoe-vino-strapi/prod-svoe-vino/strapi/uploads/Xyw_Lw_M9g_Aj_IZT_Wr_1775202863_a3366cb4a9.webp,blush-mirage-risling,detect
dataset/uploads_root/prod-svoe-vino-strapi/prod-svoe-vino/strapi/uploads/d4r5_D_Od_P_Tc8okf5_1775202663_1519904964.webp,blush-mirage-rkacziteli-shiraz,detect
dataset/uploads_root/prod-svoe-vino-strapi/prod-svoe-vino/strapi/uploads/gx4_Wjjjicwz_UUN_2_1775202973_5df7adf9ac.webp,blush-mirage-sovinon-zelyonyj,detect
dataset/uploads_root/prod-svoe-vino-strapi/prod-svoe-vino/strapi/uploads/fanagoriya_brule_cabernet_franc_polusuhoe_rozovoe_kaberne_fran_12_08e20da65a.webp,fanagoriya-brule-cabernet-franc-polusuhoe-rozovoe-kaberne-fran-12,detect
dataset/uploads_root/prod-svoe-vino-strapi/prod-svoe-vino/strapi/uploads/fanagoriya_brule_cabernet_sauvignon_polusladkoe_krasnoe_kaberne_sovinon_125_da8519f333.webp,fanagoriya-brule-cabernet-sauvignon-polusladkoe-krasnoe-kaberne-sovinon-125,detect
dataset/uploads_root/prod-svoe-vino-strapi/prod-svoe-vino/strapi/uploads/fanagoriya_brule_cuve_brut_rozovoe_merlo_igristoe_bryut_rozovoe_12_af9727f341.webp,fanagoriya-brule-cuve-brut-rozovoe-merlo-igristoe-bryut-rozovoe-12,detect
dataset/uploads_root/prod-svoe-vino-strapi/prod-svoe-vino/strapi/uploads/fanagoriya_brule_frizzante_brut_beloe_pino_nuar_bryut_115_b4234dae19.webp,fanagoriya-brule-frizzante-brut-beloe-pino-nuar-bryut-115,detect
dataset/uploads_root/prod-svoe-vino-strapi/prod-svoe-vino/strapi/uploads/fanagoriya_brule_frizzante_brut_rozovoe_merlo_igristoe_bryut_rozovoe_115_84079e9350.webp,fanagoriya-brule-frizzante-brut-rozovoe-merlo-igristoe-bryut-rozovoe-115,detect
dataset/uploads_root/prod-svoe-vino-strapi/prod-svoe-vino/strapi/uploads/fanagoriya_brule_frizzante_polusladkoe_beloe_pino_nuar_11_ddb87e2e2b.webp,fanagoriya-brule-frizzante-polusladkoe-beloe-pino-nuar-11,detect
dataset/uploads_root/prod-svoe-vino-strapi/prod-svoe-vino/strapi/uploads/fanagoriya_brule_muscat_ottonel_brut_muskat_ottonel_beloe_polusladkoe_12_cdfd9c20be.webp,fanagoriya-brule-muscat-ottonel-brut-muskat-ottonel-beloe-polusladkoe-12,detect
dataset/uploads_root/prod-svoe-vino-strapi/prod-svoe-vino/strapi/uploads/fanagoriya_brule_muscat_ottonel_polusladkoe_muskat_ottonel_beloe_115_833e252321.webp,fanagoriya-brule-muscat-ottonel-polusladkoe-muskat-ottonel-beloe-115,detect
dataset/uploads_root/prod-svoe-vino-strapi/prod-svoe-vino/strapi/uploads/fanagoriya_brule_saperavi_saperavi_igristoe_sladkoe_krasnoe_bryut_125_433b942aaa.webp,fanagoriya-brule-saperavi-saperavi-igristoe-sladkoe-krasnoe-bryut-125,detect
dataset/uploads_root/prod-svoe-vino-strapi/prod-svoe-vino/strapi/uploads/fanagoriya_brule_sauvignon_blanc_brut_sovinon_blan_beloe_bryut_12_27b65a0309.webp,fanagoriya-brule-sauvignon-blanc-brut-sovinon-blan-beloe-bryut-12,detect
dataset/uploads_root/prod-svoe-vino-strapi/prod-svoe-vino/strapi/uploads/esse_brut_cuvee_prestige_shardone_igristoe_ekstra_bryut_beloe_115_8e21ee1279.webp,esse-brut-cuvee-prestige-shardone-beloe-ekstra-bryut-115,detect
dataset/uploads_root/prod-svoe-vino-strapi/prod-svoe-vino/strapi/uploads/abrau_dyurso_brut_dor_blanc_de_blancs_shardone_igristoe_bryut_beloe_12_792f571be3.webp,abrau-dyurso-brut-dor-blanc-de-blancs-shardone-beloe-bryut-12,detect
dataset/uploads_root/prod-svoe-vino-strapi/prod-svoe-vino/strapi/uploads/abrau_dyurso_brut_dor_blanc_de_noirs_pino_nuar_igristoe_bryut_beloe_115_d3fbb6965d.webp,abrau-dyurso-brut-dor-blanc-de-noirs-pino-nuar-beloe-bryut-115,detect
dataset/uploads_root/prod-svoe-vino-strapi/prod-svoe-vino/strapi/uploads/abrau_dyurso_brut_dor_blanc_de_noirs_pino_nuar_beloe_bryut_125_2d16522a48.webp,abrau-dyurso-brut-dor-blanc-de-noirs-pino-nuar-beloe-bryut-125,detect
dataset/uploads_root/prod-svoe-vino-strapi/prod-svoe-vino/strapi/uploads/abrau_dyurso_brut_dor_rose_pino_nuar_rozovoe_bryut_12_8b5bd155e6.webp,abrau-dyurso-brut-dor-rose-pino-nuar-rozovoe-bryut-12,detect
dataset/uploads_root/prod-svoe-vino-strapi/prod-svoe-vino/strapi/uploads/abrau_dyurso_brut_dor_blanc_de_blancs_shardone_beloe_bryut_125_cf97076f41.webp,abrau-dyurso-brut-dor-blanc-de-blancs-shardone-beloe-bryut-125,detect
dataset/uploads_root/prod-svoe-vino-strapi/prod-svoe-vino/strapi/uploads/abrau_dyurso_brut_dor_riesling_risling_beloe_bryut_12_45b9c81ea5.webp,abrau-dyurso-brut-dor-riesling-risling-beloe-bryut-12,detect
dataset/uploads_root/prod-svoe-vino-strapi/prod-svoe-vino/strapi/uploads/esse_brut_zero_dosage_shardone_igristoe_ekstra_bryut_beloe_135_b40ec10218.webp,esse-brut-zero-dosage-shardone-beloe-ekstra-bryut-135,detect
dataset/uploads_root/prod-svoe-vino-strapi/prod-svoe-vino/strapi/uploads/esse_brut_zero_dosage_shardone_igristoe_ekstra_bryut_beloe_12_23c5b934ee.webp,esse-brut-zero-dosage-shardone-beloe-ekstra-bryut-12,detect
dataset/uploads_root/prod-svoe-vino-strapi/prod-svoe-vino/strapi/uploads/vibes_cabernet_franc_pinot_noir_pino_nuar_krasnoe_suhoe_125_b1f64fe49e.webp,vibes-cabernet-franc-pinot-noir-pino-nuar-krasnoe-suhoe-125,detect
dataset/uploads_root/prod-svoe-vino-strapi/prod-svoe-vino/strapi/uploads/Kaberne_Fran_Uan_Barrel_2024_bec49ebb0d.webp,cabernet-franc-2024-one-barrel-by-dmitry-maslov-kaberne-fran-2024-uan-barrel-dmitrij-maslov,detect
dataset/uploads_root/prod-svoe-vino-strapi/prod-svoe-vino/strapi/uploads/belmas_winery_cabernet_franc_belmas_kaberne_fran_krasnoe_suhoe_14_ce15b611a1.webp,belmas-winery-cabernet-franc-belmas-kaberne-fran-krasnoe-suhoe-14,detect
dataset/uploads_root/prod-svoe-vino-strapi/prod-svoe-vino/strapi/uploads/chteau_le_grand_vostock_cabernet_franc_reserve_kaberne_fran_krasnoe_suhoe_14_dc58d3d0de.webp,chteau-le-grand-vostock-cabernet-franc-reserve-kaberne-fran-krasnoe-suhoe-14,detect
dataset/uploads_root/prod-svoe-vino-strapi/prod-svoe-vino/strapi/uploads/bottle_02_Cabernet_Franc_ec42fb71c4.webp,cabernet-franc-pinot-noir-2021,detect
dataset/uploads_root/prod-svoe-vino-strapi/prod-svoe-vino/strapi/uploads/bottle_02_Cabernet_Franc_ec42fb71c4.webp,cabernet-franc-pinot-noir-2022,detect
dataset/uploads_root/prod-svoe-vino-strapi/prod-svoe-vino/strapi/uploads/chteau_le_grand_vostock_cabernet_sauvignon_kaberne_sovinon_krasnoe_suhoe_14_1006ebb20a.webp,chteau-le-grand-vostock-cabernet-sauvignon-kaberne-sovinon-krasnoe-suhoe-14,detect
dataset/uploads_root/prod-svoe-vino-strapi/prod-svoe-vino/strapi/uploads/chteau_le_grand_vostock_cabernet_sauvignon_reserve_kaberne_sovinon_krasnoe_suhoe_14_f13c051af7.webp,chteau-le-grand-vostock-cabernet-sauvignon-reserve-kaberne-sovinon-krasnoe-suhoe-14,detect
dataset/uploads_root/prod-svoe-vino-strapi/prod-svoe-vino/strapi/uploads/belmas_winery_cabernet_sauvignon_rose_belmas_kaberne_sovinon_rozovoe_suhoe_13_d837f5aa21.webp,belmas-winery-cabernet-sauvignon-rose-belmas-kaberne-sovinon-rozovoe-suhoe-13,detect
dataset/uploads_root/prod-svoe-vino-strapi/prod-svoe-vino/strapi/uploads/chteau_le_grand_vostock_cadet_karsov_shardone_beloe_suhoe_135_e1a7aa1ea3.webp,chteau-le-grand-vostock-cadet-karsov-shardone-beloe-suhoe-135,detect
dataset/uploads_root/prod-svoe-vino-strapi/prod-svoe-vino/strapi/uploads/Cantiani_Alig_Riesl_New_vid_042025_kopiya_fotor_bg_remover_20260821205234_286ee15115.webp,cantiani-aligote-riesling,detect
dataset/uploads_root/prod-svoe-vino-strapi/prod-svoe-vino/strapi/uploads/CANTIANI_Igrist_Brut_vid5_042026_kopiya_1b13527c60.webp,cantiani-brut,detect
dataset/uploads_root/prod-svoe-vino-strapi/prod-svoe-vino/strapi/uploads/Cantiani_Caber_Sauv_vid_042024_Photoroom_834a144a19.webp,cantiani-cabernet-sauvignon,detect
dataset/uploads_root/prod-svoe-vino-strapi/prod-svoe-vino/strapi/uploads/Risunok11_a641f8d3e0.webp,cantiani-cabernet-sauvignon-merlot,detect
dataset/uploads_root/prod-svoe-vino-strapi/prod-svoe-vino/strapi/uploads/Cantiani_Reserve_1_e1bd881754.webp,cantiani-cabernet-sauvignon-reserve-2024,detect
dataset/uploads_root/prod-svoe-vino-strapi/prod-svoe-vino/strapi/uploads/CANTIANI_Igristoe_Chardon_444h1200px_fa4fe5363b.webp,cantiani-chardonnay,detect
dataset/uploads_root/prod-svoe-vino-strapi/prod-svoe-vino/strapi/uploads/Cantiani_Merlot_vid_042024_189cdd1f9c.webp,cantiani-merlot,detect
dataset/uploads_root/prod-svoe-vino-strapi/prod-svoe-vino/strapi/uploads/Cantiani_Riesl_New_vid_042025_kopiya_fotor_bg_remover_20260821201017_c6605edd27.webp,cantiani-riesling,detect
dataset/uploads_root/prod-svoe-vino-strapi/prod-svoe-vino/strapi/uploads/CANTIANI_Igristoe_Riesl_vid_032025_kopiya_8150a5e627.webp,cantiani-riesling-1,detect
dataset/uploads_root/prod-svoe-vino-strapi/prod-svoe-vino/strapi/uploads/Cantiani_Riesl_Rkats_New_vid_042025_kopiya_9745bc157c.webp,cantiani-riesling-rkatsiteli,detect
dataset/uploads_root/prod-svoe-vino-strapi/prod-svoe-vino/strapi/uploads/Cantiani_Rkats_New_vid_042025_kopiya_fotor_bg_remover_20260821203120_9079733698.webp,cantiani-rkatsiteli,detect
dataset/uploads_root/prod-svoe-vino-strapi/prod-svoe-vino/strapi/uploads/CANTIANI_Igristoe_Rkats_vid_032025_kopiya_29e44021af.webp,cantiani-rkatsiteli-1,detect
dataset/uploads_root/prod-svoe-vino-strapi/prod-svoe-vino/strapi/uploads/Image_ad611828e7.webp,cantiani-saperavi-merlot,detect
dataset/uploads_root/prod-svoe-vino-strapi/prod-svoe-vino/strapi/uploads/CANTIANI_Igristoe_white_semi_444h1200px_2d2892b235.webp,cantiani-semisweet,detect
dataset/uploads_root/prod-svoe-vino-strapi/prod-svoe-vino/strapi/uploads/Caucasian_Dzharag_300681b16f.webp,caucasian-dzharag,detect
dataset/uploads_root/prod-svoe-vino-strapi/prod-svoe-vino/strapi/uploads/belmas_winery_cf_kaberne_fran_krasnoe_suhoe_14_b3b0ea3baf.webp,belmas-winery-cf-kaberne-fran-krasnoe-suhoe-14,detect
dataset/uploads_root/prod-svoe-vino-strapi/prod-svoe-vino/strapi/uploads/chteau_le_grand_vostock_chardonnay_shardone_beloe_suhoe_14_42eb2dde28.webp,chteau-le-grand-vostock-chardonnay-shardone-beloe-suhoe-14,detect
dataset/uploads_root/prod-svoe-vino-strapi/prod-svoe-vino/strapi/uploads/gavras_chardonnay_shardone_beloe_suhoe_13_c69d79ea2c.webp,gavras-chardonnay-shardone-beloe-suhoe-13,detect
dataset/uploads_root/prod-svoe-vino-strapi/prod-svoe-vino/strapi/uploads/Shardone_uan_barrel_2024_e4ec3db7cd.webp,one-barrel-uan-barrel,detect
dataset/uploads_root/prod-svoe-vino-strapi/prod-svoe-vino/strapi/uploads/vibes_chardonnay_barrel_fermented_shardone_beloe_suhoe_125_8a3b995072.webp,vibes-chardonnay-barrel-fermented-shardone-beloe-suhoe-125,detect
dataset/uploads_root/prod-svoe-vino-strapi/prod-svoe-vino/strapi/uploads/chteau_le_grand_vostock_chardonnay_reserve_shardone_beloe_suhoe_14_ba03055c10.webp,chteau-le-grand-vostock-chardonnay-reserve-shardone-beloe-suhoe-14,detect
dataset/uploads_root/prod-svoe-vino-strapi/prod-svoe-vino/strapi/uploads/stn_winery_chardonnay_vol2_shardone_beloe_suhoe_105_67d76e98d6.webp,stn-winery-chardonnay-vol2-shardone-beloe-suhoe-105,detect
dataset/uploads_root/prod-svoe-vino-strapi/prod-svoe-vino/strapi/uploads/shato_de_Talyu_Merlo_1d1734eb89.webp,chateau-de-talu-merlot,detect
dataset/uploads_root/prod-svoe-vino-strapi/prod-svoe-vino/strapi/uploads/Shato_Taman_Eno_Amber_e41353a6c1.webp,chateau-tamagne-eno-amber,detect
dataset/uploads_root/prod-svoe-vino-strapi/prod-svoe-vino/strapi/uploads/Chateau_Tamagne_Eno_Traminer_i_Shardone_bbb5a80c54.webp,chateau-tamagne-eno-traminer-i-shardone,detect
dataset/uploads_root/prod-svoe-vino-strapi/prod-svoe-vino/strapi/uploads/Shato_Taman_rezerv_muskat_desertnyj_vyderzhannyj_fcef49a1a7.webp,chateau-tamagne-grand-dessert-muscat,detect
dataset/uploads_root/prod-svoe-vino-strapi/prod-svoe-vino/strapi/uploads/Shato_Taman_rezerv_nektar_desertnyj_vyderzhannyj_36d8cd6fae.webp,chateau-tamagne-grand-dessert-nectar,detect
dataset/uploads_root/prod-svoe-vino-strapi/prod-svoe-vino/strapi/uploads/Sh_T_NATURE_0_75_2024gu_Normal_Orange_88fb104a59.webp,chateau-tamagne-nature-orange,detect
dataset/uploads_root/prod-svoe-vino-strapi/prod-svoe-vino/strapi/uploads/Sh_T_Vert_295ed64be6.webp,chateau-tamagne-nature-vert,detect
dataset/uploads_root/prod-svoe-vino-strapi/prod-svoe-vino/strapi/uploads/photo_2026_08_17_17_13_05_no_bg_preview_carve_photos_68c4ef07cb.webp,chateau-tamagne-select-blanc,detect
dataset/uploads_root/prod-svoe-vino-strapi/prod-svoe-vino/strapi/uploads/taman_shato_bez_fona_d2c12c80a3.webp,chateau-tamagne-select-blanc-brut,detect
dataset/uploads_root/prod-svoe-vino-strapi/prod-svoe-vino/strapi/uploads/Sh_T_Signature_Cabernet_23_7c2ad72860.webp,chateau-tamagne-signature-kaberne,detect
dataset/uploads_root/prod-svoe-vino-strapi/prod-svoe-vino/strapi/uploads/Sh_T_Signature_Saperavi_23_417cbfd691.webp,chateau-tamagne-signature-saperavi,detect
dataset/uploads_root/prod-svoe-vino-strapi/prod-svoe-vino/strapi/uploads/Sh_T_Signature_Chardonnay_23_6422e66a6f.webp,chateau-tamagne-signature-shardone,detect
dataset/uploads_root/prod-svoe-vino-strapi/prod-svoe-vino/strapi/uploads/esse_chenin_blanc_shenen_blan_beloe_suhoe_12_d814751e86.webp,esse-chenin-blanc-shenen-blan-beloe-suhoe-12,detect
dataset/uploads_root/prod-svoe-vino-strapi/prod-svoe-vino/strapi/uploads/oleg_repin_shenen_blan_beloe_suhoe_125_668dadcd2b.webp,chenin-blanc-shenen-blan-oleg-repin,detect
dataset/uploads_root/prod-svoe-vino-strapi/prod-svoe-vino/strapi/uploads/vinodelnya_batrak_contadina_merlo_krasnoe_suhoe_14_d8d327a6e9.webp,vinodelnya-batrak-contadina-merlo-krasnoe-suhoe-14,detect
dataset/uploads_root/prod-svoe-vino-strapi/prod-svoe-vino/strapi/uploads/kazak_de68fa252f.webp,cosaque-krasnaya-gorka,detect
dataset/uploads_root/prod-svoe-vino-strapi/prod-svoe-vino/strapi/uploads/fanagoriya_cru_lermont_cabernet_franc_kaberne_fran_krasnoe_suhoe_13_ef61ceeb84.webp,fanagoriya-cru-lermont-cabernet-franc-kaberne-fran-krasnoe-suhoe-13,detect
dataset/uploads_root/prod-svoe-vino-strapi/prod-svoe-vino/strapi/uploads/fanagoriya_cru_lermont_cabernet_sauvignon_kaberne_sovinon_krasnoe_suhoe_13_a5a169ea47.webp,fanagoriya-cru-lermont-cabernet-sauvignon-kaberne-sovinon-krasnoe-suhoe-13,detect
dataset/uploads_root/prod-svoe-vino-strapi/prod-svoe-vino/strapi/uploads/fanagoriya_cru_lermont_chardonnay_shardone_beloe_suhoe_14_435c653682.webp,fanagoriya-cru-lermont-chardonnay-shardone-beloe-suhoe-14,detect
dataset/uploads_root/prod-svoe-vino-strapi/prod-svoe-vino/strapi/uploads/fanagoriya_cru_lermont_merlo_merlo_krasnoe_suhoe_14_15ccd6560f.webp,fanagoriya-cru-lermont-merlo-merlo-krasnoe-suhoe-14,detect
dataset/uploads_root/prod-svoe-vino-strapi/prod-svoe-vino/strapi/uploads/fanagoriya_cru_lermont_petit_verdot_pti_verdo_krasnoe_suhoe_13_83618460e6.webp,fanagoriya-cru-lermont-petit-verdot-pti-verdo-krasnoe-suhoe-13,detect
dataset/uploads_root/prod-svoe-vino-strapi/prod-svoe-vino/strapi/uploads/fanagoriya_cru_lermont_pinot_noir_pino_nuar_krasnoe_suhoe_13_b8a0b0efab.webp,fanagoriya-cru-lermont-pinot-noir-pino-nuar-krasnoe-suhoe-13,detect
dataset/uploads_root/prod-svoe-vino-strapi/prod-svoe-vino/strapi/uploads/fanagoriya_cru_lermont_saperavi_saperavi_krasnoe_suhoe_135_d3b22976a5.webp,fanagoriya-cru-lermont-saperavi-saperavi-krasnoe-suhoe-135,detect
dataset/uploads_root/prod-svoe-vino-strapi/prod-svoe-vino/strapi/uploads/PU_Sjv7dn_M_Nil_H25_TO_9_Bcb_En9_PK_Fsvhom_YYP_8_Jj3i0i_W_Vq_QI_0_rk_Ndc_Yu_Xgsc_T6_Rd_VKB_Qs_Wg_R2u7_Opn2_Pybli1_A_b0cf4df1eb.webp,cru-lermont-risling,detect
dataset/uploads_root/prod-svoe-vino-strapi/prod-svoe-vino/strapi/uploads/fanagoriya_cru_lermont_rubinovyy_magaracha_krasnoe_suhoe_13_7011e81450.webp,fanagoriya-cru-lermont-rubinovyy-magaracha-krasnoe-suhoe-13,detect
dataset/uploads_root/prod-svoe-vino-strapi/prod-svoe-vino/strapi/uploads/Vitmer_belyj_bryut_1_840eb810c0.webp,cuvee-de-vitmer-brut,detect
dataset/uploads_root/prod-svoe-vino-strapi/prod-svoe-vino/strapi/uploads/zolotaya_balka_cuvee_de_vitmer_rose_pino_blan_igristoe_bryut_rozovoe_12_5b002e17b2.webp,zolotaya-balka-cuvee-de-vitmer-rose-pino-blan-rozovoe-bryut-12,detect
dataset/uploads_root/prod-svoe-vino-strapi/prod-svoe-vino/strapi/uploads/chteau_le_grand_vostock_cuvee_karsov_reserve_shardone_beloe_suhoe_14_d5479420dd.webp,chteau-le-grand-vostock-cuvee-karsov-reserve-shardone-beloe-suhoe-14,detect
dataset/uploads_root/prod-svoe-vino-strapi/prod-svoe-vino/strapi/uploads/agora_winery_cuvee_pino_gridzhio_shardone_bryut_beloe_igristoe_bryut_beloe_125_16b20c89df.webp,agora-winery-cuvee-pino-gridzhio-shardone-bryut-beloe-125,detect
dataset/uploads_root/prod-svoe-vino-strapi/prod-svoe-vino/strapi/uploads/agora_winery_cuvee_pino_nuar_shardone_bryut_rozovoe_igristoe_bryut_rozovoe_125_c2b30c8f55.webp,agora-winery-cuvee-pino-nuar-shardone-bryut-rozovoe-125,detect
dataset/uploads_root/prod-svoe-vino-strapi/prod-svoe-vino/strapi/uploads/stn_winery_cyberpunk_pino_nuar_krasnoe_suhoe_12_97a68d8880.webp,stn-winery-cyberpunk-pino-nuar-krasnoe-suhoe-12,detect
dataset/uploads_root/prod-svoe-vino-strapi/prod-svoe-vino/strapi/uploads/2917_Is_MEB_Ew_05f10fa301.webp,caperavi-avtorskoe-vino,detect
dataset/uploads_root/prod-svoe-vino-strapi/prod-svoe-vino/strapi/uploads/2920_t_IFZ_Zgl_88808d05fa.webp,cary-pandas-avtorskoe-vino,detect
dataset/uploads_root/prod-svoe-vino-strapi/prod-svoe-vino/strapi/uploads/2919_Ktp_Yck_H_7dd7538fe4.webp,cira-avtorskoe-vino,detect
dataset/uploads_root/prod-svoe-vino-strapi/prod-svoe-vino/strapi/uploads/daniel_21_5adfb4086e.webp,daniel-2021,detect
dataset/uploads_root/prod-svoe-vino-strapi/prod-svoe-vino/strapi/uploads/Daniel_2022_Koffmann_5bba62cc20.webp,daniel-22,detect
dataset/uploads_root/prod-svoe-vino-strapi/prod-svoe-vino/strapi/uploads/David_2020_71f53fa374.webp,david,detect
dataset/uploads_root/prod-svoe-vino-strapi/prod-svoe-vino/strapi/uploads/David_2021_65162f7033.webp,david-2021,detect
dataset/uploads_root/prod-svoe-vino-strapi/prod-svoe-vino/strapi/uploads/David_22_b6377f7280.webp,david-2022,detect
dataset/uploads_root/prod-svoe-vino-strapi/prod-svoe-vino/strapi/uploads/esse_demi_sec_muscat_nectar_muskat_belyy_igristoe_ekstra_bryut_beloe_115_dd78fd153c.webp,esse-demi-sec-muscat-nectar-muskat-belyy-beloe-ekstra-bryut-115,detect
dataset/uploads_root/prod-svoe-vino-strapi/prod-svoe-vino/strapi/uploads/PU_Sjv7dn_M_Nil_H25_TO_9_Bcb_Pv_EK_1_Fhd_Y8_N_Chl65_03i_I_Rbe662_P_Itcwol_Ea035_C3g_Q_Vz_Ms_L6_Qa_Ptitt_N_Ij_G_Pfq_Ow_6227b012ea.webp,di-caspico-rozovoe-bryut,detect
dataset/uploads_root/prod-svoe-vino-strapi/prod-svoe-vino/strapi/uploads/esse_dolinnoe_cabernet_franc_kaberne_fran_krasnoe_suhoe_13_0390d0284a.webp,esse-dolinnoe-cabernet-franc-kaberne-fran-krasnoe-suhoe-13,detect
dataset/uploads_root/prod-svoe-vino-strapi/prod-svoe-vino/strapi/uploads/esse_dolinnoe_chrdvnr_shardone_beloe_suhoe_13_f8c0b600ad.webp,esse-dolinnoe-chrdvnr-shardone-beloe-suhoe-13,detect
dataset/uploads_root/prod-svoe-vino-strapi/prod-svoe-vino/strapi/uploads/oleg_repin_rubinovyy_magaracha_krasnoe_suhoe_14_546920a1a5.webp,dry-red-wine-56-rubinovyj-magaracha-oleg-repin,detect
dataset/uploads_root/prod-svoe-vino-strapi/prod-svoe-vino/strapi/uploads/oleg_repin_duvankoy_aligote_aligote_beloe_suhoe_13_58838be609.webp,oleg-repin-duvankoy-aligote-aligote-beloe-suhoe-13,detect
dataset/uploads_root/prod-svoe-vino-strapi/prod-svoe-vino/strapi/uploads/usadba_divnomorskoe_east_hill_vione_beloe_suhoe_127_870fb1499b.webp,usadba-divnomorskoe-east-hill-vione-beloe-suhoe-127,detect
dataset/uploads_root/prod-svoe-vino-strapi/prod-svoe-vino/strapi/uploads/vinogradniki_gay_kodzora_elegance_rose_de_gai_kodzor_sira_rozovoe_suhoe_125_5f5dbbbf70.webp,vinogradniki-gay-kodzora-elegance-rose-de-gai-kodzor-sira-rozovoe-suhoe-125,detect
dataset/uploads_root/prod-svoe-vino-strapi/prod-svoe-vino/strapi/uploads/Eleonora_0e3c405b09.webp,eleonora,detect
dataset/uploads_root/prod-svoe-vino-strapi/prod-svoe-vino/strapi/uploads/villa_di_alma_en_barrique_shardone_igristoe_ekstra_bryut_beloe_12_1fa106eafd.webp,villa-di-alma-en-barrique-shardone-beloe-ekstra-bryut-12,detect
dataset/uploads_root/prod-svoe-vino-strapi/prod-svoe-vino/strapi/uploads/esse_esse_grand_cuvee_60_shardone_igristoe_ekstra_bryut_beloe_115_20c6d7a318.webp,esse-esse-grand-cuvee-60-shardone-beloe-ekstra-bryut-115,detect
dataset/uploads_root/prod-svoe-vino-strapi/prod-svoe-vino/strapi/uploads/esse_esse_millesime_brut_zero_dosage_shardone_igristoe_ekstra_bryut_beloe_115_0cfef302b3.webp,esse-esse-millesime-brut-zero-dosage-shardone-beloe-ekstra-bryut-115,detect
dataset/uploads_root/prod-svoe-vino-strapi/prod-svoe-vino/strapi/uploads/esse_esse_rose_zero_dosage_shardone_igristoe_ekstra_bryut_rozovoe_115_24439839bf.webp,esse-esse-rose-zero-dosage-shardone-rozovoe-ekstra-bryut-115,detect
dataset/uploads_root/prod-svoe-vino-strapi/prod-svoe-vino/strapi/uploads/esse_esse_sira_krasnoe_suhoe_12_d542214070.webp,esse-esse-sira-krasnoe-suhoe-12,detect
dataset/uploads_root/prod-svoe-vino-strapi/prod-svoe-vino/strapi/uploads/esse_esse_shardone_beloe_suhoe_125_a64096d1a1.webp,esse-esse-shardone-beloe-suhoe-125,detect
dataset/uploads_root/prod-svoe-vino-strapi/prod-svoe-vino/strapi/uploads/aya_organic_wine_vineyards_evolution_chardonnay_shardone_beloe_suhoe_124_e03dd6e444.webp,aya-organic-wine-vineyards-evolution-chardonnay-shardone-beloe-suhoe-124,detect
dataset/uploads_root/prod-svoe-vino-strapi/prod-svoe-vino/strapi/uploads/evolution_rose_pinot_noir_2024_c3fc4a172a.webp,evolution-pinot-noir,detect
dataset/uploads_root/prod-svoe-vino-strapi/prod-svoe-vino/strapi/uploads/aya_organic_wine_vineyards_evolution_pinot_noir_pino_nuar_krasnoe_suhoe_125_b0f9aa751e.webp,aya-organic-wine-vineyards-evolution-pinot-noir-pino-nuar-krasnoe-suhoe-125,detect
dataset/uploads_root/prod-svoe-vino-strapi/prod-svoe-vino/strapi/uploads/AYA_Mokapy_igristoe_beloe_09976d020f.webp,evolution-pinot-noir-bryut-beloe,detect
dataset/uploads_root/prod-svoe-vino-strapi/prod-svoe-vino/strapi/uploads/AYA_Mokapy_igristoe_roze_e3c51b7973.webp,evolution-pinot-noir-bryut-rozovoe,detect
dataset/uploads_root/prod-svoe-vino-strapi/prod-svoe-vino/strapi/uploads/2023g_Aya_Evolution_Pinot_noir_b850f06043.webp,evolution-reserve-pinot-noir,detect
dataset/uploads_root/prod-svoe-vino-strapi/prod-svoe-vino/strapi/uploads/shato_pino_vione_risling_beloe_suhoe_115_00ae6e439c.webp,shato-pino-exclusive-vione-risling-beloe-suhoe-115,detect
dataset/uploads_root/prod-svoe-vino-strapi/prod-svoe-vino/strapi/uploads/shato_pino_kaberne_sovinon_shiraz_krasnoe_suhoe_135_943e3e76b8.webp,shato-pino-exclusive-kaberne-sovinon-shiraz-krasnoe-suhoe-135,detect
dataset/uploads_root/prod-svoe-vino-strapi/prod-svoe-vino/strapi/uploads/shato_pino_pino_nuarmerlo_krasnoe_suhoe_135_976c341758.webp,shato-pino-exclusive-pino-nuar-merlo-krasnoe-suhoe-135,detect
dataset/uploads_root/prod-svoe-vino-strapi/prod-svoe-vino/strapi/uploads/shato_pino_shardone_pino_gri_beloe_suhoe_125_2bbaea4aa5.webp,shato-pino-exclusive-shardone-pino-gri-beloe-suhoe-125,detect
dataset/uploads_root/prod-svoe-vino-strapi/prod-svoe-vino/strapi/uploads/chteau_le_grand_vostock_fagotine_pino_gri_beloe_polusladkoe_105_03a77419a2.webp,chteau-le-grand-vostock-fagotine-pino-gri-beloe-polusladkoe-105,detect
dataset/uploads_root/prod-svoe-vino-strapi/prod-svoe-vino/strapi/uploads/chteau_le_grand_vostock_fagotine_pino_gri_rozovoe_polusladkoe_11_674bd59659.webp,chteau-le-grand-vostock-fagotine-pino-gri-rozovoe-polusladkoe-11,detect
dataset/uploads_root/prod-svoe-vino-strapi/prod-svoe-vino/strapi/uploads/fanagoriya_fanagoria_extra_brut_rose_2019_pino_nuar_igristoe_bryut_rozovoe_ekstra_bryut_12_aef88041a9.webp,fanagoriya-fanagoria-extra-brut-rose-2019-pino-nuar-igristoe-bryut-rozovoe-ekstra-bryut-12,detect
dataset/uploads_root/prod-svoe-vino-strapi/prod-svoe-vino/strapi/uploads/abrau_dyurso_femme_dabrau_amurskiy_potapenko_krasnoe_suhoe_107_d599cb8a22.webp,abrau-dyurso-femme-dabrau-amurskiy-potapenko-krasnoe-suhoe-107,detect
dataset/uploads_root/prod-svoe-vino-strapi/prod-svoe-vino/strapi/uploads/Derbent_Vino_Fori_di_Mare_Di_Kaspiko_d67089804b.webp,fiori-di-mare-krasnoe-polusuhoe,detect
dataset/uploads_root/prod-svoe-vino-strapi/prod-svoe-vino/strapi/uploads/vinodelnya_myshako_flute_blaufrankish_igristoe_bryut_rozovoe_126_131ed09b46.webp,vinodelnya-myshako-flute-blaufrankish-rozovoe-bryut-126,detect
dataset/uploads_root/prod-svoe-vino-strapi/prod-svoe-vino/strapi/uploads/vinodelnya_myshako_flute_bryut_beloe_shardone_igristoe_bryut_beloe_11_ddbe12b9ec.webp,vinodelnya-myshako-flute-bryut-beloe-shardone-11,detect
dataset/uploads_root/prod-svoe-vino-strapi/prod-svoe-vino/strapi/uploads/vinodelnya_myshako_flute_vione_aligote_igristoe_bryut_beloe_12_84a5f5532f.webp,vinodelnya-myshako-flute-vione-aligote-beloe-bryut-12,detect
dataset/uploads_root/prod-svoe-vino-strapi/prod-svoe-vino/strapi/uploads/vinodelnya_myshako_flute_gevyurtstraminer_sovinon_blan_igristoe_bryut_beloe_122_9d73a2d644.webp,vinodelnya-myshako-flute-gevyurtstraminer-sovinon-blan-beloe-bryut-122,detect
dataset/uploads_root/prod-svoe-vino-strapi/prod-svoe-vino/strapi/uploads/fanagoriya_formula_q_saperavi_krasnoe_suhoe_135_3ac72505f2.webp,fanagoriya-formula-q-saperavi-krasnoe-suhoe-135,detect
dataset/uploads_root/prod-svoe-vino-strapi/prod-svoe-vino/strapi/uploads/vinogradniki_gay_kodzora_gewurztraminer_de_gai_kodzor_gevyurtstraminer_beloe_polusuhoe_135_2e99cb319b.webp,vinogradniki-gay-kodzora-gewurztraminer-de-gai-kodzor-gevyurtstraminer-beloe-polusuhoe-135,detect
dataset/uploads_root/prod-svoe-vino-strapi/prod-svoe-vino/strapi/uploads/Glu_Glu_Butch_16c03662bc.webp,glu-glu-butch,detect
dataset/uploads_root/prod-svoe-vino-strapi/prod-svoe-vino/strapi/uploads/glu_glu_mouse_3ef17a8f95.webp,glu-glu-mr-mouse-2022,detect
dataset/uploads_root/prod-svoe-vino-strapi/prod-svoe-vino/strapi/uploads/Glu_Glu_Samba_tif_1e45185066.webp,glu-glu-samba,detect
dataset/uploads_root/prod-svoe-vino-strapi/prod-svoe-vino/strapi/uploads/Pomeste_Golubiczkoe_Chardonnay_fc05cb08e0.webp,golubitskoe-estate-chardonnay,detect
dataset/uploads_root/prod-svoe-vino-strapi/prod-svoe-vino/strapi/uploads/Pomeste_Golubiczkoe_Risling_02c2e84311.webp,golubitskoe-estate-risling,detect
dataset/uploads_root/prod-svoe-vino-strapi/prod-svoe-vino/strapi/uploads/Golubitskoe_Estate_Rose_84adcc1cea.webp,golubitskoe-rose,detect
dataset/uploads_root/prod-svoe-vino-strapi/prod-svoe-vino/strapi/uploads/Good_Steak_Cabernet_d88ef34cad.webp,good-steak-cabernet,detect
dataset/uploads_root/prod-svoe-vino-strapi/prod-svoe-vino/strapi/uploads/Good_Steak_Merlot_2fe4acd615.webp,good-steak-merlot,detect
dataset/uploads_root/prod-svoe-vino-strapi/prod-svoe-vino/strapi/uploads/output_img_021_ecc606d2a1.webp,grand-jete-blanc-de-blancs,detect
dataset/uploads_root/prod-svoe-vino-strapi/prod-svoe-vino/strapi/uploads/output_img_022_62bebb88f8.webp,grand-jete-blanc-de-noirs,detect
dataset/uploads_root/prod-svoe-vino-strapi/prod-svoe-vino/strapi/uploads/output_img_023_118c0b2ab7.webp,grand-jete-cuvee,detect
dataset/uploads_root/prod-svoe-vino-strapi/prod-svoe-vino/strapi/uploads/output_img_024_4a97c5528e.webp,grand-jete-rose,detect
dataset/uploads_root/prod-svoe-vino-strapi/prod-svoe-vino/strapi/uploads/chteau_le_grand_vostock_grand_karsov_shardone_beloe_suhoe_14_89c8c2d86d.webp,chteau-le-grand-vostock-grand-karsov-shardone-beloe-suhoe-14,detect
dataset/uploads_root/prod-svoe-vino-strapi/prod-svoe-vino/strapi/uploads/shato_pino_kaberne_fran_krasnoe_suhoe_135_564b619998.webp,shato-pino-grand-reserve-cabernet-franc-kaberne-fran-krasnoe-suhoe-135,detect
dataset/uploads_root/prod-svoe-vino-strapi/prod-svoe-vino/strapi/uploads/shato_pino_kaberne_sovinon_krasnoe_suhoe_135_25b56d23d4.webp,shato-pino-grand-reserve-cabernet-sauvignon-kaberne-sovinon-krasnoe-suhoe-135,detect
dataset/uploads_root/prod-svoe-vino-strapi/prod-svoe-vino/strapi/uploads/shato_pino_grand_rezerv_shardone_beloe_suhoe_125_abadfb49a7.webp,shato-pino-grand-reserve-chardonnay-shardone-beloe-suhoe-125,detect
dataset/uploads_root/prod-svoe-vino-strapi/prod-svoe-vino/strapi/uploads/shato_pino_grand_rezerv_pino_nuar_krasnoe_suhoe_135_705f6fd901.webp,shato-pino-grand-reserve-pinot-noir-pino-nuar-krasnoe-suhoe-135,detect
dataset/uploads_root/prod-svoe-vino-strapi/prod-svoe-vino/strapi/uploads/usadba_divnomorskoe_grande_cuvee_shardone_igristoe_bryut_beloe_125_00b1325ee6.webp,usadba-divnomorskoe-grande-cuvee-shardone-beloe-bryut-125,detect
dataset/uploads_root/prod-svoe-vino-strapi/prod-svoe-vino/strapi/uploads/usadba_divnomorskoe_grande_rose_pino_nuar_igristoe_ekstra_bryut_rozovoe_125_5c852c8006.webp,usadba-divnomorskoe-grande-rose-pino-nuar-rozovoe-ekstra-bryut-125,detect
dataset/uploads_root/prod-svoe-vino-strapi/prod-svoe-vino/strapi/uploads/Myshako_Grin_Kejp_Risling_db31ed429d.webp,green-cape-risling,detect
dataset/uploads_root/prod-svoe-vino-strapi/prod-svoe-vino/strapi/uploads/Myshako_Green_Cape_Sovinon_Blan_beloe_suhoe_cfddcfd9d5.webp,green-cape-sovinon-blan,detect
dataset/uploads_root/prod-svoe-vino-strapi/prod-svoe-vino/strapi/uploads/agrolayn_heritage_dg_skin_contact_red_saperavi_krasnoe_suhoe_13_88fc4bc8a1.webp,agrolayn-heritage-dg-skin-contact-red-saperavi-krasnoe-suhoe-13,detect
dataset/uploads_root/prod-svoe-vino-strapi/prod-svoe-vino/strapi/uploads/agrolayn_heritage_dg_skin_contact_rkatsiteli_rkatsiteli_krasnoe_suhoe_12_a5576a9dd5.webp,agrolayn-heritage-dg-skin-contact-rkatsiteli-rkatsiteli-krasnoe-suhoe-12,detect
dataset/uploads_root/prod-svoe-vino-strapi/prod-svoe-vino/strapi/uploads/agrolayn_heritage_dg_skin_contact_rkatsiteli_rkatsiteli_beloe_suhoe_12_3e44c13a6f.webp,agrolayn-heritage-dg-skin-contact-rkatsiteli-rkatsiteli-beloe-suhoe-12,detect
dataset/uploads_root/prod-svoe-vino-strapi/prod-svoe-vino/strapi/uploads/fanagoriya_ice_wine_kaberne_kaberne_sovinon_krasnoe_sladkoe_11_d0c08332e8.webp,fanagoriya-ice-wine-kaberne-kaberne-sovinon-krasnoe-sladkoe-11,detect
dataset/uploads_root/prod-svoe-vino-strapi/prod-svoe-vino/strapi/uploads/fanagoriya_ice_wine_merlo_rozovoe_sladkoe_10_f04efb1e6f.webp,fanagoriya-ice-wine-merlo-rozovoe-sladkoe-10,detect
dataset/uploads_root/prod-svoe-vino-strapi/prod-svoe-vino/strapi/uploads/shato_pino_ice_wine_risling_risling_reynskiy_beloe_sladkoe_11_003c1461e3.webp,shato-pino-ice-wine-risling-risling-reynskiy-beloe-sladkoe-11,detect
dataset/uploads_root/prod-svoe-vino-strapi/prod-svoe-vino/strapi/uploads/fanagoriya_ice_wine_risling_tihoe_beloe_sladkoe_10_fd6aaba610.webp,fanagoriya-ice-wine-risling-tihoe-beloe-sladkoe-10,detect
dataset/uploads_root/prod-svoe-vino-strapi/prod-svoe-vino/strapi/uploads/fanagoriya_ice_wine_saperavi_tihoe_krasnoe_sladkoe_10_9c41c0131c.webp,fanagoriya-ice-wine-saperavi-tihoe-krasnoe-sladkoe-10,detect
dataset/uploads_root/prod-svoe-vino-strapi/prod-svoe-vino/strapi/uploads/vinodelnya_molchanova_ice_wine_tsvetochnyy_beloe_sladkoe_11_b011b225f0.webp,vinodelnya-molchanova-ice-wine-tsvetochnyy-beloe-sladkoe-11,detect
dataset/uploads_root/prod-svoe-vino-strapi/prod-svoe-vino/strapi/uploads/inkermanskiy_zmv_inkerman_bryut_shardone_igristoe_bryut_beloe_135_e40fffb0b1.webp,inkermanskiy-zmv-inkerman-bryut-shardone-beloe-135,detect
dataset/uploads_root/prod-svoe-vino-strapi/prod-svoe-vino/strapi/uploads/Inkerman_muskatnoe_beloe_polusladkoe_092002be0d.webp,inkerman-muskatnoe-beloe,detect
dataset/uploads_root/prod-svoe-vino-strapi/prod-svoe-vino/strapi/uploads/inkermanskiy_zmv_inkerman_polusladkoe_roze_aligote_igristoe_polusladkoe_rozovoe_135_1956dabf85.webp,inkermanskiy-zmv-inkerman-polusladkoe-roze-aligote-rozovoe-135,detect
dataset/uploads_root/prod-svoe-vino-strapi/prod-svoe-vino/strapi/uploads/Inkerman_Shato_Ruzh_85fa6ee9ce.webp,inkerman-shato-ruzh,detect
dataset/uploads_root/prod-svoe-vino-strapi/prod-svoe-vino/strapi/uploads/zolotoe_pole_kaffa_vione_beloe_suhoe_13_fc7fb280dc.webp,zolotoe-pole-kaffa-vione-beloe-suhoe-13,detect
dataset/uploads_root/prod-svoe-vino-strapi/prod-svoe-vino/strapi/uploads/zolotoe_pole_kaffa_kaberne_sovinon_krasnoe_suhoe_125_8eeb858fc0.webp,zolotoe-pole-kaffa-kaberne-sovinon-krasnoe-suhoe-125,detect
dataset/uploads_root/prod-svoe-vino-strapi/prod-svoe-vino/strapi/uploads/zolotoe_pole_kaffa_kaberne_fran_krasnoe_suhoe_14_1af04dd482.webp,zolotoe-pole-kaffa-kaberne-fran-krasnoe-suhoe-14,detect
dataset/uploads_root/prod-svoe-vino-strapi/prod-svoe-vino/strapi/uploads/zolotoe_pole_kaffa_malbek_krasnoe_suhoe_125_59cab68c16.webp,zolotoe-pole-kaffa-malbek-krasnoe-suhoe-125,detect
dataset/uploads_root/prod-svoe-vino-strapi/prod-svoe-vino/strapi/uploads/zolotoe_pole_kaffa_moskato_dzhallo_moskato_dzhallo_beloe_suhoe_135_1681d08fcb.webp,zolotoe-pole-kaffa-moskato-dzhallo-moskato-dzhallo-beloe-suhoe-135,detect
dataset/uploads_root/prod-svoe-vino-strapi/prod-svoe-vino/strapi/uploads/zolotoe_pole_kaffa_saperavi_krasnoe_suhoe_14_d1fe213221.webp,zolotoe-pole-kaffa-saperavi-krasnoe-suhoe-14,detect
dataset/uploads_root/prod-svoe-vino-strapi/prod-svoe-vino/strapi/uploads/zolotoe_pole_kaffa_shardone_beloe_suhoe_125_7bb0c3ca2b.webp,zolotoe-pole-kaffa-shardone-beloe-suhoe-125,detect
dataset/uploads_root/prod-svoe-vino-strapi/prod-svoe-vino/strapi/uploads/460110750288_no_bg_preview_carve_photos_613a90613e.webp,kaffa-joy-malbec-glu-glu,detect
dataset/uploads_root/prod-svoe-vino-strapi/prod-svoe-vino/strapi/uploads/460110750290_no_bg_preview_carve_photos_97c4b5c7e5.webp,kaffa-joy-malvasia,detect
dataset/uploads_root/prod-svoe-vino-strapi/prod-svoe-vino/strapi/uploads/460110750289_no_bg_preview_carve_photos_4b52546c83.webp,kaffa-joy-merlot-malbec,detect
dataset/uploads_root/prod-svoe-vino-strapi/prod-svoe-vino/strapi/uploads/460110750287_no_bg_preview_carve_photos_d9a9b898cd.webp,kaffa-joy-rkatsiteli,detect
dataset/uploads_root/prod-svoe-vino-strapi/prod-svoe-vino/strapi/uploads/kataron_bryut_3a1af9a036.webp,katharon-brut,detect
dataset/uploads_root/prod-svoe-vino-strapi/prod-svoe-vino/strapi/uploads/2yfvayvay_83316bd121.webp,katharon-semi-sweet,detect
dataset/uploads_root/prod-svoe-vino-strapi/prod-svoe-vino/strapi/uploads/Katharon_Brut_blanc_de_blan_d34e259ca2.webp,katharon-katharon-brut-blanc-de-blan,detect
dataset/uploads_root/prod-svoe-vino-strapi/prod-svoe-vino/strapi/uploads/Katharon_Kab_Fran_suhoe_0ed5f19ec1.webp,katharon-katharon-kaberne-fran,detect
dataset/uploads_root/prod-svoe-vino-strapi/prod-svoe-vino/strapi/uploads/Katharon_Merlo_suhoe_6947446370.webp,katharon-katharon-merlo,detect
dataset/uploads_root/prod-svoe-vino-strapi/prod-svoe-vino/strapi/uploads/Katharon_Risling_2025_983f02b959.webp,katharon-katharon-risling-suhoe,detect
dataset/uploads_root/prod-svoe-vino-strapi/prod-svoe-vino/strapi/uploads/Katharon_Sovinon_Blan_2025_d965fbe23c.webp,katharon-katharon-sovinon-blan,detect
dataset/uploads_root/prod-svoe-vino-strapi/prod-svoe-vino/strapi/uploads/Katharon_Shardone_2025_93baa2e60f.webp,katharon-katharon-shardone,detect
dataset/uploads_root/prod-svoe-vino-strapi/prod-svoe-vino/strapi/uploads/vinodelnya_konstantina_dzitoeva_kd_bryut_shardone_igristoe_bryut_beloe_115_6951096ef2.webp,vinodelnya-konstantina-dzitoeva-kd-bryut-shardone-beloe-115,detect
dataset/uploads_root/prod-svoe-vino-strapi/prod-svoe-vino/strapi/uploads/photo_2026_08_19_23_47_51_no_bg_preview_carve_photos_4f7d3d0747.webp,kd-kokur,detect
dataset/uploads_root/prod-svoe-vino-strapi/prod-svoe-vino/strapi/uploads/vinodelnya_konstantina_dzitoeva_kd_rezerv_merlo_krasnoe_suhoe_vyderzhannoe_12_b66cd45010.webp,vinodelnya-konstantina-dzitoeva-kd-rezerv-merlo-krasnoe-suhoe-12,detect
dataset/uploads_root/prod-svoe-vino-strapi/prod-svoe-vino/strapi/uploads/vinodelnya_konstantina_dzitoeva_kd_shardone_beloe_suhoe_128_e9a75fb7f0.webp,vinodelnya-konstantina-dzitoeva-kd-shardone-beloe-suhoe-128,detect
dataset/uploads_root/prod-svoe-vino-strapi/prod-svoe-vino/strapi/uploads/hrustaleva_polusuhoe_merlo_049054fb87.webp,khrustaleva-76-merlot-polusuhoe-rozovoe,detect
dataset/uploads_root/prod-svoe-vino-strapi/prod-svoe-vino/strapi/uploads/hrustaleva_bryut_muskat_314381c682.webp,khrustaleva-76-muscat-bryut-beloe,detect
dataset/uploads_root/prod-svoe-vino-strapi/prod-svoe-vino/strapi/uploads/hrustaleva_semi_svit_muskat_8fa1427352.webp,khrustaleva-76-muscat-polusladkoe-beloe,detect
dataset/uploads_root/prod-svoe-vino-strapi/prod-svoe-vino/strapi/uploads/chteau_le_grand_vostock_krasnostop_reserve_krasnostop_krasnoe_suhoe_14_6f2c655629.webp,chteau-le-grand-vostock-krasnostop-reserve-krasnostop-krasnoe-suhoe-14,detect
dataset/uploads_root/prod-svoe-vino-strapi/prod-svoe-vino/strapi/uploads/agrolayn_lame_du_vin_saperavi_krasnoe_suhoe_13_5ede20a1fd.webp,agrolayn-lame-du-vin-saperavi-krasnoe-suhoe-13,detect
dataset/uploads_root/prod-svoe-vino-strapi/prod-svoe-vino/strapi/uploads/chteau_le_grand_vostock_le_chene_royal_reserve_merlo_krasnoe_suhoe_145_3a1ec8fdfa.webp,chteau-le-grand-vostock-le-chene-royal-reserve-merlo-krasnoe-suhoe-145,detect
dataset/uploads_root/prod-svoe-vino-strapi/prod-svoe-vino/strapi/uploads/output_img_037_425130ed89.webp,le-general-hiver,detect
dataset/uploads_root/prod-svoe-vino-strapi/prod-svoe-vino/strapi/uploads/zolotoe_pole_legend_of_crimea_cabernet_sauvignon_kaberne_sovinon_krasnoe_suhoe_125_dd1e75d7d6.webp,zolotoe-pole-legend-of-crimea-cabernet-sauvignon-kaberne-sovinon-krasnoe-suhoe-125,detect
dataset/uploads_root/prod-svoe-vino-strapi/prod-svoe-vino/strapi/uploads/zolotoe_pole_legend_of_crimea_chardonnay_shardone_beloe_suhoe_13_198c99212d.webp,zolotoe-pole-legend-of-crimea-chardonnay-shardone-beloe-suhoe-13,detect
dataset/uploads_root/prod-svoe-vino-strapi/prod-svoe-vino/strapi/uploads/zolotoe_pole_legend_of_crimea_malbec_malbek_krasnoe_suhoe_125_58b26ef1ab.webp,zolotoe-pole-legend-of-crimea-malbec-malbek-krasnoe-suhoe-125,detect
dataset/uploads_root/prod-svoe-vino-strapi/prod-svoe-vino/strapi/uploads/zolotoe_pole_legend_of_crimea_muscat_ottonel_muskat_ottonel_beloe_suhoe_14_b38aa9e08c.webp,zolotoe-pole-legend-of-crimea-muscat-ottonel-muskat-ottonel-beloe-suhoe-14,detect
dataset/uploads_root/prod-svoe-vino-strapi/prod-svoe-vino/strapi/uploads/zolotoe_pole_legend_of_crimea_pinot_gris_rose_pino_gri_rozovoe_suhoe_135_9f75698a01.webp,zolotoe-pole-legend-of-crimea-pinot-gris-rose-pino-gri-rozovoe-suhoe-135,detect
dataset/uploads_root/prod-svoe-vino-strapi/prod-svoe-vino/strapi/uploads/zolotoe_pole_legend_of_crimea_red_blend_kaberne_sovinon_krasnoe_suhoe_14_19d5632763.webp,zolotoe-pole-legend-of-crimea-red-blend-kaberne-sovinon-krasnoe-suhoe-14,detect
dataset/uploads_root/prod-svoe-vino-strapi/prod-svoe-vino/strapi/uploads/zolotoe_pole_legend_of_crimea_sauvignon_blanc_sovinon_blan_beloe_suhoe_13_5c21d982fd.webp,zolotoe-pole-legend-of-crimea-sauvignon-blanc-sovinon-blan-beloe-suhoe-13,detect
dataset/uploads_root/prod-svoe-vino-strapi/prod-svoe-vino/strapi/uploads/zolotoe_pole_legend_of_crimea_white_blend_malvaziya_beloe_suhoe_135_d791def8a0.webp,zolotoe-pole-legend-of-crimea-white-blend-malvaziya-beloe-suhoe-135,detect
dataset/uploads_root/prod-svoe-vino-strapi/prod-svoe-vino/strapi/uploads/Vino_polusuhoe_krasnoe_KABERNE_SOVINON_cfd594e5f6.webp,leto-kaberne-sovinon-2023-polusuhoe-krasnoe,detect
dataset/uploads_root/prod-svoe-vino-strapi/prod-svoe-vino/strapi/uploads/Vino_suhoe_krasnoe_KABERNE_FRAN_3c69650ca3.webp,leto-kaberne-fran-2021-suhoe-krasnoe,detect
dataset/uploads_root/prod-svoe-vino-strapi/prod-svoe-vino/strapi/uploads/Kaberne_Fran_polusladkoe_a62c376c55.webp,leto-kaberne-fran-2024-polusladkoe-krasnoe,detect
dataset/uploads_root/prod-svoe-vino-strapi/prod-svoe-vino/strapi/uploads/Kaberne_Fran_rezerv_2021_12ff9ab8f8.webp,leto-kaberne-fran-rezerv-2020-suhoe-krasnoe,detect
dataset/uploads_root/prod-svoe-vino-strapi/prod-svoe-vino/strapi/uploads/Vino_suhoe_krasnoe_KABERNE_FRAN_REZERV_2f6ac9d296.webp,leto-kaberne-fran-rezerv-2021-suhoe-krasnoe,detect
dataset/uploads_root/prod-svoe-vino-strapi/prod-svoe-vino/strapi/uploads/Kollekcziya_vinodela_e3dfd5dd5b.webp,leto-kollekcziya-vinodela-2020-suhoe-krasnoe,detect
dataset/uploads_root/prod-svoe-vino-strapi/prod-svoe-vino/strapi/uploads/Kollekcziya_leta_beloe_2020_3bc15b4ff4.webp,leto-kollekcziya-leta-2020-suhoe-beloe,detect
dataset/uploads_root/prod-svoe-vino-strapi/prod-svoe-vino/strapi/uploads/VINO_suhoe_rozovoe_KOLLEK_Cz_I_Ya_LETA_05a35835db.webp,leto-kollekcziya-leta-2020-suhoe-beloe-1,detect
dataset/uploads_root/prod-svoe-vino-strapi/prod-svoe-vino/strapi/uploads/Vino_suhoe_beloe_KOLLEK_Cz_I_Ya_LETA_KUPA_Zh_0ee86a0a33.webp,leto-kollekcziya-leta-kupazh-2021-suhoe-beloe,detect
dataset/uploads_root/prod-svoe-vino-strapi/prod-svoe-vino/strapi/uploads/Vino_suhoe_krasnoe_KOLLEK_Cz_I_Ya_LETA_KUPA_Zh_46f3db9eb1.webp,leto-kollekcziya-leta-kupazh-2023-suhoe-krasnoe,detect
dataset/uploads_root/prod-svoe-vino-strapi/prod-svoe-vino/strapi/uploads/Beloe_suhoe_MUSKAT_7b044897c5.webp,leto-vecrfn-2024-suhoe-vino,detect
dataset/uploads_root/prod-svoe-vino-strapi/prod-svoe-vino/strapi/uploads/Muskat_Oranzh_ca7932fac1.webp,leto-muskat-oranzh-2024-suhoe-vino,detect
dataset/uploads_root/prod-svoe-vino-strapi/prod-svoe-vino/strapi/uploads/photo_a535bcc46e.webp,leto-risling-2020,detect
dataset/uploads_root/prod-svoe-vino-strapi/prod-svoe-vino/strapi/uploads/Risling_2024_polusuhoe_cfdd46fd1d.webp,leto-risling-2024-polusuhoe-vino,detect
dataset/uploads_root/prod-svoe-vino-strapi/prod-svoe-vino/strapi/uploads/Risling_2024_068199ad02.webp,leto-risling-2024,detect
dataset/uploads_root/prod-svoe-vino-strapi/prod-svoe-vino/strapi/uploads/Vino_beloe_suhoe_Sh_ARDONE_ae4ca974c5.webp,leto-shardone-2023-suhoe-beloe,detect
dataset/uploads_root/prod-svoe-vino-strapi/prod-svoe-vino/strapi/uploads/oleg_repin_listva_cabernet_sauvignon_kaberne_sovinon_krasnoe_suhoe_14_d4b85ef613.webp,oleg-repin-listva-cabernet-sauvignon-kaberne-sovinon-krasnoe-suhoe-14,detect
dataset/uploads_root/prod-svoe-vino-strapi/prod-svoe-vino/strapi/uploads/oleg_repin_listva_syrah_sira_krasnoe_suhoe_14_664db3a828.webp,oleg-repin-listva-syrah-sira-krasnoe-suhoe-14,detect
dataset/uploads_root/prod-svoe-vino-strapi/prod-svoe-vino/strapi/uploads/ru_pim_263023001001_01_d63898ec2e.webp,locantita-sauvignon-blanc-chardonnay,detect
dataset/uploads_root/prod-svoe-vino-strapi/prod-svoe-vino/strapi/uploads/075mjty781rmw0czc3ba7kc53w_preview_0_ezremove_a03c591e41.webp,locantita-more,detect
dataset/uploads_root/prod-svoe-vino-strapi/prod-svoe-vino/strapi/uploads/loco_cimbali_loco_cimbali_pinot_meunier_mene_krasnoe_suhoe_125_bc6731c1b6.webp,loco-cimbali-loco-cimbali-pinot-meunier-mene-krasnoe-suhoe-125,detect
dataset/uploads_root/prod-svoe-vino-strapi/prod-svoe-vino/strapi/uploads/loco_cimbali_loco_cimbali_red_kaberne_sovinon_krasnoe_suhoe_135_591dd06510.webp,loco-cimbali-loco-cimbali-red-kaberne-sovinon-krasnoe-suhoe-135,detect
dataset/uploads_root/prod-svoe-vino-strapi/prod-svoe-vino/strapi/uploads/2_8fdb34dcf3.webp,magnatum-blanc-de-blancs,detect
dataset/uploads_root/prod-svoe-vino-strapi/prod-svoe-vino/strapi/uploads/e7b5c9242252ee908c6a7f883415bf51_859cbd72e2.webp,magnatum-cuvee-m-blanc-de-blancs,detect
dataset/uploads_root/prod-svoe-vino-strapi/prod-svoe-vino/strapi/uploads/f804754fa9ae3bf4c674ad5d82e86b14_d9b6930374.webp,magnatum-rose,detect
dataset/uploads_root/prod-svoe-vino-strapi/prod-svoe-vino/strapi/uploads/Makitra_Selection_Shardone_7f42730601.webp,makitra-selection,detect
dataset/uploads_root/prod-svoe-vino-strapi/prod-svoe-vino/strapi/uploads/vinogradniki_gay_kodzora_malbec_de_gai_kodzor_malbek_krasnoe_suhoe_135_5a017ab36f.webp,vinogradniki-gay-kodzora-malbec-de-gai-kodzor-malbek-krasnoe-suhoe-135,detect
dataset/uploads_root/prod-svoe-vino-strapi/prod-svoe-vino/strapi/uploads/belmas_winery_malbec_katya_malbek_rozovoe_suhoe_129_a3e291a903.webp,belmas-winery-malbec-katya-malbek-rozovoe-suhoe-129,detect
dataset/uploads_root/prod-svoe-vino-strapi/prod-svoe-vino/strapi/uploads/belmas_winery_malbec_katya_belmas_malbek_rozovoe_suhoe_11_77522b0de4.webp,belmas-winery-malbec-katya-belmas-malbek-rozovoe-suhoe-11,detect
dataset/uploads_root/prod-svoe-vino-strapi/prod-svoe-vino/strapi/uploads/vinogradniki_gay_kodzora_malbec_red_klen_de_gai_kodzor_malbek_krasnoe_suhoe_135_88285a40f2.webp,vinogradniki-gay-kodzora-malbec-red-klen-de-gai-kodzor-malbek-krasnoe-suhoe-135,detect
dataset/uploads_root/prod-svoe-vino-strapi/prod-svoe-vino/strapi/uploads/domaine_de_la_vivandiere_malbec_vivandiere_roze_malbek_rozovoe_suhoe_125_882f670a7d.webp,domaine-de-la-vivandiere-malbec-vivandiere-roze-malbek-rozovoe-suhoe-125,detect
dataset/uploads_root/prod-svoe-vino-strapi/prod-svoe-vino/strapi/uploads/esse_mama_marselan_krasnoe_suhoe_115_13668d8525.webp,esse-mama-marselan-krasnoe-suhoe-115,detect
dataset/uploads_root/prod-svoe-vino-strapi/prod-svoe-vino/strapi/uploads/Kaberne_Sovinon_cecaa1f694.webp,mancopia-kaberne-sovinon,detect
dataset/uploads_root/prod-svoe-vino-strapi/prod-svoe-vino/strapi/uploads/Meritazh_80196a1ff6.webp,mancopia-meritazh,detect
dataset/uploads_root/prod-svoe-vino-strapi/prod-svoe-vino/strapi/uploads/0632ia7qvpbnncf2rdtc0371aua6i4q2_20fb4a70b1.webp,mancopia-risling,detect
dataset/uploads_root/prod-svoe-vino-strapi/prod-svoe-vino/strapi/uploads/jch166xas825xpjkdnoo0zrbrsdlg815_16e30153a2.webp,mancopia-saperavi,detect
dataset/uploads_root/prod-svoe-vino-strapi/prod-svoe-vino/strapi/uploads/i99mhxq3ffugxl7vay272qaxisjosj8i_3ec2f1ed83.webp,mancopia-sira,detect
dataset/uploads_root/prod-svoe-vino-strapi/prod-svoe-vino/strapi/uploads/cd3690e22dc2df799a4db8b857e74d37_9ca346a575.webp,mantra-blanc-de-blancs,detect
dataset/uploads_root/prod-svoe-vino-strapi/prod-svoe-vino/strapi/uploads/Margarita_22_49dd66061b.webp,wine-1,detect
dataset/uploads_root/prod-svoe-vino-strapi/prod-svoe-vino/strapi/uploads/Margarita_2023_47752d294f.webp,margarita,detect
dataset/uploads_root/prod-svoe-vino-strapi/prod-svoe-vino/strapi/uploads/usadba_divnomorskoe_maris_blanc_de_blanc_extra_brut_shardone_beloe_ekstra_bryut_105_2146bdc77b.webp,usadba-divnomorskoe-maris-blanc-de-blanc-extra-brut-shardone-beloe-ekstra-bryut-105,detect
dataset/uploads_root/prod-svoe-vino-strapi/prod-svoe-vino/strapi/uploads/usadba_divnomorskoe_maris_blanc_de_noirs_extra_brut_pino_nuar_beloe_ekstra_bryut_105_800f5ad248.webp,usadba-divnomorskoe-maris-blanc-de-noirs-extra-brut-pino-nuar-beloe-ekstra-bryut-105,detect
dataset/uploads_root/prod-svoe-vino-strapi/prod-svoe-vino/strapi/uploads/AYA_marquetry_cabernet_franc_2023_bottle_81526424ed.webp,marquetry-cabernet-franc,detect
dataset/uploads_root/prod-svoe-vino-strapi/prod-svoe-vino/strapi/uploads/AYA_marquetry_syrah_2023_bottle_90a876b523.webp,marquetry-syrah,detect
dataset/uploads_root/prod-svoe-vino-strapi/prod-svoe-vino/strapi/uploads/AYA_marquetry_syrah_merlot_cabernet_franc_2023_bottle_1174396457.webp,marquetry-syrah-merlot-cabernet-franc,detect
dataset/uploads_root/prod-svoe-vino-strapi/prod-svoe-vino/strapi/uploads/usadba_divnomorskoe_marselan_marselan_krasnoe_suhoe_149_cfc4d7c708.webp,usadba-divnomorskoe-marselan-marselan-krasnoe-suhoe-149,detect
dataset/uploads_root/prod-svoe-vino-strapi/prod-svoe-vino/strapi/uploads/gavras_masour_murvedr_rozovoe_suhoe_12_9a98bd2fb0.webp,gavras-masour-murvedr-rozovoe-suhoe-12,detect
dataset/uploads_root/prod-svoe-vino-strapi/prod-svoe-vino/strapi/uploads/usadba_divnomorskoe_merlot_merlo_krasnoe_suhoe_149_06c6e6e8aa.webp,usadba-divnomorskoe-merlot-merlo-krasnoe-suhoe-149,detect
dataset/uploads_root/prod-svoe-vino-strapi/prod-svoe-vino/strapi/uploads/chteau_le_grand_vostock_merlot_merlo_krasnoe_suhoe_14_b7ff8ad6c4.webp,chteau-le-grand-vostock-merlot-merlo-krasnoe-suhoe-14,detect
dataset/uploads_root/prod-svoe-vino-strapi/prod-svoe-vino/strapi/uploads/ferrum_winery_merlot_merlo_krasnoe_suhoe_13_bb60771e4b.webp,ferrum-winery-merlot-merlo-krasnoe-suhoe-13,detect
dataset/uploads_root/prod-svoe-vino-strapi/prod-svoe-vino/strapi/uploads/chteau_le_grand_vostock_merlot_reserve_merlo_krasnoe_suhoe_145_56be446fbd.webp,chteau-le-grand-vostock-merlot-reserve-merlo-krasnoe-suhoe-145,detect
dataset/uploads_root/prod-svoe-vino-strapi/prod-svoe-vino/strapi/uploads/Alamak_bryut_beloe_2c9b3e074d.webp,millstream-alamak-bryut-beloe,detect
dataset/uploads_root/prod-svoe-vino-strapi/prod-svoe-vino/strapi/uploads/AV_AB_molodoe_polusuhoe_beloe_94421f365d.webp,millstream-av-igristoe-molodoe-polusuhoe-beloe,detect
dataset/uploads_root/prod-svoe-vino-strapi/prod-svoe-vino/strapi/uploads/AV_AB_molodoe_suhoe_beloe_5e97393b71.webp,millstream-av-igristoe-molodoe-suhoe-beloe,detect
dataset/uploads_root/prod-svoe-vino-strapi/prod-svoe-vino/strapi/uploads/Milstrim_Sellar_Cellar_BLANC_DE_BLANCS_Ekstra_bryut_5f039ba36e.webp,millstream-cellar-blanc-de-blanc-ekstra-bryut-beloe,detect
dataset/uploads_root/prod-svoe-vino-strapi/prod-svoe-vino/strapi/uploads/Milstrim_Sellar_Cellar_Selekt_Blend_Avtohtonov_e81e864b68.webp,millstream-cellar-select-blend-avtohtonov,detect
dataset/uploads_root/prod-svoe-vino-strapi/prod-svoe-vino/strapi/uploads/Milstrim_Sellar_Cellar_Selekt_KABERNE_SOVINON_b985f964b3.webp,millstream-cellar-select-kaberne-sovinon,detect
dataset/uploads_root/prod-svoe-vino-strapi/prod-svoe-vino/strapi/uploads/Milstrim_Sellar_Cellar_Selekt_Krasnostop_zolotovskij_226fd9ead3.webp,millstream-cellar-select-krasnostop-zolotovskij,detect
dataset/uploads_root/prod-svoe-vino-strapi/prod-svoe-vino/strapi/uploads/Milstrim_Sellar_Cellar_Selekt_SAPERAVI_suhoe_krasnoe_b3fd335b8d.webp,millstream-cellar-select-saperavi,detect
dataset/uploads_root/prod-svoe-vino-strapi/prod-svoe-vino/strapi/uploads/Milstrim_Sellar_Cellar_klassicheskoe_beloe_polusuhoe_a72226a735.webp,millstream-cellar-vyderzhannoe-igristoe-polusuhoe-beloe,detect
dataset/uploads_root/prod-svoe-vino-strapi/prod-svoe-vino/strapi/uploads/Milstrim_Sellar_Cellar_Blend_4_suhoe_krasnoe_b6bf6ca178.webp,millstream-cellar-rezerv-blend-4,detect
dataset/uploads_root/prod-svoe-vino-strapi/prod-svoe-vino/strapi/uploads/Miroir_De_Talu_Merlot_Cabernet_Sauvignon_477ed75989.webp,miroir-de-talu-merlot-cabernet-sauvignon,detect
dataset/uploads_root/prod-svoe-vino-strapi/prod-svoe-vino/strapi/uploads/Miroir_De_Talu_Krasnostop_35f7acf3cd.webp,miroir-de-talu-merlot-krasnostop,detect
dataset/uploads_root/prod-svoe-vino-strapi/prod-svoe-vino/strapi/uploads/MB_igrist_Cuvee_vid_032026_kopiya_8bb830fcc2.webp,mont-blanc-cuvee,detect
dataset/uploads_root/prod-svoe-vino-strapi/prod-svoe-vino/strapi/uploads/MB_igrist_Blanc_vid_032026_kopiya_5c6680d1ef.webp,mont-blanc-blanc-de-blancs,detect
dataset/uploads_root/prod-svoe-vino-strapi/prod-svoe-vino/strapi/uploads/vinodelnya_batrak_monte_di_cammello_nuvola_bianca_risling_beloe_suhoe_12_e818c16f4c.webp,vinodelnya-batrak-monte-di-cammello-nuvola-bianca-risling-beloe-suhoe-12,detect
dataset/uploads_root/prod-svoe-vino-strapi/prod-svoe-vino/strapi/uploads/ru_pim_78722001001_01_a64f7241c9.webp,monte-garu-beloe-bryut,detect
dataset/uploads_root/prod-svoe-vino-strapi/prod-svoe-vino/strapi/uploads/ru_pim_78716001001_01_3c2f0c7afe.webp,monte-garu-beloe-polusladkoe,detect
dataset/uploads_root/prod-svoe-vino-strapi/prod-svoe-vino/strapi/uploads/vibes_montepulciano_cabernet_franc_petit_verdot_montepulchano_krasnoe_suhoe_125_5642303e11.webp,vibes-montepulciano-cabernet-franc-petit-verdot-montepulchano-krasnoe-suhoe-125,detect
dataset/uploads_root/prod-svoe-vino-strapi/prod-svoe-vino/strapi/uploads/gunko_winery_monumental_bryut_shardone_igristoe_bryut_beloe_12_e0ca0a9975.webp,gunko-winery-monumental-bryut-shardone-beloe-12,detect
dataset/uploads_root/prod-svoe-vino-strapi/prod-svoe-vino/strapi/uploads/gunko_winery_monumental_saperavi_krasnoe_suhoe_145_6e796e0d26.webp,gunko-winery-monumental-saperavi-krasnoe-suhoe-145,detect
dataset/uploads_root/prod-svoe-vino-strapi/prod-svoe-vino/strapi/uploads/agrolayn_mountain_eagle_aleatico_rose_aleatiko_rozovoe_suhoe_125_2fca230608.webp,agrolayn-mountain-eagle-aleatico-rose-aleatiko-rozovoe-suhoe-125,detect
dataset/uploads_root/prod-svoe-vino-strapi/prod-svoe-vino/strapi/uploads/agrolayn_mountain_eagle_cabernet_sauvignon_kaberne_sovinon_krasnoe_suhoe_135_c2ea2996ff.webp,agrolayn-mountain-eagle-cabernet-sauvignon-kaberne-sovinon-krasnoe-suhoe-135,detect
dataset/uploads_root/prod-svoe-vino-strapi/prod-svoe-vino/strapi/uploads/agrolayn_mountain_eagle_chardonnay_shardone_beloe_suhoe_12_787345e979.webp,agrolayn-mountain-eagle-chardonnay-shardone-beloe-suhoe-12,detect
dataset/uploads_root/prod-svoe-vino-strapi/prod-svoe-vino/strapi/uploads/agrolayn_mountain_eagle_marselan_marselan_krasnoe_suhoe_13_918dcc5044.webp,agrolayn-mountain-eagle-marselan-marselan-krasnoe-suhoe-13,detect
dataset/uploads_root/prod-svoe-vino-strapi/prod-svoe-vino/strapi/uploads/agrolayn_mountain_eagle_muscat_muskat_beloe_suhoe_125_1592a7a3e1.webp,agrolayn-mountain-eagle-muscat-muskat-beloe-suhoe-125,detect
dataset/uploads_root/prod-svoe-vino-strapi/prod-svoe-vino/strapi/uploads/agrolayn_mountain_eagle_pedro_ximenez_pedro_himenes_beloe_suhoe_11_f778a838b5.webp,agrolayn-mountain-eagle-pedro-ximenez-pedro-himenes-beloe-suhoe-11,detect
dataset/uploads_root/prod-svoe-vino-strapi/prod-svoe-vino/strapi/uploads/agrolayn_mountain_eagle_saperavi_saperavi_krasnoe_suhoe_135_6d3f5cfe1e.webp,agrolayn-mountain-eagle-saperavi-saperavi-krasnoe-suhoe-135,detect
dataset/uploads_root/prod-svoe-vino-strapi/prod-svoe-vino/strapi/uploads/agrolayn_mountain_eagle_sauvignon_blanc_sovinon_blan_beloe_suhoe_125_4e32ec4820.webp,agrolayn-mountain-eagle-sauvignon-blanc-sovinon-blan-beloe-suhoe-125,detect
dataset/uploads_root/prod-svoe-vino-strapi/prod-svoe-vino/strapi/uploads/agrolayn_mountain_eagle_semillon_semilon_beloe_suhoe_11_6f41e3735a.webp,agrolayn-mountain-eagle-semillon-semilon-beloe-suhoe-11,detect
dataset/uploads_root/prod-svoe-vino-strapi/prod-svoe-vino/strapi/uploads/agrolayn_mountain_eagle_traminer_traminer_beloe_suhoe_12_15d07ae704.webp,agrolayn-mountain-eagle-traminer-traminer-beloe-suhoe-12,detect
dataset/uploads_root/prod-svoe-vino-strapi/prod-svoe-vino/strapi/uploads/agrolayn_mountain_eagle_viognier_vione_beloe_suhoe_115_841c23d57a.webp,agrolayn-mountain-eagle-viognier-vione-beloe-suhoe-115,detect
dataset/uploads_root/prod-svoe-vino-strapi/prod-svoe-vino/strapi/uploads/agrolayn_mountain_eagle_white_blend_vione_beloe_suhoe_115_30af9f7827.webp,agrolayn-mountain-eagle-white-blend-vione-beloe-suhoe-115,detect
dataset/uploads_root/prod-svoe-vino-strapi/prod-svoe-vino/strapi/uploads/andryus_yutsis_muscat_blanc_muskat_beloe_suhoe_112_efea231a5f.webp,andryus-yutsis-muscat-blanc-muskat-beloe-suhoe-112,detect
dataset/uploads_root/prod-svoe-vino-strapi/prod-svoe-vino/strapi/uploads/vinogradniki_gay_kodzora_muscat_de_gai_kodzor_sladkiy_muskat_aleksandriyskiy_beloe_sladkoe_14_b6db28874b.webp,vinogradniki-gay-kodzora-muscat-de-gai-kodzor-sladkiy-muskat-aleksandriyskiy-beloe-sladkoe-14,detect
dataset/uploads_root/prod-svoe-vino-strapi/prod-svoe-vino/strapi/uploads/vinogradniki_gay_kodzora_muscat_ga_kodzor_muskat_melkozernistyy_beloe_suhoe_12_b15bbb92d8.webp,vinogradniki-gay-kodzora-muscat-ga-kodzor-muskat-melkozernistyy-beloe-suhoe-12,detect
dataset/uploads_root/prod-svoe-vino-strapi/prod-svoe-vino/strapi/uploads/usadba_divnomorskoe_muscat_ottonel_muskat_ottonel_beloe_sladkoe_135_e8a0643fd7.webp,usadba-divnomorskoe-muscat-ottonel-muskat-ottonel-beloe-sladkoe-135,detect
dataset/uploads_root/prod-svoe-vino-strapi/prod-svoe-vino/strapi/uploads/esse_muskat_muskat_belyy_igristoe_ekstra_bryut_beloe_115_f176ce3718.webp,esse-muskat-muskat-belyy-beloe-ekstra-bryut-115,detect
dataset/uploads_root/prod-svoe-vino-strapi/prod-svoe-vino/strapi/uploads/Naomi_22_61d7c5eeff.webp,naomi-2022,detect
dataset/uploads_root/prod-svoe-vino-strapi/prod-svoe-vino/strapi/uploads/Naomi_23_206944817c.webp,naomi-2023,detect
dataset/uploads_root/prod-svoe-vino-strapi/prod-svoe-vino/strapi/uploads/nebbiolo_43312005b9.webp,nebbiolo,detect
dataset/uploads_root/prod-svoe-vino-strapi/prod-svoe-vino/strapi/uploads/esse_nectar_muscat_muskat_belyy_igristoe_polusuhoe_beloe_12_5b5a2eb0f1.webp,esse-nectar-muscat-muskat-belyy-beloe-polusuhoe-12,detect
dataset/uploads_root/prod-svoe-vino-strapi/prod-svoe-vino/strapi/uploads/golubitskoe_estate_noble_selection_red_blend_kaberne_sovinon_krasnoe_suhoe_136_37a3acdce0.webp,golubitskoe-estate-noble-selection-red-blend-kaberne-sovinon-krasnoe-suhoe-136,detect
dataset/uploads_root/prod-svoe-vino-strapi/prod-svoe-vino/strapi/uploads/golubitskoe_estate_noble_selection_white_blend_shardone_beloe_suhoe_135_3e16d234be.webp,golubitskoe-estate-noble-selection-white-blend-shardone-beloe-suhoe-135,detect
dataset/uploads_root/prod-svoe-vino-strapi/prod-svoe-vino/strapi/uploads/pomeste_golubitskoe_noble_selection_pino_nuar_roze_rozovoe_suhoe_132_8c761a20cf.webp,pomeste-golubitskoe-noble-selection-pino-nuar-roze-rozovoe-suhoe-132,detect
dataset/uploads_root/prod-svoe-vino-strapi/prod-svoe-vino/strapi/uploads/Nosorog_zolotoj_17ef77cf25.webp,nosorog-gold,detect
dataset/uploads_root/prod-svoe-vino-strapi/prod-svoe-vino/strapi/uploads/Nosorog_noch_bdcfc8be7f.webp,nosorog-night,detect
dataset/uploads_root/prod-svoe-vino-strapi/prod-svoe-vino/strapi/uploads/esse_odessa_black_odesskiy_chernyy_krasnoe_suhoe_12_0708fdaee7.webp,esse-odessa-black-odesskiy-chernyy-krasnoe-suhoe-12,detect
dataset/uploads_root/prod-svoe-vino-strapi/prod-svoe-vino/strapi/uploads/Opium_68e7c19bd9.webp,opium,detect
dataset/uploads_root/prod-svoe-vino-strapi/prod-svoe-vino/strapi/uploads/andryus_yutsis_orange_vermentino_beloe_suhoe_112_656c4e7348.webp,andryus-yutsis-orange-vermentino-beloe-suhoe-112,detect
dataset/uploads_root/prod-svoe-vino-strapi/prod-svoe-vino/strapi/uploads/Orange_b3f73ad1d2.webp,orange,detect
dataset/uploads_root/prod-svoe-vino-strapi/prod-svoe-vino/strapi/uploads/andryus_yutsis_organic_syrah_sira_krasnoe_suhoe_135_7e2b3955da.webp,andryus-yutsis-organic-syrah-sira-krasnoe-suhoe-135,detect
dataset/uploads_root/prod-svoe-vino-strapi/prod-svoe-vino/strapi/uploads/fanagoriya_par_amour_pervenets_magaracha_beloe_polusladkoe_105_125_937ddaffd1.webp,fanagoriya-par-amour-pervenets-magaracha-beloe-polusladkoe-105-125,detect
dataset/uploads_root/prod-svoe-vino-strapi/prod-svoe-vino/strapi/uploads/fanagoriya_par_amour_rubin_golodrigi_krasnoe_polusladkoe_105_125_7e0aec2668.webp,fanagoriya-par-amour-rubin-golodrigi-krasnoe-polusladkoe-105-125,detect
dataset/uploads_root/prod-svoe-vino-strapi/prod-svoe-vino/strapi/uploads/fanagoriya_par_amour_pervenets_magaracha_rozovoe_polusuhoe_105_125_861e969490.webp,fanagoriya-par-amour-pervenets-magaracha-rozovoe-polusuhoe-105-125,detect
dataset/uploads_root/prod-svoe-vino-strapi/prod-svoe-vino/strapi/uploads/fanagoriya_par_amour_pervenets_magaracha_beloe_polusuhoe_105_125_6db75a4f18.webp,fanagoriya-par-amour-pervenets-magaracha-beloe-polusuhoe-105-125,detect
dataset/uploads_root/prod-svoe-vino-strapi/prod-svoe-vino/strapi/uploads/uppa_winery_pavel_shvets_cabernet_sauvignon_merlot_kaberne_sovinon_krasnoe_suhoe_14_da1b1f8614.webp,uppa-winery-pavel-shvets-cabernet-sauvignon-merlot-kaberne-sovinon-krasnoe-suhoe-14,detect
dataset/uploads_root/prod-svoe-vino-strapi/prod-svoe-vino/strapi/uploads/fanagoriya_pelle_calda_saperavi_krasnoe_suhoe_155_9c9a89ab23.webp,fanagoriya-pelle-calda-saperavi-krasnoe-suhoe-155,detect
dataset/uploads_root/prod-svoe-vino-strapi/prod-svoe-vino/strapi/uploads/domaine_lipko_penpalo_cabernet_sauvignon_domaine_lipko_kaberne_sovinon_krasnoe_suhoe_14_49831aa29f.webp,domaine-lipko-penpalo-cabernet-sauvignon-domaine-lipko-kaberne-sovinon-krasnoe-suhoe-14,detect
dataset/uploads_root/prod-svoe-vino-strapi/prod-svoe-vino/strapi/uploads/domaine_lipko_penpalo_chardonnay_domaine_lipko_shardone_beloe_suhoe_122_84467c3576.webp,domaine-lipko-penpalo-chardonnay-domaine-lipko-shardone-beloe-suhoe-122,detect
dataset/uploads_root/prod-svoe-vino-strapi/prod-svoe-vino/strapi/uploads/domaine_lipko_penpalo_kaberne_sovinon_krasnoe_suhoe_14_669809a88b.webp,domaine-lipko-penpalo-kaberne-sovinon-krasnoe-suhoe-14,detect
dataset/uploads_root/prod-svoe-vino-strapi/prod-svoe-vino/strapi/uploads/vinodelnya_batrak_perfekt_klassik_kaberne_sovinon_krasnoe_suhoe_135_0e92236937.webp,vinodelnya-batrak-perfekt-klassik-kaberne-sovinon-krasnoe-suhoe-135,detect
dataset/uploads_root/prod-svoe-vino-strapi/prod-svoe-vino/strapi/uploads/vinodelnya_batrak_perfekt_klassik_kaberne_fran_krasnoe_suhoe_135_dd739a7a0d.webp,vinodelnya-batrak-perfekt-klassik-kaberne-fran-krasnoe-suhoe-135,detect
dataset/uploads_root/prod-svoe-vino-strapi/prod-svoe-vino/strapi/uploads/vinodelnya_batrak_perfekt_klassik_merlo_krasnoe_suhoe_135_1949b2cb69.webp,vinodelnya-batrak-perfekt-klassik-merlo-krasnoe-suhoe-135,detect
dataset/uploads_root/prod-svoe-vino-strapi/prod-svoe-vino/strapi/uploads/vinodelnya_batrak_perfekt_klassik_muskat_belyy_beloe_suhoe_125_bfb281d569.webp,vinodelnya-batrak-perfekt-klassik-muskat-belyy-beloe-suhoe-125,detect
dataset/uploads_root/prod-svoe-vino-strapi/prod-svoe-vino/strapi/uploads/vinodelnya_batrak_perfekt_klassik_muskat_rozovyy_rozovoe_suhoe_125_3a24f57798.webp,vinodelnya-batrak-perfekt-klassik-muskat-rozovyy-rozovoe-suhoe-125,detect
dataset/uploads_root/prod-svoe-vino-strapi/prod-svoe-vino/strapi/uploads/vinodelnya_batrak_perfekt_klassik_saperavi_krasnoe_suhoe_135_b23c1c2ed9.webp,vinodelnya-batrak-perfekt-klassik-saperavi-krasnoe-suhoe-135,detect
dataset/uploads_root/prod-svoe-vino-strapi/prod-svoe-vino/strapi/uploads/vinodelnya_batrak_perfekt_klassik_sovinon_blan_beloe_suhoe_125_e4ffa2ef0b.webp,vinodelnya-batrak-perfekt-klassik-sovinon-blan-beloe-suhoe-125,detect
dataset/uploads_root/prod-svoe-vino-strapi/prod-svoe-vino/strapi/uploads/vinodelnya_batrak_perfekt_klassik_pino_nuar_krasnoe_suhoe_12_7ab6869f03.webp,vinodelnya-batrak-perfekt-klassik-pino-nuar-krasnoe-suhoe-12,detect
dataset/uploads_root/prod-svoe-vino-strapi/prod-svoe-vino/strapi/uploads/esse_petit_verdot_pti_verdo_krasnoe_suhoe_13_cd1d881696.webp,esse-petit-verdot-pti-verdo-krasnoe-suhoe-13,detect
dataset/uploads_root/prod-svoe-vino-strapi/prod-svoe-vino/strapi/uploads/domaine_lipko_petit_verdot_domaine_lipko_pti_verdo_krasnoe_suhoe_14_d4fda4146c.webp,domaine-lipko-petit-verdot-domaine-lipko-pti-verdo-krasnoe-suhoe-14,detect
dataset/uploads_root/prod-svoe-vino-strapi/prod-svoe-vino/strapi/uploads/petrushka_b748b8a4ba.webp,petrouchka,detect
dataset/uploads_root/prod-svoe-vino-strapi/prod-svoe-vino/strapi/uploads/belmas_winery_pg_pino_gri_beloe_suhoe_125_8b94234880.webp,belmas-winery-pg-pino-gri-beloe-suhoe-125,detect
dataset/uploads_root/prod-svoe-vino-strapi/prod-svoe-vino/strapi/uploads/zolotaya_balka_pink_sira_rozovoe_suhoe_13_81a00fb2ab.webp,zolotaya-balka-pink-sira-rozovoe-suhoe-13,detect
dataset/uploads_root/prod-svoe-vino-strapi/prod-svoe-vino/strapi/uploads/oleg_repin_pinot_blanc_pino_blan_beloe_suhoe_13_2610f35c83.webp,oleg-repin-pinot-blanc-pino-blan-beloe-suhoe-13,detect
dataset/uploads_root/prod-svoe-vino-strapi/prod-svoe-vino/strapi/uploads/andryus_yutsis_pinot_grigio_pino_gri_beloe_suhoe_125_62e4b88fbe.webp,andryus-yutsis-pinot-grigio-pino-gri-beloe-suhoe-125,detect
dataset/uploads_root/prod-svoe-vino-strapi/prod-svoe-vino/strapi/uploads/belmas_winery_pinot_gris_belmas_pino_gri_beloe_suhoe_122_1fe1641b7c.webp,belmas-winery-pinot-gris-belmas-pino-gri-beloe-suhoe-122,detect
dataset/uploads_root/prod-svoe-vino-strapi/prod-svoe-vino/strapi/uploads/chteau_le_grand_vostock_pinot_gris_reserve_pino_gri_beloe_suhoe_135_92e725d8d8.webp,chteau-le-grand-vostock-pinot-gris-reserve-pino-gri-beloe-suhoe-135,detect
dataset/uploads_root/prod-svoe-vino-strapi/prod-svoe-vino/strapi/uploads/chteau_le_grand_vostock_pinot_gris_rose_reserve_pino_gri_rozovoe_suhoe_14_7accd7f3e7.webp,chteau-le-grand-vostock-pinot-gris-rose-reserve-pino-gri-rozovoe-suhoe-14,detect
dataset/uploads_root/prod-svoe-vino-strapi/prod-svoe-vino/strapi/uploads/oleg_repin_pinot_noir_pino_nuar_krasnoe_suhoe_135_f18d6b415e.webp,oleg-repin-pinot-noir-pino-nuar-krasnoe-suhoe-135,detect
dataset/uploads_root/prod-svoe-vino-strapi/prod-svoe-vino/strapi/uploads/ferrum_winery_pinot_noir_pino_nuar_rozovoe_suhoe_13_a5380de052.webp,ferrum-winery-pinot-noir-pino-nuar-rozovoe-suhoe-13,detect
dataset/uploads_root/prod-svoe-vino-strapi/prod-svoe-vino/strapi/uploads/usadba_divnomorskoe_pinot_noir_pino_nuar_krasnoe_suhoe_12_6b0fcd6e22.webp,usadba-divnomorskoe-pinot-noir-pino-nuar-krasnoe-suhoe-12,detect
dataset/uploads_root/prod-svoe-vino-strapi/prod-svoe-vino/strapi/uploads/IMG_20250829_WA_0033_1_aa1d35a672.webp,pinot-noir-2024-one-barrel-by-dmitry-maslov-pino-nuar-2024-uan-barrel-dmitrij-maslov,detect
dataset/uploads_root/prod-svoe-vino-strapi/prod-svoe-vino/strapi/uploads/domaine_lipko_pinot_noir_domaine_lipko_pino_nuar_krasnoe_suhoe_133_a7c8791c9f.webp,domaine-lipko-pinot-noir-domaine-lipko-pino-nuar-krasnoe-suhoe-133,detect
dataset/uploads_root/prod-svoe-vino-strapi/prod-svoe-vino/strapi/uploads/chteau_le_grand_vostock_pinot_noir_reserve_pino_nuar_krasnoe_suhoe_135_06d37ba366.webp,chteau-le-grand-vostock-pinot-noir-reserve-pino-nuar-krasnoe-suhoe-135,detect
dataset/uploads_root/prod-svoe-vino-strapi/prod-svoe-vino/strapi/uploads/oleg_repin_pinot_noir_v_pino_nuar_krasnoe_suhoe_125_445677a47f.webp,oleg-repin-pinot-noir-v-pino-nuar-krasnoe-suhoe-125,detect
dataset/uploads_root/prod-svoe-vino-strapi/prod-svoe-vino/strapi/uploads/belmas_winery_pn_pino_nuar_krasnoe_suhoe_135_f23c819c6d.webp,belmas-winery-pn-pino-nuar-krasnoe-suhoe-135,detect
dataset/uploads_root/prod-svoe-vino-strapi/prod-svoe-vino/strapi/uploads/massandra_premium_sangiovese_sandzhoveze_krasnoe_suhoe_13_9ec620eaff.webp,massandra-premium-sangiovese-sandzhoveze-krasnoe-suhoe-13,detect
dataset/uploads_root/prod-svoe-vino-strapi/prod-svoe-vino/strapi/uploads/fanagoriya_primum_alveus_blanc_de_blancs_2017_shardone_igristoe_bryut_beloe_12_1cb2145fb9.webp,fanagoriya-primum-alveus-blanc-de-blancs-2017-shardone-igristoe-bryut-beloe-12,detect
dataset/uploads_root/prod-svoe-vino-strapi/prod-svoe-vino/strapi/uploads/fanagoriya_primum_alveus_blanc_de_blancs_ekstra_bryut_2019_shardone_beloe_11_13_8a2416fff5.webp,fanagoriya-primum-alveus-blanc-de-blancs-ekstra-bryut-2019-shardone-beloe-11-13,detect
dataset/uploads_root/prod-svoe-vino-strapi/prod-svoe-vino/strapi/uploads/fanagoriya_primum_alveus_brut_2014_shardone_igristoe_bryut_beloe_12_9cc32014b2.webp,fanagoriya-primum-alveus-brut-2014-shardone-igristoe-bryut-beloe-12,detect
dataset/uploads_root/prod-svoe-vino-strapi/prod-svoe-vino/strapi/uploads/fanagoriya_primum_alveus_brut_2016_shardone_igristoe_bryut_beloe_12_003b2ef29a.webp,fanagoriya-primum-alveus-brut-2016-shardone-igristoe-bryut-beloe-12,detect
dataset/uploads_root/prod-svoe-vino-strapi/prod-svoe-vino/strapi/uploads/fanagoriya_primum_alveus_brut_2017_shardone_igristoe_bryut_beloe_12_40dd626204.webp,fanagoriya-primum-alveus-brut-2017-shardone-igristoe-bryut-beloe-12,detect
dataset/uploads_root/prod-svoe-vino-strapi/prod-svoe-vino/strapi/uploads/fanagoriya_primum_alveus_extra_brut_2014_pino_nuar_beloe_bryut_12_06194497ba.webp,fanagoriya-primum-alveus-extra-brut-2014-pino-nuar-beloe-bryut-12,detect
dataset/uploads_root/prod-svoe-vino-strapi/prod-svoe-vino/strapi/uploads/fanagoriya_primum_alveus_extra_brut_2016_shardone_beloe_bryut_12_b865355639.webp,fanagoriya-primum-alveus-extra-brut-2016-shardone-beloe-bryut-12,detect
dataset/uploads_root/prod-svoe-vino-strapi/prod-svoe-vino/strapi/uploads/fanagoriya_primum_alveus_extra_brut_rose_2014_pino_nuar_rozovoe_bryut_12_05917c9a77.webp,fanagoriya-primum-alveus-extra-brut-rose-2014-pino-nuar-rozovoe-bryut-12,detect
dataset/uploads_root/prod-svoe-vino-strapi/prod-svoe-vino/strapi/uploads/fanagoriya_primum_alveus_blanc_de_noirs_meunier_ekstra_bryut_2019_mene_beloe_11_13_5e42a8faca.webp,fanagoriya-primum-alveus-blanc-de-noirs-meunier-ekstra-bryut-2019-mene-beloe-11-13,detect
dataset/uploads_root/prod-svoe-vino-strapi/prod-svoe-vino/strapi/uploads/fanagoriya_primum_alveus_brut_2021_shardone_beloe_bryut_11_13_0f4e9e5d49.webp,fanagoriya-primum-alveus-brut-2021-shardone-beloe-bryut-11-13,detect
dataset/uploads_root/prod-svoe-vino-strapi/prod-svoe-vino/strapi/uploads/fanagoriya_primum_alveus_bryut_2019_pino_nuar_igristoe_bryut_rozovoe_11_13_85e68acaf3.webp,fanagoriya-primum-alveus-bryut-2019-pino-nuar-igristoe-bryut-rozovoe-11-13,detect
dataset/uploads_root/prod-svoe-vino-strapi/prod-svoe-vino/strapi/uploads/fanagoriya_primum_alveus_ekstra_bryut_2017_pino_nuar_beloe_11_13_278cb95a09.webp,fanagoriya-primum-alveus-ekstra-bryut-2017-pino-nuar-beloe-11-13,detect
dataset/uploads_root/prod-svoe-vino-strapi/prod-svoe-vino/strapi/uploads/PURITY_Chenin_Blanc_no_bg_preview_carve_photos_7cc1a42466.webp,aya-organic-wine-vineyards-purity-in-chenin-blanc-shenen-blan-beloe-suhoe-11,detect
dataset/uploads_root/prod-svoe-vino-strapi/prod-svoe-vino/strapi/uploads/aya_organic_wine_vineyards_purity_in_merlot_merlo_rozovoe_suhoe_134_9e5858ac67.webp,aya-organic-wine-vineyards-purity-in-merlot-merlo-rozovoe-suhoe-134,detect
dataset/uploads_root/prod-svoe-vino-strapi/prod-svoe-vino/strapi/uploads/aya_organic_wine_vineyards_purity_in_syrah_sira_krasnoe_suhoe_146_1d4164b8db.webp,aya-organic-wine-vineyards-purity-in-syrah-sira-krasnoe-suhoe-146,detect
dataset/uploads_root/prod-svoe-vino-strapi/prod-svoe-vino/strapi/uploads/aya_organic_wine_vineyards_purity_in_syrah_sira_rozovoe_suhoe_132_56159ed421.webp,aya-organic-wine-vineyards-purity-in-syrah-sira-rozovoe-suhoe-132,detect
dataset/uploads_root/prod-svoe-vino-strapi/prod-svoe-vino/strapi/uploads/aya_organic_wine_vineyards_purity_in_trinity_pino_nuar_rozovoe_suhoe_13_a16516170d.webp,aya-organic-wine-vineyards-purity-in-trinity-pino-nuar-rozovoe-suhoe-13,detect
dataset/uploads_root/prod-svoe-vino-strapi/prod-svoe-vino/strapi/uploads/fanagoriya_q_blanc_sovinon_blan_beloe_suhoe_14_0f9d610da3.webp,fanagoriya-q-blanc-sovinon-blan-beloe-suhoe-14,detect
dataset/uploads_root/prod-svoe-vino-strapi/prod-svoe-vino/strapi/uploads/fanagoriya_q_bordeaux_blend_kaberne_sovinon_krasnoe_suhoe_135_ab9142098e.webp,fanagoriya-q-bordeaux-blend-kaberne-sovinon-krasnoe-suhoe-135,detect
dataset/uploads_root/prod-svoe-vino-strapi/prod-svoe-vino/strapi/uploads/vinodelnya_myshako_quintessence_brut_vione_igristoe_bryut_beloe_115_31a5f96a86.webp,vinodelnya-myshako-quintessence-brut-vione-beloe-bryut-115,detect
dataset/uploads_root/prod-svoe-vino-strapi/prod-svoe-vino/strapi/uploads/vinodelnya_myshako_quintessence_brut_muskat_muskat_belyy_igristoe_bryut_beloe_12_b16de08f25.webp,vinodelnya-myshako-quintessence-brut-muskat-muskat-belyy-beloe-bryut-12,detect
dataset/uploads_root/prod-svoe-vino-strapi/prod-svoe-vino/strapi/uploads/vinodelnya_myshako_quintessence_new_generation_brut_white_shardone_igristoe_bryut_beloe_11_a6ff8c556a.webp,vinodelnya-myshako-quintessence-new-generation-brut-white-shardone-beloe-bryut-11,detect
dataset/uploads_root/prod-svoe-vino-strapi/prod-svoe-vino/strapi/uploads/vinodelnya_myshako_quintessence_new_generation_semi_dry_rose_pino_nuar_igristoe_polusuhoe_rozovoe_11_541c16ca91.webp,vinodelnya-myshako-quintessence-new-generation-semi-dry-rose-pino-nuar-rozovoe-polusuhoe-11,detect
dataset/uploads_root/prod-svoe-vino-strapi/prod-svoe-vino/strapi/uploads/vinodelnya_myshako_quintessence_new_generation_semi_sweet_white_vione_igristoe_polusladkoe_beloe_11_c6dcae8001.webp,vinodelnya-myshako-quintessence-new-generation-semi-sweet-white-vione-beloe-polusladkoe-11,detect
dataset/uploads_root/prod-svoe-vino-strapi/prod-svoe-vino/strapi/uploads/vinodelnya_myshako_quintessence_new_generation_zinfandel_igristoe_polusuhoe_rozovoe_115_bc21ec7a08.webp,vinodelnya-myshako-quintessence-new-generation-zinfandel-rozovoe-polusuhoe-115,detect
dataset/uploads_root/prod-svoe-vino-strapi/prod-svoe-vino/strapi/uploads/vinodelnya_myshako_quintessence_new_generation_risling_zekt_igristoe_bryut_beloe_125_0d819f0e8f.webp,vinodelnya-myshako-quintessence-new-generation-risling-zekt-beloe-bryut-125,detect
dataset/uploads_root/prod-svoe-vino-strapi/prod-svoe-vino/strapi/uploads/vinodelnya_myshako_quintessence_new_generation_sovinon_blan_beloe_suhoe_122_c45916b311.webp,vinodelnya-myshako-quintessence-new-generation-sovinon-blan-beloe-suhoe-122,detect
dataset/uploads_root/prod-svoe-vino-strapi/prod-svoe-vino/strapi/uploads/vinodelnya_myshako_quintessence_new_generation_tempranilo_krasnoe_suhoe_134_ca0ba5c298.webp,vinodelnya-myshako-quintessence-new-generation-tempranilo-krasnoe-suhoe-134,detect
dataset/uploads_root/prod-svoe-vino-strapi/prod-svoe-vino/strapi/uploads/vinodelnya_myshako_quintessence_reserve_pino_nuar_krasnoe_suhoe_148_cda292ea6f.webp,vinodelnya-myshako-quintessence-reserve-pino-nuar-krasnoe-suhoe-148,detect
dataset/uploads_root/prod-svoe-vino-strapi/prod-svoe-vino/strapi/uploads/vinodelnya_myshako_quintessence_reserve_risling_krasnoe_suhoe_131_b1c7ca6a8c.webp,vinodelnya-myshako-quintessence-reserve-risling-krasnoe-suhoe-131,detect
dataset/uploads_root/prod-svoe-vino-strapi/prod-svoe-vino/strapi/uploads/vinodelnya_myshako_quintessence_shtorm_merlo_krasnoe_sladkoe_147_6c9e12b5a1.webp,vinodelnya-myshako-quintessence-shtorm-merlo-krasnoe-sladkoe-147,detect
dataset/uploads_root/prod-svoe-vino-strapi/prod-svoe-vino/strapi/uploads/vinodelnya_myshako_quintessence_storm_pino_nuar_beloe_suhoe_128_3105847c34.webp,vinodelnya-myshako-quintessence-storm-pino-nuar-beloe-suhoe-128,detect
dataset/uploads_root/prod-svoe-vino-strapi/prod-svoe-vino/strapi/uploads/vinodelnya_myshako_quintessence_storm_shiraz_krasnoe_polusuhoe_15_ac3fdf4813.webp,vinodelnya-myshako-quintessence-storm-shiraz-krasnoe-polusuhoe-15,detect
dataset/uploads_root/prod-svoe-vino-strapi/prod-svoe-vino/strapi/uploads/vinodelnya_myshako_quintessence_new_generation_kaberne_fran_krasnoe_suhoe_145_bc712f73ef.webp,vinodelnya-myshako-quintessence-new-generation-kaberne-fran-krasnoe-suhoe-145,detect
dataset/uploads_root/prod-svoe-vino-strapi/prod-svoe-vino/strapi/uploads/vinodelnya_myshako_quintessence_aligote_beloe_suhoe_128_e122429861.webp,vinodelnya-myshako-quintessence-aligote-beloe-suhoe-128,detect
dataset/uploads_root/prod-svoe-vino-strapi/prod-svoe-vino/strapi/uploads/vinodelnya_myshako_quintessence_blaufrankish_igristoe_bryut_rozovoe_115_44d51328f7.webp,vinodelnya-myshako-quintessence-blaufrankish-rozovoe-bryut-115,detect
dataset/uploads_root/prod-svoe-vino-strapi/prod-svoe-vino/strapi/uploads/vinodelnya_myshako_quintessence_vione_beloe_suhoe_128_96e47d89e8.webp,vinodelnya-myshako-quintessence-vione-beloe-suhoe-128,detect
dataset/uploads_root/prod-svoe-vino-strapi/prod-svoe-vino/strapi/uploads/vinodelnya_myshako_quintessence_gevyurtstraminer_beloe_suhoe_128_2bf3d48221.webp,vinodelnya-myshako-quintessence-gevyurtstraminer-beloe-suhoe-128,detect
dataset/uploads_root/prod-svoe-vino-strapi/prod-svoe-vino/strapi/uploads/vinodelnya_myshako_quintessence_zinfandel_krasnoe_suhoe_155_1a803d0d96.webp,vinodelnya-myshako-quintessence-zinfandel-krasnoe-suhoe-155,detect
dataset/uploads_root/prod-svoe-vino-strapi/prod-svoe-vino/strapi/uploads/vinodelnya_myshako_quintessence_kaberne_sovinon_ripasso_krasnoe_suhoe_152_501be80695.webp,vinodelnya-myshako-quintessence-kaberne-sovinon-ripasso-krasnoe-suhoe-152,detect
dataset/uploads_root/prod-svoe-vino-strapi/prod-svoe-vino/strapi/uploads/vinodelnya_myshako_quintessence_karmener_krasnoe_suhoe_146_199914a91b.webp,vinodelnya-myshako-quintessence-karmener-krasnoe-suhoe-146,detect
dataset/uploads_root/prod-svoe-vino-strapi/prod-svoe-vino/strapi/uploads/vinodelnya_myshako_quintessence_sovinon_blan_bryut_igristoe_bryut_beloe_115_ac2559da70.webp,vinodelnya-myshako-quintessence-sovinon-blan-bryut-beloe-115,detect
dataset/uploads_root/prod-svoe-vino-strapi/prod-svoe-vino/strapi/uploads/usadba_divnomorskoe_rebo_rebo_krasnoe_suhoe_165_74916357cf.webp,usadba-divnomorskoe-rebo-rebo-krasnoe-suhoe-165,detect
dataset/uploads_root/prod-svoe-vino-strapi/prod-svoe-vino/strapi/uploads/golubitskoe_estate_red_blend_kaberne_sovinon_krasnoe_suhoe_136_29c2847d36.webp,golubitskoe-estate-red-blend-kaberne-sovinon-krasnoe-suhoe-136,detect
dataset/uploads_root/prod-svoe-vino-strapi/prod-svoe-vino/strapi/uploads/esse_ridicule_sira_krasnoe_suhoe_125_6a621251f5.webp,esse-ridicule-sira-krasnoe-suhoe-125,detect
dataset/uploads_root/prod-svoe-vino-strapi/prod-svoe-vino/strapi/uploads/oleg_repin_riesling_risling_beloe_suhoe_125_62d1596c3a.webp,oleg-repin-riesling-risling-beloe-suhoe-125,detect
dataset/uploads_root/prod-svoe-vino-strapi/prod-svoe-vino/strapi/uploads/ferrum_winery_riesling_risling_reynskiy_beloe_suhoe_11_9421a33d82.webp,ferrum-winery-riesling-risling-reynskiy-beloe-suhoe-11,detect
dataset/uploads_root/prod-svoe-vino-strapi/prod-svoe-vino/strapi/uploads/vibes_riesling_silvaner_risling_beloe_suhoe_115_a7230a5536.webp,vibes-riesling-silvaner-risling-beloe-suhoe-115,detect
dataset/uploads_root/prod-svoe-vino-strapi/prod-svoe-vino/strapi/uploads/belmas_winery_riesling_belmas_risling_beloe_suhoe_135_f64f3944b9.webp,belmas-winery-riesling-belmas-risling-beloe-suhoe-135,detect
dataset/uploads_root/prod-svoe-vino-strapi/prod-svoe-vino/strapi/uploads/belmas_winery_riesling_katya_risling_beloe_suhoe_12_f09b143381.webp,belmas-winery-riesling-katya-risling-beloe-suhoe-12,detect
dataset/uploads_root/prod-svoe-vino-strapi/prod-svoe-vino/strapi/uploads/belmas_winery_riesling_katya_belmas_risling_beloe_suhoe_125_43237968a1.webp,belmas-winery-riesling-katya-belmas-risling-beloe-suhoe-125,detect
dataset/uploads_root/prod-svoe-vino-strapi/prod-svoe-vino/strapi/uploads/domaine_lipko_riesling_m_domaine_lipko_risling_beloe_suhoe_102_aac6eaf2b0.webp,domaine-lipko-riesling-m-domaine-lipko-risling-beloe-suhoe-102,detect
dataset/uploads_root/prod-svoe-vino-strapi/prod-svoe-vino/strapi/uploads/Shardone_no_bg_preview_carve_photos_807a0bdba0.webp,riesling-dva-petra-2022,detect
dataset/uploads_root/prod-svoe-vino-strapi/prod-svoe-vino/strapi/uploads/Riesling_2024_562c7e3226.webp,riesling,detect
dataset/uploads_root/prod-svoe-vino-strapi/prod-svoe-vino/strapi/uploads/usadba_divnomorskoe_rose_vione_rozovoe_suhoe_125_cc6f84dbad.webp,usadba-divnomorskoe-rose-vione-rozovoe-suhoe-125,detect
dataset/uploads_root/prod-svoe-vino-strapi/prod-svoe-vino/strapi/uploads/esse_rose_sira_rozovoe_suhoe_12_f4150d71ea.webp,esse-rose-sira-rozovoe-suhoe-12,detect
dataset/uploads_root/prod-svoe-vino-strapi/prod-svoe-vino/strapi/uploads/oleg_repin_roze_oleg_repin_sira_rozovoe_suhoe_13_a34988dd8f.webp,rose-roze-oleg-repin,detect
dataset/uploads_root/prod-svoe-vino-strapi/prod-svoe-vino/strapi/uploads/esse_rose_cuvee_prestige_pino_nuar_igristoe_bryut_rozovoe_13_606b304d1d.webp,esse-rose-cuvee-prestige-pino-nuar-rozovoe-bryut-13,detect
dataset/uploads_root/prod-svoe-vino-strapi/prod-svoe-vino/strapi/uploads/esse_rose_cuvee_prestige_pino_nuar_igristoe_bryut_rozovoe_115_725db31aa4.webp,esse-rose-cuvee-prestige-pino-nuar-rozovoe-bryut-115,detect
dataset/uploads_root/prod-svoe-vino-strapi/prod-svoe-vino/strapi/uploads/vinogradniki_gay_kodzora_rose_cuvee_prestige_de_gai_kodzor_murvedr_rozovoe_suhoe_13_fd29618965.webp,vinogradniki-gay-kodzora-rose-cuvee-prestige-de-gai-kodzor-murvedr-rozovoe-suhoe-13,detect
dataset/uploads_root/prod-svoe-vino-strapi/prod-svoe-vino/strapi/uploads/vinogradniki_gay_kodzora_rose_de_gai_kodzor_grenash_rozovoe_suhoe_125_c757714c6a.webp,vinogradniki-gay-kodzora-rose-de-gai-kodzor-grenash-rozovoe-suhoe-125,detect
dataset/uploads_root/prod-svoe-vino-strapi/prod-svoe-vino/strapi/uploads/vinodelnya_myshako_rose_de_noirs_pino_nuar_igristoe_bryut_rozovoe_123_5383668bd3.webp,vinodelnya-myshako-rose-de-noirs-pino-nuar-rozovoe-bryut-123,detect
dataset/uploads_root/prod-svoe-vino-strapi/prod-svoe-vino/strapi/uploads/fanagoriya_rose_kaberne_sovinon_rozovoe_polusuhoe_13_93945d7963.webp,fanagoriya-rose-kaberne-sovinon-rozovoe-polusuhoe-13,detect
dataset/uploads_root/prod-svoe-vino-strapi/prod-svoe-vino/strapi/uploads/fanagoriya_rose_kaberne_fran_rozovoe_suhoe_13_516a037cf7.webp,fanagoriya-rose-kaberne-fran-rozovoe-suhoe-13,detect
dataset/uploads_root/prod-svoe-vino-strapi/prod-svoe-vino/strapi/uploads/fanagoriya_rose_saperavi_rozovoe_polusuhoe_125_79cbdac8e3.webp,fanagoriya-rose-saperavi-rozovoe-polusuhoe-125,detect
dataset/uploads_root/prod-svoe-vino-strapi/prod-svoe-vino/strapi/uploads/vinodelnya_myshako_rouge_de_noirs_merlo_igristoe_bryut_krasnoe_13_3e3fa77db7.webp,vinodelnya-myshako-rouge-de-noirs-merlo-krasnoe-bryut-13,detect
dataset/uploads_root/prod-svoe-vino-strapi/prod-svoe-vino/strapi/uploads/fanagoriya_rs_noir_saperavi_krasnoe_polusladkoe_125_9b8002f11a.webp,fanagoriya-rs-noir-saperavi-krasnoe-polusladkoe-125,detect
dataset/uploads_root/prod-svoe-vino-strapi/prod-svoe-vino/strapi/uploads/valeriy_zaharin_rubedo_reserve_merlo_krasnoe_suhoe_13_bb611a1ce9.webp,valeriy-zaharin-rubedo-reserve-merlo-krasnoe-suhoe-13,detect
dataset/uploads_root/prod-svoe-vino-strapi/prod-svoe-vino/strapi/uploads/Ruby_b440528e42.webp,ruby,detect
dataset/uploads_root/prod-svoe-vino-strapi/prod-svoe-vino/strapi/uploads/Sacrum_belyj_bryut_c4c2d14bf4.webp,sacrum-bryut-beloe,detect
dataset/uploads_root/prod-svoe-vino-strapi/prod-svoe-vino/strapi/uploads/sacrum_rose_9a0538280a.webp,sacrum-bryut-rozovoe,detect
dataset/uploads_root/prod-svoe-vino-strapi/prod-svoe-vino/strapi/uploads/stn_winery_saignee_sira_rozovoe_suhoe_125_9dbf566ca7.webp,stn-winery-saignee-sira-rozovoe-suhoe-125,detect
dataset/uploads_root/prod-svoe-vino-strapi/prod-svoe-vino/strapi/uploads/esse_sangiovese_sandzhoveze_krasnoe_suhoe_135_cc1e0cdca2.webp,esse-sangiovese-sandzhoveze-krasnoe-suhoe-135,detect
dataset/uploads_root/prod-svoe-vino-strapi/prod-svoe-vino/strapi/uploads/ferrum_winery_saperavi_saperavi_krasnoe_suhoe_12_38db68708e.webp,ferrum-winery-saperavi-saperavi-krasnoe-suhoe-12,detect
dataset/uploads_root/prod-svoe-vino-strapi/prod-svoe-vino/strapi/uploads/oleg_repin_saperavisaperavi_carbonica_krasnoe_suhoe_13_157a571df2.webp,oleg-repin-saperavi-carbonica-saperavi-krasnoe-suhoe-13,detect
dataset/uploads_root/prod-svoe-vino-strapi/prod-svoe-vino/strapi/uploads/fanagoriya_saqra_saperavi_krasnoe_suhoe_vyderzhannoe_135_2bf601b1e4.webp,fanagoriya-saqra-saperavi-krasnoe-suhoe-135,detect
dataset/uploads_root/prod-svoe-vino-strapi/prod-svoe-vino/strapi/uploads/chteau_le_grand_vostock_sauvignon_blanc_sovinon_blan_beloe_suhoe_14_1d0d531b62.webp,chteau-le-grand-vostock-sauvignon-blanc-sovinon-blan-beloe-suhoe-14,detect
dataset/uploads_root/prod-svoe-vino-strapi/prod-svoe-vino/strapi/uploads/belmas_winery_sauvignon_blanc_belmas_sovinon_blan_beloe_suhoe_13_8043c6c433.webp,belmas-winery-sauvignon-blanc-belmas-sovinon-blan-beloe-suhoe-13,detect
dataset/uploads_root/prod-svoe-vino-strapi/prod-svoe-vino/strapi/uploads/vinogradniki_gay_kodzora_sauvignon_blanc_de_ga_kodzor_sovinon_blan_beloe_suhoe_12_b968e9c060.webp,vinogradniki-gay-kodzora-sauvignon-blanc-de-ga-kodzor-sovinon-blan-beloe-suhoe-12,detect
dataset/uploads_root/prod-svoe-vino-strapi/prod-svoe-vino/strapi/uploads/domaine_lipko_sauvignon_blanc_domaine_lipko_sovinon_blan_beloe_suhoe_118_3466c4862b.webp,domaine-lipko-sauvignon-blanc-domaine-lipko-sovinon-blan-beloe-suhoe-118,detect
dataset/uploads_root/prod-svoe-vino-strapi/prod-svoe-vino/strapi/uploads/belmas_winery_sauvignon_blanc_katya_sovinon_blan_beloe_suhoe_115_f45cba05c3.webp,belmas-winery-sauvignon-blanc-katya-sovinon-blan-beloe-suhoe-115,detect
dataset/uploads_root/prod-svoe-vino-strapi/prod-svoe-vino/strapi/uploads/belmas_winery_sauvignon_blanc_katya_belmas_sovinon_blan_beloe_suhoe_115_0d366fd128.webp,belmas-winery-sauvignon-blanc-katya-belmas-sovinon-blan-beloe-suhoe-115,detect
dataset/uploads_root/prod-svoe-vino-strapi/prod-svoe-vino/strapi/uploads/chteau_le_grand_vostock_sauvignon_blanc_reserve_sovinon_blan_beloe_suhoe_14_76f3ec9fa3.webp,chteau-le-grand-vostock-sauvignon-blanc-reserve-sovinon-blan-beloe-suhoe-14,detect
dataset/uploads_root/prod-svoe-vino-strapi/prod-svoe-vino/strapi/uploads/vinogradniki_gay_kodzora_semillion_de_gai_kodzor_semilon_beloe_sladkoe_12_61091f4885.webp,vinogradniki-gay-kodzora-semillion-de-gai-kodzor-semilon-beloe-sladkoe-12,detect
dataset/uploads_root/prod-svoe-vino-strapi/prod-svoe-vino/strapi/uploads/vinodelnya_myshako_sesto_senso_tropicheskiy_vzryv_gevyurtstraminer_beloe_suhoe_12_a6df063535.webp,vinodelnya-myshako-sesto-senso-tropicheskiy-vzryv-gevyurtstraminer-beloe-suhoe-12,detect
dataset/uploads_root/prod-svoe-vino-strapi/prod-svoe-vino/strapi/uploads/vinodelnya_myshako_sesto_senso_tropicheskiy_vzryv_sovinon_blan_beloe_suhoe_12_d33e41aa16.webp,vinodelnya-myshako-sesto-senso-tropicheskiy-vzryv-sovinon-blan-beloe-suhoe-12,detect
dataset/uploads_root/prod-svoe-vino-strapi/prod-svoe-vino/strapi/uploads/vinodelnya_myshako_sesto_senso_fruktovyy_vzryv_kaberne_sovinon_krasnoe_suhoe_155_1cdb10e46e.webp,vinodelnya-myshako-sesto-senso-fruktovyy-vzryv-kaberne-sovinon-krasnoe-suhoe-155,detect
dataset/uploads_root/prod-svoe-vino-strapi/prod-svoe-vino/strapi/uploads/vinodelnya_myshako_sesto_senso_yagodnyy_vzryv_merlo_rozovoe_suhoe_122_fe6bf47e82.webp,vinodelnya-myshako-sesto-senso-yagodnyy-vzryv-merlo-rozovoe-suhoe-122,detect
dataset/uploads_root/prod-svoe-vino-strapi/prod-svoe-vino/strapi/uploads/vibes_silvaner_silvaner_beloe_suhoe_125_9bbc7b9ebe.webp,vibes-silvaner-silvaner-beloe-suhoe-125,detect
dataset/uploads_root/prod-svoe-vino-strapi/prod-svoe-vino/strapi/uploads/fanagoriya_solera_moscatel_oro_muskat_ottonel_beloe_suhoe_16_9b53f1b676.webp,fanagoriya-solera-moscatel-oro-muskat-ottonel-beloe-suhoe-16,detect
dataset/uploads_root/prod-svoe-vino-strapi/prod-svoe-vino/strapi/uploads/fanagoriya_solera_porto_negro_saperavi_krasnoe_suhoe_15_da8532cb52.webp,fanagoriya-solera-porto-negro-saperavi-krasnoe-suhoe-15,detect
dataset/uploads_root/prod-svoe-vino-strapi/prod-svoe-vino/strapi/uploads/fanagoriya_solera_rkatsiteli_ambra_rkatsiteli_beloe_suhoe_15_e7d1b39f59.webp,fanagoriya-solera-rkatsiteli-ambra-rkatsiteli-beloe-suhoe-15,detect
dataset/uploads_root/prod-svoe-vino-strapi/prod-svoe-vino/strapi/uploads/fanagoriya_solera_saperavi_ruby_saperavi_krasnoe_suhoe_16_12e48bf206.webp,fanagoriya-solera-saperavi-ruby-saperavi-krasnoe-suhoe-16,detect
dataset/uploads_root/prod-svoe-vino-strapi/prod-svoe-vino/strapi/uploads/inkermanskiy_zmv_special_reserve_rkatsiteli_beloe_suhoe_vyderzhannoe_13_0f63a24569.webp,inkermanskiy-zmv-special-reserve-rkatsiteli-beloe-suhoe-13,detect
dataset/uploads_root/prod-svoe-vino-strapi/prod-svoe-vino/strapi/uploads/abrau_dyurso_spumante_bryut_roze_shardone_igristoe_bryut_rozovoe_12_36f26aa26f.webp,abrau-dyurso-spumante-bryut-roze-shardone-rozovoe-12,detect
dataset/uploads_root/prod-svoe-vino-strapi/prod-svoe-vino/strapi/uploads/fanagoriya_sur_lie_chardonnay_shardone_beloe_suhoe_135_03450c562d.webp,fanagoriya-sur-lie-chardonnay-shardone-beloe-suhoe-135,detect
dataset/uploads_root/prod-svoe-vino-strapi/prod-svoe-vino/strapi/uploads/fanagoriya_sur_lie_clairet_saperavi_krasnoe_suhoe_13_793f3ddcad.webp,fanagoriya-sur-lie-clairet-saperavi-krasnoe-suhoe-13,detect
dataset/uploads_root/prod-svoe-vino-strapi/prod-svoe-vino/strapi/uploads/fanagoriya_sur_lie_vi_vi_aligote_beloe_suhoe_125_389d32e07e.webp,fanagoriya-sur-lie-vi-vi-aligote-beloe-suhoe-125,detect
dataset/uploads_root/prod-svoe-vino-strapi/prod-svoe-vino/strapi/uploads/stn_winery_syrah_sira_krasnoe_suhoe_13_6fc188de6e.webp,stn-winery-syrah-sira-krasnoe-suhoe-13,detect
dataset/uploads_root/prod-svoe-vino-strapi/prod-svoe-vino/strapi/uploads/domaine_lipko_syrah_domaine_lipko_sira_krasnoe_suhoe_14_4a737361dc.webp,domaine-lipko-syrah-domaine-lipko-sira-krasnoe-suhoe-14,detect
dataset/uploads_root/prod-svoe-vino-strapi/prod-svoe-vino/strapi/uploads/belmas_winery_syrah_katya_sira_krasnoe_suhoe_125_63523e8e71.webp,belmas-winery-syrah-katya-sira-krasnoe-suhoe-125,detect
dataset/uploads_root/prod-svoe-vino-strapi/prod-svoe-vino/strapi/uploads/belmas_winery_syrah_katya_belmas_sira_krasnoe_suhoe_125_53ec9045d4.webp,belmas-winery-syrah-katya-belmas-sira-krasnoe-suhoe-125,detect
dataset/uploads_root/prod-svoe-vino-strapi/prod-svoe-vino/strapi/uploads/Tamara_22_9ef262fd0c.webp,tamara-2022,detect
dataset/uploads_root/prod-svoe-vino-strapi/prod-svoe-vino/strapi/uploads/Tamara_23_6f3b7dd41c.webp,tamara,detect
dataset/uploads_root/prod-svoe-vino-strapi/prod-svoe-vino/strapi/uploads/vinogradniki_gay_kodzora_terroir_blanc_de_ga_kodzor_semilon_beloe_suhoe_13_e642b358c7.webp,vinogradniki-gay-kodzora-terroir-blanc-de-ga-kodzor-semilon-beloe-suhoe-13,detect
dataset/uploads_root/prod-svoe-vino-strapi/prod-svoe-vino/strapi/uploads/vinogradniki_gay_kodzora_terroir_de_gai_kodzor_sira_krasnoe_suhoe_14_f2d3a63dff.webp,vinogradniki-gay-kodzora-terroir-de-gai-kodzor-sira-krasnoe-suhoe-14,detect
dataset/uploads_root/prod-svoe-vino-strapi/prod-svoe-vino/strapi/uploads/vinogradniki_gay_kodzora_terroir_red_klyon_de_ga_kodzor_sira_krasnoe_suhoe_14_715bb0e9f8.webp,vinogradniki-gay-kodzora-terroir-red-klyon-de-ga-kodzor-sira-krasnoe-suhoe-14,detect
dataset/uploads_root/prod-svoe-vino-strapi/prod-svoe-vino/strapi/uploads/pomeste_golubitskoe_tte_de_cheval_bryut_risling_reynskiy_igristoe_bryut_beloe_12_2bf0507734.webp,pomeste-golubitskoe-tte-de-cheval-bryut-risling-reynskiy-beloe-12,detect
dataset/uploads_root/prod-svoe-vino-strapi/prod-svoe-vino/strapi/uploads/pomeste_golubitskoe_tte_de_cheval_sladkoe_risling_reynskiy_igristoe_sladkoe_beloe_12_1c2f312bb9.webp,pomeste-golubitskoe-tte-de-cheval-sladkoe-risling-reynskiy-beloe-12,detect
dataset/uploads_root/prod-svoe-vino-strapi/prod-svoe-vino/strapi/uploads/pomeste_golubitskoe_tte_de_cheval_sladkoe_roze_pino_gri_sladkoe_rozovoe_115_f49c737b87.webp,pomeste-golubitskoe-tte-de-cheval-sladkoe-roze-pino-gri-rozovoe-115,detect
dataset/uploads_root/prod-svoe-vino-strapi/prod-svoe-vino/strapi/uploads/pomeste_golubitskoe_tte_de_cheval_blanc_de_blancs_shardone_igristoe_bryut_beloe_12_62b407f781.webp,pomeste-golubitskoe-tte-de-cheval-blanc-de-blancs-shardone-beloe-bryut-12,detect
dataset/uploads_root/prod-svoe-vino-strapi/prod-svoe-vino/strapi/uploads/golubitskoe_estate_tte_de_cheval_blanc_de_blancs_shardone_igristoe_bryut_beloe_12_3e39593da4.webp,golubitskoe-estate-tte-de-cheval-blanc-de-blancs-shardone-beloe-bryut-12,detect
dataset/uploads_root/prod-svoe-vino-strapi/prod-svoe-vino/strapi/uploads/golubitskoe_estate_tte_de_cheval_reserve_risling_igristoe_bryut_beloe_125_35e3a92939.webp,golubitskoe-estate-tte-de-cheval-reserve-risling-beloe-bryut-125,detect
dataset/uploads_root/prod-svoe-vino-strapi/prod-svoe-vino/strapi/uploads/golubitskoe_estate_tte_de_cheval_zero_dosage_ekstra_bryut_sovinon_blan_igristoe_ekstra_bryut_beloe_12_9438066f79.webp,golubitskoe-estate-tte-de-cheval-zero-dosage-ekstra-bryut-sovinon-blan-beloe-12,detect
dataset/uploads_root/prod-svoe-vino-strapi/prod-svoe-vino/strapi/uploads/golubitskoe_estate_tte_de_cheval_bryut_risling_igristoe_bryut_beloe_12_4852fa5a2f.webp,golubitskoe-estate-tte-de-cheval-bryut-risling-beloe-12,detect
dataset/uploads_root/prod-svoe-vino-strapi/prod-svoe-vino/strapi/uploads/golubitskoe_estate_tte_de_chevall_roze_pino_nuar_igristoe_bryut_rozovoe_12_6482e84b25.webp,golubitskoe-estate-tte-de-chevall-roze-pino-nuar-rozovoe-bryut-12,detect
dataset/uploads_root/prod-svoe-vino-strapi/prod-svoe-vino/strapi/uploads/toile_de_vin_cabernet_sauvignon_cfd349369d.webp,toile-de-vin-cabernet-sauvignon,detect
dataset/uploads_root/prod-svoe-vino-strapi/prod-svoe-vino/strapi/uploads/toile_de_vin_chardonnay_cc38e00e9d.webp,toile-de-vin-chardonnay,detect
dataset/uploads_root/prod-svoe-vino-strapi/prod-svoe-vino/strapi/uploads/toile_de_vin_merlot_3d176a2b04.webp,toile-de-vin-merlot,detect
dataset/uploads_root/prod-svoe-vino-strapi/prod-svoe-vino/strapi/uploads/toile_de_vin_pinot_blanc_b7d593d929.webp,toile-de-vin-pinot-blanc,detect
dataset/uploads_root/prod-svoe-vino-strapi/prod-svoe-vino/strapi/uploads/stn_winery_traminer_traminer_beloe_suhoe_13_0a2ba9f4c2.webp,stn-winery-traminer-traminer-beloe-suhoe-13,detect
dataset/uploads_root/prod-svoe-vino-strapi/prod-svoe-vino/strapi/uploads/cu3xjk4e93p2zxvazyl9c3jlidfny9ub_cf6ed0e9b3.webp,uva-vallis-risling,detect
dataset/uploads_root/prod-svoe-vino-strapi/prod-svoe-vino/strapi/uploads/jwfz7urcks7eam5k34zxwku1wxz88kkd_29a9e03cbf.webp,uva-vallis-sira,detect
dataset/uploads_root/prod-svoe-vino-strapi/prod-svoe-vino/strapi/uploads/ww57rzc00l282kwnjykk6sj1jnn3tcz6_bdc12a2c90.webp,uva-vallis-sovinon-blan,detect
dataset/uploads_root/prod-svoe-vino-strapi/prod-svoe-vino/strapi/uploads/0m372xxddqgnu999oy471n1ac1cznhfs_png_356ba741db.webp,uva-vallis-shardone,detect
dataset/uploads_root/prod-svoe-vino-strapi/prod-svoe-vino/strapi/uploads/fanagoriya_velvet_season_risling_beloe_sladkoe_12_3dae247160.webp,fanagoriya-velvet-season-risling-beloe-sladkoe-12,detect
dataset/uploads_root/prod-svoe-vino-strapi/prod-svoe-vino/strapi/uploads/fanagoriya_velvet_season_muskat_ottonel_beloe_sladkoe_13_737d19601c.webp,fanagoriya-velvet-season-muskat-ottonel-beloe-sladkoe-13,detect
dataset/uploads_root/prod-svoe-vino-strapi/prod-svoe-vino/strapi/uploads/vibes_vermentino_viognier_barrel_fermented_vermentino_beloe_suhoe_115_fe273c3a1b.webp,vibes-vermentino-viognier-barrel-fermented-vermentino-beloe-suhoe-115,detect
dataset/uploads_root/prod-svoe-vino-strapi/prod-svoe-vino/strapi/uploads/Vermentino_Viognier_2022_d30e645c2d.webp,vermentino-viognier-2022,detect
dataset/uploads_root/prod-svoe-vino-strapi/prod-svoe-vino/strapi/uploads/agrolayn_vexillum_blanc_de_blancs_shardone_igristoe_bryut_beloe_115_95d59e344a.webp,agrolayn-vexillum-blanc-de-blancs-shardone-beloe-bryut-115,detect
dataset/uploads_root/prod-svoe-vino-strapi/prod-svoe-vino/strapi/uploads/agrolayn_vexillum_blanc_de_noirs_pino_nuar_igristoe_bryut_beloe_12_82c19c7b32.webp,agrolayn-vexillum-blanc-de-noirs-pino-nuar-beloe-bryut-12,detect
dataset/uploads_root/prod-svoe-vino-strapi/prod-svoe-vino/strapi/uploads/belmas_winery_vi_vione_beloe_suhoe_122_30cc36164c.webp,belmas-winery-vi-vione-beloe-suhoe-122,detect
dataset/uploads_root/prod-svoe-vino-strapi/prod-svoe-vino/strapi/uploads/bottle_01_Chardonnay_3f2618d7aa.webp,vibes-chardonnay-barrel-fermented-2021,detect
dataset/uploads_root/prod-svoe-vino-strapi/prod-svoe-vino/strapi/uploads/bottle_07_Glera_c501ac35b9.webp,vibes-glera-col-fondo-2022,detect
dataset/uploads_root/prod-svoe-vino-strapi/prod-svoe-vino/strapi/uploads/bottle_04_Pinot_Grigio_746de452f7.webp,vibes-pinot-grigio-2021,detect
dataset/uploads_root/prod-svoe-vino-strapi/prod-svoe-vino/strapi/uploads/01_Riesling_Silvaner_2022_1_4d11fabbf5.webp,vibes-riesling-silvaner-2022,detect
dataset/uploads_root/prod-svoe-vino-strapi/prod-svoe-vino/strapi/uploads/02_Silvaner_2022_2241743a4e.webp,vibes-silvaner-2022,detect
dataset/uploads_root/prod-svoe-vino-strapi/prod-svoe-vino/strapi/uploads/03_Silvaner_2022_Barrel_Fermented_505ca7243c.webp,vibes-silvaner-barrel-fermented-2022,detect
dataset/uploads_root/prod-svoe-vino-strapi/prod-svoe-vino/strapi/uploads/bottle_06_Silvaner_a23d302323.webp,silvaner-pet-nat-2022,detect
dataset/uploads_root/prod-svoe-vino-strapi/prod-svoe-vino/strapi/uploads/03_Silvaner_2022_Barrel_Fermented_a5aaf46b23.webp,vibes-vermentino-viognier-barrel-fermented-2022,detect
dataset/uploads_root/prod-svoe-vino-strapi/prod-svoe-vino/strapi/uploads/Montepulciano_Cabernet_Franc_Petit_Verdot_2022_a0287de27c.webp,vibes-montepulchano-kaberne-fran-pti-verdo,detect
dataset/uploads_root/prod-svoe-vino-strapi/prod-svoe-vino/strapi/uploads/abrau_dyurso_victor_dravigny_brut_shardone_beloe_bryut_12_4ab7b05e3d.webp,abrau-dyurso-victor-dravigny-brut-shardone-beloe-bryut-12,detect
dataset/uploads_root/prod-svoe-vino-strapi/prod-svoe-vino/strapi/uploads/abrau_dyurso_victor_dravigny_brut_rose_pino_nuar_rozovoe_bryut_12_c7199512eb.webp,abrau-dyurso-victor-dravigny-brut-rose-pino-nuar-rozovoe-bryut-12,detect
dataset/uploads_root/prod-svoe-vino-strapi/prod-svoe-vino/strapi/uploads/abrau_dyurso_victor_dravigny_extra_brut_shardone_beloe_bryut_125_86dc223df3.webp,abrau-dyurso-victor-dravigny-extra-brut-shardone-beloe-bryut-125,detect
dataset/uploads_root/prod-svoe-vino-strapi/prod-svoe-vino/strapi/uploads/abrau_dyurso_victor_dravigny_koshernoe_bryut_shardone_beloe_125_662e4e2b51.webp,abrau-dyurso-victor-dravigny-koshernoe-bryut-shardone-beloe-125,detect
dataset/uploads_root/prod-svoe-vino-strapi/prod-svoe-vino/strapi/uploads/abrau_dyurso_victor_dravigny_krasnoe_polusladkoe_kaberne_sovinon_125_f0e4d2775c.webp,abrau-dyurso-victor-dravigny-krasnoe-polusladkoe-kaberne-sovinon-125,detect
dataset/uploads_root/prod-svoe-vino-strapi/prod-svoe-vino/strapi/uploads/abrau_dyurso_victor_dravigny_polusladkoe_sovinon_blan_beloe_12_ec087df76c.webp,abrau-dyurso-victor-dravigny-polusladkoe-sovinon-blan-beloe-12,detect
dataset/uploads_root/prod-svoe-vino-strapi/prod-svoe-vino/strapi/uploads/abrau_dyurso_victor_dravigny_polusuhoe_pino_blan_beloe_12_7b6de7aca6.webp,abrau-dyurso-victor-dravigny-polusuhoe-pino-blan-beloe-12,detect
dataset/uploads_root/prod-svoe-vino-strapi/prod-svoe-vino/strapi/uploads/belmas_winery_viogner_katya_vione_beloe_suhoe_135_400b1034b7.webp,belmas-winery-viogner-katya-vione-beloe-suhoe-135,detect
dataset/uploads_root/prod-svoe-vino-strapi/prod-svoe-vino/strapi/uploads/belmas_winery_viognier_belmas_vione_beloe_suhoe_122_555561eab4.webp,belmas-winery-viognier-belmas-vione-beloe-suhoe-122,detect
dataset/uploads_root/prod-svoe-vino-strapi/prod-svoe-vino/strapi/uploads/vinogradniki_gay_kodzora_viognier_de_ga_kodzor_vione_beloe_suhoe_125_b8fae3d571.webp,vinogradniki-gay-kodzora-viognier-de-ga-kodzor-vione-beloe-suhoe-125,detect
dataset/uploads_root/prod-svoe-vino-strapi/prod-svoe-vino/strapi/uploads/belmas_winery_viognier_katya_belmas_vione_beloe_suhoe_135_9ae123fee2.webp,belmas-winery-viognier-katya-belmas-vione-beloe-suhoe-135,detect
dataset/uploads_root/prod-svoe-vino-strapi/prod-svoe-vino/strapi/uploads/vivi_no_bg_preview_carve_photos_dc2346510b.webp,viognier-special-reserve,detect
dataset/uploads_root/prod-svoe-vino-strapi/prod-svoe-vino/strapi/uploads/vinodelnya_batrak_vitale_kraft_kaberne_sovinon_krasnoe_suhoe_14_7c5d8749a7.webp,vinodelnya-batrak-vitale-kraft-kaberne-sovinon-krasnoe-suhoe-14,detect
dataset/uploads_root/prod-svoe-vino-strapi/prod-svoe-vino/strapi/uploads/domaine_de_la_vivandiere_vn_beloe_aligote_beloe_suhoe_131_5d98fba99a.webp,domaine-de-la-vivandiere-vn-beloe-aligote-suhoe-131,detect
dataset/uploads_root/prod-svoe-vino-strapi/prod-svoe-vino/strapi/uploads/domaine_de_la_vivandiere_vn_krasnoe_pino_nuar_krasnoe_suhoe_12_22b28437fb.webp,domaine-de-la-vivandiere-vn-krasnoe-pino-nuar-suhoe-12,detect
dataset/uploads_root/prod-svoe-vino-strapi/prod-svoe-vino/strapi/uploads/chteau_le_grand_vostock_vostock_blanc_sovinon_blan_beloe_suhoe_135_5964579dc4.webp,chteau-le-grand-vostock-vostock-blanc-sovinon-blan-beloe-suhoe-135,detect
dataset/uploads_root/prod-svoe-vino-strapi/prod-svoe-vino/strapi/uploads/usadba_divnomorskoe_west_hill_blend_kaberne_sovinon_krasnoe_suhoe_145_4333feb5d3.webp,usadba-divnomorskoe-west-hill-blend-kaberne-sovinon-krasnoe-suhoe-145,detect
dataset/uploads_root/prod-svoe-vino-strapi/prod-svoe-vino/strapi/uploads/domaine_lipko_white_blend_tsitronnyy_magaracha_beloe_suhoe_115_24011764ba.webp,domaine-lipko-white-blend-tsitronnyy-magaracha-beloe-suhoe-115,detect
dataset/uploads_root/prod-svoe-vino-strapi/prod-svoe-vino/strapi/uploads/domaine_lipko_white_blend_muskat_beloe_polusuhoe_12_19ac7b503b.webp,domaine-lipko-white-blend-muskat-beloe-polusuhoe-12,detect
dataset/uploads_root/prod-svoe-vino-strapi/prod-svoe-vino/strapi/uploads/domaine_lipko_white_blend_lipko_muskat_belyy_beloe_polusuhoe_115_0ffe4c6cf6.webp,domaine-lipko-white-blend-lipko-muskat-belyy-beloe-polusuhoe-115,detect
dataset/uploads_root/prod-svoe-vino-strapi/prod-svoe-vino/strapi/uploads/stn_winery_wiess_risling_beloe_suhoe_12_2727c9a721.webp,stn-winery-wiess-risling-beloe-suhoe-12,detect
dataset/uploads_root/prod-svoe-vino-strapi/prod-svoe-vino/strapi/uploads/PU_Sjv7dn_M_Nil_H25_TO_9_Bcb_M8_AKD_4_B2_Y2_Z_Siq4lp0vl_NDQ_1_Im_Kjlu_Vnc_Wpupc0tii_Ai_C0_S_Jlrf_F34yl_QF_Vb_Wx_BQ_6bf5975f02.webp,winemaker-selection,detect
dataset/uploads_root/prod-svoe-vino-strapi/prod-svoe-vino/strapi/uploads/inkermanskiy_zmv_winemakers_selection_saperavi_igristoe_polusladkoe_krasnoe_12_b8254979b2.webp,inkermanskiy-zmv-winemakers-selection-saperavi-krasnoe-polusladkoe-12,detect
dataset/uploads_root/prod-svoe-vino-strapi/prod-svoe-vino/strapi/uploads/golubitskoe_estate_winery_series_pino_nuar_rozovoe_suhoe_115_98c49c99e9.webp,golubitskoe-estate-winery-series-pino-nuar-rozovoe-suhoe-115,detect
dataset/uploads_root/prod-svoe-vino-strapi/prod-svoe-vino/strapi/uploads/golubitskoe_estate_winery_series_risling_reynskiy_beloe_suhoe_125_330c75ae53.webp,golubitskoe-estate-winery-series-risling-reynskiy-beloe-suhoe-125,detect
dataset/uploads_root/prod-svoe-vino-strapi/prod-svoe-vino/strapi/uploads/golubitskoe_estate_winery_series_roze_blend_kaberne_sovinon_rozovoe_suhoe_117_caa738d581.webp,golubitskoe-estate-winery-series-roze-blend-kaberne-sovinon-rozovoe-suhoe-117,detect
dataset/uploads_root/prod-svoe-vino-strapi/prod-svoe-vino/strapi/uploads/zolotaya_balka_zb_frizzante_dry_risling_beloe_suhoe_10_992e8ffb9f.webp,zolotaya-balka-zb-frizzante-dry-risling-beloe-suhoe-10,detect
dataset/uploads_root/prod-svoe-vino-strapi/prod-svoe-vino/strapi/uploads/zolotaya_balka_zb_frizzante_semi_dry_rose_risling_rozovoe_polusuhoe_10_462381c9b4.webp,zolotaya-balka-zb-frizzante-semi-dry-rose-risling-rozovoe-polusuhoe-10,detect
dataset/uploads_root/prod-svoe-vino-strapi/prod-svoe-vino/strapi/uploads/zolotaya_balka_zb_moscato_semi_sweet_rose_muskat_yantarnyy_rozovoe_polusladkoe_9_25026eb2e3.webp,zolotaya-balka-zb-moscato-semi-sweet-rose-muskat-yantarnyy-rozovoe-polusladkoe-9,detect
dataset/uploads_root/prod-svoe-vino-strapi/prod-svoe-vino/strapi/uploads/zolotaya_balka_zb_spumante_brut_risling_beloe_bryut_125_624bd4301a.webp,zolotaya-balka-zb-spumante-brut-risling-beloe-bryut-125,detect
dataset/uploads_root/prod-svoe-vino-strapi/prod-svoe-vino/strapi/uploads/zolotaya_balka_zb_spumante_semi_dry_risling_beloe_polusuhoe_125_b4807ef6ee.webp,zolotaya-balka-zb-spumante-semi-dry-risling-beloe-polusuhoe-125,detect
dataset/uploads_root/prod-svoe-vino-strapi/prod-svoe-vino/strapi/uploads/ZB_VAJN_Moskato_beloe_polusladkoe_68f4d64b83.webp,zb-wine-moscato-beloe-polusladkoe,detect
dataset/uploads_root/prod-svoe-vino-strapi/prod-svoe-vino/strapi/uploads/zolotaya_balka_zb_wine_riesling_risling_beloe_polusuhoe_115_1b10f56379.webp,zolotaya-balka-zb-wine-riesling-risling-beloe-polusuhoe-115,detect
dataset/uploads_root/prod-svoe-vino-strapi/prod-svoe-vino/strapi/uploads/zolotaya_balka_zb_wine_sauvignon_blanc_sovinon_blan_beloe_suhoe_125_f910ea40b7.webp,zolotaya-balka-zb-wine-sauvignon-blanc-sovinon-blan-beloe-suhoe-125,detect
dataset/uploads_root/prod-svoe-vino-strapi/prod-svoe-vino/strapi/uploads/Abrau_Dyurso_Udelnoe_vedomtsvo_bryut_80a96f319c.webp,abrau-dyurso-udelnoe-vedomstvo-imperatorskoe-beloe-bryut,detect
dataset/uploads_root/prod-svoe-vino-strapi/prod-svoe-vino/strapi/uploads/Abrau_Dyurso_Udelnoe_Vedomstvo_Imperatorskoe_beloe_polusladkoe_fac98a6538.webp,abrau-dyurso-udelnoe-vedomstvo-imperatorskoe-beloe-polusladkoe,detect
dataset/uploads_root/prod-svoe-vino-strapi/prod-svoe-vino/strapi/uploads/Abrau_Dyurso_fizz_bryut_2a15c7f74f.webp,abrau-dyurso-fizz-beloe-bryut,detect
dataset/uploads_root/prod-svoe-vino-strapi/prod-svoe-vino/strapi/uploads/Abrau_Dyurso_fizz_polusladkoe_031d93d5e0.webp,abrau-dyurso-fizz-beloe-polusladkoe,detect
dataset/uploads_root/prod-svoe-vino-strapi/prod-svoe-vino/strapi/uploads/abrau_dyurso_abrau_kupazh_krasnyy_polsusladkoe_kaberne_sovinon_krasnoe_polusladkoe_11_291e93ae8d.webp,abrau-dyurso-abrau-kupazh-krasnyy-polsusladkoe-kaberne-sovinon-krasnoe-polusladkoe-11,detect
dataset/uploads_root/prod-svoe-vino-strapi/prod-svoe-vino/strapi/uploads/abrau_dyurso_abrau_kupazh_svetlyy_suhoe_shardone_beloe_125_b60d4bb639.webp,abrau-dyurso-abrau-kupazh-svetlyy-suhoe-shardone-beloe-125,detect
dataset/uploads_root/prod-svoe-vino-strapi/prod-svoe-vino/strapi/uploads/abrau_dyurso_abrau_kupazh_tyomnyy_suhoe_kaberne_sovinon_krasnoe_13_a9c6a97e9b.webp,abrau-dyurso-abrau-kupazh-tyomnyy-suhoe-kaberne-sovinon-krasnoe-13,detect
dataset/uploads_root/prod-svoe-vino-strapi/prod-svoe-vino/strapi/uploads/Abrau_Dyurso_Viktor_Dravini_bryut_4b532f42da.webp,abrau-dyurso-victor-dravigny-bryut,detect
dataset/uploads_root/prod-svoe-vino-strapi/prod-svoe-vino/strapi/uploads/abrau_dyurso_abrau_dyurso_pino_nuar_krasnoe_suhoe_13_2c1e6330fe.webp,abrau-dyurso-abrau-dyurso-pino-nuar-krasnoe-suhoe-13,detect
dataset/uploads_root/prod-svoe-vino-strapi/prod-svoe-vino/strapi/uploads/sober_bash_avrora_2024_krasnostop_zolotovskiy_rozovoe_suhoe_14_016209463e.webp,sober-bash-avrora-2024-krasnostop-zolotovskiy-rozovoe-suhoe-14,detect
dataset/uploads_root/prod-svoe-vino-strapi/prod-svoe-vino/strapi/uploads/valeriy_zaharin_avtorskoe_vino_ot_valeriya_zaharina_aleatiko_rozovoe_suhoe_115_433a921c43.webp,valeriy-zaharin-avtorskoe-vino-ot-valeriya-zaharina-aleatiko-rozovoe-suhoe-115,detect
dataset/uploads_root/prod-svoe-vino-strapi/prod-svoe-vino/strapi/uploads/valeriy_zaharin_avtorskoe_vino_ot_valeriya_zaharina_bastardo_bastardo_magarachskiy_krasnoe_suhoe_12_9ae8962a73.webp,valeriy-zaharin-avtorskoe-vino-ot-valeriya-zaharina-bastardo-bastardo-magarachskiy-krasnoe-suhoe-12,detect
dataset/uploads_root/prod-svoe-vino-strapi/prod-svoe-vino/strapi/uploads/valeriy_zaharin_avtorskoe_vino_ot_valeriya_zaharina_krasnoe_pino_nuar_krasnoe_suhoe_125_32e5dd1102.webp,valeriy-zaharin-avtorskoe-vino-ot-valeriya-zaharina-krasnoe-pino-nuar-suhoe-125,detect
dataset/uploads_root/prod-svoe-vino-strapi/prod-svoe-vino/strapi/uploads/massandra_avtorskoe_murvedr_krasnoe_suhoe_14_9f3b7f61d6.webp,massandra-avtorskoe-murvedr-krasnoe-suhoe-14,detect
dataset/uploads_root/prod-svoe-vino-strapi/prod-svoe-vino/strapi/uploads/zod3xnxspeju4qylhp65en278429bfv3_fa4af2c190.webp,avtorskoe-risling,detect
dataset/uploads_root/prod-svoe-vino-strapi/prod-svoe-vino/strapi/uploads/zimovets_avtohton_tsimlyanskiy_chernyy_krasnoe_suhoe_135_c4f818da0f.webp,zimovets-avtohton-tsimlyanskiy-chernyy-krasnoe-suhoe-135,detect
dataset/uploads_root/prod-svoe-vino-strapi/prod-svoe-vino/strapi/uploads/valeriy_zaharin_avtohtonnoe_vino_kryma_ot_valeriya_zaharina_aleatiko_kefesiya_rozovoe_suhoe_11_8a5f697ad1.webp,valeriy-zaharin-avtohtonnoe-vino-kryma-ot-valeriya-zaharina-aleatiko-kefesiya-rozovoe-suhoe-11,detect
dataset/uploads_root/prod-svoe-vino-strapi/prod-svoe-vino/strapi/uploads/valeriy_zaharin_avtohtonnoe_vino_kryma_ot_valeriya_zaharina_bastardo_kefesiya_bastardo_magarachskiy_krasnoe_suhoe_115_292d4c5970.webp,valeriy-zaharin-avtohtonnoe-vino-kryma-ot-valeriya-zaharina-bastardo-kefesiya-bastardo-magarachskiy-krasnoe-suhoe-115,detect
dataset/uploads_root/prod-svoe-vino-strapi/prod-svoe-vino/strapi/uploads/valeriy_zaharin_avtohtonnoe_vino_kryma_ot_valeriya_zaharina_kefesiya_rezerv_krasnoe_suhoe_13_a236e73a0c.webp,valeriy-zaharin-avtohtonnoe-vino-kryma-ot-valeriya-zaharina-kefesiya-rezerv-krasnoe-suhoe-13,detect
dataset/uploads_root/prod-svoe-vino-strapi/prod-svoe-vino/strapi/uploads/valeriy_zaharin_avtohtonnoe_vino_kryma_ot_valeriya_zaharina_kokur_sary_pandas_kokur_belyy_beloe_suhoe_115_c97a8b21ba.webp,valeriy-zaharin-avtohtonnoe-vino-kryma-ot-valeriya-zaharina-kokur-sary-pandas-kokur-belyy-beloe-suhoe-115,detect
dataset/uploads_root/prod-svoe-vino-strapi/prod-svoe-vino/strapi/uploads/valeriy_zaharin_avtohtonnoe_vino_kryma_avtorskiy_kupazh_bastardo_saperavi_kefesiya_bastardo_magarachskiy_krasnoe_suhoe_12_1d86b29cfe.webp,valeriy-zaharin-avtohtonnoe-vino-kryma-avtorskiy-kupazh-bastardo-saperavi-kefesiya-bastardo-magarachskiy-krasnoe-suhoe-12,detect
dataset/uploads_root/prod-svoe-vino-strapi/prod-svoe-vino/strapi/uploads/valeriy_zaharin_avtohtonnoe_vino_kryma_sary_pandas_rezerv_beloe_suhoe_115_10be7b7189.webp,valeriy-zaharin-avtohtonnoe-vino-kryma-sary-pandas-rezerv-beloe-suhoe-115,detect
dataset/uploads_root/prod-svoe-vino-strapi/prod-svoe-vino/strapi/uploads/vinodelnya_krinitsa_azyur_vione_beloe_suhoe_12_f97e1cbf46.webp,vinodelnya-krinitsa-azyur-vione-beloe-suhoe-12,detect
dataset/uploads_root/prod-svoe-vino-strapi/prod-svoe-vino/strapi/uploads/vinodelnya_krinitsa_azyur_risling_beloe_suhoe_127_89de32ac85.webp,vinodelnya-krinitsa-azyur-risling-beloe-suhoe-127,detect
dataset/uploads_root/prod-svoe-vino-strapi/prod-svoe-vino/strapi/uploads/valeriy_zaharin_aleatiko_kefesiya_avtohtonnoe_vino_kryma_ot_valeriya_zaharina_rozovoe_suhoe_125_135a858d15.webp,valeriy-zaharin-aleatiko-kefesiya-avtohtonnoe-vino-kryma-ot-valeriya-zaharina-rozovoe-suhoe-125,detect
dataset/uploads_root/prod-svoe-vino-strapi/prod-svoe-vino/strapi/uploads/abrau_dyurso_aleksandr_ii_magnum_shardone_beloe_bryut_125_256840c1d1.webp,abrau-dyurso-aleksandr-ii-magnum-shardone-beloe-bryut-125,detect
dataset/uploads_root/prod-svoe-vino-strapi/prod-svoe-vino/strapi/uploads/chateau_andre_aligote_beloe_suhoe_13_c3d34b9641.webp,chateau-andre-aligote-beloe-suhoe-13,detect
dataset/uploads_root/prod-svoe-vino-strapi/prod-svoe-vino/strapi/uploads/vaynkraft_aligote_beloe_suhoe_125_7b4945b265.webp,vaynkraft-aligote-beloe-suhoe-125,detect
dataset/uploads_root/prod-svoe-vino-strapi/prod-svoe-vino/strapi/uploads/belbek_aligote_beloe_suhoe_125_3994f84c11.webp,belbek-aligote-beloe-suhoe-125,detect
dataset/uploads_root/prod-svoe-vino-strapi/prod-svoe-vino/strapi/uploads/vinodelnya_uzunov_aligote_beloe_suhoe_127_575bc5c29d.webp,vinodelnya-uzunov-aligote-beloe-suhoe-127,detect
dataset/uploads_root/prod-svoe-vino-strapi/prod-svoe-vino/strapi/uploads/vinabani_aligote_beloe_suhoe_12_3264ece5af.webp,vinabani-aligote-beloe-suhoe-12,detect
dataset/uploads_root/prod-svoe-vino-strapi/prod-svoe-vino/strapi/uploads/shato_pino_aligote_rkatsiteli_beloe_suhoe_12_c9a1a8a474.webp,shato-pino-aligote-rkatsiteli-beloe-suhoe-12,detect
dataset/uploads_root/prod-svoe-vino-strapi/prod-svoe-vino/strapi/uploads/shato_pino_aligoterkatsiteli_beloe_suhoe_12_c00c55cc32.webp,shato-pino-aligote-rkatsiteli-suhoe-beloe-12,detect
dataset/uploads_root/prod-svoe-vino-strapi/prod-svoe-vino/strapi/uploads/vinodelnya_myshako_aligote_vione_kyuve_beloe_polusladkoe_125_8b824b620d.webp,vinodelnya-myshako-aligote-vione-kyuve-beloe-polusladkoe-125,detect
dataset/uploads_root/prod-svoe-vino-strapi/prod-svoe-vino/strapi/uploads/4285_eq_F1_Fau_no_bg_preview_carve_photos_75f98bca1a.webp,aligote-avtorskoe,detect
dataset/uploads_root/prod-svoe-vino-strapi/prod-svoe-vino/strapi/uploads/DSC_09173_4a9ff95cc2.webp,aligote-barrel-2025,detect
dataset/uploads_root/prod-svoe-vino-strapi/prod-svoe-vino/strapi/uploads/vinodelnya_78_aligote_otbornoe_beloe_suhoe_12_367ef385f7.webp,vinodelnya-78-aligote-otbornoe-beloe-suhoe-12,detect
dataset/uploads_root/prod-svoe-vino-strapi/prod-svoe-vino/strapi/uploads/4285_eq_F1_Fau_no_bg_preview_carve_photos_6d7da0f321.webp,aligote-avtorskoe-vino,detect
dataset/uploads_root/prod-svoe-vino-strapi/prod-svoe-vino/strapi/uploads/valeriy_zaharin_aligote_avtorskoe_valeriy_zaharin_igristoe_bryut_beloe_115_3b74fa58cc.webp,valeriy-zaharin-aligote-avtorskoe-valeriy-zaharin-beloe-bryut-115,detect
dataset/uploads_root/prod-svoe-vino-strapi/prod-svoe-vino/strapi/uploads/valeriy_zaharin_aligote_burlyuk_igristoe_bryut_beloe_115_adb6620d61.webp,valeriy-zaharin-aligote-burlyuk-beloe-bryut-115,detect
dataset/uploads_root/prod-svoe-vino-strapi/prod-svoe-vino/strapi/uploads/valeriy_zaharin_aligote_burlyuk_beloe_suhoe_13_6a0eb14c98.webp,valeriy-zaharin-aligote-burlyuk-beloe-suhoe-13,detect
dataset/uploads_root/prod-svoe-vino-strapi/prod-svoe-vino/strapi/uploads/valeriy_zaharin_aligote_valeriy_zaharin_beloe_suhoe_13_42ca83c531.webp,valeriy-zaharin-aligote-valeriy-zaharin-beloe-suhoe-13,detect
dataset/uploads_root/prod-svoe-vino-strapi/prod-svoe-vino/strapi/uploads/Aligote_limitirovannaya_60fab8c449.webp,perovskih_aligote,detect
dataset/uploads_root/prod-svoe-vino-strapi/prod-svoe-vino/strapi/uploads/domaine_de_la_vivandiere_alkomishka_malbek_krasnoe_suhoe_123_edeea28c08.webp,domaine-de-la-vivandiere-alkomishka-malbek-krasnoe-suhoe-123,detect
dataset/uploads_root/prod-svoe-vino-strapi/prod-svoe-vino/strapi/uploads/alma_valley_alma_graviti_pino_nuar_merlo_kaberne_sovinon_krasnoe_suhoe_14_aed5a84143.webp,alma-valley-alma-graviti-pino-nuar-merlo-kaberne-sovinon-krasnoe-suhoe-14,detect
dataset/uploads_root/prod-svoe-vino-strapi/prod-svoe-vino/strapi/uploads/Saperavi_vyderzhannoe_ZIMA_3bceff4456.webp,aratti-vremena-goda-saperavi-vyderzhannyj-zima,detect
dataset/uploads_root/prod-svoe-vino-strapi/prod-svoe-vino/strapi/uploads/Saperavi_Leto_78b6bb387a.webp,aratti-vremena-goda-saperavi-leto,detect
dataset/uploads_root/prod-svoe-vino-strapi/prod-svoe-vino/strapi/uploads/Saperavi_Merlo_VESNA_cc54c9749f.webp,aratti-vremena-goda-saperavi-merlo-vesna,detect
dataset/uploads_root/prod-svoe-vino-strapi/prod-svoe-vino/strapi/uploads/Kaberne_po_bel_7f4d2143bf.webp,aratti-kaberne-po-belomu,detect
dataset/uploads_root/prod-svoe-vino-strapi/prod-svoe-vino/strapi/uploads/Kaberne_po_bel_p_suh_6e9878c657.webp,aratti-kaberne-po-belomu-1,detect
dataset/uploads_root/prod-svoe-vino-strapi/prod-svoe-vino/strapi/uploads/Kab_sov_20_0ec2d4acd2.webp,aratti-kaberne-sovinon-2020-krasnoe-suhoe,detect
dataset/uploads_root/prod-svoe-vino-strapi/prod-svoe-vino/strapi/uploads/Kab_Sov_21_5fe7e50b8a.webp,aratti-kaberne-sovinon-2021-krasnoe-suhoe,detect
dataset/uploads_root/prod-svoe-vino-strapi/prod-svoe-vino/strapi/uploads/Muskat_p_suh_342e91568f.webp,aratti-muskat-belyj-polusuhoe,detect
dataset/uploads_root/prod-svoe-vino-strapi/prod-svoe-vino/strapi/uploads/Muskat_bel_suh_ac5bd6022d.webp,aratti-muskat-belyj-suhoe,detect
dataset/uploads_root/prod-svoe-vino-strapi/prod-svoe-vino/strapi/uploads/Risling_p_suh_57fb737010.webp,aratti-risling-beloe-polusuhoe,detect
dataset/uploads_root/prod-svoe-vino-strapi/prod-svoe-vino/strapi/uploads/Risling_suh_23d397debe.webp,aratti-risling-suhoe,detect
dataset/uploads_root/prod-svoe-vino-strapi/prod-svoe-vino/strapi/uploads/Sovion_p_suh_e5467c856b.webp,aratti-sovinon-blan-beloe-polusuhoe,detect
dataset/uploads_root/prod-svoe-vino-strapi/prod-svoe-vino/strapi/uploads/Shardone_dc6ec8d1cb.webp,aratti-shardone-beloe-suhoe,detect
dataset/uploads_root/prod-svoe-vino-strapi/prod-svoe-vino/strapi/uploads/vinodelnya_krinitsa_arena_sira_krasnoe_suhoe_13_dc8b753978.webp,vinodelnya-krinitsa-arena-sira-krasnoe-suhoe-13,detect
dataset/uploads_root/prod-svoe-vino-strapi/prod-svoe-vino/strapi/uploads/gavras_areni_krasnoe_suhoe_13_52b40d0436.webp,gavras-areni-krasnoe-suhoe-13,detect
dataset/uploads_root/prod-svoe-vino-strapi/prod-svoe-vino/strapi/uploads/dva_serdtsa_arinarnoa_kaberne_sovinon_krasnoe_suhoe_135_047c8cca68.webp,dva-serdtsa-arinarnoa-kaberne-sovinon-krasnoe-suhoe-135,detect
dataset/uploads_root/prod-svoe-vino-strapi/prod-svoe-vino/strapi/uploads/kuban_vino_aristov_8_byanko_shardone_beloe_suhoe_8_c4aa32acf7.webp,kuban-vino-aristov-8-byanko-shardone-beloe-suhoe-8,detect
dataset/uploads_root/prod-svoe-vino-strapi/prod-svoe-vino/strapi/uploads/kuban_vino_aristov_8_byanko_07_shardone_beloe_suhoe_8_b4ce26c4c3.webp,kuban-vino-aristov-8-byanko-07-shardone-beloe-suhoe-8,detect
dataset/uploads_root/prod-svoe-vino-strapi/prod-svoe-vino/strapi/uploads/kuban_vino_aristov_8_roze_merlo_rozovoe_suhoe_8_a0208632d6.webp,kuban-vino-aristov-8-roze-merlo-rozovoe-suhoe-8,detect
dataset/uploads_root/prod-svoe-vino-strapi/prod-svoe-vino/strapi/uploads/kuban_vino_aristov_8_roze_07_merlo_rozovoe_suhoe_8_59ddc8b8bd.webp,kuban-vino-aristov-8-roze-07-merlo-rozovoe-suhoe-8,detect
dataset/uploads_root/prod-svoe-vino-strapi/prod-svoe-vino/strapi/uploads/PU_Sjv7dn_M_Nil_H25_TO_9_Bcb_B_f_Zx_Nza_Xse9_Yvayfomyz45k_B47omg8pj9_DLYV_Wx_OE_Jy_AZ_Vfga_W_Ht2_Sel_D_Ifwt_Ne_Q_d24c827e0c.webp,aristov-anima-millesimato,detect
dataset/uploads_root/prod-svoe-vino-strapi/prod-svoe-vino/strapi/uploads/Aristov_Anima_milezimiato_bryut_4a887b783f.webp,aristov-anima-millesimato-beloe-bryut,detect
dataset/uploads_root/prod-svoe-vino-strapi/prod-svoe-vino/strapi/uploads/PU_Sjv7dn_M_Nil_H25_TO_9_Bcb_Pd_Yfu_Vd_Fztw_O_Jbguw7qrtonw_KE_4g_Yx_Kvy_Gu7_XT_Uol_KPA_Hgei_CO_Qicppgq_Kd_Ef_Gg_030a72f094.webp,aristov-anima-pinot-grigio-blush,detect
dataset/uploads_root/prod-svoe-vino-strapi/prod-svoe-vino/strapi/uploads/kuban_vino_aristov_amata_byanko_shardone_beloe_suhoe_125_2c9f48a496.webp,kuban-vino-aristov-amata-byanko-shardone-beloe-suhoe-125,detect
dataset/uploads_root/prod-svoe-vino-strapi/prod-svoe-vino/strapi/uploads/kuban_vino_aristov_amata_roze_kaberne_sovinon_rozovoe_suhoe_13_520459ddc4.webp,kuban-vino-aristov-amata-roze-kaberne-sovinon-rozovoe-suhoe-13,detect
dataset/uploads_root/prod-svoe-vino-strapi/prod-svoe-vino/strapi/uploads/kuban_vino_aristov_amata_rosso_kaberne_sovinon_krasnoe_suhoe_145_40d0ae1b20.webp,kuban-vino-aristov-amata-rosso-kaberne-sovinon-krasnoe-suhoe-145,detect
dataset/uploads_root/prod-svoe-vino-strapi/prod-svoe-vino/strapi/uploads/kuban_vino_aristov_anima_michela_2023_sandzhoveze_krasnoe_suhoe_115_6e5381d827.webp,kuban-vino-aristov-anima-michela-2023-sandzhoveze-krasnoe-suhoe-115,detect
dataset/uploads_root/prod-svoe-vino-strapi/prod-svoe-vino/strapi/uploads/kuban_vino_aristov_anima_pino_gridzhio_beloe_suhoe_12_2b93e769db.webp,kuban-vino-aristov-anima-pino-gridzhio-beloe-suhoe-12,detect
dataset/uploads_root/prod-svoe-vino-strapi/prod-svoe-vino/strapi/uploads/kuban_vino_aristov_anima_pino_gridzhio_blash_rozovoe_suhoe_125_c6ac2c7f10.webp,kuban-vino-aristov-anima-pino-gridzhio-blash-rozovoe-suhoe-125,detect
dataset/uploads_root/prod-svoe-vino-strapi/prod-svoe-vino/strapi/uploads/kuban_vino_aristov_anima_pino_nero_sandzhoveze_pino_nuar_krasnoe_suhoe_125_6fc8b03351.webp,kuban-vino-aristov-anima-pino-nero-sandzhoveze-pino-nuar-krasnoe-suhoe-125,detect
dataset/uploads_root/prod-svoe-vino-strapi/prod-svoe-vino/strapi/uploads/kuban_vino_aristov_byanko_shardone_beloe_suhoe_13_4ffd5831ff.webp,kuban-vino-aristov-byanko-shardone-beloe-suhoe-13,detect
dataset/uploads_root/prod-svoe-vino-strapi/prod-svoe-vino/strapi/uploads/kuban_vino_aristov_byanko_polusladkoe_shardone_beloe_13_4167038d66.webp,kuban-vino-aristov-byanko-polusladkoe-shardone-beloe-13,detect
dataset/uploads_root/prod-svoe-vino-strapi/prod-svoe-vino/strapi/uploads/kuban_vino_aristov_verde_muskat_beloe_polusuhoe_11_3240688a5c.webp,kuban-vino-aristov-verde-muskat-beloe-polusuhoe-11,detect
dataset/uploads_root/prod-svoe-vino-strapi/prod-svoe-vino/strapi/uploads/kuban_vino_aristov_kaberne_sovinon_krasnoe_suhoe_13_5e123aa5be.webp,kuban-vino-aristov-kaberne-sovinon-krasnoe-suhoe-13,detect
dataset/uploads_root/prod-svoe-vino-strapi/prod-svoe-vino/strapi/uploads/kuban_vino_aristov_kaberne_sovinon_roze_rozovoe_suhoe_12_486d2e1918.webp,kuban-vino-aristov-kaberne-sovinon-roze-rozovoe-suhoe-12,detect
dataset/uploads_root/prod-svoe-vino-strapi/prod-svoe-vino/strapi/uploads/kuban_vino_aristov_kaberne_sovinon_roze_2020_rozovoe_suhoe_12_0f93b0dc29.webp,kuban-vino-aristov-kaberne-sovinon-roze-2020-rozovoe-suhoe-12,detect
dataset/uploads_root/prod-svoe-vino-strapi/prod-svoe-vino/strapi/uploads/kuban_vino_aristov_risling_beloe_suhoe_115_137cf12705.webp,kuban-vino-aristov-risling-beloe-suhoe-115,detect
dataset/uploads_root/prod-svoe-vino-strapi/prod-svoe-vino/strapi/uploads/kuban_vino_aristov_rosso_polusladkoe_saperavi_krasnoe_13_ed04238b6b.webp,kuban-vino-aristov-rosso-polusladkoe-saperavi-krasnoe-13,detect
dataset/uploads_root/prod-svoe-vino-strapi/prod-svoe-vino/strapi/uploads/kuban_vino_aristov_sandzhoveze_krasnoe_suhoe_13_346f0e6195.webp,kuban-vino-aristov-sandzhoveze-krasnoe-suhoe-13,detect
dataset/uploads_root/prod-svoe-vino-strapi/prod-svoe-vino/strapi/uploads/kuban_vino_aristov_tsvaygelt_320_rozovoe_suhoe_125_42f977144e.webp,kuban-vino-aristov-tsvaygelt-320-rozovoe-suhoe-125,detect
dataset/uploads_root/prod-svoe-vino-strapi/prod-svoe-vino/strapi/uploads/kuban_vino_aristov_shardone_318_beloe_suhoe_115_da1c20930f.webp,kuban-vino-aristov-shardone-318-beloe-suhoe-115,detect
dataset/uploads_root/prod-svoe-vino-strapi/prod-svoe-vino/strapi/uploads/kuban_vino_aristov_kyuve_aleksandr_blanc_de_blancs_36_shardone_igristoe_ekstra_bryut_beloe_12_8ac9babcfc.webp,kuban-vino-aristov-kyuve-aleksandr-blanc-de-blancs-36-shardone-beloe-ekstra-bryut-12,detect
dataset/uploads_root/prod-svoe-vino-strapi/prod-svoe-vino/strapi/uploads/kuban_vino_aristov_kyuve_aleksandr_rose_de_pinot_pino_nuar_igristoe_ekstra_bryut_rozovoe_12_26aee6560b.webp,kuban-vino-aristov-kyuve-aleksandr-rose-de-pinot-pino-nuar-rozovoe-ekstra-bryut-12,detect
dataset/uploads_root/prod-svoe-vino-strapi/prod-svoe-vino/strapi/uploads/Aristov_Kyuve_ekstra_bryut_Blan_de_Blan_18_MESI_2022_GU_Normal_fcdb509a54.webp,aristov-kyuve-aleksandr-blan-de-blan,detect
dataset/uploads_root/prod-svoe-vino-strapi/prod-svoe-vino/strapi/uploads/Aristov_Kyuve_ekstra_bryut_Blan_de_Nuar_18_MESI_2022_GU_Normal_4a2bea6a3e.webp,aristov-kyuve-aleksandr-blan-de-nuar,detect
dataset/uploads_root/prod-svoe-vino-strapi/prod-svoe-vino/strapi/uploads/kuban_vino_aristov_kyuve_aleksandr_millezimato_shardone_igristoe_ekstra_bryut_beloe_12_b2f7daf617.webp,kuban-vino-aristov-kyuve-aleksandr-millezimato-shardone-beloe-ekstra-bryut-12,detect
dataset/uploads_root/prod-svoe-vino-strapi/prod-svoe-vino/strapi/uploads/Aristov_Kyuve_Roze_Pino_2023_0_75l_bryut_Normal_Photoroom_cc598880d5.webp,aristov-kyuve-aleksandr-roze-de-pino,detect
dataset/uploads_root/prod-svoe-vino-strapi/prod-svoe-vino/strapi/uploads/vinodelnya_krinitsa_aroma_pti_mansen_beloe_sladkoe_137_3936725043.webp,vinodelnya-krinitsa-aroma-pti-mansen-beloe-sladkoe-137,detect
dataset/uploads_root/prod-svoe-vino-strapi/prod-svoe-vino/strapi/uploads/vina_arpachina_arpachino_aligote_ekstra_bryut_igristoe_ekstra_bryut_beloe_115_f4daed56e5.webp,vina-arpachina-arpachino-aligote-ekstra-bryut-beloe-115,detect
dataset/uploads_root/prod-svoe-vino-strapi/prod-svoe-vino/strapi/uploads/vina_arpachina_arpachino_inohodets_puhlyakovskiy_igristoe_ekstra_bryut_beloe_125_a112b4e529.webp,vina-arpachina-arpachino-inohodets-puhlyakovskiy-beloe-ekstra-bryut-125,detect
dataset/uploads_root/prod-svoe-vino-strapi/prod-svoe-vino/strapi/uploads/vina_arpachina_arpachino_inohodets_sibirkovyy_igristoe_ekstra_bryut_beloe_125_75a58dd24e.webp,vina-arpachina-arpachino-inohodets-sibirkovyy-beloe-ekstra-bryut-125,detect
dataset/uploads_root/prod-svoe-vino-strapi/prod-svoe-vino/strapi/uploads/vina_arpachina_arpachino_inohodets_kumshatskiy_igristoe_ekstra_bryut_beloe_125_c630de086f.webp,vina-arpachina-arpachino-inohodets-kumshatskiy-beloe-ekstra-bryut-125,detect
dataset/uploads_root/prod-svoe-vino-strapi/prod-svoe-vino/strapi/uploads/vina_arpachina_arpachino_inohodets_aligote_igristoe_ekstra_bryut_beloe_125_14bff66ea7.webp,vina-arpachina-arpachino-inohodets-aligote-beloe-ekstra-bryut-125,detect
dataset/uploads_root/prod-svoe-vino-strapi/prod-svoe-vino/strapi/uploads/vina_arpachina_arpachino_tsimlyanskiy_chernyy_igristoe_ekstra_bryut_rozovoe_13_174452bb6e.webp,vina-arpachina-arpachino-tsimlyanskiy-chernyy-rozovoe-ekstra-bryut-13,detect
dataset/uploads_root/prod-svoe-vino-strapi/prod-svoe-vino/strapi/uploads/stn_winery_arhitektor_sira_krasnoe_suhoe_12_6667db52b5.webp,stn-winery-arhitektor-sira-krasnoe-suhoe-12,detect
dataset/uploads_root/prod-svoe-vino-strapi/prod-svoe-vino/strapi/uploads/denisov_winery_assamblyazh_rubin_golodrigi_rozovoe_suhoe_12_0cb8d3dedd.webp,denisov-winery-assamblyazh-rubin-golodrigi-rozovoe-suhoe-12,detect
dataset/uploads_root/prod-svoe-vino-strapi/prod-svoe-vino/strapi/uploads/vinodelnya_marko_assamblyazh_kaberne_sovinon_krasnoe_suhoe_14_1f4ea5a0e9.webp,vinodelnya-marko-assamblyazh-kaberne-sovinon-krasnoe-suhoe-14,detect
dataset/uploads_root/prod-svoe-vino-strapi/prod-svoe-vino/strapi/uploads/zmv_koktebel_atmosfera_aligote_rkatsiteli_shardone_beloe_suhoe_11_c621a4aae9.webp,zmv-koktebel-atmosfera-aligote-rkatsiteli-shardone-beloe-suhoe-11,detect
dataset/uploads_root/prod-svoe-vino-strapi/prod-svoe-vino/strapi/uploads/zmv_koktebel_atmosfera_kaberne_sovinon_kaberne_fran_merlo_bastardo_magarachskiy_krasnoe_suhoe_13_e6f84956bb.webp,zmv-koktebel-atmosfera-kaberne-sovinon-kaberne-fran-merlo-bastardo-magarachskiy-krasnoe-suhoe-13,detect
dataset/uploads_root/prod-svoe-vino-strapi/prod-svoe-vino/strapi/uploads/zmv_koktebel_atmosfera_kaberne_sovinon_merlo_pino_chernyy_krasnoe_polusladkoe_13_542fe78f22.webp,zmv-koktebel-atmosfera-kaberne-sovinon-merlo-pino-chernyy-krasnoe-polusladkoe-13,detect
dataset/uploads_root/prod-svoe-vino-strapi/prod-svoe-vino/strapi/uploads/zmv_koktebel_atmosfera_rkatsiteli_aligote_kokur_muskat_belyy_shardone_beloe_polusladkoe_11_773cbbcc47.webp,zmv-koktebel-atmosfera-rkatsiteli-aligote-kokur-muskat-belyy-shardone-beloe-polusladkoe-11,detect
dataset/uploads_root/prod-svoe-vino-strapi/prod-svoe-vino/strapi/uploads/zmv_koktebel_atmosfera_shardone_merlo_rkatsiteli_muskat_rozovyy_muskat_gamburgskiy_rozovoe_polusuhoe_12_5fd10c99b4.webp,zmv-koktebel-atmosfera-shardone-merlo-rkatsiteli-muskat-rozovyy-muskat-gamburgskiy-rozovoe-polusuhoe-12,detect
dataset/uploads_root/prod-svoe-vino-strapi/prod-svoe-vino/strapi/uploads/sober_bash_afa_kaberne_sovinon_krasnoe_suhoe_125_d85dc3b521.webp,sober-bash-afa-kaberne-sovinon-krasnoe-suhoe-125,detect
dataset/uploads_root/prod-svoe-vino-strapi/prod-svoe-vino/strapi/uploads/valeriy_zaharin_bakkal_su_aligote_beloe_suhoe_115_5fe4cf81cf.webp,valeriy-zaharin-bakkal-su-aligote-beloe-suhoe-115,detect
dataset/uploads_root/prod-svoe-vino-strapi/prod-svoe-vino/strapi/uploads/valeriy_zaharin_bakkal_su_kaberne_kaberne_sovinon_krasnoe_suhoe_125_53073ba214.webp,valeriy-zaharin-bakkal-su-kaberne-kaberne-sovinon-krasnoe-suhoe-125,detect
dataset/uploads_root/prod-svoe-vino-strapi/prod-svoe-vino/strapi/uploads/valeriy_zaharin_bakkal_su_saperavi_bastardo_kaberne_sovinon_krasnoe_polusladkoe_11_b8d351c52f.webp,valeriy-zaharin-bakkal-su-saperavi-bastardo-kaberne-sovinon-krasnoe-polusladkoe-11,detect
dataset/uploads_root/prod-svoe-vino-strapi/prod-svoe-vino/strapi/uploads/valeriy_zaharin_bakkal_su_muskat_ottonel_beloe_polusladkoe_115_34542492ff.webp,valeriy-zaharin-bakkal-su-muskat-ottonel-beloe-polusladkoe-115,detect
dataset/uploads_root/prod-svoe-vino-strapi/prod-svoe-vino/strapi/uploads/valeriy_zaharin_bakkal_su_saperavi_kaberne_sovinon_krasnoe_suhoe_12_f6ce17d50e.webp,valeriy-zaharin-bakkal-su-saperavi-kaberne-sovinon-krasnoe-suhoe-12,detect
dataset/uploads_root/prod-svoe-vino-strapi/prod-svoe-vino/strapi/uploads/Balaklava_belyj_bryut_fotor_bg_remover_2026012323611_f20c51312d.webp,balaklava-bryut-rezerv,detect
dataset/uploads_root/prod-svoe-vino-strapi/prod-svoe-vino/strapi/uploads/rozovyj_bryut_fotor_bg_remover_20260123185139_1309ba3fe0.webp,wine,detect
dataset/uploads_root/prod-svoe-vino-strapi/prod-svoe-vino/strapi/uploads/Muskat_4b2f12e649.webp,balaklava-muskat,detect
dataset/uploads_root/prod-svoe-vino-strapi/prod-svoe-vino/strapi/uploads/Balaklava_Muskat_beloe_polusladkoe_0e4a6563a4.webp,balaklava-muskat-beloe-polusladkoe,detect
dataset/uploads_root/prod-svoe-vino-strapi/prod-svoe-vino/strapi/uploads/Pino_Nuar_c7e769ab8f.webp,balaklava-pino-nuar,detect
dataset/uploads_root/prod-svoe-vino-strapi/prod-svoe-vino/strapi/uploads/Barhat_cd989f8325.webp,barhat,detect
dataset/uploads_root/prod-svoe-vino-strapi/prod-svoe-vino/strapi/uploads/Tihoe_Barynya_2025_cb29b43230.webp,denisov_barynya_kurmyshi,detect
dataset/uploads_root/prod-svoe-vino-strapi/prod-svoe-vino/strapi/uploads/massandra_bastardo_bastardo_magarachskiy_krasnoe_sladkoe_16_c111755788.webp,massandra-bastardo-bastardo-magarachskiy-krasnoe-sladkoe-16,detect
dataset/uploads_root/prod-svoe-vino-strapi/prod-svoe-vino/strapi/uploads/zmv_koktebel_bastardo_krasnoe_suhoe_14_493c75d397.webp,zmv-koktebel-bastardo-krasnoe-suhoe-14,detect
dataset/uploads_root/prod-svoe-vino-strapi/prod-svoe-vino/strapi/uploads/valeriy_zaharin_bastardo_kefesiya_avtohtonnoe_vino_kryma_bastardo_magarachskiy_krasnoe_suhoe_115_e521ee5147.webp,valeriy-zaharin-bastardo-kefesiya-avtohtonnoe-vino-kryma-bastardo-magarachskiy-krasnoe-suhoe-115,detect
dataset/uploads_root/prod-svoe-vino-strapi/prod-svoe-vino/strapi/uploads/Bel_Lviczv_920970caba.webp,belaya-lvicza,detect
dataset/uploads_root/prod-svoe-vino-strapi/prod-svoe-vino/strapi/uploads/levokumskoe_beloe_rkatsiteli_beloe_suhoe_10_65a7a71e88.webp,levokumskoe-beloe-rkatsiteli-suhoe-10,detect
dataset/uploads_root/prod-svoe-vino-strapi/prod-svoe-vino/strapi/uploads/PU_Sjv7dn_M_Nil_H25_TO_9_Bcb_FVF_44_K64e2g_ZN_Sf1_Dla_R91_I_Bz4igu_F_Sby3dv31_Ew0g_Cz_Asn_No_G_SX_Bvl9_U3t_P7_B_Dw_12f081f20b.webp,beloe-polusladkoe,detect
dataset/uploads_root/prod-svoe-vino-strapi/prod-svoe-vino/strapi/uploads/PU_Sjv7dn_M_Nil_H25_TO_9_Bcb_Am_GBET_cm_W_Ma_Cxit_V_l_m_G_Tr_RJ_KWX_9ci_Ui_Eg_Js_HYWY_2_Kt2y_Ed_Ew_Mm_XQTL_4_M_Eq_K3w_1a4256a4fa.webp,beloe-suhoe,detect
dataset/uploads_root/prod-svoe-vino-strapi/prod-svoe-vino/strapi/uploads/belbek_beloe_suhoe_kaberne_sovinon_krasnoe_suhoe_14_82f8b0eda2.webp,belbek-beloe-suhoe-kaberne-sovinon-krasnoe-14,detect
dataset/uploads_root/prod-svoe-vino-strapi/prod-svoe-vino/strapi/uploads/belbek_belbek_kaberne_fran_krasnoe_suhoe_13_1dc81c94ac.webp,belbek-belbek-kaberne-fran-krasnoe-suhoe-13,detect
dataset/uploads_root/prod-svoe-vino-strapi/prod-svoe-vino/strapi/uploads/belbek_belbek_meritazh_kaberne_sovinon_krasnoe_suhoe_135_3ac532f36b.webp,belbek-belbek-meritazh-kaberne-sovinon-krasnoe-suhoe-135,detect
dataset/uploads_root/prod-svoe-vino-strapi/prod-svoe-vino/strapi/uploads/belbek_belbek_merlo_krasnoe_suhoe_129_721da2ee04.webp,belbek-belbek-merlo-krasnoe-suhoe-129,detect
dataset/uploads_root/prod-svoe-vino-strapi/prod-svoe-vino/strapi/uploads/belbek_belbek_muskat_beloe_suhoe_128_630defdbb3.webp,belbek-belbek-muskat-beloe-suhoe-128,detect
dataset/uploads_root/prod-svoe-vino-strapi/prod-svoe-vino/strapi/uploads/belbek_belbek_pino_nuar_krasnoe_suhoe_13_f1519564c9.webp,belbek-belbek-pino-nuar-krasnoe-suhoe-13,detect
dataset/uploads_root/prod-svoe-vino-strapi/prod-svoe-vino/strapi/uploads/belbek_belbek_pti_verdo_krasnoe_suhoe_121_40c032fb64.webp,belbek-belbek-pti-verdo-krasnoe-suhoe-121,detect
dataset/uploads_root/prod-svoe-vino-strapi/prod-svoe-vino/strapi/uploads/belbek_belbek_risling_beloe_suhoe_128_cb6f66781a.webp,belbek-belbek-risling-beloe-suhoe-128,detect
dataset/uploads_root/prod-svoe-vino-strapi/prod-svoe-vino/strapi/uploads/belbek_belbek_risling_rezerv_beloe_suhoe_13_618fbe6775.webp,belbek-belbek-risling-rezerv-beloe-suhoe-13,detect
dataset/uploads_root/prod-svoe-vino-strapi/prod-svoe-vino/strapi/uploads/belbek_belbek_rkatsiteli_barrik_beloe_suhoe_13_44d3a11b2f.webp,belbek-belbek-rkatsiteli-barrik-beloe-suhoe-13,detect
dataset/uploads_root/prod-svoe-vino-strapi/prod-svoe-vino/strapi/uploads/belbek_belbek_roze_pino_nuar_rozovoe_suhoe_129_051d90b1ff.webp,belbek-belbek-roze-pino-nuar-rozovoe-suhoe-129,detect
dataset/uploads_root/prod-svoe-vino-strapi/prod-svoe-vino/strapi/uploads/belbek_belbek_sandzhoveze_krasnoe_suhoe_138_9bf09c1a82.webp,belbek-belbek-sandzhoveze-krasnoe-suhoe-138,detect
dataset/uploads_root/prod-svoe-vino-strapi/prod-svoe-vino/strapi/uploads/belbek_belbek_saperavi_rezerv_krasnoe_suhoe_14_d920558ff2.webp,belbek-belbek-saperavi-rezerv-krasnoe-suhoe-14,detect
dataset/uploads_root/prod-svoe-vino-strapi/prod-svoe-vino/strapi/uploads/belbek_belbek_sira_krasnoe_suhoe_132_e2a205e856.webp,belbek-belbek-sira-krasnoe-suhoe-132,detect
dataset/uploads_root/prod-svoe-vino-strapi/prod-svoe-vino/strapi/uploads/belbek_belbek_fiolent_muskat_beloe_polusladkoe_125_a8f84e49d2.webp,belbek-belbek-fiolent-muskat-beloe-polusladkoe-125,detect
dataset/uploads_root/prod-svoe-vino-strapi/prod-svoe-vino/strapi/uploads/chateau_de_talu_blan_semilon_beloe_suhoe_127_93430db9c7.webp,chateau-de-talu-blan-semilon-beloe-suhoe-127,detect
dataset/uploads_root/prod-svoe-vino-strapi/prod-svoe-vino/strapi/uploads/Screenshot_16_fotor_bg_remover_20260714153549_d6a93eabf2.webp,blan-de-blan,detect
dataset/uploads_root/prod-svoe-vino-strapi/prod-svoe-vino/strapi/uploads/shato_pino_blan_de_blan_shardone_igristoe_ekstra_bryut_beloe_12_655949f151.webp,shato-pino-blan-de-blan-shardone-beloe-ekstra-bryut-12,detect
dataset/uploads_root/prod-svoe-vino-strapi/prod-svoe-vino/strapi/uploads/Blanc_de_noirs_brut_nature_030b095589.webp,perovskih_blan_de_noir,detect
dataset/uploads_root/prod-svoe-vino-strapi/prod-svoe-vino/strapi/uploads/zmv_koktebel_blan_aligote_beloe_suhoe_12_b350503764.webp,zmv-koktebel-blan-aligote-beloe-suhoe-12,detect
dataset/uploads_root/prod-svoe-vino-strapi/prod-svoe-vino/strapi/uploads/vaynkraft_blan_pino_nuar_beloe_suhoe_12_a3e776df11.webp,vaynkraft-blan-pino-nuar-beloe-suhoe-12,detect
dataset/uploads_root/prod-svoe-vino-strapi/prod-svoe-vino/strapi/uploads/domaine_lipko_blaufrankish_krasnoe_suhoe_126_e33253850f.webp,domaine-lipko-blaufrankish-krasnoe-suhoe-126,detect
dataset/uploads_root/prod-svoe-vino-strapi/prod-svoe-vino/strapi/uploads/shato_ay_danil_bomond_aligote_beloe_suhoe_vyderzhannoe_13_6c7ff5a32b.webp,shato-ay-danil-bomond-aligote-beloe-suhoe-13,detect
dataset/uploads_root/prod-svoe-vino-strapi/prod-svoe-vino/strapi/uploads/stn_winery_bratstvo_kochergi_pino_nuar_krasnoe_suhoe_12_e029506394.webp,stn-winery-bratstvo-kochergi-pino-nuar-krasnoe-suhoe-12,detect
dataset/uploads_root/prod-svoe-vino-strapi/prod-svoe-vino/strapi/uploads/Bryut_beloe_fotor_bg_remover_20260123231541_242c08153f.webp,bryut-beloe-zolotaya-balka,detect
dataset/uploads_root/prod-svoe-vino-strapi/prod-svoe-vino/strapi/uploads/rem_akchurin_bryut_roze_pino_nuar_igristoe_bryut_rozovoe_129_9797abf1e3.webp,rem-akchurin-bryut-roze-pino-nuar-rozovoe-129,detect
dataset/uploads_root/prod-svoe-vino-strapi/prod-svoe-vino/strapi/uploads/gunko_winery_bryut_roze_pino_nuar_igristoe_bryut_rozovoe_12_09f00ed0d1.webp,gunko-winery-bryut-roze-pino-nuar-rozovoe-12,detect
dataset/uploads_root/prod-svoe-vino-strapi/prod-svoe-vino/strapi/uploads/Bryut_rozovoe_0ab1422bb8.webp,bryut-rozovoe-zolotaya-balka,detect
dataset/uploads_root/prod-svoe-vino-strapi/prod-svoe-vino/strapi/uploads/usadba_aleksandrovskaya_bubnovyy_valet_kaberne_sovinon_krasnoe_polusladkoe_13_bf2a0f6928.webp,usadba-aleksandrovskaya-bubnovyy-valet-kaberne-sovinon-krasnoe-polusladkoe-13,detect
dataset/uploads_root/prod-svoe-vino-strapi/prod-svoe-vino/strapi/uploads/Screenshot_10_a566dcdabb.webp,bukovinka,detect
dataset/uploads_root/prod-svoe-vino-strapi/prod-svoe-vino/strapi/uploads/vinodelnya_uzunov_bunt_tsitronnyy_magaracha_beloe_suhoe_132_145bb8e9f1.webp,vinodelnya-uzunov-bunt-tsitronnyy-magaracha-beloe-suhoe-132,detect
dataset/uploads_root/prod-svoe-vino-strapi/prod-svoe-vino/strapi/uploads/shato_ay_danil_byanko_da_sole_muskat_belyy_beloe_polusladkoe_13_2c5d204811.webp,shato-ay-danil-byanko-da-sole-muskat-belyy-beloe-polusladkoe-13,detect
dataset/uploads_root/prod-svoe-vino-strapi/prod-svoe-vino/strapi/uploads/Vinisazh_bel_71a4e27f0b.webp,b-yu-rne-vinisa-zh-suhoe-beloe,detect
dataset/uploads_root/prod-svoe-vino-strapi/prod-svoe-vino/strapi/uploads/Vinisazh_krasn_dba1e92eae.webp,b-yu-rne-vinisa-zh-suhoe-krasnoe,detect
dataset/uploads_root/prod-svoe-vino-strapi/prod-svoe-vino/strapi/uploads/Vinisazh_roz_3d60ae3f01.webp,b-yu-rne-vinisa-zh-suhoe-rozovoe,detect
dataset/uploads_root/prod-svoe-vino-strapi/prod-svoe-vino/strapi/uploads/Vione_2023_13d6c1ebf6.webp,vinodelnya-byurne-vione-beloe-suhoe-135,detect
dataset/uploads_root/prod-svoe-vino-strapi/prod-svoe-vino/strapi/uploads/Kab_Sov_2019_no_bg_preview_carve_photos_6680889d32.webp,vinodelnya-byurne-kaberne-sovinon-krasnoe-suhoe-135,detect
dataset/uploads_root/prod-svoe-vino-strapi/prod-svoe-vino/strapi/uploads/Kab_Fran_2020_no_bg_preview_carve_photos_467c50d49a.webp,vinodelnya-byurne-kaberne-fran-krasnoe-suhoe-135,detect
dataset/uploads_root/prod-svoe-vino-strapi/prod-svoe-vino/strapi/uploads/Krasnostop_surguch_59d9e248a7.webp,vinodelnya-byurne-krasnostop-krasnoe-suhoe-145,detect
dataset/uploads_root/prod-svoe-vino-strapi/prod-svoe-vino/strapi/uploads/Krasnostop_2024_Classic_png_4f712da54f.webp,b-yu-rne-krasnostop-suhoe-krasnoe-classic,detect
dataset/uploads_root/prod-svoe-vino-strapi/prod-svoe-vino/strapi/uploads/Lyublyu_bel_2025_vint_png_cb50263c81.webp,vinodelnya-byurne-lyublyu-beloe-shardone-suhoe-135,detect
dataset/uploads_root/prod-svoe-vino-strapi/prod-svoe-vino/strapi/uploads/Lyublyu_krasn_2024_vint_png_a3e9f450b2.webp,vinodelnya-byurne-lyublyu-krasnoe-kaberne-fran-suhoe-135,detect
dataset/uploads_root/prod-svoe-vino-strapi/prod-svoe-vino/strapi/uploads/Lyublyu_roz_2025_vint_png_d28b7dba5d.webp,b-yu-rne-l-yu-bl-yu-suhoe-rozovoe,detect
dataset/uploads_root/prod-svoe-vino-strapi/prod-svoe-vino/strapi/uploads/Malbek_2023_png_56930e5abf.webp,b-yu-rne-malbek-krasnoe-suhoe,detect
dataset/uploads_root/prod-svoe-vino-strapi/prod-svoe-vino/strapi/uploads/Merlo_2022_no_bg_preview_carve_photos_36278cfc22.webp,vinodelnya-byurne-merlo-krasnoe-suhoe-14,detect
dataset/uploads_root/prod-svoe-vino-strapi/prod-svoe-vino/strapi/uploads/Vione_2023_13d6c1ebf6.webp,vinodelnya-byurne-byurne-pino-blan-beloe-suhoe-14,detect
dataset/uploads_root/prod-svoe-vino-strapi/prod-svoe-vino/strapi/uploads/Pino_Gri_2024_png_dfdc226332.webp,b-yu-rne-pino-gri-beloe-suhoe,detect
dataset/uploads_root/prod-svoe-vino-strapi/prod-svoe-vino/strapi/uploads/Pino_Gri_2025_pozdnij_sbor_png_4dc63be6e9.webp,b-yu-rne-pino-gri-pozdnij-sbor-sladkoe-beloe,detect
dataset/uploads_root/prod-svoe-vino-strapi/prod-svoe-vino/strapi/uploads/Saperavi_2020_surguch_no_bg_preview_carve_photos_9a5471d201.webp,vinodelnya-byurne-saperavi-krasnoe-suhoe-135,detect
dataset/uploads_root/prod-svoe-vino-strapi/prod-svoe-vino/strapi/uploads/Sira_2024_Classic_png_ea46e81e69.webp,b-yu-rne-sira-krasnoe-suhoe-classic,detect
dataset/uploads_root/prod-svoe-vino-strapi/prod-svoe-vino/strapi/uploads/Sira_2019_surguch_528ada047c.webp,vinodelnya-byurne-sira-krasnoe-suhoe-135,detect
dataset/uploads_root/prod-svoe-vino-strapi/prod-svoe-vino/strapi/uploads/Shardone_2024_png_1bfb0893db.webp,b-yu-rne-sh-ardone-suhoe-beloe,detect
dataset/uploads_root/prod-svoe-vino-strapi/prod-svoe-vino/strapi/uploads/le_k2_v_glubine_shardone_beloe_suhoe_13_4f4151b39f.webp,le-k2-v-glubine-shardone-beloe-suhoe-13,detect
dataset/uploads_root/prod-svoe-vino-strapi/prod-svoe-vino/strapi/uploads/le_k2_v_tumane_sovinon_blan_beloe_suhoe_127_06ecea5c73.webp,le-k2-v-tumane-sovinon-blan-beloe-suhoe-127,detect
dataset/uploads_root/prod-svoe-vino-strapi/prod-svoe-vino/strapi/uploads/le_k2_v_tumane_sovinon_blan_beloe_suhoe_13_8e8145173e.webp,le-k2-v-tumane-sovinon-blan-beloe-suhoe-13,detect
dataset/uploads_root/prod-svoe-vino-strapi/prod-svoe-vino/strapi/uploads/wein_und_wasser_vayn_taym_sira_krym_krasnoe_suhoe_13_375652c038.webp,wein-und-wasser-vayn-taym-sira-krym-krasnoe-suhoe-13,detect
dataset/uploads_root/prod-svoe-vino-strapi/prod-svoe-vino/strapi/uploads/wein_und_wasser_vayn_taym_sovinon_blan_krym_beloe_suhoe_12_a4ab928b4f.webp,wein-und-wasser-vayn-taym-sovinon-blan-krym-beloe-suhoe-12,detect
dataset/uploads_root/prod-svoe-vino-strapi/prod-svoe-vino/strapi/uploads/Valerij_Zaharin_Kokur_i_Ko_igristoe_beloe_bryut_127fa85774.webp,valerij-zaharin-kokur-i-ko-beloe-bryut,detect
dataset/uploads_root/prod-svoe-vino-strapi/prod-svoe-vino/strapi/uploads/Valerij_Zaharin_Kokur_i_Ko_igristoe_beloe_polusladkoe_1334dee26c.webp,valerij-zaharin-kokur-i-ko-beloe-polusladkoe,detect
dataset/uploads_root/prod-svoe-vino-strapi/prod-svoe-vino/strapi/uploads/le_k2_vassal_risling_reynskiy_beloe_suhoe_14_28e38009b0.webp,le-k2-vassal-risling-reynskiy-beloe-suhoe-14,detect
dataset/uploads_root/prod-svoe-vino-strapi/prod-svoe-vino/strapi/uploads/le_k2_vassal_risling_beloe_suhoe_14_19652f8fb4.webp,le-k2-vassal-risling-beloe-suhoe-14,detect
dataset/uploads_root/prod-svoe-vino-strapi/prod-svoe-vino/strapi/uploads/vinodelnya_vedernikov_vedernikov_gubernatorskoe_golubok_krasnoe_suhoe_115_8c9f5c5b2a.webp,vinodelnya-vedernikov-vedernikov-gubernatorskoe-golubok-krasnoe-suhoe-115,detect
dataset/uploads_root/prod-svoe-vino-strapi/prod-svoe-vino/strapi/uploads/vinodelnya_vedernikov_vedernikov_gubernatorskoe_rezerv_kaberne_sovinon_krasnoe_suhoe_14_89b77c35e7.webp,vinodelnya-vedernikov-vedernikov-gubernatorskoe-rezerv-kaberne-sovinon-krasnoe-suhoe-14,detect
dataset/uploads_root/prod-svoe-vino-strapi/prod-svoe-vino/strapi/uploads/vinodelnya_vedernikov_vedernikov_dolina_dona_beloe_suhoe_aligote_12_e8c5795ff3.webp,vinodelnya-vedernikov-vedernikov-dolina-dona-beloe-suhoe-aligote-12,detect
dataset/uploads_root/prod-svoe-vino-strapi/prod-svoe-vino/strapi/uploads/vinodelnya_vedernikov_vedernikov_dolina_dona_krasnoe_suhoe_kaberne_sovinon_125_61017e5b54.webp,vinodelnya-vedernikov-vedernikov-dolina-dona-krasnoe-suhoe-kaberne-sovinon-125,detect
dataset/uploads_root/prod-svoe-vino-strapi/prod-svoe-vino/strapi/uploads/vinodelnya_vedernikov_vedernikov_kaberne_sovinon_krasnoe_suhoe_145_1833c3f20b.webp,vinodelnya-vedernikov-vedernikov-kaberne-sovinon-krasnoe-suhoe-145,detect
dataset/uploads_root/prod-svoe-vino-strapi/prod-svoe-vino/strapi/uploads/vinodelnya_vedernikov_vedernikov_krasnostop_zolotovskiy_krasnoe_suhoe_145_07aa21a458.webp,vinodelnya-vedernikov-vedernikov-krasnostop-zolotovskiy-krasnoe-suhoe-145,detect
dataset/uploads_root/prod-svoe-vino-strapi/prod-svoe-vino/strapi/uploads/vinodelnya_vedernikov_vedernikov_krasnostop_zolotovskiy_magnum_krasnoe_suhoe_145_8e7ef2fb06.webp,vinodelnya-vedernikov-vedernikov-krasnostop-zolotovskiy-magnum-krasnoe-suhoe-145,detect
dataset/uploads_root/prod-svoe-vino-strapi/prod-svoe-vino/strapi/uploads/vinodelnya_vedernikov_vedernikov_pet_nat_golubok_krasnyy_bryut_krasnoe_suhoe_13_59ca83550f.webp,vinodelnya-vedernikov-vedernikov-pet-nat-golubok-krasnyy-bryut-krasnoe-suhoe-13,detect
dataset/uploads_root/prod-svoe-vino-strapi/prod-svoe-vino/strapi/uploads/vinodelnya_vedernikov_vedernikov_pet_nat_platovskiy_aligote_bryut_beloe_suhoe_10_d5c01e9bdf.webp,vinodelnya-vedernikov-vedernikov-pet-nat-platovskiy-aligote-bryut-beloe-suhoe-10,detect
dataset/uploads_root/prod-svoe-vino-strapi/prod-svoe-vino/strapi/uploads/vinodelnya_vedernikov_vedernikov_puhlyakovskiy_beloe_suhoe_12_f332a8999d.webp,vinodelnya-vedernikov-vedernikov-puhlyakovskiy-beloe-suhoe-12,detect
dataset/uploads_root/prod-svoe-vino-strapi/prod-svoe-vino/strapi/uploads/f_Kq_In_Kw3d7b_LF_Oe_Fn_M_Gnh_Lwyz_Yv_B_J0l_a_Gu_P9_ZF_Xxs3w_BR_5_ETC_Fr5mq_RB_9_Vo_Fg_It8d5h6_B_or_Hdxex_T8_Tw4cw_OQ_5x0g_Q_Yny_Gw_Sca_Gr8npum_ZHI_4mid_Pd_Whec_Nq_1854d79859.webp,vinodelnya-vedernikov-vedernikov-tsimlyanskiy-chyornyy-tsimlyanskiy-chernyy-krasnoe-suhoe-14,detect
dataset/uploads_root/prod-svoe-vino-strapi/prod-svoe-vino/strapi/uploads/vinodelnya_vedernikov_vedernikov_tsimlyanskiy_chyornyy_bryut_tsimlyanskiy_chernyy_beloe_12_94126ea6cf.webp,vinodelnya-vedernikov-vedernikov-tsimlyanskiy-chyornyy-bryut-tsimlyanskiy-chernyy-beloe-12,detect
dataset/uploads_root/prod-svoe-vino-strapi/prod-svoe-vino/strapi/uploads/vinodelnya_vedernikov_vedernikov_tsimlyanskiy_chyornyy_bryut_roze_tsimlyanskiy_chernyy_rozovoe_12_62efb1454a.webp,vinodelnya-vedernikov-vedernikov-tsimlyanskiy-chyornyy-bryut-roze-tsimlyanskiy-chernyy-rozovoe-12,detect
dataset/uploads_root/prod-svoe-vino-strapi/prod-svoe-vino/strapi/uploads/vinodelnya_vedernikov_vedernikov_tsimlyanskiy_chyornyy_bryut_roze_2_tsimlyanskiy_chernyy_rozovoe_12_f890d2ca11.webp,vinodelnya-vedernikov-vedernikov-tsimlyanskiy-chyornyy-bryut-roze-2-tsimlyanskiy-chernyy-rozovoe-12,detect
dataset/uploads_root/prod-svoe-vino-strapi/prod-svoe-vino/strapi/uploads/vinodelnya_marchenko_vermilon_kaberne_azos_krasnoe_suhoe_14_f967407afe.webp,vinodelnya-marchenko-vermilon-kaberne-azos-krasnoe-suhoe-14,detect
dataset/uploads_root/prod-svoe-vino-strapi/prod-svoe-vino/strapi/uploads/skalistyy_bereg_veter_v_travah_kaberne_fran_krasnoe_suhoe_13_3f33bf6f33.webp,skalistyy-bereg-veter-v-travah-kaberne-fran-krasnoe-suhoe-13,detect
dataset/uploads_root/prod-svoe-vino-strapi/prod-svoe-vino/strapi/uploads/massandra_vino_avtorskoe_pino_gri_beloe_suhoe_12_bf2039c511.webp,massandra-vino-avtorskoe-pino-gri-beloe-suhoe-12,detect
dataset/uploads_root/prod-svoe-vino-strapi/prod-svoe-vino/strapi/uploads/vinodelnya_vedernikov_vinodelnya_vedernikov_pet_nat_roze_tsimlyanskiy_chernyy_rozovoe_suhoe_12_647e4c90d6.webp,vinodelnya-vedernikov-vinodelnya-vedernikov-pet-nat-roze-tsimlyanskiy-chernyy-rozovoe-suhoe-12,detect
dataset/uploads_root/prod-svoe-vino-strapi/prod-svoe-vino/strapi/uploads/vinodelnya_vedernikov_vinodelnya_vedernikov_tsimlyanskiy_chernyy_sibirkovyy_ekstra_bryut_beloe_13_8299616071.webp,vinodelnya-vedernikov-vinodelnya-vedernikov-tsimlyanskiy-chernyy-sibirkovyy-ekstra-bryut-beloe-13,detect
dataset/uploads_root/prod-svoe-vino-strapi/prod-svoe-vino/strapi/uploads/Screenshot_26_006b22d9cf.webp,vintazh-premium,detect
dataset/uploads_root/prod-svoe-vino-strapi/prod-svoe-vino/strapi/uploads/andryus_yutsis_vione_beloe_suhoe_112_3dcc463d21.webp,andryus-yutsis-vione-beloe-suhoe-112,detect
dataset/uploads_root/prod-svoe-vino-strapi/prod-svoe-vino/strapi/uploads/vinodelnya_marko_vione_beloe_suhoe_12_b8f5e2497b.webp,vinodelnya-marko-vione-beloe-suhoe-12,detect
dataset/uploads_root/prod-svoe-vino-strapi/prod-svoe-vino/strapi/uploads/vinodelnya_krinitsa_vione_beloe_suhoe_133_e3c078da52.webp,vinodelnya-krinitsa-vione-beloe-suhoe-133,detect
dataset/uploads_root/prod-svoe-vino-strapi/prod-svoe-vino/strapi/uploads/esse_vione_beloe_suhoe_13_aec36b710c.webp,esse-vione-beloe-suhoe-13,detect
dataset/uploads_root/prod-svoe-vino-strapi/prod-svoe-vino/strapi/uploads/usadba_mezyb_vione_beloe_suhoe_118_09f77ea9a0.webp,usadba-mezyb-vione-beloe-suhoe-118,detect
dataset/uploads_root/prod-svoe-vino-strapi/prod-svoe-vino/strapi/uploads/dva_serdtsa_vione_beloe_suhoe_125_2e3fcdb2b9.webp,dva-serdtsa-vione-beloe-suhoe-125,detect
dataset/uploads_root/prod-svoe-vino-strapi/prod-svoe-vino/strapi/uploads/loco_cimbali_vione_beloe_suhoe_14_c9f29d5f9c.webp,loco-cimbali-vione-beloe-suhoe-14,detect
dataset/uploads_root/prod-svoe-vino-strapi/prod-svoe-vino/strapi/uploads/chateau_cachalot_vione_beloe_suhoe_112_fe94c08087.webp,chateau-cachalot-vione-beloe-suhoe-112,detect
dataset/uploads_root/prod-svoe-vino-strapi/prod-svoe-vino/strapi/uploads/oxana_istratova_wine_vione_2023_oranzhevoe_suhoe_119_d9ca068047.webp,oxana-istratova-wine-vione-2023-oranzhevoe-suhoe-119,detect
dataset/uploads_root/prod-svoe-vino-strapi/prod-svoe-vino/strapi/uploads/oxana_istratova_wine_vione_2024_oranzhevoe_suhoe_13_66846a8d60.webp,oxana-istratova-wine-vione-2024-oranzhevoe-suhoe-13,detect
dataset/uploads_root/prod-svoe-vino-strapi/prod-svoe-vino/strapi/uploads/vinodelnya_zhakov_vostorg_beloe_suhoe_116_d4de151c7e.webp,vinodelnya-zhakov-vostorg-beloe-suhoe-116,detect
dataset/uploads_root/prod-svoe-vino-strapi/prod-svoe-vino/strapi/uploads/kuban_vino_vysokiy_bereg_grafit_roze_kaberne_sovinon_rozovoe_suhoe_12_1d75bb3149.webp,kuban-vino-vysokiy-bereg-grafit-roze-kaberne-sovinon-rozovoe-suhoe-12,detect
dataset/uploads_root/prod-svoe-vino-strapi/prod-svoe-vino/strapi/uploads/kuban_vino_vysokiy_bereg_merlo_krasnoe_suhoe_135_d7f7724ccd.webp,kuban-vino-vysokiy-bereg-merlo-krasnoe-suhoe-135,detect
dataset/uploads_root/prod-svoe-vino-strapi/prod-svoe-vino/strapi/uploads/kuban_vino_vysokiy_bereg_myuller_turgau_beloe_suhoe_13_5cc1c08279.webp,kuban-vino-vysokiy-bereg-myuller-turgau-beloe-suhoe-13,detect
dataset/uploads_root/prod-svoe-vino-strapi/prod-svoe-vino/strapi/uploads/VB_Risling_vyderzhannoe_ekstrabryut_0_75_l_2022_30cc340906.webp,vysokij-bereg-risling-zelenaya-seriya-2,detect
dataset/uploads_root/prod-svoe-vino-strapi/prod-svoe-vino/strapi/uploads/VB_ZS_Igristoe_Monro_075_Normal_100b782b23.webp,vysokij-bereg-risling-zelenaya-seriya-1,detect
dataset/uploads_root/prod-svoe-vino-strapi/prod-svoe-vino/strapi/uploads/VB_ZS_Risling_pod_probku_03_2025_Normal_46bfcfa636.webp,vysokij-bereg-risling-zelenaya-seriya,detect
dataset/uploads_root/prod-svoe-vino-strapi/prod-svoe-vino/strapi/uploads/VB_ZS_Traminer_2024gu_Normal_cf39758420.webp,vysokij-bereg-traminer-zelenaya-seriya,detect
dataset/uploads_root/prod-svoe-vino-strapi/prod-svoe-vino/strapi/uploads/Vysokij_bereg_Czvajgelt_8c439c9f75.webp,vysokij-bereg-czvajgelt,detect
dataset/uploads_root/prod-svoe-vino-strapi/prod-svoe-vino/strapi/uploads/Gai_Kodzor_Rusan_5381eb38cc.webp,gaj-kodzor-rusan,detect
dataset/uploads_root/prod-svoe-vino-strapi/prod-svoe-vino/strapi/uploads/Gai_Kodzor_Sovinon_blan_813e69be18.webp,gaj-kodzor-sovinon-blan,detect
dataset/uploads_root/prod-svoe-vino-strapi/prod-svoe-vino/strapi/uploads/esse_gevyurtstraminer_beloe_suhoe_12_c0993e07dc.webp,esse-gevyurtstraminer-beloe-suhoe-12,detect
dataset/uploads_root/prod-svoe-vino-strapi/prod-svoe-vino/strapi/uploads/uppa_winery_gevyurtstraminer_muskat_beloe_suhoe_14_0795455a8d.webp,uppa-winery-gevyurtstraminer-muskat-beloe-suhoe-14,detect
dataset/uploads_root/prod-svoe-vino-strapi/prod-svoe-vino/strapi/uploads/vinodelnya_myshako_gevyurtstraminer_mode_petnat_petnat_bryut_belyy_118_efec323182.webp,vinodelnya-myshako-gevyurtstraminer-mode-petnat-beloe-bryut-118,detect
dataset/uploads_root/prod-svoe-vino-strapi/prod-svoe-vino/strapi/uploads/vinodelnya_myshako_gevyurtstraminer_kyuve_bryut_igristoe_bryut_beloe_123_8da56b2ab5.webp,vinodelnya-myshako-gevyurtstraminer-kyuve-bryut-beloe-123,detect
dataset/uploads_root/prod-svoe-vino-strapi/prod-svoe-vino/strapi/uploads/vinodelnya_raevskoe_genezis_beloe_risling_beloe_suhoe_123_e1e994dbf3.webp,vinodelnya-raevskoe-genezis-beloe-risling-suhoe-123,detect
dataset/uploads_root/prod-svoe-vino-strapi/prod-svoe-vino/strapi/uploads/vinodelnya_raevskoe_genezis_krasnoe_kaberne_sovinon_krasnoe_suhoe_13_16b96ba980.webp,vinodelnya-raevskoe-genezis-krasnoe-kaberne-sovinon-suhoe-13,detect
dataset/uploads_root/prod-svoe-vino-strapi/prod-svoe-vino/strapi/uploads/vinodelnya_raevskoe_genezis_rozovoe_tempranilo_rozovoe_suhoe_117_efc6919077.webp,vinodelnya-raevskoe-genezis-rozovoe-tempranilo-suhoe-117,detect
dataset/uploads_root/prod-svoe-vino-strapi/prod-svoe-vino/strapi/uploads/imenie_sikory_gerts_kaberne_sovinon_krasnoe_suhoe_vyderzhannoe_14_c875bac299.webp,imenie-sikory-gerts-kaberne-sovinon-krasnoe-suhoe-14,detect
dataset/uploads_root/prod-svoe-vino-strapi/prod-svoe-vino/strapi/uploads/imenie_sikory_gerts_sikory_kaberne_sovinon_krasnoe_suhoe_14_2dc7c653fd.webp,imenie-sikory-gerts-sikory-kaberne-sovinon-krasnoe-suhoe-14,detect
dataset/uploads_root/prod-svoe-vino-strapi/prod-svoe-vino/strapi/uploads/vinodelnya_marchenko_gechei_zamatosh_beloe_suhoe_135_ff7b648e20.webp,vinodelnya-marchenko-gechei-zamatosh-beloe-suhoe-135,detect
dataset/uploads_root/prod-svoe-vino-strapi/prod-svoe-vino/strapi/uploads/vinodelnya_uzunov_glad_shardone_igristoe_ekstra_bryut_beloe_127_7d4577552b.webp,vinodelnya-uzunov-glad-shardone-beloe-ekstra-bryut-127,detect
dataset/uploads_root/prod-svoe-vino-strapi/prod-svoe-vino/strapi/uploads/Screenshot_2_66036870aa.webp,glera-manno,detect
dataset/uploads_root/prod-svoe-vino-strapi/prod-svoe-vino/strapi/uploads/soyuz_vino_gloriya_de_luna_byanko_sekko_shardone_beloe_suhoe_11_e1eb459568.webp,soyuz-vino-gloriya-de-luna-byanko-sekko-shardone-beloe-suhoe-11,detect
dataset/uploads_root/prod-svoe-vino-strapi/prod-svoe-vino/strapi/uploads/soyuz_vino_gloriya_de_luna_byanko_semidolche_shardone_beloe_polusladkoe_11_22883623c8.webp,soyuz-vino-gloriya-de-luna-byanko-semidolche-shardone-beloe-polusladkoe-11,detect
dataset/uploads_root/prod-svoe-vino-strapi/prod-svoe-vino/strapi/uploads/soyuz_vino_gloriya_de_luna_rosso_sekko_kaberne_sovinon_krasnoe_suhoe_11_22e36306c0.webp,soyuz-vino-gloriya-de-luna-rosso-sekko-kaberne-sovinon-krasnoe-suhoe-11,detect
dataset/uploads_root/prod-svoe-vino-strapi/prod-svoe-vino/strapi/uploads/soyuz_vino_gloriya_de_luna_rosso_semidolche_kaberne_sovinon_krasnoe_polusladkoe_11_a2b9c3484a.webp,soyuz-vino-gloriya-de-luna-rosso-semidolche-kaberne-sovinon-krasnoe-polusladkoe-11,detect
dataset/uploads_root/prod-svoe-vino-strapi/prod-svoe-vino/strapi/uploads/vinodelnya_raevskoe_glou_krasnoe_merlo_krasnoe_suhoe_14_2560e6ae7b.webp,vinodelnya-raevskoe-glou-krasnoe-merlo-suhoe-14,detect
dataset/uploads_root/prod-svoe-vino-strapi/prod-svoe-vino/strapi/uploads/vinodelnya_batrak_glyu_glyu_podarok_magaracha_krasnoe_suhoe_12_f97132e4a2.webp,vinodelnya-batrak-glyu-glyu-podarok-magaracha-krasnoe-suhoe-12,detect
dataset/uploads_root/prod-svoe-vino-strapi/prod-svoe-vino/strapi/uploads/shato_pino_kaberne_sovinon_merlo_krasnoe_suhoe_135_4464dcca39.webp,shato-pino-gravitatsiya-kaberne-sovinon-merlo-krasnoe-suhoe-135,detect
dataset/uploads_root/prod-svoe-vino-strapi/prod-svoe-vino/strapi/uploads/alma_valley_graviti_pino_blan_beloe_suhoe_135_78180c873a.webp,alma-valley-graviti-pino-blan-beloe-suhoe-135,detect
dataset/uploads_root/prod-svoe-vino-strapi/prod-svoe-vino/strapi/uploads/alma_valley_graviti_kaberne_sovinon_krasnoe_suhoe_15_018520df79.webp,alma-valley-graviti-kaberne-sovinon-krasnoe-suhoe-15,detect
dataset/uploads_root/prod-svoe-vino-strapi/prod-svoe-vino/strapi/uploads/zmv_koktebel_grand_kupazh_kaberne_sovinon_krasnoe_suhoe_13_df6b6621b0.webp,zmv-koktebel-grand-kupazh-kaberne-sovinon-krasnoe-suhoe-13,detect
dataset/uploads_root/prod-svoe-vino-strapi/prod-svoe-vino/strapi/uploads/Screenshot_2_fotor_bg_remover_202607141683_5f9e4ecf95.webp,grand-kyuve,detect
dataset/uploads_root/prod-svoe-vino-strapi/prod-svoe-vino/strapi/uploads/sober_bash_grani_kumshatskiy_kumshatskiy_belyy_beloe_suhoe_11_6cb0d67e2f.webp,sober-bash-grani-kumshatskiy-kumshatskiy-belyy-beloe-suhoe-11,detect
dataset/uploads_root/prod-svoe-vino-strapi/prod-svoe-vino/strapi/uploads/sober_bash_grani_muskat_muskat_dzhialo_beloe_suhoe_12_9d46b2c399.webp,sober-bash-grani-muskat-muskat-dzhialo-beloe-suhoe-12,detect
dataset/uploads_root/prod-svoe-vino-strapi/prod-svoe-vino/strapi/uploads/sober_bash_grani_plechistik_krasnoe_suhoe_12_c4203547d4.webp,sober-bash-grani-plechistik-krasnoe-suhoe-12,detect
dataset/uploads_root/prod-svoe-vino-strapi/prod-svoe-vino/strapi/uploads/derbent_vino_graf_vorontsov_beloe_polusladkoe_sovinon_blan_105_125_5bcfddfbc1.webp,derbent-vino-graf-vorontsov-beloe-polusladkoe-sovinon-blan-105-125,detect
dataset/uploads_root/prod-svoe-vino-strapi/prod-svoe-vino/strapi/uploads/derbent_vino_graf_vorontsov_bryut_beloe_sovinon_blan_105_125_75497fccb3.webp,derbent-vino-graf-vorontsov-bryut-beloe-sovinon-blan-105-125,detect
dataset/uploads_root/prod-svoe-vino-strapi/prod-svoe-vino/strapi/uploads/derbent_vino_graf_vorontsov_bryut_rozovoe_pervenets_magaracha_105_125_080d855e21.webp,derbent-vino-graf-vorontsov-bryut-rozovoe-pervenets-magaracha-105-125,detect
dataset/uploads_root/prod-svoe-vino-strapi/prod-svoe-vino/strapi/uploads/shato_ay_danil_grenash_krasnoe_suhoe_12_d09ddb015c.webp,shato-ay-danil-grenash-krasnoe-suhoe-12,detect
dataset/uploads_root/prod-svoe-vino-strapi/prod-svoe-vino/strapi/uploads/chateau_andre_gryuner_beloe_suhoe_13_c15d8162b2.webp,chateau-andre-gryuner-beloe-suhoe-13,detect
dataset/uploads_root/prod-svoe-vino-strapi/prod-svoe-vino/strapi/uploads/vinodelnya_vedernikov_gubernatorskiy_rezerv_beloe_risling_suhoe_12_280641b281.webp,vinodelnya-vedernikov-gubernatorskiy-rezerv-beloe-risling-suhoe-12,detect
dataset/uploads_root/prod-svoe-vino-strapi/prod-svoe-vino/strapi/uploads/vinodelnya_vedernikov_gubernatorskiy_rezerv_krasnoe_kaberne_sovinon_suhoe_14_35b1c6ebda.webp,vinodelnya-vedernikov-gubernatorskiy-rezerv-krasnoe-kaberne-sovinon-suhoe-14,detect
dataset/uploads_root/prod-svoe-vino-strapi/prod-svoe-vino/strapi/uploads/vinodelnya_vedernikov_gubernatorskoe_golubok_krasnoe_suhoe_11_35f666fa86.webp,vinodelnya-vedernikov-gubernatorskoe-golubok-krasnoe-suhoe-11,detect
dataset/uploads_root/prod-svoe-vino-strapi/prod-svoe-vino/strapi/uploads/vinodelnya_vedernikov_gubernatorskoe_kaberne_krasnostop_zolotovskiy_krasnoe_suhoe_12_62ddf16cc6.webp,vinodelnya-vedernikov-gubernatorskoe-kaberne-krasnostop-zolotovskiy-krasnoe-suhoe-12,detect
dataset/uploads_root/prod-svoe-vino-strapi/prod-svoe-vino/strapi/uploads/vinodelnya_vedernikov_gubernatorskoe_risling_beloe_suhoe_12_43f9820281.webp,vinodelnya-vedernikov-gubernatorskoe-risling-beloe-suhoe-12,detect
dataset/uploads_root/prod-svoe-vino-strapi/prod-svoe-vino/strapi/uploads/vinodelnya_vedernikov_gubernatorskoe_rkatsiteli_beloe_suhoe_13_3e2b70fdee.webp,vinodelnya-vedernikov-gubernatorskoe-rkatsiteli-beloe-suhoe-13,detect
dataset/uploads_root/prod-svoe-vino-strapi/prod-svoe-vino/strapi/uploads/vinodelnya_vedernikov_gubernatorskoe_rozovoe_tsimlyanskiy_chernyy_suhoe_11_46e399ed48.webp,vinodelnya-vedernikov-gubernatorskoe-rozovoe-tsimlyanskiy-chernyy-suhoe-11,detect
dataset/uploads_root/prod-svoe-vino-strapi/prod-svoe-vino/strapi/uploads/DSC_09166_cf6c3aaa12.webp,dva-brata-pet-nat-kokur-2024,detect
dataset/uploads_root/prod-svoe-vino-strapi/prod-svoe-vino/strapi/uploads/sober_bash_dve_doliny_auri_mtsvane_kahetinskiy_beloe_suhoe_125_a76407b8bc.webp,sober-bash-dve-doliny-auri-mtsvane-kahetinskiy-beloe-suhoe-125,detect
dataset/uploads_root/prod-svoe-vino-strapi/prod-svoe-vino/strapi/uploads/sober_bash_dve_doliny_kaberne_fran_2023_krasnoe_polusuhoe_14_fae22fb7b6.webp,sober-bash-dve-doliny-kaberne-fran-2023-krasnoe-polusuhoe-14,detect
dataset/uploads_root/prod-svoe-vino-strapi/prod-svoe-vino/strapi/uploads/sober_bash_dve_doliny_liuri_2023_dostoynyy_rozovoe_suhoe_13_cb46b8033e.webp,sober-bash-dve-doliny-liuri-2023-dostoynyy-rozovoe-suhoe-13,detect
dataset/uploads_root/prod-svoe-vino-strapi/prod-svoe-vino/strapi/uploads/sober_bash_dve_doliny_myuller_turgau_2023_beloe_suhoe_117_a86924eb95.webp,sober-bash-dve-doliny-myuller-turgau-2023-beloe-suhoe-117,detect
dataset/uploads_root/prod-svoe-vino-strapi/prod-svoe-vino/strapi/uploads/sober_bash_dve_doliny_saperavi_kachich_krasnoe_polusuhoe_15_05e046e50c.webp,sober-bash-dve-doliny-saperavi-kachich-krasnoe-polusuhoe-15,detect
dataset/uploads_root/prod-svoe-vino-strapi/prod-svoe-vino/strapi/uploads/sober_bash_dve_doliny_tsimlyanskiy_2023_tsimlyanskiy_chernyy_krasnoe_suhoe_13_b4e53e75c9.webp,sober-bash-dve-doliny-tsimlyanskiy-2023-tsimlyanskiy-chernyy-krasnoe-suhoe-13,detect
dataset/uploads_root/prod-svoe-vino-strapi/prod-svoe-vino/strapi/uploads/fanagoriya_dekanter_chardonnay_2020_shardone_beloe_suhoe_135_b72982bc7e.webp,fanagoriya-dekanter-chardonnay-2020-shardone-beloe-suhoe-135,detect
dataset/uploads_root/prod-svoe-vino-strapi/prod-svoe-vino/strapi/uploads/fanagoriya_dekanter_riesling_2020_risling_reynskiy_beloe_suhoe_13_501205987a.webp,fanagoriya-dekanter-riesling-2020-risling-reynskiy-beloe-suhoe-13,detect
dataset/uploads_root/prod-svoe-vino-strapi/prod-svoe-vino/strapi/uploads/fanagoriya_dekanter_kaberne_sovinon_2018_krasnoe_suhoe_14_fefe5a3d2b.webp,fanagoriya-dekanter-kaberne-sovinon-2018-krasnoe-suhoe-14,detect
dataset/uploads_root/prod-svoe-vino-strapi/prod-svoe-vino/strapi/uploads/fanagoriya_dekanter_kaberne_fran_2019_krasnoe_suhoe_13_0b28b4ba5d.webp,fanagoriya-dekanter-kaberne-fran-2019-krasnoe-suhoe-13,detect
dataset/uploads_root/prod-svoe-vino-strapi/prod-svoe-vino/strapi/uploads/fanagoriya_dekanter_merlo_2018_krasnoe_suhoe_14_5bd81e96ca.webp,fanagoriya-dekanter-merlo-2018-krasnoe-suhoe-14,detect
dataset/uploads_root/prod-svoe-vino-strapi/prod-svoe-vino/strapi/uploads/fanagoriya_dekanter_pino_nuar_2020_krasnoe_suhoe_135_7e07c8dd79.webp,fanagoriya-dekanter-pino-nuar-2020-krasnoe-suhoe-135,detect
dataset/uploads_root/prod-svoe-vino-strapi/prod-svoe-vino/strapi/uploads/fanagoriya_dekanter_rkatsiteli_2019_beloe_suhoe_135_e7a61d6050.webp,fanagoriya-dekanter-rkatsiteli-2019-beloe-suhoe-135,detect
dataset/uploads_root/prod-svoe-vino-strapi/prod-svoe-vino/strapi/uploads/fanagoriya_dekanter_saperavi_2017_krasnoe_suhoe_135_1eb1ee94fa.webp,fanagoriya-dekanter-saperavi-2017-krasnoe-suhoe-135,detect
dataset/uploads_root/prod-svoe-vino-strapi/prod-svoe-vino/strapi/uploads/fanagoriya_dekanter_formula_q_kaberne_sovinon_krasnoe_suhoe_135_f3b19bcb8e.webp,fanagoriya-dekanter-formula-q-kaberne-sovinon-krasnoe-suhoe-135,detect
dataset/uploads_root/prod-svoe-vino-strapi/prod-svoe-vino/strapi/uploads/derbent_vino_di_kaspiko_merlo_krasnoe_polusladkoe_11_fe0af35587.webp,derbent-vino-di-kaspiko-merlo-krasnoe-polusladkoe-11,detect
dataset/uploads_root/prod-svoe-vino-strapi/prod-svoe-vino/strapi/uploads/derbent_vino_di_kaspiko_rkatsiteli_beloe_polusladkoe_11_0f1d01c9b8.webp,derbent-vino-di-kaspiko-rkatsiteli-beloe-polusladkoe-11,detect
dataset/uploads_root/prod-svoe-vino-strapi/prod-svoe-vino/strapi/uploads/derbent_vino_di_kaspiko_shardone_beloe_bryut_105_125_4d786338c5.webp,derbent-vino-di-kaspiko-shardone-beloe-bryut-105-125,detect
dataset/uploads_root/prod-svoe-vino-strapi/prod-svoe-vino/strapi/uploads/DK_bel_plsl_ebdebaedce.webp,derbent-vino-di-kaspiko-shardone-beloe-polusladkoe-105-125,detect
dataset/uploads_root/prod-svoe-vino-strapi/prod-svoe-vino/strapi/uploads/FDM_verde_white_4012edf5ad.webp,di-kaspiko-di-caspico-fiori-di-mare-verde,detect
dataset/uploads_root/prod-svoe-vino-strapi/prod-svoe-vino/strapi/uploads/DI_CASPICO_Bd_B_51a07c38ef.webp,igristoe-vino-bryut-beloe-di-kaspiko-blan-de-blan-di-caspico-blanc-de-blancs,detect
dataset/uploads_root/prod-svoe-vino-strapi/prod-svoe-vino/strapi/uploads/DI_CASPICO_Bd_N_468dd912ff.webp,igristoe-vino-bryut-rozovoe-di-kaspiko-blan-de-nuar-di-caspico-blanc-de-noirs,detect
dataset/uploads_root/prod-svoe-vino-strapi/prod-svoe-vino/strapi/uploads/derbent_vino_di_kaspiko_kaberne_sovinon_krasnoe_suhoe_135_cb62d5c61d.webp,derbent-vino-di-kaspiko-kaberne-sovinon-krasnoe-suhoe-135,detect
dataset/uploads_root/prod-svoe-vino-strapi/prod-svoe-vino/strapi/uploads/derbent_vino_di_kaspiko_merlo_krasnoe_suhoe_13_955108cf50.webp,derbent-vino-di-kaspiko-merlo-krasnoe-suhoe-13,detect
dataset/uploads_root/prod-svoe-vino-strapi/prod-svoe-vino/strapi/uploads/derbent_vino_di_kaspiko_risling_beloe_suhoe_12_4811c15318.webp,derbent-vino-di-kaspiko-risling-beloe-suhoe-12,detect
dataset/uploads_root/prod-svoe-vino-strapi/prod-svoe-vino/strapi/uploads/derbent_vino_di_kaspiko_rkatsiteli_beloe_suhoe_12_bb2cf4506e.webp,derbent-vino-di-kaspiko-rkatsiteli-beloe-suhoe-12,detect
dataset/uploads_root/prod-svoe-vino-strapi/prod-svoe-vino/strapi/uploads/derbent_vino_di_kaspiko_roze_shardone_rozovoe_suhoe_12_9bae135964.webp,derbent-vino-di-kaspiko-roze-shardone-rozovoe-suhoe-12,detect
dataset/uploads_root/prod-svoe-vino-strapi/prod-svoe-vino/strapi/uploads/derbent_vino_di_kaspiko_saperavi_krasnoe_suhoe_13_753016cd3a.webp,derbent-vino-di-kaspiko-saperavi-krasnoe-suhoe-13,detect
dataset/uploads_root/prod-svoe-vino-strapi/prod-svoe-vino/strapi/uploads/DK_bel_sovinon_105c5fad6a.webp,derbent-vino-di-kaspiko-sovinon-sovinon-blan-beloe-suhoe-12,detect
dataset/uploads_root/prod-svoe-vino-strapi/prod-svoe-vino/strapi/uploads/derbent_vino_di_kaspiko_fiori_di_mare_verde_avgustin_rozovoe_polusuhoe_10_e9fa99da2f.webp,derbent-vino-di-kaspiko-fiori-di-mare-verde-avgustin-rozovoe-polusuhoe-10,detect
dataset/uploads_root/prod-svoe-vino-strapi/prod-svoe-vino/strapi/uploads/derbent_vino_di_kaspiko_shardone_beloe_suhoe_125_f909d0b705.webp,derbent-vino-di-kaspiko-shardone-beloe-suhoe-125,detect
dataset/uploads_root/prod-svoe-vino-strapi/prod-svoe-vino/strapi/uploads/vinodelnya_marko_dikiy_sovinon_sovinon_blan_beloe_suhoe_12_391dfa9445.webp,vinodelnya-marko-dikiy-sovinon-sovinon-blan-beloe-suhoe-12,detect
dataset/uploads_root/prod-svoe-vino-strapi/prod-svoe-vino/strapi/uploads/shato_pino_kaberne_fran_krasnoe_suhoe_14_2be9b0f50c.webp,shato-pino-dichkaberne-fran-krasnoe-suhoe-14,detect
dataset/uploads_root/prod-svoe-vino-strapi/prod-svoe-vino/strapi/uploads/DNK_Alleliya_Merkotan2_3011aefe23.webp,dnk-alleli,detect
dataset/uploads_root/prod-svoe-vino-strapi/prod-svoe-vino/strapi/uploads/DNK_Aura_Merkotan2_b358e92e8d.webp,dnk-aura,detect
dataset/uploads_root/prod-svoe-vino-strapi/prod-svoe-vino/strapi/uploads/Kaberne_Sovinon_Merkotan_39ee25f793.webp,dnk-kaberne-sovinon,detect
dataset/uploads_root/prod-svoe-vino-strapi/prod-svoe-vino/strapi/uploads/DNK_Pokolenie_Merkotan2_5b589ac6e4.webp,dnk-pokolenie,detect
dataset/uploads_root/prod-svoe-vino-strapi/prod-svoe-vino/strapi/uploads/valeriy_zaharin_dom_zaharinyh_beloe_sary_pandas_beloe_suhoe_115_d6510ac4dc.webp,valeriy-zaharin-dom-zaharinyh-beloe-sary-pandas-suhoe-115,detect
dataset/uploads_root/prod-svoe-vino-strapi/prod-svoe-vino/strapi/uploads/valeriy_zaharin_dom_zaharinyh_krasnoe_kaberne_sovinon_krasnoe_suhoe_125_c129a97c03.webp,valeriy-zaharin-dom-zaharinyh-krasnoe-kaberne-sovinon-suhoe-125,detect
dataset/uploads_root/prod-svoe-vino-strapi/prod-svoe-vino/strapi/uploads/sober_bash_dostoynyy_krasnoe_suhoe_14_b2d3facf49.webp,sober-bash-dostoynyy-krasnoe-suhoe-14,detect
dataset/uploads_root/prod-svoe-vino-strapi/prod-svoe-vino/strapi/uploads/cloudy_winery_dubrovskiy_bordeaux_blend_kaberne_fran_krasnoe_suhoe_14_f6e9762007.webp,cloudy-winery-dubrovskiy-bordeaux-blend-kaberne-fran-krasnoe-suhoe-14,detect
dataset/uploads_root/prod-svoe-vino-strapi/prod-svoe-vino/strapi/uploads/cloudy_winery_dubrovskiy_orange_rkatsiteli_beloe_suhoe_125_4f9572c38b.webp,cloudy-winery-dubrovskiy-orange-rkatsiteli-beloe-suhoe-125,detect
dataset/uploads_root/prod-svoe-vino-strapi/prod-svoe-vino/strapi/uploads/skalistyy_bereg_dyhanie_voln_shardone_beloe_suhoe_121_74e150ac8e.webp,skalistyy-bereg-dyhanie-voln-shardone-beloe-suhoe-121,detect
dataset/uploads_root/prod-svoe-vino-strapi/prod-svoe-vino/strapi/uploads/Desono_Kaberne_Sovinon_92912df82f.webp,derbent-vino-desono-kaberne-sovinon-krasnoe-suhoe-125,detect
dataset/uploads_root/prod-svoe-vino-strapi/prod-svoe-vino/strapi/uploads/Desono_Kaberne_Fran_d35065b98b.webp,derbent-vino-desono-kaberne-fran-krasnoe-suhoe-125,detect
dataset/uploads_root/prod-svoe-vino-strapi/prod-svoe-vino/strapi/uploads/Desono_Merlo_8f58649b26.webp,derbent-vino-desono-merlo-krasnoe-suhoe-125,detect
dataset/uploads_root/prod-svoe-vino-strapi/prod-svoe-vino/strapi/uploads/Desono_Risling_b70f2d30ac.webp,derbent-vino-desono-risling-beloe-suhoe-125,detect
dataset/uploads_root/prod-svoe-vino-strapi/prod-svoe-vino/strapi/uploads/derbent_vino_desono_risling_ekstra_bryut_beloe_105_125_724cf52ff8.webp,derbent-vino-desono-risling-ekstra-bryut-beloe-105-125,detect
dataset/uploads_root/prod-svoe-vino-strapi/prod-svoe-vino/strapi/uploads/Desono_Rkacziteli_orandzh_a572c088a4.webp,derbent-vino-desono-rkatsiteli-oranzh-beloe-suhoe-125,detect
dataset/uploads_root/prod-svoe-vino-strapi/prod-svoe-vino/strapi/uploads/Desono_Saperavi_606c582da8.webp,derbent-vino-desono-saperavi-krasnoe-suhoe-125,detect
dataset/uploads_root/prod-svoe-vino-strapi/prod-svoe-vino/strapi/uploads/Desono_Saperavi_roze_a6f976b72e.webp,derbent-vino-desono-saperavi-roze-rozovoe-suhoe-125,detect
dataset/uploads_root/prod-svoe-vino-strapi/prod-svoe-vino/strapi/uploads/derbent_vino_desono_sovinon_ekstra_bryut_sovinon_blan_beloe_105_125_756134dcb1.webp,derbent-vino-desono-sovinon-ekstra-bryut-sovinon-blan-beloe-105-125,detect
dataset/uploads_root/prod-svoe-vino-strapi/prod-svoe-vino/strapi/uploads/Desono_Shardone_46ac5a58e0.webp,derbent-vino-desono-shardone-beloe-suhoe-125,detect
dataset/uploads_root/prod-svoe-vino-strapi/prod-svoe-vino/strapi/uploads/Aligote_Czitron_bel_suh_8bc8ca2832.webp,zhemchuzhnaya-9-aligote-czitron,detect
dataset/uploads_root/prod-svoe-vino-strapi/prod-svoe-vino/strapi/uploads/Kaberne_Pino_nuar_p_sl_ba5ed7824d.webp,zhemchuzhnaya-9-kaberne-sovinon-pino-nuar-1,detect
dataset/uploads_root/prod-svoe-vino-strapi/prod-svoe-vino/strapi/uploads/Kaberne_Pino_Nuar_p_suh_fe5a6a54b9.webp,zhemchuzhnaya-9-kaberne-sovinon-pino-nuar,detect
dataset/uploads_root/prod-svoe-vino-strapi/prod-svoe-vino/strapi/uploads/Muskat_Kaberne_p_sl_7faf5a7173.webp,zhemchuzhnaya-9-muskat-rozovyj-kaberne-sovinon,detect
dataset/uploads_root/prod-svoe-vino-strapi/prod-svoe-vino/strapi/uploads/Muskat_Pino_Gri_suh_bbbbbf5ff9.webp,zhemchuzhnaya-9-muskat-rozovyj-pino-gri,detect
dataset/uploads_root/prod-svoe-vino-strapi/prod-svoe-vino/strapi/uploads/Pino_Gri_Pino_Nuar_suh_9c75ca2f52.webp,zhemchuzhnaya-9-pino-gri-pino-nuar,detect
dataset/uploads_root/prod-svoe-vino-strapi/prod-svoe-vino/strapi/uploads/Pino_Nuar_Muskat_p_sl_7adf03cd48.webp,zhemchuzhnaya-9-pino-nuar-muskat-rozovyj-2,detect
dataset/uploads_root/prod-svoe-vino-strapi/prod-svoe-vino/strapi/uploads/Pino_Nuar_Muskat_p_suh_6f84a398e4.webp,zhemchuzhnaya-9-pino-nuar-muskat-rozovyj-1,detect
dataset/uploads_root/prod-svoe-vino-strapi/prod-svoe-vino/strapi/uploads/Pino_Nuar_Muskat_suh_82108c8383.webp,zhemchuzhnaya-9-pino-nuar-muskat-rozovyj,detect
dataset/uploads_root/prod-svoe-vino-strapi/prod-svoe-vino/strapi/uploads/Risling_Sovinon_p_suh_2e0b39c41e.webp,zhemchuzhnaya-9-risling-sovinon-blan,detect
dataset/uploads_root/prod-svoe-vino-strapi/prod-svoe-vino/strapi/uploads/Sovinon_Aligote_suh_f405e4e033.webp,zhemchuzhnaya-9-sovinon-blan-aligote,detect
dataset/uploads_root/prod-svoe-vino-strapi/prod-svoe-vino/strapi/uploads/Czitron_Sovinon_p_suh_f07f1d8280.webp,czitronnyj-magaracha-sovinon-blan,detect
dataset/uploads_root/prod-svoe-vino-strapi/prod-svoe-vino/strapi/uploads/Czitron_Shard_p_sl_b94274915f.webp,zhemchuzhnaya-9-czitron-shardone-1,detect
data/refs/zakat_denisov_platform.webp,zakat-denisov-vajneri,detect
dataset/uploads_root/prod-svoe-vino-strapi/prod-svoe-vino/strapi/uploads/belbek_zakat_merlo_sira_krasnoe_suhoe_132_1a2112ceb7.webp,belbek-zakat-merlo-sira-krasnoe-suhoe-132,detect
dataset/uploads_root/prod-svoe-vino-strapi/prod-svoe-vino/strapi/uploads/convertio_in_L1002571_8cf9459a5e.webp,zb-vajn-vajt-suhoe-beloe,detect
dataset/uploads_root/prod-svoe-vino-strapi/prod-svoe-vino/strapi/uploads/Moskato_beloe_polusladkoe_bce522a309.webp,zb-vajn-moskato-polusladkoe-beloe,detect
data/refs/zb_moscato_rose_krymwine.webp,zb-vajn-moskato-polusladkoe-rozovoe,detect
dataset/uploads_root/prod-svoe-vino-strapi/prod-svoe-vino/strapi/uploads/convertio_in_Risling_vint_eeb3d3e63c.webp,zb-vajn-risling-polusuhoe-beloe,detect
dataset/uploads_root/prod-svoe-vino-strapi/prod-svoe-vino/strapi/uploads/convertio_in_L1002577_1_8ca44facec.webp,zb-vajn-roze-suhoe-rozovoe,detect
data/refs/zb_spumante_rose_brut_krymwine.webp,zb-vajn-spumante-bryut-rozovoe,detect
dataset/uploads_root/prod-svoe-vino-strapi/prod-svoe-vino/strapi/uploads/Spumante_beloe_polusuhoe_d8b5b76db4.webp,zb-vajn-spumante-polusuhoe-beloe,detect
dataset/uploads_root/prod-svoe-vino-strapi/prod-svoe-vino/strapi/uploads/soyuz_vino_zelyonaya_dolina_kaberne_sovinon_krasnoe_suhoe_12_093855198c.webp,soyuz-vino-zelyonaya-dolina-kaberne-sovinon-krasnoe-suhoe-12,detect
dataset/uploads_root/prod-svoe-vino-strapi/prod-svoe-vino/strapi/uploads/soyuz_vino_zelyonaya_dolina_kaberne_merlo_kaberne_sovinon_krasnoe_polusladkoe_12_7bd855e183.webp,soyuz-vino-zelyonaya-dolina-kaberne-merlo-kaberne-sovinon-krasnoe-polusladkoe-12,detect
dataset/uploads_root/prod-svoe-vino-strapi/prod-svoe-vino/strapi/uploads/soyuz_vino_zelyonaya_dolina_kaberne_merlo_v_banke_kaberne_sovinon_krasnoe_polusladkoe_12_16c08bed18.webp,soyuz-vino-zelyonaya-dolina-kaberne-merlo-v-banke-kaberne-sovinon-krasnoe-polusladkoe-12,detect
dataset/uploads_root/prod-svoe-vino-strapi/prod-svoe-vino/strapi/uploads/soyuz_vino_zelyonaya_dolina_pino_blan_v_banke_beloe_polusladkoe_115_ec62bc058b.webp,soyuz-vino-zelyonaya-dolina-pino-blan-v-banke-beloe-polusladkoe-115,detect
dataset/uploads_root/prod-svoe-vino-strapi/prod-svoe-vino/strapi/uploads/soyuz_vino_zelyonaya_dolina_pino_nuar_krasnoe_suhoe_12_99229b1a8a.webp,soyuz-vino-zelyonaya-dolina-pino-nuar-krasnoe-suhoe-12,detect
dataset/uploads_root/prod-svoe-vino-strapi/prod-svoe-vino/strapi/uploads/soyuz_vino_zelyonaya_dolina_pino_nuar_v_banke_krasnoe_suhoe_12_16633f774d.webp,soyuz-vino-zelyonaya-dolina-pino-nuar-v-banke-krasnoe-suhoe-12,detect
dataset/uploads_root/prod-svoe-vino-strapi/prod-svoe-vino/strapi/uploads/soyuz_vino_zelyonaya_dolina_sovinon_blan_polusladkoe_beloe_12_37e7e1e966.webp,soyuz-vino-zelyonaya-dolina-sovinon-blan-polusladkoe-beloe-12,detect
dataset/uploads_root/prod-svoe-vino-strapi/prod-svoe-vino/strapi/uploads/soyuz_vino_zelyonaya_dolina_sovinon_blan_suhoe_beloe_12_c604b7c3de.webp,soyuz-vino-zelyonaya-dolina-sovinon-blan-suhoe-beloe-12,detect
dataset/uploads_root/prod-svoe-vino-strapi/prod-svoe-vino/strapi/uploads/soyuz_vino_zelyonaya_dolina_shardone_beloe_suhoe_12_9350f4af7c.webp,soyuz-vino-zelyonaya-dolina-shardone-beloe-suhoe-12,detect
dataset/uploads_root/prod-svoe-vino-strapi/prod-svoe-vino/strapi/uploads/soyuz_vino_zelyonaya_dolina_shardone_v_banke_beloe_suhoe_12_c6b6ff13f2.webp,soyuz-vino-zelyonaya-dolina-shardone-v-banke-beloe-suhoe-12,detect
dataset/uploads_root/prod-svoe-vino-strapi/prod-svoe-vino/strapi/uploads/fanagoriya_zelyonoe_vino_risling_tsitronnyy_magaracha_beloe_polusuhoe_11_e4de13ab6b.webp,fanagoriya-zelyonoe-vino-risling-tsitronnyy-magaracha-beloe-polusuhoe-11,detect
dataset/uploads_root/prod-svoe-vino-strapi/prod-svoe-vino/strapi/uploads/fanagoriya_zelyonoe_vino_risling_tsitronnyy_magaracha_merlo_rozovoe_polusuhoe_11_b750443919.webp,fanagoriya-zelyonoe-vino-risling-tsitronnyy-magaracha-merlo-rozovoe-polusuhoe-11,detect
dataset/uploads_root/prod-svoe-vino-strapi/prod-svoe-vino/strapi/uploads/vinodelnya_myshako_zinfandel_mode_krasnoe_suhoe_148_f6a88f446d.webp,vinodelnya-myshako-zinfandel-mode-krasnoe-suhoe-148,detect
dataset/uploads_root/prod-svoe-vino-strapi/prod-svoe-vino/strapi/uploads/vinodelnya_myshako_zinfandel_mode_petnat_petnat_polusuhoy_rozovyy_12_09340e76e9.webp,vinodelnya-myshako-zinfandel-mode-petnat-rozovoe-polusuhoe-12,detect
data/refs/znoj_denisov_platform.webp,znoj-denisov-vajneri,detect
dataset/uploads_root/prod-svoe-vino-strapi/prod-svoe-vino/strapi/uploads/Zolotaya_Balka_igristoe_krasnoe_polusladkoe_8604608e59.webp,zolotaya-balka-igristoe-krasnoe-polusladkoe,detect
dataset/uploads_root/prod-svoe-vino-strapi/prod-svoe-vino/strapi/uploads/DK_bel_bryut_88b2830c23.webp,igristoe-vino-bryut-beloe-di-caspico,detect
dataset/uploads_root/prod-svoe-vino-strapi/prod-svoe-vino/strapi/uploads/novyy_svet_dom_shampanskih_vin_igristoe_vino_vyderzhannoe_bryut_krasnoe_novyy_svet_kaberne_sovinon_135_c251fa3c04.webp,novyy-svet-dom-shampanskih-vin-igristoe-vino-vyderzhannoe-bryut-krasnoe-novyy-svet-kaberne-sovinon-135,detect
dataset/uploads_root/prod-svoe-vino-strapi/prod-svoe-vino/strapi/uploads/novyy_svet_dom_shampanskih_vin_igristoe_vino_vyderzhannoe_bryut_rozovoe_novyy_svet_pino_nuar_125_971ad70c91.webp,novyy-svet-dom-shampanskih-vin-igristoe-vino-vyderzhannoe-bryut-rozovoe-novyy-svet-pino-nuar-125,detect
dataset/uploads_root/prod-svoe-vino-strapi/prod-svoe-vino/strapi/uploads/novyy_svet_dom_shampanskih_vin_igristoe_vino_vyderzhannoe_bryut_rozovoe_novyy_svet_pino_fran_135_e6633aa65e.webp,novyy-svet-dom-shampanskih-vin-igristoe-vino-vyderzhannoe-bryut-rozovoe-novyy-svet-pino-fran-135,detect
dataset/uploads_root/prod-svoe-vino-strapi/prod-svoe-vino/strapi/uploads/novyy_svet_dom_shampanskih_vin_igristoe_vino_vyderzhannoe_polusladkoe_krasnoe_novyy_svet_kaberne_sovinon_12_fd0d395f6b.webp,novyy-svet-dom-shampanskih-vin-igristoe-vino-vyderzhannoe-polusladkoe-krasnoe-novyy-svet-kaberne-sovinon-12,detect
dataset/uploads_root/prod-svoe-vino-strapi/prod-svoe-vino/strapi/uploads/novyy_svet_dom_shampanskih_vin_igristoe_vino_vyderzhannoe_polusladkoe_rozovoe_novyy_svet_pino_fran_135_f0782b6699.webp,novyy-svet-dom-shampanskih-vin-igristoe-vino-vyderzhannoe-polusladkoe-rozovoe-novyy-svet-pino-fran-135,detect
dataset/uploads_root/prod-svoe-vino-strapi/prod-svoe-vino/strapi/uploads/DK_bel_eks_bryut_1ef4fd40dc.webp,igristoe-vino-ekstra-bryut-beloe-di-caspico,detect
dataset/uploads_root/prod-svoe-vino-strapi/prod-svoe-vino/strapi/uploads/bel_plsl_16457d7b78.webp,igristoe-zhemchuzhnoe-vino-polusladkoe-beloe-di-kaspiko-fiori-di-mare-di-caspico-fiori-di-mare,detect
dataset/uploads_root/prod-svoe-vino-strapi/prod-svoe-vino/strapi/uploads/roz_plsl_besczv_03_02_2026_6c352de785.webp,igristoe-zhemchuzhnoe-vino-polusladkoe-rozovoe-di-kaspiko-fiori-di-mare-di-caspico-fiori-di-mare,detect
dataset/uploads_root/prod-svoe-vino-strapi/prod-svoe-vino/strapi/uploads/krasn_plsh_b83ae42a4f.webp,igristoe-zhemchuzhnoe-vino-polusuhoe-krasnoe-di-kaspiko-fiori-di-mare-di-caspico-fiori-di-mare,detect
dataset/uploads_root/prod-svoe-vino-strapi/prod-svoe-vino/strapi/uploads/Igristoe_krasnoe_sladkoe_Czimlyanskoe_ea86054adf.webp,igristoe-krasnoe-sladkoe-czimlyanskoe,detect
dataset/uploads_root/prod-svoe-vino-strapi/prod-svoe-vino/strapi/uploads/soyuz_vino_izola_del_sole_beloe_v_banke_shardone_suhoe_11_373dbe2d73.webp,soyuz-vino-izola-del-sole-beloe-v-banke-shardone-suhoe-11,detect
dataset/uploads_root/prod-svoe-vino-strapi/prod-svoe-vino/strapi/uploads/soyuz_vino_izola_del_sole_roze_v_banke_krasnostop_rozovoe_suhoe_11_8aadc9f0c6.webp,soyuz-vino-izola-del-sole-roze-v-banke-krasnostop-rozovoe-suhoe-11,detect
dataset/uploads_root/prod-svoe-vino-strapi/prod-svoe-vino/strapi/uploads/abrau_dyurso_imperatorskoe_bryut_shardone_beloe_12_d6c7ebb073.webp,abrau-dyurso-imperatorskoe-bryut-shardone-beloe-12,detect
dataset/uploads_root/prod-svoe-vino-strapi/prod-svoe-vino/strapi/uploads/abrau_dyurso_imperatorskoe_polusladkoe_shardone_beloe_12_956aaee80d.webp,abrau-dyurso-imperatorskoe-polusladkoe-shardone-beloe-12,detect
dataset/uploads_root/prod-svoe-vino-strapi/prod-svoe-vino/strapi/uploads/abrau_dyurso_imperatorskoe_polusuhoe_shardone_beloe_12_51385573f2.webp,abrau-dyurso-imperatorskoe-polusuhoe-shardone-beloe-12,detect
dataset/uploads_root/prod-svoe-vino-strapi/prod-svoe-vino/strapi/uploads/abrau_dyurso_imperial_brut_lart_nouveau_shardone_beloe_bryut_105_71076b0053.webp,abrau-dyurso-imperial-brut-lart-nouveau-shardone-beloe-bryut-105,detect
dataset/uploads_root/prod-svoe-vino-strapi/prod-svoe-vino/strapi/uploads/abrau_dyurso_imperial_brut_rose_pino_nuar_rozovoe_bryut_12_3eafe20e40.webp,abrau-dyurso-imperial-brut-rose-pino-nuar-rozovoe-bryut-12,detect
dataset/uploads_root/prod-svoe-vino-strapi/prod-svoe-vino/strapi/uploads/abrau_dyurso_imperial_kyuve_pino_nuar_igristoe_bryut_rozovoe_125_99fe198335.webp,abrau-dyurso-imperial-kyuve-pino-nuar-rozovoe-bryut-125,detect
dataset/uploads_root/prod-svoe-vino-strapi/prod-svoe-vino/strapi/uploads/abrau_dyurso_imperial_brut_vintage_shardone_beloe_bryut_12_8f6dbe7a71.webp,abrau-dyurso-imperial-brut-vintage-shardone-beloe-bryut-12,detect
dataset/uploads_root/prod-svoe-vino-strapi/prod-svoe-vino/strapi/uploads/inkermanskiy_zmv_inkerman_bryut_rkatsiteli_beloe_12_d9607fd400.webp,inkermanskiy-zmv-inkerman-bryut-rkatsiteli-beloe-12,detect
dataset/uploads_root/prod-svoe-vino-strapi/prod-svoe-vino/strapi/uploads/inkermanskiy_zmv_inkerman_muskat_polusladkoe_beloe_13_7b92ce68f8.webp,inkermanskiy-zmv-inkerman-muskat-polusladkoe-beloe-13,detect
dataset/uploads_root/prod-svoe-vino-strapi/prod-svoe-vino/strapi/uploads/inkermanskiy_zmv_inkerman_pino_blan_zero_dozazh_beloe_ekstra_bryut_12_8502401e55.webp,inkermanskiy-zmv-inkerman-pino-blan-zero-dozazh-beloe-ekstra-bryut-12,detect
dataset/uploads_root/prod-svoe-vino-strapi/prod-svoe-vino/strapi/uploads/inkermanskiy_zmv_inkerman_polusladkoe_rkatsiteli_beloe_13_5e5f1aa9c4.webp,inkermanskiy-zmv-inkerman-polusladkoe-rkatsiteli-beloe-13,detect
dataset/uploads_root/prod-svoe-vino-strapi/prod-svoe-vino/strapi/uploads/inkermanskiy_zmv_inkerman_roze_zero_dozazh_kokur_rozovoe_ekstra_bryut_12_2c38685dfc.webp,inkermanskiy-zmv-inkerman-roze-zero-dozazh-kokur-rozovoe-ekstra-bryut-12,detect
dataset/uploads_root/prod-svoe-vino-strapi/prod-svoe-vino/strapi/uploads/inkermanskiy_zmv_inkerman_rozovoe_polusladkoe_rkatsiteli_12_2cbe882a16.webp,inkermanskiy-zmv-inkerman-rozovoe-polusladkoe-rkatsiteli-12,detect
dataset/uploads_root/prod-svoe-vino-strapi/prod-svoe-vino/strapi/uploads/Inkerman_Shato_Blan_beloe_polusuhoe_526e6530b9.webp,inkerman-shato-blan,detect
dataset/uploads_root/prod-svoe-vino-strapi/prod-svoe-vino/strapi/uploads/semeynaya_vinodelnya_mihaila_kolesnikova_ispanets_kaberne_sovinon_krasnoe_suhoe_148_0438e28b4c.webp,semeynaya-vinodelnya-mihaila-kolesnikova-ispanets-kaberne-sovinon-krasnoe-suhoe-148,detect
dataset/uploads_root/prod-svoe-vino-strapi/prod-svoe-vino/strapi/uploads/vinodelnya_berdyaeva_kaberne_kaberne_sovinon_krasnoe_suhoe_138_8d12df089c.webp,vinodelnya-berdyaeva-kaberne-kaberne-sovinon-krasnoe-suhoe-138,detect
dataset/uploads_root/prod-svoe-vino-strapi/prod-svoe-vino/strapi/uploads/kuban_vino_kaberne_de_tamane_kaberne_sovinon_krasnoe_suhoe_125_d65b4385ed.webp,kuban-vino-kaberne-de-tamane-kaberne-sovinon-krasnoe-suhoe-125,detect
dataset/uploads_root/prod-svoe-vino-strapi/prod-svoe-vino/strapi/uploads/vinodelnya_batrak_kaberne_kortis_krasnoe_suhoe_12_0e8405289f.webp,vinodelnya-batrak-kaberne-kortis-krasnoe-suhoe-12,detect
dataset/uploads_root/prod-svoe-vino-strapi/prod-svoe-vino/strapi/uploads/vinodelnya_myshako_kaberne_myshako_grand_rezerv_kaberne_sovinon_krasnoe_suhoe_125_5ef2a79acb.webp,vinodelnya-myshako-kaberne-myshako-grand-rezerv-kaberne-sovinon-krasnoe-suhoe-125,detect
dataset/uploads_root/prod-svoe-vino-strapi/prod-svoe-vino/strapi/uploads/esse_kaberne_otbornoe_kaberne_sovinon_krasnoe_suhoe_12_1f8b96ac79.webp,esse-kaberne-otbornoe-kaberne-sovinon-krasnoe-suhoe-12,detect
dataset/uploads_root/prod-svoe-vino-strapi/prod-svoe-vino/strapi/uploads/loco_cimbali_kaberne_sovinon_krasnoe_suhoe_146_97d63cb5eb.webp,loco-cimbali-kaberne-sovinon-krasnoe-suhoe-146,detect
dataset/uploads_root/prod-svoe-vino-strapi/prod-svoe-vino/strapi/uploads/villa_sofiya_kaberne_sovinon_krasnoe_suhoe_133_6bb475b71f.webp,villa-sofiya-kaberne-sovinon-krasnoe-suhoe-133,detect
dataset/uploads_root/prod-svoe-vino-strapi/prod-svoe-vino/strapi/uploads/esse_kaberne_sovinon_krasnoe_suhoe_14_2536b9976e.webp,esse-kaberne-sovinon-krasnoe-suhoe-14,detect
dataset/uploads_root/prod-svoe-vino-strapi/prod-svoe-vino/strapi/uploads/abrau_dyurso_kaberne_sovinon_krasnoe_suhoe_vyderzhannoe_125_b9410efa7a.webp,abrau-dyurso-kaberne-sovinon-krasnoe-suhoe-125,detect
dataset/uploads_root/prod-svoe-vino-strapi/prod-svoe-vino/strapi/uploads/mons_albus_kaberne_sovinon_krasnoe_suhoe_14_b012140125.webp,mons-albus-kaberne-sovinon-krasnoe-suhoe-14,detect
dataset/uploads_root/prod-svoe-vino-strapi/prod-svoe-vino/strapi/uploads/vinodelnya_batrak_kaberne_sovinon_krasnoe_suhoe_14_50425a88e9.webp,vinodelnya-batrak-kaberne-sovinon-krasnoe-suhoe-14,detect
dataset/uploads_root/prod-svoe-vino-strapi/prod-svoe-vino/strapi/uploads/product_1_fbbba3f9d3.webp,twopeters_kaberne_sovinion,detect
dataset/uploads_root/prod-svoe-vino-strapi/prod-svoe-vino/strapi/uploads/kab_sov_9d7c8ac45e.webp,kaberne-sovinon-1,detect
dataset/uploads_root/prod-svoe-vino-strapi/prod-svoe-vino/strapi/uploads/vinodelnya_berdyaeva_kaberne_sovinon_krasnoe_suhoe_145_8fb9e49e04.webp,vinodelnya-berdyaeva-kaberne-sovinon-krasnoe-suhoe-145,detect
dataset/uploads_root/prod-svoe-vino-strapi/prod-svoe-vino/strapi/uploads/golubitskoe_estate_kaberne_sovinon_krasnoe_suhoe_137_b1ceb967fd.webp,golubitskoe-estate-kaberne-sovinon-krasnoe-suhoe-137,detect
dataset/uploads_root/prod-svoe-vino-strapi/prod-svoe-vino/strapi/uploads/vinodelnya_vedernikov_kaberne_sovinon_krasnoe_suhoe_14_bf65626333.webp,vinodelnya-vedernikov-kaberne-sovinon-krasnoe-suhoe-14,detect
dataset/uploads_root/prod-svoe-vino-strapi/prod-svoe-vino/strapi/uploads/chateau_andre_kaberne_sovinon_krasnoe_suhoe_13_38b93a343b.webp,chateau-andre-kaberne-sovinon-krasnoe-suhoe-13,detect
dataset/uploads_root/prod-svoe-vino-strapi/prod-svoe-vino/strapi/uploads/vinodelnya_myshako_kaberne_sovinon_krasnoe_suhoe_138_0ff42c6b1b.webp,vinodelnya-myshako-kaberne-sovinon-krasnoe-suhoe-138,detect
dataset/uploads_root/prod-svoe-vino-strapi/prod-svoe-vino/strapi/uploads/shato_pino_kaberne_sovinon_krasnoe_suhoe_14_9ad8f94ebc.webp,shato-pino-kaberne-sovinon-krasnoe-suhoe-14,detect
dataset/uploads_root/prod-svoe-vino-strapi/prod-svoe-vino/strapi/uploads/vinodelnya_marchenko_kaberne_sovinon_krasnoe_suhoe_14_387edd3954.webp,vinodelnya-marchenko-kaberne-sovinon-krasnoe-suhoe-14,detect
dataset/uploads_root/prod-svoe-vino-strapi/prod-svoe-vino/strapi/uploads/belbek_kaberne_sovinon_krasnoe_suhoe_138_96f7db37a0.webp,belbek-kaberne-sovinon-krasnoe-suhoe-138,detect
dataset/uploads_root/prod-svoe-vino-strapi/prod-svoe-vino/strapi/uploads/vaynkraft_kaberne_sovinon_krasnoe_suhoe_14_ae9402b920.webp,vaynkraft-kaberne-sovinon-krasnoe-suhoe-14,detect
dataset/uploads_root/prod-svoe-vino-strapi/prod-svoe-vino/strapi/uploads/vinodelnya_begildeeva_kaberne_sovinon_krasnoe_suhoe_14_1108f8580b.webp,vinodelnya-begildeeva-kaberne-sovinon-krasnoe-suhoe-14,detect
dataset/uploads_root/prod-svoe-vino-strapi/prod-svoe-vino/strapi/uploads/Screenshot_19_081d41ebac.webp,kaberne-sovinon-2,detect
dataset/uploads_root/prod-svoe-vino-strapi/prod-svoe-vino/strapi/uploads/bogovich_wine_vineyard_kaberne_sovinon_krasnoe_suhoe_125_9316654ea1.webp,bogovich-wine-vineyard-kaberne-sovinon-krasnoe-suhoe-125,detect
dataset/uploads_root/prod-svoe-vino-strapi/prod-svoe-vino/strapi/uploads/2202_v_UENI_49_2ae2376a1c.webp,kaberne-sovinon,detect
dataset/uploads_root/prod-svoe-vino-strapi/prod-svoe-vino/strapi/uploads/vinodelnya_bratev_melnikovyh_kaberne_sovinon_kaberne_fran_dva_brata_krasnoe_suhoe_145_04c9c00425.webp,vinodelnya-bratev-melnikovyh-kaberne-sovinon-kaberne-fran-dva-brata-krasnoe-suhoe-145,detect
dataset/uploads_root/prod-svoe-vino-strapi/prod-svoe-vino/strapi/uploads/shato_pino_kaberne_sovinonmerlo_krasnoe_suhoe_135_463039b1ff.webp,shato-pino-kaberne-sovinon-merlo-krasnoe-suhoe-135,detect
dataset/uploads_root/prod-svoe-vino-strapi/prod-svoe-vino/strapi/uploads/vinnyy_kooperativ_intuitsiya_kaberne_sovinon_merlo_saperavi_krasnoe_suhoe_128_927edc0651.webp,vinnyy-kooperativ-intuitsiya-kaberne-sovinon-merlo-saperavi-krasnoe-suhoe-128,detect
dataset/uploads_root/prod-svoe-vino-strapi/prod-svoe-vino/strapi/uploads/domaine_lipko_kaberne_sovinon_merlo_pomeste_trenzina_krasnoe_suhoe_15_aa953b6231.webp,domaine-lipko-kaberne-sovinon-merlo-pomeste-trenzina-krasnoe-suhoe-15,detect
dataset/uploads_root/prod-svoe-vino-strapi/prod-svoe-vino/strapi/uploads/vinodelnya_begildeeva_kaberne_sovinon_merlo_krasnoe_suhoe_14_287877eb6a.webp,vinodelnya-begildeeva-kaberne-sovinon-merlo-krasnoe-suhoe-14,detect
dataset/uploads_root/prod-svoe-vino-strapi/prod-svoe-vino/strapi/uploads/vinodelnya_myshako_kaberne_sovinon_merlo_kyuve_krasnoe_suhoe_142_8126d58a29.webp,vinodelnya-myshako-kaberne-sovinon-merlo-kyuve-krasnoe-suhoe-142,detect
dataset/uploads_root/prod-svoe-vino-strapi/prod-svoe-vino/strapi/uploads/usadba_perovskih_kaberne_sovinon_merlo_1890_krasnoe_suhoe_13_2fe58062d2.webp,usadba-perovskih-kaberne-sovinon-merlo-1890-krasnoe-suhoe-13,detect
dataset/uploads_root/prod-svoe-vino-strapi/prod-svoe-vino/strapi/uploads/kab_sov_apas_5d86695316.webp,kaberne-sovinon-appasimento,detect
dataset/uploads_root/prod-svoe-vino-strapi/prod-svoe-vino/strapi/uploads/golubitskoe_estate_kaberne_sovinon_noble_selection_krasnoe_suhoe_133_f0984d4c21.webp,golubitskoe-estate-kaberne-sovinon-noble-selection-krasnoe-suhoe-133,detect
dataset/uploads_root/prod-svoe-vino-strapi/prod-svoe-vino/strapi/uploads/villa_urkusta_kaberne_sovinon_blan_de_nuar_beloe_suhoe_13_f33f9ea57b.webp,villa-urkusta-kaberne-sovinon-blan-de-nuar-beloe-suhoe-13,detect
dataset/uploads_root/prod-svoe-vino-strapi/prod-svoe-vino/strapi/uploads/artvin_kaberne_sovinon_grand_rezerv_krasnoe_suhoe_13_501fa25679.webp,artvin-kaberne-sovinon-grand-rezerv-krasnoe-suhoe-13,detect
dataset/uploads_root/prod-svoe-vino-strapi/prod-svoe-vino/strapi/uploads/villa_urkusta_kaberne_sovinon_klaret_rozovoe_polusuhoe_15_03c00dd390.webp,villa-urkusta-kaberne-sovinon-klaret-rozovoe-polusuhoe-15,detect
dataset/uploads_root/prod-svoe-vino-strapi/prod-svoe-vino/strapi/uploads/villa_urkusta_kaberne_sovinon_klassik_krasnoe_suhoe_12_d3c723876d.webp,villa-urkusta-kaberne-sovinon-klassik-krasnoe-suhoe-12,detect
dataset/uploads_root/prod-svoe-vino-strapi/prod-svoe-vino/strapi/uploads/villa_urkusta_kaberne_sovinon_klassik_krasnoe_suhoe_139_1655b82b2d.webp,villa-urkusta-kaberne-sovinon-klassik-krasnoe-suhoe-139,detect
dataset/uploads_root/prod-svoe-vino-strapi/prod-svoe-vino/strapi/uploads/golubitskoe_estate_kaberne_sovinon_rezerv_krasnoe_suhoe_125_9afdb2e885.webp,golubitskoe-estate-kaberne-sovinon-rezerv-krasnoe-suhoe-125,detect
dataset/uploads_root/prod-svoe-vino-strapi/prod-svoe-vino/strapi/uploads/alma_valley_kaberne_sovinon_rezerv_krasnoe_suhoe_15_58f5256504.webp,alma-valley-kaberne-sovinon-rezerv-krasnoe-suhoe-15,detect
dataset/uploads_root/prod-svoe-vino-strapi/prod-svoe-vino/strapi/uploads/chateau_de_talu_kaberne_sovinon_rezerv_krasnoe_suhoe_14_6106a6f6b0.webp,chateau-de-talu-kaberne-sovinon-rezerv-krasnoe-suhoe-14,detect
dataset/uploads_root/prod-svoe-vino-strapi/prod-svoe-vino/strapi/uploads/usadba_markoth_kaberne_sovinon_rezerv_krasnoe_suhoe_vyderzhannoe_13_77c2e45e25.webp,usadba-markoth-kaberne-sovinon-rezerv-krasnoe-suhoe-13,detect
dataset/uploads_root/prod-svoe-vino-strapi/prod-svoe-vino/strapi/uploads/pomeste_golubitskoe_kaberne_sovinon_rezerv_krasnoe_suhoe_vyderzhannoe_143_97eb57d86b.webp,pomeste-golubitskoe-kaberne-sovinon-rezerv-krasnoe-suhoe-143,detect
dataset/uploads_root/prod-svoe-vino-strapi/prod-svoe-vino/strapi/uploads/villa_urkusta_kaberne_sovinon_rezerva_krasnoe_suhoe_15_9851ee4c06.webp,villa-urkusta-kaberne-sovinon-rezerva-krasnoe-suhoe-15,detect
dataset/uploads_root/prod-svoe-vino-strapi/prod-svoe-vino/strapi/uploads/villa_urkusta_kaberne_sovinon_roze_de_sene_rozovoe_suhoe_13_c58d238e0e.webp,villa-urkusta-kaberne-sovinon-roze-de-sene-rozovoe-suhoe-13,detect
dataset/uploads_root/prod-svoe-vino-strapi/prod-svoe-vino/strapi/uploads/20260617_071733_Photoroom_31245772bb.webp,jd_winery_kaberne_souvignon,detect
dataset/uploads_root/prod-svoe-vino-strapi/prod-svoe-vino/strapi/uploads/villa_di_alma_kaberne_sovinon_ekstra_bryut_igristoe_ekstra_bryut_rozovoe_125_9921ad97ed.webp,villa-di-alma-kaberne-sovinon-ekstra-bryut-rozovoe-125,detect
dataset/uploads_root/prod-svoe-vino-strapi/prod-svoe-vino/strapi/uploads/vinodelnya_myshako_kaberne_sovinon_black_out_krasnoe_polusuhoe_16_c5bb09a533.webp,vinodelnya-myshako-kaberne-sovinon-black-out-krasnoe-polusuhoe-16,detect
dataset/uploads_root/prod-svoe-vino-strapi/prod-svoe-vino/strapi/uploads/imenie_sikory_kaberne_sovinon_semeynyy_rezerv_krasnoe_suhoe_vyderzhannoe_14_dc4aa1ddb5.webp,imenie-sikory-kaberne-sovinon-semeynyy-rezerv-krasnoe-suhoe-14,detect
dataset/uploads_root/prod-svoe-vino-strapi/prod-svoe-vino/strapi/uploads/vinodelnya_berdyaeva_kaberne_fran_krasnoe_suhoe_115_f3000e7b45.webp,vinodelnya-berdyaeva-kaberne-fran-krasnoe-suhoe-115,detect
dataset/uploads_root/prod-svoe-vino-strapi/prod-svoe-vino/strapi/uploads/bakla_vines_kaberne_fran_krasnoe_suhoe_143_eb045e6d5d.webp,bakla-vines-kaberne-fran-krasnoe-suhoe-143,detect
dataset/uploads_root/prod-svoe-vino-strapi/prod-svoe-vino/strapi/uploads/belbek_kaberne_fran_krasnoe_suhoe_134_bb8ab4763e.webp,belbek-kaberne-fran-krasnoe-suhoe-134,detect
dataset/uploads_root/prod-svoe-vino-strapi/prod-svoe-vino/strapi/uploads/bogovich_wine_vineyard_kaberne_fran_krasnoe_suhoe_135_5882f6ad55.webp,bogovich-wine-vineyard-kaberne-fran-krasnoe-suhoe-135,detect
dataset/uploads_root/prod-svoe-vino-strapi/prod-svoe-vino/strapi/uploads/sober_bash_kaberne_fran_krasnoe_suhoe_127_b52ebced7b.webp,sober-bash-kaberne-fran-krasnoe-suhoe-127,detect
dataset/uploads_root/prod-svoe-vino-strapi/prod-svoe-vino/strapi/uploads/kab_fran_e07141fa76.webp,kaberne-fran,detect
dataset/uploads_root/prod-svoe-vino-strapi/prod-svoe-vino/strapi/uploads/sober_bash_kaberne_fran_rozovoe_suhoe_12_4177891820.webp,sober-bash-kaberne-fran-rozovoe-suhoe-12,detect
dataset/uploads_root/prod-svoe-vino-strapi/prod-svoe-vino/strapi/uploads/radiowine_kaberne_fran_krasnoe_suhoe_14_cb1eb5dcb8.webp,radiowine-kaberne-fran-krasnoe-suhoe-14,detect
dataset/uploads_root/prod-svoe-vino-strapi/prod-svoe-vino/strapi/uploads/dva_serdtsa_kaberne_fran_krasnoe_suhoe_14_3cd97c037a.webp,dva-serdtsa-kaberne-fran-krasnoe-suhoe-14,detect
dataset/uploads_root/prod-svoe-vino-strapi/prod-svoe-vino/strapi/uploads/donskoe_vinodelcheskoe_hozyaystvo_elbuzd_kaberne_fran_krasnoe_suhoe_13_2f331c5376.webp,donskoe-vinodelcheskoe-hozyaystvo-elbuzd-kaberne-fran-krasnoe-suhoe-13,detect
dataset/uploads_root/prod-svoe-vino-strapi/prod-svoe-vino/strapi/uploads/viktor_stashko_kaberne_fran_krasnoe_suhoe_145_1bfa8e8a31.webp,viktor-stashko-kaberne-fran-krasnoe-suhoe-145,detect
dataset/uploads_root/prod-svoe-vino-strapi/prod-svoe-vino/strapi/uploads/esse_kaberne_fran_krasnoe_suhoe_13_458f9c63ca.webp,esse-kaberne-fran-krasnoe-suhoe-13,detect
dataset/uploads_root/prod-svoe-vino-strapi/prod-svoe-vino/strapi/uploads/alma_valley_kaberne_fran_krasnoe_suhoe_145_f987d71edd.webp,alma-valley-kaberne-fran-krasnoe-suhoe-145,detect
dataset/uploads_root/prod-svoe-vino-strapi/prod-svoe-vino/strapi/uploads/vinodelnya_myshako_kaberne_fran_krasnoe_suhoe_142_57650d8a36.webp,vinodelnya-myshako-kaberne-fran-krasnoe-suhoe-142,detect
dataset/uploads_root/prod-svoe-vino-strapi/prod-svoe-vino/strapi/uploads/ferrum_winery_kaberne_fran_krasnoe_suhoe_12_9890e1cced.webp,ferrum-winery-kaberne-fran-krasnoe-suhoe-12,detect
dataset/uploads_root/prod-svoe-vino-strapi/prod-svoe-vino/strapi/uploads/sober_bash_kaberne_fran_krasnoe_suhoe_13_7b677af99d.webp,sober-bash-kaberne-fran-krasnoe-suhoe-13,detect
dataset/uploads_root/prod-svoe-vino-strapi/prod-svoe-vino/strapi/uploads/chateau_andre_kaberne_fran_krasnoe_suhoe_14_e070a8fb44.webp,chateau-andre-kaberne-fran-krasnoe-suhoe-14,detect
dataset/uploads_root/prod-svoe-vino-strapi/prod-svoe-vino/strapi/uploads/shato_pino_kaberne_frankaberne_sovinon_krasnoe_suhoe_135_dbc6706292.webp,shato-pino-kaberne-fran-kaberne-sovinon-krasnoe-suhoe-135,detect
dataset/uploads_root/prod-svoe-vino-strapi/prod-svoe-vino/strapi/uploads/semeynaya_vinodelnya_mihaila_kolesnikova_kaberne_fran_merlo_krasnostop_krasnoe_suhoe_148_d6e607e493.webp,semeynaya-vinodelnya-mihaila-kolesnikova-kaberne-fran-merlo-krasnostop-krasnoe-suhoe-148,detect
dataset/uploads_root/prod-svoe-vino-strapi/prod-svoe-vino/strapi/uploads/usadba_perovskih_kaberne_fran_1890_krasnoe_suhoe_13_5b8be14ff1.webp,usadba-perovskih-kaberne-fran-1890-krasnoe-suhoe-13,detect
dataset/uploads_root/prod-svoe-vino-strapi/prod-svoe-vino/strapi/uploads/gunko_winery_kaberne_fran_gunko_winery_krasnoe_suhoe_135_aa5f643dca.webp,gunko-winery-kaberne-fran-gunko-winery-krasnoe-suhoe-135,detect
dataset/uploads_root/prod-svoe-vino-strapi/prod-svoe-vino/strapi/uploads/vinodelnya_myshako_kaberne_fran_avtorskaya_tehnologiya_krasnoe_suhoe_142_adbc6382f4.webp,vinodelnya-myshako-kaberne-fran-avtorskaya-tehnologiya-krasnoe-suhoe-142,detect
dataset/uploads_root/prod-svoe-vino-strapi/prod-svoe-vino/strapi/uploads/Kaberne_Fran_rezerv_2de24730a4.webp,perovskih_kaberne_fran_reserve,detect
dataset/uploads_root/prod-svoe-vino-strapi/prod-svoe-vino/strapi/uploads/alma_valley_kaberne_fran_rezerv_krasnoe_suhoe_15_6ef14d79ec.webp,alma-valley-kaberne-fran-rezerv-krasnoe-suhoe-15,detect
dataset/uploads_root/prod-svoe-vino-strapi/prod-svoe-vino/strapi/uploads/chateau_de_talu_kaberne_fran_rezerv_krasnoe_suhoe_13_6dc8dcf2ec.webp,chateau-de-talu-kaberne-fran-rezerv-krasnoe-suhoe-13,detect
dataset/uploads_root/prod-svoe-vino-strapi/prod-svoe-vino/strapi/uploads/imenie_sikory_kaberne_fran_roze_rozovoe_suhoe_13_4f0044a40b.webp,imenie-sikory-kaberne-fran-roze-rozovoe-suhoe-13,detect
dataset/uploads_root/prod-svoe-vino-strapi/prod-svoe-vino/strapi/uploads/imenie_sikory_kaberne_fran_sikory_rozovoe_suhoe_13_734a89a002.webp,imenie-sikory-kaberne-fran-sikory-rozovoe-suhoe-13,detect
dataset/uploads_root/prod-svoe-vino-strapi/prod-svoe-vino/strapi/uploads/valeriy_zaharin_kaberne_fran_burlyuk_krasnoe_suhoe_13_759e000bb4.webp,valeriy-zaharin-kaberne-fran-burlyuk-krasnoe-suhoe-13,detect
dataset/uploads_root/prod-svoe-vino-strapi/prod-svoe-vino/strapi/uploads/Kaberne_d0c64468d7.webp,kaberne-avtorskoe-vino,detect
dataset/uploads_root/prod-svoe-vino-strapi/prod-svoe-vino/strapi/uploads/Beloe_bryut_85d083f446.webp,derbent-vino-kavkazian-rkatsiteli-beloe-bryut-105-125,detect
dataset/uploads_root/prod-svoe-vino-strapi/prod-svoe-vino/strapi/uploads/derbent_vino_kavkazian_merlo_krasnoe_polusladkoe_105_125_d2973b5f66.webp,derbent-vino-kavkazian-merlo-krasnoe-polusladkoe-105-125,detect
dataset/uploads_root/prod-svoe-vino-strapi/prod-svoe-vino/strapi/uploads/derbent_vino_kavkazian_dzharauli_moldova_krasnoe_polusladkoe_11_79f7379ec0.webp,derbent-vino-kavkazian-dzharauli-moldova-krasnoe-polusladkoe-11,detect
dataset/uploads_root/prod-svoe-vino-strapi/prod-svoe-vino/strapi/uploads/derbent_vino_kavkazian_rkatsiteli_beloe_suhoe_12_88da97ff68.webp,derbent-vino-kavkazian-rkatsiteli-beloe-suhoe-12,detect
dataset/uploads_root/prod-svoe-vino-strapi/prod-svoe-vino/strapi/uploads/derbent_vino_kavkazian_saperavi_krasnoe_suhoe_105_125_f6bb126efc.webp,derbent-vino-kavkazian-saperavi-krasnoe-suhoe-105-125,detect
dataset/uploads_root/prod-svoe-vino-strapi/prod-svoe-vino/strapi/uploads/zmv_koktebel_kagor_vysshego_kachestva_kaberne_sovinon_krasnoe_sladkoe_16_d2bf326549.webp,zmv-koktebel-kagor-vysshego-kachestva-kaberne-sovinon-krasnoe-sladkoe-16,detect
dataset/uploads_root/prod-svoe-vino-strapi/prod-svoe-vino/strapi/uploads/massandra_kagor_gurzuf_saperavi_krasnoe_sladkoe_16_deb9b34e9f.webp,massandra-kagor-gurzuf-saperavi-krasnoe-sladkoe-16,detect
dataset/uploads_root/prod-svoe-vino-strapi/prod-svoe-vino/strapi/uploads/massandra_kagor_yuzhnoberezhnyy_saperavi_krasnoe_sladkoe_16_3299446389.webp,massandra-kagor-yuzhnoberezhnyy-saperavi-krasnoe-sladkoe-16,detect
dataset/uploads_root/prod-svoe-vino-strapi/prod-svoe-vino/strapi/uploads/dacha_serdyuka_kazache_krasnostop_zolotovskiy_krasnoe_suhoe_135_4d9bef956f.webp,dacha-serdyuka-kazache-krasnostop-zolotovskiy-krasnoe-suhoe-135,detect
dataset/uploads_root/prod-svoe-vino-strapi/prod-svoe-vino/strapi/uploads/le_k2_kamenolomnya_sira_krasnoe_suhoe_145_36f41af0e8.webp,le-k2-kamenolomnya-sira-krasnoe-suhoe-145,detect
dataset/uploads_root/prod-svoe-vino-strapi/prod-svoe-vino/strapi/uploads/bakla_vines_kangun_beloe_suhoe_12_6f20bb8dda.webp,bakla-vines-kangun-beloe-suhoe-12,detect
dataset/uploads_root/prod-svoe-vino-strapi/prod-svoe-vino/strapi/uploads/bakla_vines_kangun_ps_beloe_suhoe_128_213dcbb9eb.webp,bakla-vines-kangun-ps-beloe-suhoe-128,detect
dataset/uploads_root/prod-svoe-vino-strapi/prod-svoe-vino/strapi/uploads/bakla_vines_kangun_oranzh_beloe_suhoe_119_f52f04331a.webp,bakla-vines-kangun-oranzh-beloe-suhoe-119,detect
dataset/uploads_root/prod-svoe-vino-strapi/prod-svoe-vino/strapi/uploads/soyuz_vino_kanonicheskie_traditsii_krasnoe_polusladkoe_kaberne_sovinon_115_e1f1bb8027.webp,soyuz-vino-kanonicheskie-traditsii-krasnoe-polusladkoe-kaberne-sovinon-115,detect
dataset/uploads_root/prod-svoe-vino-strapi/prod-svoe-vino/strapi/uploads/soyuz_vino_kanonicheskie_traditsii_krasnoe_sladkoe_kaberne_sovinon_115_7b60103360.webp,soyuz-vino-kanonicheskie-traditsii-krasnoe-sladkoe-kaberne-sovinon-115,detect
dataset/uploads_root/prod-svoe-vino-strapi/prod-svoe-vino/strapi/uploads/shato_ay_danil_kapriz_muskat_belyy_beloe_suhoe_135_13f73381b3.webp,shato-ay-danil-kapriz-muskat-belyy-beloe-suhoe-135,detect
dataset/uploads_root/prod-svoe-vino-strapi/prod-svoe-vino/strapi/uploads/vinodelnya_zhakov_karbon_saperavi_krasnoe_suhoe_126_7c676ef0b4.webp,vinodelnya-zhakov-karbon-saperavi-krasnoe-suhoe-126,detect
dataset/uploads_root/prod-svoe-vino-strapi/prod-svoe-vino/strapi/uploads/DSC_09171_f04d8d1b64.webp,karbon-glyu-2024,detect
dataset/uploads_root/prod-svoe-vino-strapi/prod-svoe-vino/strapi/uploads/soyuz_vino_kartuli_supris_saperavi_krasnoe_polusladkoe_11_5d8bde93a1.webp,soyuz-vino-kartuli-supris-saperavi-krasnoe-polusladkoe-11,detect
dataset/uploads_root/prod-svoe-vino-strapi/prod-svoe-vino/strapi/uploads/soyuz_vino_kartuli_supris_saperavi_suhoe_krasnoe_11_4731a34d41.webp,soyuz-vino-kartuli-supris-saperavi-suhoe-krasnoe-11,detect
dataset/uploads_root/prod-svoe-vino-strapi/prod-svoe-vino/strapi/uploads/soyuz_vino_kartuli_supris_shereuli_saperavi_krasnoe_polusladkoe_11_e1946c394e.webp,soyuz-vino-kartuli-supris-shereuli-saperavi-krasnoe-polusladkoe-11,detect
dataset/uploads_root/prod-svoe-vino-strapi/prod-svoe-vino/strapi/uploads/valeriy_zaharin_kefesiya_valeriy_zaharin_krasnoe_suhoe_12_8233409122.webp,valeriy-zaharin-kefesiya-valeriy-zaharin-krasnoe-suhoe-12,detect
dataset/uploads_root/prod-svoe-vino-strapi/prod-svoe-vino/strapi/uploads/vinodelnya_konstantina_dzitoeva_kion_kaberne_sovinon_krasnoe_suhoe_vyderzhannoe_145_0463d6f222.webp,vinodelnya-konstantina-dzitoeva-kion-kaberne-sovinon-krasnoe-suhoe-145,detect
dataset/uploads_root/prod-svoe-vino-strapi/prod-svoe-vino/strapi/uploads/vinodelnya_batrak_klaret_podarok_magaracha_rozovoe_suhoe_12_796e43f7cb.webp,vinodelnya-batrak-klaret-podarok-magaracha-rozovoe-suhoe-12,detect
dataset/uploads_root/prod-svoe-vino-strapi/prod-svoe-vino/strapi/uploads/bogovich_wine_vineyard_klaret_pino_nuar_krasnoe_suhoe_119_77d8d4b842.webp,bogovich-wine-vineyard-klaret-pino-nuar-krasnoe-suhoe-119,detect
dataset/uploads_root/prod-svoe-vino-strapi/prod-svoe-vino/strapi/uploads/bogovich_wine_vineyard_klassika_pino_nuar_krasnoe_suhoe_125_5e73a1cf19.webp,bogovich-wine-vineyard-klassika-pino-nuar-krasnoe-suhoe-125,detect
dataset/uploads_root/prod-svoe-vino-strapi/prod-svoe-vino/strapi/uploads/chateau_de_talu_klere_sira_rozovoe_suhoe_136_2bf038e641.webp,chateau-de-talu-klere-sira-rozovoe-suhoe-136,detect
dataset/uploads_root/prod-svoe-vino-strapi/prod-svoe-vino/strapi/uploads/ZMV_Koktebel_Kaza_belyj_kupazh_251c6cd270.webp,koktebel-casa-belyj-kupazh,detect
dataset/uploads_root/prod-svoe-vino-strapi/prod-svoe-vino/strapi/uploads/yaiyla_winery_kokur_kokur_belyy_beloe_suhoe_13_091ad93a22.webp,yaiyla-winery-kokur-kokur-belyy-beloe-suhoe-13,detect
dataset/uploads_root/prod-svoe-vino-strapi/prod-svoe-vino/strapi/uploads/winepark_kokur_kokur_belyy_beloe_suhoe_13_4a6a6767d9.webp,winepark-kokur-kokur-belyy-beloe-suhoe-13,detect
dataset/uploads_root/prod-svoe-vino-strapi/prod-svoe-vino/strapi/uploads/dva_serdtsa_kokur_beloe_suhoe_125_2a62b6715b.webp,dva-serdtsa-kokur-beloe-suhoe-125,detect
dataset/uploads_root/prod-svoe-vino-strapi/prod-svoe-vino/strapi/uploads/belbek_kokur_kokur_belyy_beloe_suhoe_13_ac497b5531.webp,belbek-kokur-kokur-belyy-beloe-suhoe-13,detect
dataset/uploads_root/prod-svoe-vino-strapi/prod-svoe-vino/strapi/uploads/product_5_a2d5dbddf8.webp,twopeters_kokur,detect
dataset/uploads_root/prod-svoe-vino-strapi/prod-svoe-vino/strapi/uploads/uppa_winery_kokur_kokur_belyy_beloe_suhoe_12_62428d68b3.webp,uppa-winery-kokur-kokur-belyy-beloe-suhoe-12,detect
dataset/uploads_root/prod-svoe-vino-strapi/prod-svoe-vino/strapi/uploads/alma_valley_kokur_beloe_suhoe_14_b8bafe9cd7.webp,alma-valley-kokur-beloe-suhoe-14,detect
dataset/uploads_root/prod-svoe-vino-strapi/prod-svoe-vino/strapi/uploads/4287_Y_Ch_P_Nz3_no_bg_preview_carve_photos_5f55816077.webp,kokur-avtorskoe,detect
dataset/uploads_root/prod-svoe-vino-strapi/prod-svoe-vino/strapi/uploads/vinnyy_fort_adagum_kokur_belyy_beloe_suhoe_12_70d7924326.webp,vinnyy-fort-adagum-kokur-belyy-beloe-suhoe-12,detect
dataset/uploads_root/prod-svoe-vino-strapi/prod-svoe-vino/strapi/uploads/inkermanskiy_zmv_kokur_belyy_ekstra_bryut_igristoe_ekstra_bryut_beloe_135_742967a765.webp,inkermanskiy-zmv-kokur-belyy-ekstra-bryut-beloe-135,detect
dataset/uploads_root/prod-svoe-vino-strapi/prod-svoe-vino/strapi/uploads/zmv_koktebel_kokur_bryut_beloe_11_b59c6723b7.webp,zmv-koktebel-kokur-bryut-beloe-11,detect
dataset/uploads_root/prod-svoe-vino-strapi/prod-svoe-vino/strapi/uploads/massandra_kokur_desertnyy_surozh_beloe_sladkoe_16_ffabb4dfbc.webp,massandra-kokur-desertnyy-surozh-beloe-sladkoe-16,detect
dataset/uploads_root/prod-svoe-vino-strapi/prod-svoe-vino/strapi/uploads/valeriy_zaharin_kokur_klassika_kokur_belyy_igristoe_bryut_beloe_115_4d15edacbd.webp,valeriy-zaharin-kokur-klassika-kokur-belyy-beloe-bryut-115,detect
dataset/uploads_root/prod-svoe-vino-strapi/prod-svoe-vino/strapi/uploads/Kokur_oranzh_7818d586b6.webp,perovskih_kokur_orange,detect
dataset/uploads_root/prod-svoe-vino-strapi/prod-svoe-vino/strapi/uploads/4291_pif_Lu_Yu_no_bg_preview_carve_photos_d891f6036d.webp,kokur-premium,detect
dataset/uploads_root/prod-svoe-vino-strapi/prod-svoe-vino/strapi/uploads/PU_Sjv7dn_M_Nil_H25_TO_9_Bcb_E_Hx_Fs_Vdacxiw9g14_S_j_Nls_QH_Uw8_Gotsf9_O_Tvh_VAM_2_MP_Fez_WL_9o66c_Kdh_RE_Gsm_Uq_A_d6dd6cde3c.webp,kokur-suhoe,detect
dataset/uploads_root/prod-svoe-vino-strapi/prod-svoe-vino/strapi/uploads/DSC_00839_Photoroom_418c4b31b3.webp,kokur-2025,detect
dataset/uploads_root/prod-svoe-vino-strapi/prod-svoe-vino/strapi/uploads/valeriy_zaharin_kokur_valeriy_zaharin_kokur_belyy_beloe_polusladkoe_125_f1a78bab87.webp,valeriy-zaharin-kokur-valeriy-zaharin-kokur-belyy-beloe-polusladkoe-125,detect
dataset/uploads_root/prod-svoe-vino-strapi/prod-svoe-vino/strapi/uploads/vinodelnya_zhakov_kokurkod_beloe_suhoe_118_f912412bcd.webp,vinodelnya-zhakov-kokurkod-beloe-suhoe-118,detect
dataset/uploads_root/prod-svoe-vino-strapi/prod-svoe-vino/strapi/uploads/Koldun_belyj_cb86264c80.webp,koldun-beloe-suhoe,detect
dataset/uploads_root/prod-svoe-vino-strapi/prod-svoe-vino/strapi/uploads/shato_pino_belyy_shardone_beloe_suhoe_12_18f04d3075.webp,shato-pino-koldun-belyy-shardone-beloe-suhoe-12,detect
dataset/uploads_root/prod-svoe-vino-strapi/prod-svoe-vino/strapi/uploads/shato_pino_krasnyy_merlo_krasnoe_suhoe_14_1ed5081328.webp,shato-pino-koldun-krasnyy-merlo-krasnoe-suhoe-14,detect
dataset/uploads_root/prod-svoe-vino-strapi/prod-svoe-vino/strapi/uploads/shato_pino_krasnyy_rezerv_kaberne_sovinon_krasnoe_suhoe_14_7415f9a41b.webp,shato-pino-koldun-rezerv-kaberne-sovinon-krasnoe-suhoe-14,detect
dataset/uploads_root/prod-svoe-vino-strapi/prod-svoe-vino/strapi/uploads/vinodelnya_krinitsa_kollin_sira_krasnoe_suhoe_13_0578a4fafe.webp,vinodelnya-krinitsa-kollin-sira-krasnoe-suhoe-13,detect
dataset/uploads_root/prod-svoe-vino-strapi/prod-svoe-vino/strapi/uploads/alma_valley_kolombar_beloe_polusuhoe_135_c5b227e252.webp,alma-valley-kolombar-beloe-polusuhoe-135,detect
dataset/uploads_root/prod-svoe-vino-strapi/prod-svoe-vino/strapi/uploads/soyuz_vino_konfessa_pino_gridzhio_beloe_polusladkoe_11_d51fdece6f.webp,soyuz-vino-konfessa-pino-gridzhio-beloe-polusladkoe-11,detect
dataset/uploads_root/prod-svoe-vino-strapi/prod-svoe-vino/strapi/uploads/soyuz_vino_konfessa_sandzhoveze_krasnoe_suhoe_11_c05cac50db.webp,soyuz-vino-konfessa-sandzhoveze-krasnoe-suhoe-11,detect
dataset/uploads_root/prod-svoe-vino-strapi/prod-svoe-vino/strapi/uploads/soyuz_vino_konfessa_sandzhoveze_polusladkoe_krasnoe_11_a47a602f57.webp,soyuz-vino-konfessa-sandzhoveze-polusladkoe-krasnoe-11,detect
dataset/uploads_root/prod-svoe-vino-strapi/prod-svoe-vino/strapi/uploads/sober_bash_korvina_krasnostop_zolotovskiy_krasnoe_suhoe_14_bf19f3161d.webp,sober-bash-korvina-krasnostop-zolotovskiy-krasnoe-suhoe-14,detect
dataset/uploads_root/prod-svoe-vino-strapi/prod-svoe-vino/strapi/uploads/vinodelnya_uzunov_krasa_kaberne_sovinon_krasnoe_suhoe_125_15d22e77ca.webp,vinodelnya-uzunov-krasa-kaberne-sovinon-krasnoe-suhoe-125,detect
dataset/uploads_root/prod-svoe-vino-strapi/prod-svoe-vino/strapi/uploads/sober_bash_krasnostop_krasnostop_zolotovskiy_krasnoe_suhoe_14_061d6f8d46.webp,sober-bash-krasnostop-krasnostop-zolotovskiy-krasnoe-suhoe-14,detect
dataset/uploads_root/prod-svoe-vino-strapi/prod-svoe-vino/strapi/uploads/nesterov_winery_krasnostop_rubin_klere_krasnostop_zolotovskiy_rozovoe_suhoe_11_ea3affe402.webp,nesterov-winery-krasnostop-rubin-klere-krasnostop-zolotovskiy-rozovoe-suhoe-11,detect
dataset/uploads_root/prod-svoe-vino-strapi/prod-svoe-vino/strapi/uploads/sober_bash_krasnostop_amfora_krasnostop_zolotovskiy_krasnoe_suhoe_13_221a756dbb.webp,sober-bash-krasnostop-amfora-krasnostop-zolotovskiy-krasnoe-suhoe-13,detect
dataset/uploads_root/prod-svoe-vino-strapi/prod-svoe-vino/strapi/uploads/kuban_vino_krasnostop_de_tamane_krasnostop_anapskiy_krasnoe_suhoe_13_84762b109b.webp,kuban-vino-krasnostop-de-tamane-krasnostop-anapskiy-krasnoe-suhoe-13,detect
dataset/uploads_root/prod-svoe-vino-strapi/prod-svoe-vino/strapi/uploads/vinodelnya_vedernikov_krasnostop_zolotovskiy_krasnoe_suhoe_13_a05fcccc58.webp,vinodelnya-vedernikov-krasnostop-zolotovskiy-krasnoe-suhoe-13,detect
dataset/uploads_root/prod-svoe-vino-strapi/prod-svoe-vino/strapi/uploads/vinodelnya_molchanova_krasnostop_zolotovskiy_krasnoe_suhoe_13_4f38b50b32.webp,vinodelnya-molchanova-krasnostop-zolotovskiy-krasnoe-suhoe-13,detect
dataset/uploads_root/prod-svoe-vino-strapi/prod-svoe-vino/strapi/uploads/vinodelnya_marchenko_krasnostop_zolotovskiy_krasnoe_suhoe_14_e218e5ada4.webp,vinodelnya-marchenko-krasnostop-zolotovskiy-krasnoe-suhoe-14,detect
dataset/uploads_root/prod-svoe-vino-strapi/prod-svoe-vino/strapi/uploads/vinodelnya_molchanova_krasnostop_zolotovskiy_krasnoe_suhoe_135_0abfc57924.webp,vinodelnya-molchanova-krasnostop-zolotovskiy-krasnoe-suhoe-135,detect
dataset/uploads_root/prod-svoe-vino-strapi/prod-svoe-vino/strapi/uploads/krasnostop_cca9e0b43e.webp,krasnostop-zolotovskij,detect
dataset/uploads_root/prod-svoe-vino-strapi/prod-svoe-vino/strapi/uploads/nesterov_winery_krasnostop_zolotovskiy_krasnoe_suhoe_12_6036ce85a5.webp,nesterov-winery-krasnostop-zolotovskiy-krasnoe-suhoe-12,detect
dataset/uploads_root/prod-svoe-vino-strapi/prod-svoe-vino/strapi/uploads/vinodelnya_vedernikov_krasnostop_zolotovskiy_rezerv_krasnoe_suhoe_15_d809aa8af8.webp,vinodelnya-vedernikov-krasnostop-zolotovskiy-rezerv-krasnoe-suhoe-15,detect
dataset/uploads_root/prod-svoe-vino-strapi/prod-svoe-vino/strapi/uploads/vinodelnya_vedernikov_krasnostop_zolotovskiy_roze_rozovoe_suhoe_12_eb54b43c4b.webp,vinodelnya-vedernikov-krasnostop-zolotovskiy-roze-rozovoe-suhoe-12,detect
dataset/uploads_root/prod-svoe-vino-strapi/prod-svoe-vino/strapi/uploads/imenie_sikory_krasnostop_zolotovskiy_na_terrasah_rozovoe_suhoe_13_fd7deda788.webp,imenie-sikory-krasnostop-zolotovskiy-na-terrasah-rozovoe-suhoe-13,detect
dataset/uploads_root/prod-svoe-vino-strapi/prod-svoe-vino/strapi/uploads/imenie_sikory_krasnostop_zolotovskiy_na_terrasah_krasnoe_suhoe_14_93b75eb2a0.webp,imenie-sikory-krasnostop-zolotovskiy-na-terrasah-krasnoe-suhoe-14,detect
dataset/uploads_root/prod-svoe-vino-strapi/prod-svoe-vino/strapi/uploads/imenie_sikory_krasnostop_zolotovskiy_pozdniy_sbor_rozovoe_sladkoe_13_305f6270ac.webp,imenie-sikory-krasnostop-zolotovskiy-pozdniy-sbor-rozovoe-sladkoe-13,detect
dataset/uploads_root/prod-svoe-vino-strapi/prod-svoe-vino/strapi/uploads/chateau_de_talu_krasnostop_rezerv_krasnostop_anapskiy_krasnoe_suhoe_137_bcb15093c2.webp,chateau-de-talu-krasnostop-rezerv-krasnostop-anapskiy-krasnoe-suhoe-137,detect
dataset/uploads_root/prod-svoe-vino-strapi/prod-svoe-vino/strapi/uploads/chateau_le_grand_vostock_krasnostop_rezerv_krasnoe_suhoe_vyderzhannoe_145_a04e866765.webp,chateau-le-grand-vostock-krasnostop-rezerv-krasnoe-suhoe-145,detect
dataset/uploads_root/prod-svoe-vino-strapi/prod-svoe-vino/strapi/uploads/domaine_de_la_vivandiere_krasnostop_roze_rozovoe_suhoe_134_065e0d758d.webp,domaine-de-la-vivandiere-krasnostop-roze-rozovoe-suhoe-134,detect
dataset/uploads_root/prod-svoe-vino-strapi/prod-svoe-vino/strapi/uploads/Sh_T_Molodoe_2025_igristoe_Normal_Krasnostop_22827aa941.webp,krasnostop-shato-taman,detect
dataset/uploads_root/prod-svoe-vino-strapi/prod-svoe-vino/strapi/uploads/gunko_winery_krasnye_gliny_kaberne_fran_krasnoe_suhoe_14_8b48e4bcbe.webp,gunko-winery-krasnye-gliny-kaberne-fran-krasnoe-suhoe-14,detect
dataset/uploads_root/prod-svoe-vino-strapi/prod-svoe-vino/strapi/uploads/cloudy_winery_krash_cabernet_sauvignon_kaberne_sovinon_krasnoe_suhoe_14_7de40e47b0.webp,cloudy-winery-krash-cabernet-sauvignon-kaberne-sovinon-krasnoe-suhoe-14,detect
dataset/uploads_root/prod-svoe-vino-strapi/prod-svoe-vino/strapi/uploads/cloudy_winery_krash_super_bryut_shardone_beloe_ekstra_bryut_85_82cb8d2e04.webp,cloudy-winery-krash-super-bryut-shardone-beloe-ekstra-bryut-85,detect
dataset/uploads_root/prod-svoe-vino-strapi/prod-svoe-vino/strapi/uploads/tsimlyanskie_vina_krepost_sarkel_krasnostop_zolotovskiy_krasnoe_suhoe_vyderzhannoe_145_d399c42b0b.webp,tsimlyanskie-vina-krepost-sarkel-krasnostop-zolotovskiy-krasnoe-suhoe-145,detect
dataset/uploads_root/prod-svoe-vino-strapi/prod-svoe-vino/strapi/uploads/soyuz_vino_kubanskoe_traditsionnoe_beloe_polusladkoe_belye_sorta_vinograda_11_da04d4179e.webp,soyuz-vino-kubanskoe-traditsionnoe-beloe-polusladkoe-belye-sorta-vinograda-11,detect
dataset/uploads_root/prod-svoe-vino-strapi/prod-svoe-vino/strapi/uploads/soyuz_vino_kubanskoe_traditsionnoe_beloe_polusladkoe_07_belye_sorta_vinograda_11_Photoroom_145fe6b33e.webp,soyuz-vino-kubanskoe-traditsionnoe-beloe-polusladkoe-07-belye-sorta-vinograda-11,detect
dataset/uploads_root/prod-svoe-vino-strapi/prod-svoe-vino/strapi/uploads/soyuz_vino_kubanskoe_traditsionnoe_beloe_suhoe_belye_sorta_vinograda_11_d20fbcfd38.webp,soyuz-vino-kubanskoe-traditsionnoe-beloe-suhoe-belye-sorta-vinograda-11,detect
dataset/uploads_root/prod-svoe-vino-strapi/prod-svoe-vino/strapi/uploads/soyuz_vino_kubanskoe_traditsionnoe_beloe_suhoe_07_belye_sorta_vinograda_11_0f473b186a.webp,soyuz-vino-kubanskoe-traditsionnoe-beloe-suhoe-07-belye-sorta-vinograda-11,detect
dataset/uploads_root/prod-svoe-vino-strapi/prod-svoe-vino/strapi/uploads/soyuz_vino_kubanskoe_traditsionnoe_krasnoe_polusladkoe_krasnye_sorta_vinograda_11_2dbb69f817.webp,soyuz-vino-kubanskoe-traditsionnoe-krasnoe-polusladkoe-krasnye-sorta-vinograda-11,detect
dataset/uploads_root/prod-svoe-vino-strapi/prod-svoe-vino/strapi/uploads/soyuz_vino_kubanskoe_traditsionnoe_krasnoe_polusladkoe_07_krasnye_sorta_vinograda_11_10045d3003.webp,soyuz-vino-kubanskoe-traditsionnoe-krasnoe-polusladkoe-07-krasnye-sorta-vinograda-11,detect
dataset/uploads_root/prod-svoe-vino-strapi/prod-svoe-vino/strapi/uploads/soyuz_vino_kubanskoe_traditsionnoe_krasnoe_suhoe_krasnye_sorta_vinograda_11_7a255cc56d.webp,soyuz-vino-kubanskoe-traditsionnoe-krasnoe-suhoe-krasnye-sorta-vinograda-11,detect
dataset/uploads_root/prod-svoe-vino-strapi/prod-svoe-vino/strapi/uploads/soyuz_vino_kubanskoe_traditsionnoe_krasnoe_suhoe_07_krasnye_sorta_vinograda_11_Photoroom_819d8f5468.webp,soyuz-vino-kubanskoe-traditsionnoe-krasnoe-suhoe-07-krasnye-sorta-vinograda-11,detect
dataset/uploads_root/prod-svoe-vino-strapi/prod-svoe-vino/strapi/uploads/sober_bash_kumshatskiy_kumshatskiy_belyy_beloe_suhoe_11_d67e1de2a8.webp,sober-bash-kumshatskiy-kumshatskiy-belyy-beloe-suhoe-11,detect
dataset/uploads_root/prod-svoe-vino-strapi/prod-svoe-vino/strapi/uploads/chateau_de_talu_kupazh_132_kaberne_sovinon_krasnoe_suhoe_146_d0f33c3c98.webp,chateau-de-talu-kupazh-132-kaberne-sovinon-krasnoe-suhoe-146,detect
dataset/uploads_root/prod-svoe-vino-strapi/prod-svoe-vino/strapi/uploads/loco_cimbali_kuprin_bastardo_magarachskiy_krasnoe_suhoe_138_8c28259c57.webp,loco-cimbali-kuprin-bastardo-magarachskiy-krasnoe-suhoe-138,detect
dataset/uploads_root/prod-svoe-vino-strapi/prod-svoe-vino/strapi/uploads/winepark_kuchuk_isar_kaberne_sovinon_krasnoe_suhoe_135_2932a37da0.webp,winepark-kuchuk-isar-kaberne-sovinon-krasnoe-suhoe-135,detect
dataset/uploads_root/prod-svoe-vino-strapi/prod-svoe-vino/strapi/uploads/cock_test_belle_kyuve_1_blanc_de_blancs_shardone_igristoe_ekstra_bryut_beloe_12_ca089c6b08.webp,cock-test-belle-kyuve-1-blanc-de-blancs-shardone-beloe-ekstra-bryut-12,detect
dataset/uploads_root/prod-svoe-vino-strapi/prod-svoe-vino/strapi/uploads/cock_test_belle_kyuve_2_blan_de_nuar_pino_mene_igristoe_ekstra_bryut_beloe_12_8d6ef280c1.webp,cock-test-belle-kyuve-2-blan-de-nuar-pino-mene-beloe-ekstra-bryut-12,detect
dataset/uploads_root/prod-svoe-vino-strapi/prod-svoe-vino/strapi/uploads/cock_test_belle_kyuve_5_roze_shardone_igristoe_ekstra_bryut_rozovoe_12_98ac397fd8.webp,cock-test-belle-kyuve-5-roze-shardone-rozovoe-ekstra-bryut-12,detect
dataset/uploads_root/prod-svoe-vino-strapi/prod-svoe-vino/strapi/uploads/usadba_markoth_kyuve_blan_shardone_beloe_suhoe_12_ccae093133.webp,usadba-markoth-kyuve-blan-shardone-beloe-suhoe-12,detect
dataset/uploads_root/prod-svoe-vino-strapi/prod-svoe-vino/strapi/uploads/chateau_le_grand_vostock_kyuve_karsov_rezerv_shardone_beloe_suhoe_14_ff996271bf.webp,chateau-le-grand-vostock-kyuve-karsov-rezerv-shardone-beloe-suhoe-14,detect
dataset/uploads_root/prod-svoe-vino-strapi/prod-svoe-vino/strapi/uploads/Czimlyanskoe_kyuve_krasnoe_krasnostop_i_czimlyanskij_chernyj_d1e86bb6b6.webp,kyuve-czimlyanskij-chernyj-i-krasnostop-zolotoj,detect
dataset/uploads_root/prod-svoe-vino-strapi/prod-svoe-vino/strapi/uploads/soyuz_vino_lavetti_beloe_polusladkoe_belye_sorta_vinograda_11_0ebc53bd39.webp,soyuz-vino-lavetti-beloe-polusladkoe-belye-sorta-vinograda-11,detect
dataset/uploads_root/prod-svoe-vino-strapi/prod-svoe-vino/strapi/uploads/soyuz_vino_lavetti_beloe_suhoe_belye_sorta_vinograda_11_38d387c335.webp,soyuz-vino-lavetti-beloe-suhoe-belye-sorta-vinograda-11,detect
dataset/uploads_root/prod-svoe-vino-strapi/prod-svoe-vino/strapi/uploads/soyuz_vino_lavetti_krasnoe_polusladkoe_krasnye_sorta_vinograda_11_6fdd024692.webp,soyuz-vino-lavetti-krasnoe-polusladkoe-krasnye-sorta-vinograda-11,detect
dataset/uploads_root/prod-svoe-vino-strapi/prod-svoe-vino/strapi/uploads/soyuz_vino_lavetti_krasnoe_suhoe_krasnye_sorta_vinograda_11_b12fab732e.webp,soyuz-vino-lavetti-krasnoe-suhoe-krasnye-sorta-vinograda-11,detect
dataset/uploads_root/prod-svoe-vino-strapi/prod-svoe-vino/strapi/uploads/soyuz_vino_lavetti_rozovoe_polusladkoe_krasnye_sorta_vinograda_11_079294d0a5.webp,soyuz-vino-lavetti-rozovoe-polusladkoe-krasnye-sorta-vinograda-11,detect
dataset/uploads_root/prod-svoe-vino-strapi/prod-svoe-vino/strapi/uploads/soyuz_vino_lak_dazyur_blan_moellyo_belye_sorta_vinograda_beloe_polusladkoe_11_4eb7a57e26.webp,soyuz-vino-lak-dazyur-blan-moellyo-belye-sorta-vinograda-beloe-polusladkoe-11,detect
dataset/uploads_root/prod-svoe-vino-strapi/prod-svoe-vino/strapi/uploads/soyuz_vino_lak_dazyur_blan_sek_belye_sorta_vinograda_beloe_suhoe_11_652ccd145e.webp,soyuz-vino-lak-dazyur-blan-sek-belye-sorta-vinograda-beloe-suhoe-11,detect
dataset/uploads_root/prod-svoe-vino-strapi/prod-svoe-vino/strapi/uploads/soyuz_vino_lak_dazyur_ruzh_moellyo_belye_sorta_vinograda_krasnoe_polusladkoe_11_d78d680459.webp,soyuz-vino-lak-dazyur-ruzh-moellyo-belye-sorta-vinograda-krasnoe-polusladkoe-11,detect
dataset/uploads_root/prod-svoe-vino-strapi/prod-svoe-vino/strapi/uploads/soyuz_vino_lak_dazyur_ruzh_sek_krasnye_sorta_vinograda_krasnoe_suhoe_11_55b71c558b.webp,soyuz-vino-lak-dazyur-ruzh-sek-krasnye-sorta-vinograda-krasnoe-suhoe-11,detect
dataset/uploads_root/prod-svoe-vino-strapi/prod-svoe-vino/strapi/uploads/massandra_lakrima_kristi_aleatiko_krasnoe_sladkoe_16_2a990c55e6.webp,massandra-lakrima-kristi-aleatiko-krasnoe-sladkoe-16,detect
dataset/uploads_root/prod-svoe-vino-strapi/prod-svoe-vino/strapi/uploads/image_04_08_26_12_58_1_5347234e15.webp,lebedushka,detect
dataset/uploads_root/prod-svoe-vino-strapi/prod-svoe-vino/strapi/uploads/gavras_levokumskiy_krasnoe_suhoe_12_48b24ef5e2.webp,gavras-levokumskiy-krasnoe-suhoe-12,detect
dataset/uploads_root/prod-svoe-vino-strapi/prod-svoe-vino/strapi/uploads/legato_legato_kaberne_fran_krasnoe_suhoe_14_a59d99f1f0.webp,legato-legato-kaberne-fran-krasnoe-suhoe-14,detect
dataset/uploads_root/prod-svoe-vino-strapi/prod-svoe-vino/strapi/uploads/legato_legato_merlo_krasnoe_suhoe_135_24d962f194.webp,legato-legato-merlo-krasnoe-suhoe-135,detect
dataset/uploads_root/prod-svoe-vino-strapi/prod-svoe-vino/strapi/uploads/legato_legato_pino_nuar_krasnoe_suhoe_135_569c4a919e.webp,legato-legato-pino-nuar-krasnoe-suhoe-135,detect
dataset/uploads_root/prod-svoe-vino-strapi/prod-svoe-vino/strapi/uploads/legato_legato_saperavi_krasnoe_suhoe_14_235a0f876d.webp,legato-legato-saperavi-krasnoe-suhoe-14,detect
dataset/uploads_root/prod-svoe-vino-strapi/prod-svoe-vino/strapi/uploads/legato_legato_sovinon_blan_beloe_suhoe_125_2cbc37a644.webp,legato-legato-sovinon-blan-beloe-suhoe-125,detect
dataset/uploads_root/prod-svoe-vino-strapi/prod-svoe-vino/strapi/uploads/legato_legato_sovinon_blan_mtsvane_beloe_suhoe_125_cd868d9a7f.webp,legato-legato-sovinon-blan-mtsvane-beloe-suhoe-125,detect
dataset/uploads_root/prod-svoe-vino-strapi/prod-svoe-vino/strapi/uploads/legato_legato_shardone_beloe_suhoe_135_5ef41c179f.webp,legato-legato-shardone-beloe-suhoe-135,detect
dataset/uploads_root/prod-svoe-vino-strapi/prod-svoe-vino/strapi/uploads/fanagoriya_ledyanoe_vino_muskat_muskat_ottonel_beloe_sladkoe_11_b8c2ae7315.webp,fanagoriya-ledyanoe-vino-muskat-muskat-ottonel-beloe-sladkoe-11,detect
dataset/uploads_root/prod-svoe-vino-strapi/prod-svoe-vino/strapi/uploads/soyuz_vino_lenty_izabella_krymskaya_krasnoe_polusladkoe_11_ed35a4d2c8.webp,soyuz-vino-lenty-izabella-krymskaya-krasnoe-polusladkoe-11,detect
dataset/uploads_root/prod-svoe-vino-strapi/prod-svoe-vino/strapi/uploads/soyuz_vino_lenty_kaberne_krymskoe_kaberne_sovinon_krasnoe_polusladkoe_11_aaa52b009e.webp,soyuz-vino-lenty-kaberne-krymskoe-kaberne-sovinon-krasnoe-polusladkoe-11,detect
dataset/uploads_root/prod-svoe-vino-strapi/prod-svoe-vino/strapi/uploads/soyuz_vino_lenty_shardone_krymskoe_beloe_polusladkoe_11_2d98f1c227.webp,soyuz-vino-lenty-shardone-krymskoe-beloe-polusladkoe-11,detect
dataset/uploads_root/prod-svoe-vino-strapi/prod-svoe-vino/strapi/uploads/Screenshot_4_7c7945f9a9.webp,lesnaya-proseka,detect
dataset/uploads_root/prod-svoe-vino-strapi/prod-svoe-vino/strapi/uploads/Levkadiya_beloe_1_6e34dfade1.webp,lefkadiya-beloe,detect
dataset/uploads_root/prod-svoe-vino-strapi/prod-svoe-vino/strapi/uploads/Levkadiya_krasnoe_1_bff42ff522.webp,lefkadiya-krasnoe,detect
dataset/uploads_root/prod-svoe-vino-strapi/prod-svoe-vino/strapi/uploads/vinodelnya_zhakov_logovo_saperavi_krasnoe_suhoe_126_4ac26ab1e4.webp,vinodelnya-zhakov-logovo-saperavi-krasnoe-suhoe-126,detect
dataset/uploads_root/prod-svoe-vino-strapi/prod-svoe-vino/strapi/uploads/Igristoe_Beloe_iz_Belogo_Shardone_no_bg_preview_bez_fona_a1bca7bfd8.webp,lorio-bryut-belyj,detect
dataset/uploads_root/prod-svoe-vino-strapi/prod-svoe-vino/strapi/uploads/Igristoe_Rozovoe_Pino_Nuar_bez_fona_0156c8af31.webp,lorio-bryut-rozovoe-igristoe,detect
dataset/uploads_root/prod-svoe-vino-strapi/prod-svoe-vino/strapi/uploads/loriot_Kaberne_Sovinon_f3c3a66527.webp,lorio-kaberne-sovinon,detect
dataset/uploads_root/prod-svoe-vino-strapi/prod-svoe-vino/strapi/uploads/loriot_red_043b87285b.webp,lorio-kaberne-sovinon-i-pino-nuar,detect
dataset/uploads_root/prod-svoe-vino-strapi/prod-svoe-vino/strapi/uploads/LORIO_PINO_NUAR_dca3c3d9cf.webp,lorio-pino-nuar,detect
dataset/uploads_root/prod-svoe-vino-strapi/prod-svoe-vino/strapi/uploads/LORIO_ROZOVOE_9e1be3c909.webp,lorio-rozovoe,detect
dataset/uploads_root/prod-svoe-vino-strapi/prod-svoe-vino/strapi/uploads/loriot_Sovinon_Blan_672ada0ef4.webp,lorio-sovinon-blan-2024,detect
dataset/uploads_root/prod-svoe-vino-strapi/prod-svoe-vino/strapi/uploads/Sovinon_Blan_LORIO_0723f6f81d.webp,lorio-sovinon-blan-2025,detect
dataset/uploads_root/prod-svoe-vino-strapi/prod-svoe-vino/strapi/uploads/loriot_wight_daff22e4d6.webp,lorio-sovinon-blan-i-shardone-1,detect
dataset/uploads_root/prod-svoe-vino-strapi/prod-svoe-vino/strapi/uploads/loriot_shardone_38a9e28b03.webp,lorio-shardone,detect
dataset/uploads_root/prod-svoe-vino-strapi/prod-svoe-vino/strapi/uploads/zmv_koktebel_madera_albilo_beloe_sladkoe_19_5ce87b8df7.webp,zmv-koktebel-madera-albilo-beloe-sladkoe-19,detect
dataset/uploads_root/prod-svoe-vino-strapi/prod-svoe-vino/strapi/uploads/Massandra_Madera_Krymskaya_42f85c120a.webp,madera-krymskaya,detect
dataset/uploads_root/prod-svoe-vino-strapi/prod-svoe-vino/strapi/uploads/chateau_andre_mado_pino_nuar_rozovoe_suhoe_13_6412ac00e9.webp,chateau-andre-mado-pino-nuar-rozovoe-suhoe-13,detect
dataset/uploads_root/prod-svoe-vino-strapi/prod-svoe-vino/strapi/uploads/gunko_winery_malbek_krasnoe_suhoe_14_1944604a52.webp,gunko-winery-malbek-krasnoe-suhoe-14,detect
dataset/uploads_root/prod-svoe-vino-strapi/prod-svoe-vino/strapi/uploads/aromatnoe_malbek_rezerv_krasnoe_suhoe_vyderzhannoe_125_d2e32af939.webp,aromatnoe-malbek-rezerv-krasnoe-suhoe-125,detect
dataset/uploads_root/prod-svoe-vino-strapi/prod-svoe-vino/strapi/uploads/cellar_master_malvaziya_beloe_suhoe_13_3214f361ad.webp,cellar-master-malvaziya-beloe-suhoe-13,detect
dataset/uploads_root/prod-svoe-vino-strapi/prod-svoe-vino/strapi/uploads/esse_mama_marselan_krasnoe_suhoe_135_5fef596cdc.webp,esse-mama-marselan-krasnoe-suhoe-135,detect
dataset/uploads_root/prod-svoe-vino-strapi/prod-svoe-vino/strapi/uploads/vinodelnya_pokrovskaya_marinka_marinovskiy_rozovoe_suhoe_123_90615151cb.webp,vinodelnya-pokrovskaya-marinka-marinovskiy-rozovoe-suhoe-123,detect
dataset/uploads_root/prod-svoe-vino-strapi/prod-svoe-vino/strapi/uploads/vinodelnya_myshako_marselan_krasnoe_suhoe_144_233050ecbc.webp,vinodelnya-myshako-marselan-krasnoe-suhoe-144,detect
dataset/uploads_root/prod-svoe-vino-strapi/prod-svoe-vino/strapi/uploads/vinodelnya_myshako_marselan_krasnoe_suhoe_143_26d0cfdb16.webp,vinodelnya-myshako-marselan-krasnoe-suhoe-143,detect
dataset/uploads_root/prod-svoe-vino-strapi/prod-svoe-vino/strapi/uploads/shato_pino_marselan_merlo_krasnoe_suhoe_13_d4ec35012c.webp,shato-pino-marselan-merlo-krasnoe-suhoe-13,detect
dataset/uploads_root/prod-svoe-vino-strapi/prod-svoe-vino/strapi/uploads/vinodelnya_myshako_marselan_mode_krasnoe_suhoe_145_924e926ae9.webp,vinodelnya-myshako-marselan-mode-krasnoe-suhoe-145,detect
dataset/uploads_root/prod-svoe-vino-strapi/prod-svoe-vino/strapi/uploads/vinodelnya_myshako_marselan_mode_appassimento_krasnoe_suhoe_146_ea99d1e997.webp,vinodelnya-myshako-marselan-mode-appassimento-krasnoe-suhoe-146,detect
dataset/uploads_root/prod-svoe-vino-strapi/prod-svoe-vino/strapi/uploads/vinodelnya_myshako_marselan_avtorskaya_tehnologiya_krasnoe_suhoe_144_d0c6e20dc5.webp,vinodelnya-myshako-marselan-avtorskaya-tehnologiya-krasnoe-suhoe-144,detect
dataset/uploads_root/prod-svoe-vino-strapi/prod-svoe-vino/strapi/uploads/Massandra_Kokur_1fa858a17c.webp,massandra-kokur,detect
dataset/uploads_root/prod-svoe-vino-strapi/prod-svoe-vino/strapi/uploads/Massandra_Muskat_94b702fe3b.webp,massandra-muskat,detect
dataset/uploads_root/prod-svoe-vino-strapi/prod-svoe-vino/strapi/uploads/Massandra_suhoe_rozovoe_218d80e12d.webp,massandra-rozovoe-suhoe,detect
dataset/uploads_root/prod-svoe-vino-strapi/prod-svoe-vino/strapi/uploads/Massandra_Heres_f281a9d608.webp,massandra-heres,detect
dataset/uploads_root/prod-svoe-vino-strapi/prod-svoe-vino/strapi/uploads/massandra_massandra_heres_oreadna_aligote_beloe_suhoe_16_efa1aed005.webp,massandra-massandra-heres-oreadna-aligote-beloe-suhoe-16,detect
dataset/uploads_root/prod-svoe-vino-strapi/prod-svoe-vino/strapi/uploads/solnechnaya_dolina_meganom_blanc_de_blancs_kokur_igristoe_bryut_beloe_11_d897a0fd23.webp,solnechnaya-dolina-meganom-blanc-de-blancs-kokur-beloe-bryut-11,detect
dataset/uploads_root/prod-svoe-vino-strapi/prod-svoe-vino/strapi/uploads/solnechnaya_dolina_meganom_beloe_aligote_beloe_suhoe_13_040339bc56.webp,solnechnaya-dolina-meganom-beloe-aligote-suhoe-13,detect
dataset/uploads_root/prod-svoe-vino-strapi/prod-svoe-vino/strapi/uploads/solnechnaya_dolina_meganom_kyuve_shardone_igristoe_bryut_beloe_11_7fec189f24.webp,solnechnaya-dolina-meganom-kyuve-shardone-beloe-bryut-11,detect
dataset/uploads_root/prod-svoe-vino-strapi/prod-svoe-vino/strapi/uploads/Mezenka_Kaberne_Fran_33fd19b800.webp,katharon-mezenka-kaberne-fran,detect
dataset/uploads_root/prod-svoe-vino-strapi/prod-svoe-vino/strapi/uploads/Mezenka_Kaberne_Fran_Merlo_roze_7c0d7f9e13.webp,katharon-mezenka-kaberne-fran-merlo,detect
dataset/uploads_root/prod-svoe-vino-strapi/prod-svoe-vino/strapi/uploads/Mezenka_Merlo_a57948ccce.webp,katharon-mezenka-merlo,detect
dataset/uploads_root/prod-svoe-vino-strapi/prod-svoe-vino/strapi/uploads/IMG_20260617_132406_315_dc183ec137.webp,katharon-mezenka-risling-polusuhoe,detect
dataset/uploads_root/prod-svoe-vino-strapi/prod-svoe-vino/strapi/uploads/IMG_20260617_132401_890_e3ce77f247.webp,katharon-mezenka-risling-suhoe,detect
dataset/uploads_root/prod-svoe-vino-strapi/prod-svoe-vino/strapi/uploads/Mezenka_Sira_29468a4464.webp,katharon-mezenka-sira,detect
dataset/uploads_root/prod-svoe-vino-strapi/prod-svoe-vino/strapi/uploads/Mezenka_Sovinon_blan_d042166bd2.webp,katharon-mezenka-sovinon-blan,detect
dataset/uploads_root/prod-svoe-vino-strapi/prod-svoe-vino/strapi/uploads/usadba_mezyb_mezyb_kaberne_sovinon_krasnoe_suhoe_145_d7c1e16ecd.webp,usadba-mezyb-mezyb-kaberne-sovinon-krasnoe-suhoe-145,detect
dataset/uploads_root/prod-svoe-vino-strapi/prod-svoe-vino/strapi/uploads/usadba_mezyb_mezyb_merlo_krasnoe_suhoe_145_728824e935.webp,usadba-mezyb-mezyb-merlo-krasnoe-suhoe-145,detect
dataset/uploads_root/prod-svoe-vino-strapi/prod-svoe-vino/strapi/uploads/usadba_mezyb_mezyb_vione_beloe_suhoe_13_6e8c3cc5b2.webp,usadba-mezyb-mezyb-vione-beloe-suhoe-13,detect
dataset/uploads_root/prod-svoe-vino-strapi/prod-svoe-vino/strapi/uploads/usadba_mezyb_mezyb_kaberne_sovinon_kaberne_fran_krasnoe_suhoe_14_21f4d76eab.webp,usadba-mezyb-mezyb-kaberne-sovinon-kaberne-fran-krasnoe-suhoe-14,detect
dataset/uploads_root/prod-svoe-vino-strapi/prod-svoe-vino/strapi/uploads/usadba_mezyb_mezyb_kaberne_sovinon_kaberne_fran_vione_rozovoe_suhoe_133_986a11a9c7.webp,usadba-mezyb-mezyb-kaberne-sovinon-kaberne-fran-vione-rozovoe-suhoe-133,detect
dataset/uploads_root/prod-svoe-vino-strapi/prod-svoe-vino/strapi/uploads/skalistyy_bereg_melodiya_leta_krasnostop_zolotovskiy_rozovoe_suhoe_126_0c4c354c3c.webp,skalistyy-bereg-melodiya-leta-krasnostop-zolotovskiy-rozovoe-suhoe-126,detect
dataset/uploads_root/prod-svoe-vino-strapi/prod-svoe-vino/strapi/uploads/belbek_meritazh_kaberne_sovinon_krasnoe_suhoe_136_b0152ba5c6.webp,belbek-meritazh-kaberne-sovinon-krasnoe-suhoe-136,detect
dataset/uploads_root/prod-svoe-vino-strapi/prod-svoe-vino/strapi/uploads/golubitskoe_estate_merlo_krasnoe_suhoe_135_4cc0abb46d.webp,golubitskoe-estate-merlo-krasnoe-suhoe-135,detect
dataset/uploads_root/prod-svoe-vino-strapi/prod-svoe-vino/strapi/uploads/zmv_koktebel_merlo_krasnoe_suhoe_13_a8d634f782.webp,zmv-koktebel-merlo-krasnoe-suhoe-13,detect
dataset/uploads_root/prod-svoe-vino-strapi/prod-svoe-vino/strapi/uploads/alma_valley_merlo_krasnoe_suhoe_13_51d2488815.webp,alma-valley-merlo-krasnoe-suhoe-13,detect
dataset/uploads_root/prod-svoe-vino-strapi/prod-svoe-vino/strapi/uploads/esse_merlo_krasnoe_suhoe_135_efd9f63edb.webp,esse-merlo-krasnoe-suhoe-135,detect
dataset/uploads_root/prod-svoe-vino-strapi/prod-svoe-vino/strapi/uploads/bogovich_wine_vineyard_merlo_krasnoe_suhoe_14_6e030dc0f1.webp,bogovich-wine-vineyard-merlo-krasnoe-suhoe-14,detect
dataset/uploads_root/prod-svoe-vino-strapi/prod-svoe-vino/strapi/uploads/chateau_andre_merlo_krasnoe_suhoe_14_ac531c264e.webp,chateau-andre-merlo-krasnoe-suhoe-14,detect
dataset/uploads_root/prod-svoe-vino-strapi/prod-svoe-vino/strapi/uploads/vinodelnya_begildeeva_merlo_krasnoe_suhoe_14_977a726c54.webp,vinodelnya-begildeeva-merlo-krasnoe-suhoe-14,detect
dataset/uploads_root/prod-svoe-vino-strapi/prod-svoe-vino/strapi/uploads/vinodelnya_batrak_merlo_rozovoe_suhoe_13_c52c679840.webp,vinodelnya-batrak-merlo-rozovoe-suhoe-13,detect
dataset/uploads_root/prod-svoe-vino-strapi/prod-svoe-vino/strapi/uploads/MERLO_Photoroom_86d1e59354.webp,orlov_merlo,detect
dataset/uploads_root/prod-svoe-vino-strapi/prod-svoe-vino/strapi/uploads/loco_cimbali_merlo_krasnoe_suhoe_138_810725db96.webp,loco-cimbali-merlo-krasnoe-suhoe-138,detect
dataset/uploads_root/prod-svoe-vino-strapi/prod-svoe-vino/strapi/uploads/stn_winery_merlo_krasnoe_suhoe_14_a40621f55a.webp,stn-winery-merlo-krasnoe-suhoe-14,detect
dataset/uploads_root/prod-svoe-vino-strapi/prod-svoe-vino/strapi/uploads/Merlo_2022_255392430a.webp,perovskih_merlo,detect
dataset/uploads_root/prod-svoe-vino-strapi/prod-svoe-vino/strapi/uploads/mons_albus_merlo_rozovoe_suhoe_132_a694baeaee.webp,mons-albus-merlo-rozovoe-suhoe-132,detect
dataset/uploads_root/prod-svoe-vino-strapi/prod-svoe-vino/strapi/uploads/belbek_merlo_krasnoe_suhoe_13_62ef7bfee8.webp,belbek-merlo-krasnoe-suhoe-13,detect
dataset/uploads_root/prod-svoe-vino-strapi/prod-svoe-vino/strapi/uploads/vinodelnya_marko_merlo_krasnoe_suhoe_14_384d0e4a2a.webp,vinodelnya-marko-merlo-krasnoe-suhoe-14,detect
dataset/uploads_root/prod-svoe-vino-strapi/prod-svoe-vino/strapi/uploads/vinodelnya_marchenko_merlo_krasnoe_suhoe_14_b03e5e2a36.webp,vinodelnya-marchenko-merlo-krasnoe-suhoe-14,detect
dataset/uploads_root/prod-svoe-vino-strapi/prod-svoe-vino/strapi/uploads/merlo_d6c03313e4.webp,merlo,detect
dataset/uploads_root/prod-svoe-vino-strapi/prod-svoe-vino/strapi/uploads/merlo_89592556f7.webp,merlo-1,detect
dataset/uploads_root/prod-svoe-vino-strapi/prod-svoe-vino/strapi/uploads/donskoe_vinodelcheskoe_hozyaystvo_elbuzd_merlo_krasnoe_suhoe_13_261ddc4f01.webp,donskoe-vinodelcheskoe-hozyaystvo-elbuzd-merlo-krasnoe-suhoe-13,detect
dataset/uploads_root/prod-svoe-vino-strapi/prod-svoe-vino/strapi/uploads/villa_sofiya_merlo_kaberne_sovinon_krasnoe_suhoe_14_84e867e1b3.webp,villa-sofiya-merlo-kaberne-sovinon-krasnoe-suhoe-14,detect
dataset/uploads_root/prod-svoe-vino-strapi/prod-svoe-vino/strapi/uploads/vinodelnya_myshako_merlo_zinfandel_kyuve_rozovoe_suhoe_128_3d3d21e00a.webp,vinodelnya-myshako-merlo-zinfandel-kyuve-rozovoe-suhoe-128,detect
dataset/uploads_root/prod-svoe-vino-strapi/prod-svoe-vino/strapi/uploads/vinodelnya_myshako_merlo_tempranilo_kyuve_krasnoe_polusladkoe_135_884e18f396.webp,vinodelnya-myshako-merlo-tempranilo-kyuve-krasnoe-polusladkoe-135,detect
dataset/uploads_root/prod-svoe-vino-strapi/prod-svoe-vino/strapi/uploads/vinodelnya_myshako_merlo_grand_rezerv_krasnoe_suhoe_142_755fcb23a0.webp,vinodelnya-myshako-merlo-grand-rezerv-krasnoe-suhoe-142,detect
dataset/uploads_root/prod-svoe-vino-strapi/prod-svoe-vino/strapi/uploads/image_04_09_26_01_21_e2229a9af8.webp,merlo-litavshhuk,detect
dataset/uploads_root/prod-svoe-vino-strapi/prod-svoe-vino/strapi/uploads/esse_merlo_otbornoe_krasnoe_suhoe_13_eda65be34f.webp,esse-merlo-otbornoe-krasnoe-suhoe-13,detect
dataset/uploads_root/prod-svoe-vino-strapi/prod-svoe-vino/strapi/uploads/usadba_markoth_merlo_rezerv_krasnoe_suhoe_vyderzhannoe_13_7e6627d371.webp,usadba-markoth-merlo-rezerv-krasnoe-suhoe-13,detect
dataset/uploads_root/prod-svoe-vino-strapi/prod-svoe-vino/strapi/uploads/golubitskoe_estate_merlo_rezerv_krasnoe_suhoe_135_2a7849699b.webp,golubitskoe-estate-merlo-rezerv-krasnoe-suhoe-135,detect
dataset/uploads_root/prod-svoe-vino-strapi/prod-svoe-vino/strapi/uploads/chateau_de_talu_merlo_rezerv_krasnoe_suhoe_14_d84b50e282.webp,chateau-de-talu-merlo-rezerv-krasnoe-suhoe-14,detect
dataset/uploads_root/prod-svoe-vino-strapi/prod-svoe-vino/strapi/uploads/alma_valley_merlo_rezerv_krasnoe_suhoe_15_6f1a4e1e17.webp,alma-valley-merlo-rezerv-krasnoe-suhoe-15,detect
dataset/uploads_root/prod-svoe-vino-strapi/prod-svoe-vino/strapi/uploads/alma_valley_merlo_rezerv_krasnoe_suhoe_vyderzhannoe_14_ea3e8292cb.webp,alma-valley-merlo-rezerv-krasnoe-suhoe-14,detect
dataset/uploads_root/prod-svoe-vino-strapi/prod-svoe-vino/strapi/uploads/dubinin_winery_merlo_roze_rozovoe_suhoe_125_7a5b91f610.webp,dubinin-winery-merlo-roze-rozovoe-suhoe-125,detect
dataset/uploads_root/prod-svoe-vino-strapi/prod-svoe-vino/strapi/uploads/imenie_sikory_merlo_sikory_krasnoe_suhoe_13_962d1b82f9.webp,imenie-sikory-merlo-sikory-krasnoe-suhoe-13,detect
dataset/uploads_root/prod-svoe-vino-strapi/prod-svoe-vino/strapi/uploads/vinodelnya_myshako_merlo_black_out_krasnoe_sladkoe_14_83578ec427.webp,vinodelnya-myshako-merlo-black-out-krasnoe-sladkoe-14,detect
dataset/uploads_root/prod-svoe-vino-strapi/prod-svoe-vino/strapi/uploads/imenie_sikory_merlo_semeynyy_rezerv_krasnoe_suhoe_vyderzhannoe_14_ddcc4b5b79.webp,imenie-sikory-merlo-semeynyy-rezerv-krasnoe-suhoe-14,detect
dataset/uploads_root/prod-svoe-vino-strapi/prod-svoe-vino/strapi/uploads/Molodoe_Atlas_2025_Normal_Krasnoe_748e72dcb7.webp,molodoe-shato-taman-1,detect
dataset/uploads_root/prod-svoe-vino-strapi/prod-svoe-vino/strapi/uploads/Molodoe_Atlas_2025_Normal_Beloe_da0ba8a14a.webp,molodoe-shato-taman,detect
dataset/uploads_root/prod-svoe-vino-strapi/prod-svoe-vino/strapi/uploads/vinodelnya_uzunov_mono_kaberne_sovinon_krasnoe_suhoe_139_42121992a0.webp,vinodelnya-uzunov-mono-kaberne-sovinon-krasnoe-suhoe-139,detect
dataset/uploads_root/prod-svoe-vino-strapi/prod-svoe-vino/strapi/uploads/vinodelnya_uzunov_mono_krasnostop_krasnostop_zolotovskiy_krasnoe_suhoe_139_dc975abb72.webp,vinodelnya-uzunov-mono-krasnostop-krasnostop-zolotovskiy-krasnoe-suhoe-139,detect
dataset/uploads_root/prod-svoe-vino-strapi/prod-svoe-vino/strapi/uploads/vinodelnya_uzunov_mono_saperavi_krasnoe_suhoe_139_f7bdf672a2.webp,vinodelnya-uzunov-mono-saperavi-krasnoe-suhoe-139,detect
dataset/uploads_root/prod-svoe-vino-strapi/prod-svoe-vino/strapi/uploads/soyuz_vino_mosavali_rkatsiteli_beloe_polusladkoe_11_cf350f08a2.webp,soyuz-vino-mosavali-rkatsiteli-beloe-polusladkoe-11,detect
dataset/uploads_root/prod-svoe-vino-strapi/prod-svoe-vino/strapi/uploads/soyuz_vino_mosavali_saperavi_polusladkoe_krasnoe_11_Photoroom_f236b93ec6.webp,soyuz-vino-mosavali-saperavi-polusladkoe-krasnoe-11,detect
dataset/uploads_root/prod-svoe-vino-strapi/prod-svoe-vino/strapi/uploads/soyuz_vino_mosavali_saperavi_suhoe_krasnoe_11_4664250a21.webp,soyuz-vino-mosavali-saperavi-suhoe-krasnoe-11,detect
dataset/uploads_root/prod-svoe-vino-strapi/prod-svoe-vino/strapi/uploads/stn_winery_muskat_beloe_suhoe_115_73c0464c2e.webp,stn-winery-muskat-beloe-suhoe-115,detect
dataset/uploads_root/prod-svoe-vino-strapi/prod-svoe-vino/strapi/uploads/esse_muskat_muskat_belyy_beloe_suhoe_115_48469f1962.webp,esse-muskat-muskat-belyy-beloe-suhoe-115,detect
dataset/uploads_root/prod-svoe-vino-strapi/prod-svoe-vino/strapi/uploads/Muskat_2024_ff79889a1b.webp,perovskih_muskat,detect
dataset/uploads_root/prod-svoe-vino-strapi/prod-svoe-vino/strapi/uploads/belbek_muskat_muskat_belyy_beloe_suhoe_127_d8229478b6.webp,belbek-muskat-muskat-belyy-beloe-suhoe-127,detect
dataset/uploads_root/prod-svoe-vino-strapi/prod-svoe-vino/strapi/uploads/dva_serdtsa_muskat_muskat_belyy_beloe_polusuhoe_12_812f13f41a.webp,dva-serdtsa-muskat-muskat-belyy-beloe-polusuhoe-12,detect
dataset/uploads_root/prod-svoe-vino-strapi/prod-svoe-vino/strapi/uploads/chateau_de_talu_muskat_beloe_suhoe_13_c31a9ba7de.webp,chateau-de-talu-muskat-beloe-suhoe-13,detect
dataset/uploads_root/prod-svoe-vino-strapi/prod-svoe-vino/strapi/uploads/radiowine_muskat_amber_muskat_ottonel_beloe_suhoe_13_30d2cbdd8f.webp,radiowine-muskat-amber-muskat-ottonel-beloe-suhoe-13,detect
dataset/uploads_root/prod-svoe-vino-strapi/prod-svoe-vino/strapi/uploads/rem_akchurin_muskat_belyy_beloe_suhoe_135_83780f24fa.webp,rem-akchurin-muskat-belyy-beloe-suhoe-135,detect
dataset/uploads_root/prod-svoe-vino-strapi/prod-svoe-vino/strapi/uploads/esse_muskat_belyy_beloe_suhoe_135_446d285a06.webp,esse-muskat-belyy-beloe-suhoe-135,detect
dataset/uploads_root/prod-svoe-vino-strapi/prod-svoe-vino/strapi/uploads/massandra_muskat_belyy_krasnogo_kamnya_beloe_sladkoe_13_8456db974b.webp,massandra-muskat-belyy-krasnogo-kamnya-beloe-sladkoe-13,detect
dataset/uploads_root/prod-svoe-vino-strapi/prod-svoe-vino/strapi/uploads/massandra_muskat_belyy_pozdnego_sbora_beloe_sladkoe_10_17230edc84.webp,massandra-muskat-belyy-pozdnego-sbora-beloe-sladkoe-10,detect
dataset/uploads_root/prod-svoe-vino-strapi/prod-svoe-vino/strapi/uploads/massandra_muskat_belyy_yuzhnoberezhnyy_beloe_desertnoe_16_609f9d79d5.webp,massandra-muskat-belyy-yuzhnoberezhnyy-beloe-sladkoe-16,detect
dataset/uploads_root/prod-svoe-vino-strapi/prod-svoe-vino/strapi/uploads/chateau_cachalot_muskat_blan_muskat_belyy_beloe_suhoe_117_d2969be524.webp,chateau-cachalot-muskat-blan-muskat-belyy-beloe-suhoe-117,detect
dataset/uploads_root/prod-svoe-vino-strapi/prod-svoe-vino/strapi/uploads/andryus_yutsis_muskat_blan_vione_beloe_suhoe_117_67d4906ed6.webp,andryus-yutsis-muskat-blan-vione-beloe-suhoe-117,detect
dataset/uploads_root/prod-svoe-vino-strapi/prod-svoe-vino/strapi/uploads/zmv_koktebel_muskat_desertnyy_rozovoe_sladkoe_16_42c8ac5c99.webp,zmv-koktebel-muskat-desertnyy-rozovoe-sladkoe-16,detect
dataset/uploads_root/prod-svoe-vino-strapi/prod-svoe-vino/strapi/uploads/Muskat_oranzh_2024_55882c1c4d.webp,perovskih_muskat_orange,detect
dataset/uploads_root/prod-svoe-vino-strapi/prod-svoe-vino/strapi/uploads/esse_muskat_oranzh_muskat_belyy_beloe_suhoe_115_8221306c48.webp,esse-muskat-oranzh-muskat-belyy-beloe-suhoe-115,detect
dataset/uploads_root/prod-svoe-vino-strapi/prod-svoe-vino/strapi/uploads/rem_akchurin_muskat_oranzh_oranzhevoe_suhoe_115_d72b609dd9.webp,rem-akchurin-muskat-oranzh-oranzhevoe-suhoe-115,detect
dataset/uploads_root/prod-svoe-vino-strapi/prod-svoe-vino/strapi/uploads/belbek_muskat_oranzh_muskat_belyy_oranzhevoe_suhoe_125_15ac5f6bc6.webp,belbek-muskat-oranzh-muskat-belyy-oranzhevoe-suhoe-125,detect
dataset/uploads_root/prod-svoe-vino-strapi/prod-svoe-vino/strapi/uploads/bogovich_wine_vineyard_muskat_oranzh_muskat_belyy_beloe_suhoe_125_959036a2e8.webp,bogovich-wine-vineyard-muskat-oranzh-muskat-belyy-beloe-suhoe-125,detect
dataset/uploads_root/prod-svoe-vino-strapi/prod-svoe-vino/strapi/uploads/vinodelnya_78_muskat_otbornyy_muskat_yantarnyy_beloe_suhoe_125_f70367e658.webp,vinodelnya-78-muskat-otbornyy-muskat-yantarnyy-beloe-suhoe-125,detect
dataset/uploads_root/prod-svoe-vino-strapi/prod-svoe-vino/strapi/uploads/blagolyubov_muskat_ottonel_beloe_suhoe_125_32dd0cb4e6.webp,blagolyubov-muskat-ottonel-beloe-suhoe-125,detect
dataset/uploads_root/prod-svoe-vino-strapi/prod-svoe-vino/strapi/uploads/petnat_muskat_no_bg_preview_carve_photos_2296dc8b1a.webp,muskat-ottonel-gusev,detect
dataset/uploads_root/prod-svoe-vino-strapi/prod-svoe-vino/strapi/uploads/20260617_072415_Photoroom_6dda2f8425.webp,jd_winery_muskat_ottonel,detect
dataset/uploads_root/prod-svoe-vino-strapi/prod-svoe-vino/strapi/uploads/massandra_muskat_pozdnego_sbora_muskat_belyy_beloe_sladkoe_16_75b19a772c.webp,massandra-muskat-pozdnego-sbora-muskat-belyy-beloe-sladkoe-16,detect
dataset/uploads_root/prod-svoe-vino-strapi/prod-svoe-vino/strapi/uploads/4290_z_D_Kb_OVA_no_bg_preview_carve_photos_6bdfe80e27.webp,muskat-pozdnego-sbora-rozovyj,detect
dataset/uploads_root/prod-svoe-vino-strapi/prod-svoe-vino/strapi/uploads/vinodelnya_78_muskat_polusladkoe_muskat_ottonel_igristoe_polusladkoe_beloe_115_7d7906929e.webp,vinodelnya-78-muskat-polusladkoe-muskat-ottonel-beloe-115,detect
dataset/uploads_root/prod-svoe-vino-strapi/prod-svoe-vino/strapi/uploads/massandra_muskat_rozovyy_pozdnego_sbora_rozovoe_sladkoe_10_543ccac814.webp,massandra-muskat-rozovyy-pozdnego-sbora-rozovoe-sladkoe-10,detect
dataset/uploads_root/prod-svoe-vino-strapi/prod-svoe-vino/strapi/uploads/dva_serdtsa_muskat_suhoy_muskat_belyy_beloe_suhoe_12_904721b94a.webp,dva-serdtsa-muskat-suhoy-muskat-belyy-beloe-suhoe-12,detect
dataset/uploads_root/prod-svoe-vino-strapi/prod-svoe-vino/strapi/uploads/zmv_koktebel_muskat_yantarnyy_desertnyy_beloe_sladkoe_16_b191b9e48e.webp,zmv-koktebel-muskat-yantarnyy-desertnyy-beloe-sladkoe-16,detect
dataset/uploads_root/prod-svoe-vino-strapi/prod-svoe-vino/strapi/uploads/vinodelnya_myshako_muskat_avtorskaya_tehnologiya_mono_beloe_suhoe_128_a6633f8b78.webp,vinodelnya-myshako-muskat-avtorskaya-tehnologiya-mono-beloe-suhoe-128,detect
dataset/uploads_root/prod-svoe-vino-strapi/prod-svoe-vino/strapi/uploads/2923_GVA_Ps_CA_no_bg_preview_carve_photos_4a01fd1119.webp,muskat-avtorskoe-vino,detect
dataset/uploads_root/prod-svoe-vino-strapi/prod-svoe-vino/strapi/uploads/valeriy_zaharin_muskat_valeriy_zaharin_muskat_ottonel_beloe_polusladkoe_12_a78dbaf48c.webp,valeriy-zaharin-muskat-valeriy-zaharin-muskat-ottonel-beloe-polusladkoe-12,detect
dataset/uploads_root/prod-svoe-vino-strapi/prod-svoe-vino/strapi/uploads/domaine_lipko_muskat_pomeste_trenzina_muskat_belyy_beloe_suhoe_119_f53581d3d0.webp,domaine-lipko-muskat-pomeste-trenzina-muskat-belyy-beloe-suhoe-119,detect
dataset/uploads_root/prod-svoe-vino-strapi/prod-svoe-vino/strapi/uploads/Screenshot_25_e7771a3f2d.webp,muskat-premium,detect
dataset/uploads_root/prod-svoe-vino-strapi/prod-svoe-vino/strapi/uploads/massandra_muskatel_belyy_belye_sorta_vinograda_beloe_sladkoe_16_f7e0314033.webp,massandra-muskatel-belyy-belye-sorta-vinograda-beloe-sladkoe-16,detect
dataset/uploads_root/prod-svoe-vino-strapi/prod-svoe-vino/strapi/uploads/massandra_muskatel_rozovyy_belye_sorta_vinograda_rozovoe_sladkoe_16_3e12b153be.webp,massandra-muskatel-rozovyy-belye-sorta-vinograda-rozovoe-sladkoe-16,detect
dataset/uploads_root/prod-svoe-vino-strapi/prod-svoe-vino/strapi/uploads/massandra_muskatel_chernyy_krasnye_sorta_vinograda_krasnoe_sladkoe_16_b35635608c.webp,massandra-muskatel-chernyy-krasnye-sorta-vinograda-krasnoe-sladkoe-16,detect
dataset/uploads_root/prod-svoe-vino-strapi/prod-svoe-vino/strapi/uploads/solnechnaya_dolina_muskatnoe_festivalnoe_muskat_belyy_rozovoe_sladkoe_16_a0294f4818.webp,solnechnaya-dolina-muskatnoe-festivalnoe-muskat-belyy-rozovoe-sladkoe-16,detect
dataset/uploads_root/prod-svoe-vino-strapi/prod-svoe-vino/strapi/uploads/Sh_T_Molodoe_2025_igristoe_Normal_Muskat_24e7ba1069.webp,muskatnoe-shato-taman,detect
dataset/uploads_root/prod-svoe-vino-strapi/prod-svoe-vino/strapi/uploads/vinodelnya_marchenko_mtsvane_mtsvane_kahetinskiy_beloe_suhoe_135_f2692146b1.webp,vinodelnya-marchenko-mtsvane-mtsvane-kahetinskiy-beloe-suhoe-135,detect
dataset/uploads_root/prod-svoe-vino-strapi/prod-svoe-vino/strapi/uploads/Myshako_grin_kejp_shardone_e8511bbe5d.webp,myshako-green-cape-shardone-beloe-bryut,detect
dataset/uploads_root/prod-svoe-vino-strapi/prod-svoe-vino/strapi/uploads/Myshako_igristoe_bryut_beloe_d8ba526bcc.webp,myshako-igristoe-beloe-bryut,detect
dataset/uploads_root/prod-svoe-vino-strapi/prod-svoe-vino/strapi/uploads/Myshako_igristoe_polusladkoe_beloe_846a405f2a.webp,myshako-igristoe-beloe-polusladkoe,detect
dataset/uploads_root/prod-svoe-vino-strapi/prod-svoe-vino/strapi/uploads/vinodelnya_myshako_myshako_kyuve_rozovoe_pino_nuar_igristoe_bryut_rozovoe_123_eace41f3c1.webp,vinodelnya-myshako-myshako-kyuve-rozovoe-pino-nuar-bryut-123,detect
dataset/uploads_root/prod-svoe-vino-strapi/prod-svoe-vino/strapi/uploads/uppa_winery_nebbiolo_krasnoe_suhoe_14_2d7e43d3e7.webp,uppa-winery-nebbiolo-krasnoe-suhoe-14,detect
dataset/uploads_root/prod-svoe-vino-strapi/prod-svoe-vino/strapi/uploads/Screenshot_6_Photoroom_b5b45ec3f4.webp,nebo-rossii-glera,detect
dataset/uploads_root/prod-svoe-vino-strapi/prod-svoe-vino/strapi/uploads/vinodelnya_zhakov_neoranzh_vostorg_beloe_suhoe_123_daeaeb297b.webp,vinodelnya-zhakov-neoranzh-vostorg-beloe-suhoe-123,detect
dataset/uploads_root/prod-svoe-vino-strapi/prod-svoe-vino/strapi/uploads/4300_tl_K_Hp_Eg_0fa0eef9b4.webp,novyj-svet-vyderzhannoe-bryut,detect
dataset/uploads_root/prod-svoe-vino-strapi/prod-svoe-vino/strapi/uploads/4293_5v_Oij6_H_e1d1daa1cf.webp,novyj-svet-kollekczionnoe-bryut,detect
dataset/uploads_root/prod-svoe-vino-strapi/prod-svoe-vino/strapi/uploads/4300_tl_K_Hp_Eg_58f660d670.webp,novyj-svet-polusladkoe,detect
dataset/uploads_root/prod-svoe-vino-strapi/prod-svoe-vino/strapi/uploads/novyy_svet_dom_shampanskih_vin_novyy_svet_polusladkoe_roze_shardone_igristoe_polusladkoe_rozovoe_115_79fb7eee7d.webp,novyy-svet-dom-shampanskih-vin-novyy-svet-polusladkoe-roze-shardone-rozovoe-115,detect
dataset/uploads_root/prod-svoe-vino-strapi/prod-svoe-vino/strapi/uploads/4299_5o_I_Vt_UU_9348a5c313.webp,novyj-svet-polusuhoe-kollekczionnoe,detect
dataset/uploads_root/prod-svoe-vino-strapi/prod-svoe-vino/strapi/uploads/2938_CG_6_Oxk_C_8ebbf0da39.webp,novyj-svet-aligote,detect
dataset/uploads_root/prod-svoe-vino-strapi/prod-svoe-vino/strapi/uploads/2939_WV_4_G4x_P_1d07c0e491.webp,novyj-svet-blan-de-nuar,detect
dataset/uploads_root/prod-svoe-vino-strapi/prod-svoe-vino/strapi/uploads/4310_5n67_NVV_9e7031b185.webp,novyj-svet-zolotoj-risling,detect
dataset/uploads_root/prod-svoe-vino-strapi/prod-svoe-vino/strapi/uploads/2927_F6_GFXH_9_09971a59db.webp,novyj-svet-kaberne,detect
dataset/uploads_root/prod-svoe-vino-strapi/prod-svoe-vino/strapi/uploads/4308_TC_5bs_GE_232f37619b.webp,novyj-svet-kaberne-sovinon,detect
dataset/uploads_root/prod-svoe-vino-strapi/prod-svoe-vino/strapi/uploads/4309_Xp_Hvu_QW_c001f686c0.webp,novyj-svet-kaberne-sovinon-polusladkoe,detect
dataset/uploads_root/prod-svoe-vino-strapi/prod-svoe-vino/strapi/uploads/novyy_svet_dom_shampanskih_vin_novyy_svet_kokur_kokur_belyy_igristoe_ekstra_bryut_beloe_12_b5e5ba5f93.webp,novyy-svet-dom-shampanskih-vin-novyy-svet-kokur-kokur-belyy-beloe-ekstra-bryut-12,detect
dataset/uploads_root/prod-svoe-vino-strapi/prod-svoe-vino/strapi/uploads/novyy_svet_dom_shampanskih_vin_novyy_svet_kyuve_ekstra_bryut_shardone_igristoe_ekstra_bryut_beloe_135_581e3f0c7a.webp,novyy-svet-dom-shampanskih-vin-novyy-svet-kyuve-ekstra-bryut-shardone-beloe-135,detect
dataset/uploads_root/prod-svoe-vino-strapi/prod-svoe-vino/strapi/uploads/2934_gdn4e_Jx_261a22f964.webp,novyj-svet-paradizio,detect
dataset/uploads_root/prod-svoe-vino-strapi/prod-svoe-vino/strapi/uploads/4303_v_E_Ae_Fb_H_c2ae43e296.webp,novyj-svet-pino-gri-millezim,detect
dataset/uploads_root/prod-svoe-vino-strapi/prod-svoe-vino/strapi/uploads/novyy_svet_dom_shampanskih_vin_novyy_svet_pino_nuar_igristoe_bryut_rozovoe_13_44fddc2b18.webp,novyy-svet-dom-shampanskih-vin-novyy-svet-pino-nuar-rozovoe-bryut-13,detect
dataset/uploads_root/prod-svoe-vino-strapi/prod-svoe-vino/strapi/uploads/4298_n_Wd2gfl_fc9d46eed2.webp,novyj-svet-risling-kyuve-de-prestizh,detect
dataset/uploads_root/prod-svoe-vino-strapi/prod-svoe-vino/strapi/uploads/4301_xc_Hycz_V_5f1c804393.webp,novyj-svet-shardone,detect
dataset/uploads_root/prod-svoe-vino-strapi/prod-svoe-vino/strapi/uploads/4302_K89cs_Mx_a2f8098739.webp,novyj-svet-shardone-kyuve-de-prestizh,detect
dataset/uploads_root/prod-svoe-vino-strapi/prod-svoe-vino/strapi/uploads/2936_z_C6_X56_X_bbd70ec699.webp,novyj-svet-shardone-kyuve-de-prestizh-1,detect
dataset/uploads_root/prod-svoe-vino-strapi/prod-svoe-vino/strapi/uploads/vinodelnya_uzunov_nrav_krasnostop_zolotovskiy_krasnoe_suhoe_132_17879d1190.webp,vinodelnya-uzunov-nrav-krasnostop-zolotovskiy-krasnoe-suhoe-132,detect
dataset/uploads_root/prod-svoe-vino-strapi/prod-svoe-vino/strapi/uploads/vinodelnya_uzunov_nrav_rezerv_krasnostop_zolotovskiy_krasnoe_suhoe_139_ef83afb6fb.webp,vinodelnya-uzunov-nrav-rezerv-krasnostop-zolotovskiy-krasnoe-suhoe-139,detect
dataset/uploads_root/prod-svoe-vino-strapi/prod-svoe-vino/strapi/uploads/artvin_odesskiy_chernyy_rezerv_krasnoe_suhoe_13_4531c8f1c7.webp,artvin-odesskiy-chernyy-rezerv-krasnoe-suhoe-13,detect
dataset/uploads_root/prod-svoe-vino-strapi/prod-svoe-vino/strapi/uploads/Odesskij_chernyj_limitirovannaya_52bc844aa1.webp,perovskih_odesskiy_chernyi,detect
dataset/uploads_root/prod-svoe-vino-strapi/prod-svoe-vino/strapi/uploads/Screenshot_9_78adaf4455.webp,oleg,detect
dataset/uploads_root/prod-svoe-vino-strapi/prod-svoe-vino/strapi/uploads/olymp_winery_olimp_avtorskoe_kaberne_sovinon_krasnoe_suhoe_11_9c790bc6e3.webp,olymp-winery-olimp-avtorskoe-kaberne-sovinon-krasnoe-suhoe-11,detect
dataset/uploads_root/prod-svoe-vino-strapi/prod-svoe-vino/strapi/uploads/loco_cimbali_oranzh_muskat_oranzhevoe_suhoe_127_dc98a21033.webp,loco-cimbali-oranzh-muskat-oranzhevoe-suhoe-127,detect
dataset/uploads_root/prod-svoe-vino-strapi/prod-svoe-vino/strapi/uploads/loco_cimbali_oranzh_muskat_belyy_beloe_suhoe_129_8e7474bb65.webp,loco-cimbali-oranzh-muskat-belyy-beloe-suhoe-129,detect
dataset/uploads_root/prod-svoe-vino-strapi/prod-svoe-vino/strapi/uploads/zmv_koktebel_oranzh_rkatsiteli_beloe_suhoe_125_43fc87e7b1.webp,zmv-koktebel-oranzh-rkatsiteli-beloe-suhoe-125,detect
dataset/uploads_root/prod-svoe-vino-strapi/prod-svoe-vino/strapi/uploads/vinodelnya_myshako_oranzhevoe_iz_belogo_gevyurtstraminer_krasnoe_suhoe_142_44b9fe0380.webp,vinodelnya-myshako-oranzhevoe-iz-belogo-gevyurtstraminer-krasnoe-suhoe-142,detect
dataset/uploads_root/prod-svoe-vino-strapi/prod-svoe-vino/strapi/uploads/andryus_yutsis_organik_risling_beloe_suhoe_115_6eb74add89.webp,andryus-yutsis-organik-risling-beloe-suhoe-115,detect
dataset/uploads_root/prod-svoe-vino-strapi/prod-svoe-vino/strapi/uploads/Pazori_Risling_e5de844d95.webp,denisov_pazori_risling,detect
dataset/uploads_root/prod-svoe-vino-strapi/prod-svoe-vino/strapi/uploads/vinodelnya_raevskoe_parfyum_de_terruar_blansh_vione_beloe_suhoe_12_da74965f85.webp,vinodelnya-raevskoe-parfyum-de-terruar-blansh-vione-beloe-suhoe-12,detect
dataset/uploads_root/prod-svoe-vino-strapi/prod-svoe-vino/strapi/uploads/vinodelnya_raevskoe_parfyum_de_terruar_muskat_muskat_zheltyy_beloe_suhoe_123_b111e93f53.webp,vinodelnya-raevskoe-parfyum-de-terruar-muskat-muskat-zheltyy-beloe-suhoe-123,detect
dataset/uploads_root/prod-svoe-vino-strapi/prod-svoe-vino/strapi/uploads/vinodelnya_raevskoe_parfyum_de_terruar_risling_beloe_suhoe_12_8823716922.webp,vinodelnya-raevskoe-parfyum-de-terruar-risling-beloe-suhoe-12,detect
dataset/uploads_root/prod-svoe-vino-strapi/prod-svoe-vino/strapi/uploads/vinodelnya_raevskoe_parfyum_de_terruar_roze_tempranilo_rozovoe_suhoe_116_3a3a12f03a.webp,vinodelnya-raevskoe-parfyum-de-terruar-roze-tempranilo-rozovoe-suhoe-116,detect
dataset/uploads_root/prod-svoe-vino-strapi/prod-svoe-vino/strapi/uploads/vinodelnya_raevskoe_parfyum_de_terruar_ruzh_tempranilo_krasnoe_suhoe_13_ac22e06bac.webp,vinodelnya-raevskoe-parfyum-de-terruar-ruzh-tempranilo-krasnoe-suhoe-13,detect
dataset/uploads_root/prod-svoe-vino-strapi/prod-svoe-vino/strapi/uploads/vinodelnya_raevskoe_parfyum_de_terruar_sovinon_blan_beloe_suhoe_121_fb61b21cb1.webp,vinodelnya-raevskoe-parfyum-de-terruar-sovinon-blan-beloe-suhoe-121,detect
dataset/uploads_root/prod-svoe-vino-strapi/prod-svoe-vino/strapi/uploads/valeriy_zaharin_paterum_bastardo_saperavi_kefesiya_bastardo_magarachskiy_krasnoe_suhoe_12_f8cd350db5.webp,valeriy-zaharin-paterum-bastardo-saperavi-kefesiya-bastardo-magarachskiy-krasnoe-suhoe-12,detect
dataset/uploads_root/prod-svoe-vino-strapi/prod-svoe-vino/strapi/uploads/Tihoe_Pereplyas_2025_2090756472.webp,denisov_pereplyas_kurmyshi,detect
dataset/uploads_root/prod-svoe-vino-strapi/prod-svoe-vino/strapi/uploads/skalistyy_bereg_pesn_holmov_merlo_krasnoe_suhoe_145_88a221aea6.webp,skalistyy-bereg-pesn-holmov-merlo-krasnoe-suhoe-145,detect
dataset/uploads_root/prod-svoe-vino-strapi/prod-svoe-vino/strapi/uploads/DSC_09170_a4e65f21e4.webp,pet-nat-sosedi-2024,detect
dataset/uploads_root/prod-svoe-vino-strapi/prod-svoe-vino/strapi/uploads/PETNAT_Rubin_prozrachnaya_3964ed9fec.webp,denisov_pet_nat_rubin,detect
dataset/uploads_root/prod-svoe-vino-strapi/prod-svoe-vino/strapi/uploads/PETNAT_Czitron_Rkacziteli_prozrachnaya_2_2a66431961.webp,denisov_pet_nat_citron_rkaciteli,detect
dataset/uploads_root/prod-svoe-vino-strapi/prod-svoe-vino/strapi/uploads/alma_valley_petit_arvin_beloe_suhoe_13_863e81595b.webp,alma-valley-petit-arvin-beloe-suhoe-13,detect
dataset/uploads_root/prod-svoe-vino-strapi/prod-svoe-vino/strapi/uploads/golubitskoe_estate_petnat_white_risling_reynskiy_petnat_suhoy_belyy_115_e6d0ac50f9.webp,golubitskoe-estate-petnat-white-risling-reynskiy-beloe-suhoe-115,detect
dataset/uploads_root/prod-svoe-vino-strapi/prod-svoe-vino/strapi/uploads/shato_pino_oranzh_vione_igristoe_ekstra_bryut_beloe_11_9a8ccb87e7.webp,shato-pino-petnat-oranzh-vione-beloe-ekstra-bryut-11,detect
dataset/uploads_root/prod-svoe-vino-strapi/prod-svoe-vino/strapi/uploads/shato_pino_pino_gri_igristoe_ekstra_bryut_beloe_11_470a963704.webp,shato-pino-petnat-pino-gri-beloe-ekstra-bryut-11,detect
dataset/uploads_root/prod-svoe-vino-strapi/prod-svoe-vino/strapi/uploads/shato_pino_pino_gri_igristoe_ekstra_bryut_rozovoe_11_660c923c47.webp,shato-pino-petnat-pino-gri-rozovoe-ekstra-bryut-11,detect
dataset/uploads_root/prod-svoe-vino-strapi/prod-svoe-vino/strapi/uploads/shato_pino_pino_nuar_igristoe_ekstra_bryut_rozovoe_11_ebf10494b8.webp,shato-pino-petnat-pino-nuar-rozovoe-ekstra-bryut-11,detect
dataset/uploads_root/prod-svoe-vino-strapi/prod-svoe-vino/strapi/uploads/denisov_winery_petnat_risling_petnat_ekstra_bryut_belyy_10_8ac6c27fa7.webp,denisov-winery-petnat-risling-beloe-ekstra-bryut-10,detect
dataset/uploads_root/prod-svoe-vino-strapi/prod-svoe-vino/strapi/uploads/denisov_winery_petnat_rkatsiteli_petnat_ekstra_bryut_belyy_107_5da935c18a.webp,denisov-winery-petnat-rkatsiteli-beloe-ekstra-bryut-107,detect
dataset/uploads_root/prod-svoe-vino-strapi/prod-svoe-vino/strapi/uploads/denisov_winery_petnat_saperavi_severnyy_petnat_ekstra_bryut_rozovyy_105_4689f0cb14.webp,denisov-winery-petnat-saperavi-severnyy-rozovoe-ekstra-bryut-105,detect
dataset/uploads_root/prod-svoe-vino-strapi/prod-svoe-vino/strapi/uploads/shato_pino_sovinon_blan_igristoe_ekstra_bryut_beloe_11_419d1bcf49.webp,shato-pino-petnat-sovinon-blan-beloe-ekstra-bryut-11,detect
dataset/uploads_root/prod-svoe-vino-strapi/prod-svoe-vino/strapi/uploads/denisov_winery_petnat_tsitron_risling_tsitronnyy_magaracha_petnat_ekstra_bryut_belyy_102_8f425093ef.webp,denisov-winery-petnat-tsitron-risling-tsitronnyy-magaracha-beloe-ekstra-bryut-102,detect
dataset/uploads_root/prod-svoe-vino-strapi/prod-svoe-vino/strapi/uploads/alma_valley_pino_blan_beloe_suhoe_14_8798dea7ca.webp,alma-valley-pino-blan-beloe-suhoe-14,detect
dataset/uploads_root/prod-svoe-vino-strapi/prod-svoe-vino/strapi/uploads/loco_cimbali_pino_blan_beloe_suhoe_13_8c35d27517.webp,loco-cimbali-pino-blan-beloe-suhoe-13,detect
dataset/uploads_root/prod-svoe-vino-strapi/prod-svoe-vino/strapi/uploads/winepark_pino_blan_beloe_suhoe_125_b372984207.webp,winepark-pino-blan-beloe-suhoe-125,detect
dataset/uploads_root/prod-svoe-vino-strapi/prod-svoe-vino/strapi/uploads/alma_valley_pino_blan_rezerv_beloe_suhoe_14_1be9ab6c2a.webp,alma-valley-pino-blan-rezerv-beloe-suhoe-14,detect
dataset/uploads_root/prod-svoe-vino-strapi/prod-svoe-vino/strapi/uploads/DSC_00837_Photoroom_494c8f4098.webp,pino-glyu-2025,detect
dataset/uploads_root/prod-svoe-vino-strapi/prod-svoe-vino/strapi/uploads/esse_pino_gri_beloe_suhoe_12_8bf3160446.webp,esse-pino-gri-beloe-suhoe-12,detect
dataset/uploads_root/prod-svoe-vino-strapi/prod-svoe-vino/strapi/uploads/massandra_pino_gri_beloe_sladkoe_16_d391c28c56.webp,massandra-pino-gri-beloe-sladkoe-16,detect
dataset/uploads_root/prod-svoe-vino-strapi/prod-svoe-vino/strapi/uploads/sober_bash_pino_gri_beloe_suhoe_11_725e59e401.webp,sober-bash-pino-gri-beloe-suhoe-11,detect
dataset/uploads_root/prod-svoe-vino-strapi/prod-svoe-vino/strapi/uploads/esse_pino_gri_beloe_suhoe_135_914856d918.webp,esse-pino-gri-beloe-suhoe-135,detect
dataset/uploads_root/prod-svoe-vino-strapi/prod-svoe-vino/strapi/uploads/alma_valley_pino_gri_beloe_polusuhoe_15_4e288bc898.webp,alma-valley-pino-gri-beloe-polusuhoe-15,detect
dataset/uploads_root/prod-svoe-vino-strapi/prod-svoe-vino/strapi/uploads/chateau_andre_pino_gri_beloe_suhoe_14_6dc42ba55b.webp,chateau-andre-pino-gri-beloe-suhoe-14,detect
dataset/uploads_root/prod-svoe-vino-strapi/prod-svoe-vino/strapi/uploads/esse_pino_gri_blush_rozovoe_suhoe_115_6dbb8b61f3.webp,esse-pino-gri-blush-rozovoe-suhoe-115,detect
dataset/uploads_root/prod-svoe-vino-strapi/prod-svoe-vino/strapi/uploads/4286_Ixm_F_Mpd_no_bg_preview_carve_photos_e9bc638816.webp,pino-gri-avtorskoe,detect
dataset/uploads_root/prod-svoe-vino-strapi/prod-svoe-vino/strapi/uploads/esse_pino_gri_blash_rozovoe_suhoe_125_b69f532199.webp,esse-pino-gri-blash-rozovoe-suhoe-125,detect
dataset/uploads_root/prod-svoe-vino-strapi/prod-svoe-vino/strapi/uploads/zmv_koktebel_pino_gri_desertnoe_beloe_sladkoe_16_b61dc2f497.webp,zmv-koktebel-pino-gri-desertnoe-beloe-sladkoe-16,detect
dataset/uploads_root/prod-svoe-vino-strapi/prod-svoe-vino/strapi/uploads/shato_pino_pino_gri_roze_igristoe_ekstra_bryut_rozovoe_12_dc98b15d48.webp,shato-pino-pino-gri-roze-rozovoe-ekstra-bryut-12,detect
dataset/uploads_root/prod-svoe-vino-strapi/prod-svoe-vino/strapi/uploads/vinodelnya_myshako_pino_gridzhio_beloe_polusuhoe_123_b4efce4e31.webp,vinodelnya-myshako-pino-gridzhio-beloe-polusuhoe-123,detect
dataset/uploads_root/prod-svoe-vino-strapi/prod-svoe-vino/strapi/uploads/shato_pino_pino_gridzhio_beloe_suhoe_12_4b10c72d3d.webp,shato-pino-pino-gridzhio-beloe-suhoe-12,detect
dataset/uploads_root/prod-svoe-vino-strapi/prod-svoe-vino/strapi/uploads/loco_cimbali_pino_mene_krasnoe_suhoe_115_35912ae0c1.webp,loco-cimbali-pino-mene-krasnoe-suhoe-115,detect
dataset/uploads_root/prod-svoe-vino-strapi/prod-svoe-vino/strapi/uploads/belbek_pino_mene_krasnoe_suhoe_128_e2f0538eec.webp,belbek-pino-mene-krasnoe-suhoe-128,detect
dataset/uploads_root/prod-svoe-vino-strapi/prod-svoe-vino/strapi/uploads/loco_cimbali_pino_nuar_krasnoe_suhoe_126_bf544ab5a0.webp,loco-cimbali-pino-nuar-krasnoe-suhoe-126,detect
dataset/uploads_root/prod-svoe-vino-strapi/prod-svoe-vino/strapi/uploads/bakla_vines_pino_nuar_krasnoe_suhoe_125_da1c7fdac6.webp,bakla-vines-pino-nuar-krasnoe-suhoe-125,detect
dataset/uploads_root/prod-svoe-vino-strapi/prod-svoe-vino/strapi/uploads/bogovich_wine_vineyard_pino_nuar_krasnoe_suhoe_125_1146574e01.webp,bogovich-wine-vineyard-pino-nuar-krasnoe-suhoe-125,detect
dataset/uploads_root/prod-svoe-vino-strapi/prod-svoe-vino/strapi/uploads/andryus_yutsis_pino_nuar_krasnoe_suhoe_12_bf6b9d813b.webp,andryus-yutsis-pino-nuar-krasnoe-suhoe-12,detect
dataset/uploads_root/prod-svoe-vino-strapi/prod-svoe-vino/strapi/uploads/belbek_pino_nuar_krasnoe_suhoe_133_a2cb505435.webp,belbek-pino-nuar-krasnoe-suhoe-133,detect
dataset/uploads_root/prod-svoe-vino-strapi/prod-svoe-vino/strapi/uploads/chateau_andre_pino_nuar_krasnoe_suhoe_14_2f54e79838.webp,chateau-andre-pino-nuar-krasnoe-suhoe-14,detect
dataset/uploads_root/prod-svoe-vino-strapi/prod-svoe-vino/strapi/uploads/a_gordienko_m_nikolaev_pino_nuar_krasnoe_suhoe_135_660d8a5012.webp,a-gordienko-m-nikolaev-pino-nuar-krasnoe-suhoe-135,detect
dataset/uploads_root/prod-svoe-vino-strapi/prod-svoe-vino/strapi/uploads/denisov_winery_pino_nuar_rozovoe_suhoe_125_ad6a3633ed.webp,denisov-winery-pino-nuar-rozovoe-suhoe-125,detect
dataset/uploads_root/prod-svoe-vino-strapi/prod-svoe-vino/strapi/uploads/chateau_cachalot_pino_nuar_krasnoe_suhoe_12_baf40bf4e8.webp,chateau-cachalot-pino-nuar-krasnoe-suhoe-12,detect
dataset/uploads_root/prod-svoe-vino-strapi/prod-svoe-vino/strapi/uploads/abrau_dyurso_pino_nuar_krasnoe_suhoe_125_529987dabf.webp,abrau-dyurso-pino-nuar-krasnoe-suhoe-125,detect
dataset/uploads_root/prod-svoe-vino-strapi/prod-svoe-vino/strapi/uploads/esse_pino_nuar_krasnoe_suhoe_115_469fd883e6.webp,esse-pino-nuar-krasnoe-suhoe-115,detect
dataset/uploads_root/prod-svoe-vino-strapi/prod-svoe-vino/strapi/uploads/belmas_winery_pino_nuar_krasnoe_suhoe_135_ea70d5c59b.webp,belmas-winery-pino-nuar-krasnoe-suhoe-135,detect
dataset/uploads_root/prod-svoe-vino-strapi/prod-svoe-vino/strapi/uploads/stn_winery_pino_nuar_krasnoe_suhoe_12_afc27a10d4.webp,stn-winery-pino-nuar-krasnoe-suhoe-12,detect
dataset/uploads_root/prod-svoe-vino-strapi/prod-svoe-vino/strapi/uploads/domaine_lipko_pino_nuar_krasnoe_suhoe_12_645408d2e3.webp,domaine-lipko-pino-nuar-krasnoe-suhoe-12,detect
dataset/uploads_root/prod-svoe-vino-strapi/prod-svoe-vino/strapi/uploads/alma_valley_pino_nuar_krasnoe_suhoe_13_a898042e38.webp,alma-valley-pino-nuar-krasnoe-suhoe-13,detect
dataset/uploads_root/prod-svoe-vino-strapi/prod-svoe-vino/strapi/uploads/abrau_dyurso_pino_nuar_krasnoe_suhoe_vyderzhannoe_12_e7055f24aa.webp,abrau-dyurso-pino-nuar-krasnoe-suhoe-12,detect
dataset/uploads_root/prod-svoe-vino-strapi/prod-svoe-vino/strapi/uploads/alma_valley_pino_nuar_beloe_ekstra_bryut_115_e3cb51cf8f.webp,alma-valley-pino-nuar-beloe-ekstra-bryut-115,detect
dataset/uploads_root/prod-svoe-vino-strapi/prod-svoe-vino/strapi/uploads/shato_pino_pino_nuar_krasnoe_suhoe_135_d34aee0942.webp,shato-pino-pino-nuar-krasnoe-suhoe-135,detect
dataset/uploads_root/prod-svoe-vino-strapi/prod-svoe-vino/strapi/uploads/tempelhof_winery_pino_nuar_krasnoe_suhoe_125_9f8f5502f9.webp,tempelhof-winery-pino-nuar-krasnoe-suhoe-125,detect
dataset/uploads_root/prod-svoe-vino-strapi/prod-svoe-vino/strapi/uploads/nikolaev_i_synovya_pino_nuar_krasnoe_suhoe_125_01b9ccdcdb.webp,nikolaev-i-synovya-pino-nuar-krasnoe-suhoe-125,detect
dataset/uploads_root/prod-svoe-vino-strapi/prod-svoe-vino/strapi/uploads/vaynkraft_pino_nuar_krasnoe_suhoe_13_3e5b99ea7b.webp,vaynkraft-pino-nuar-krasnoe-suhoe-13,detect
dataset/uploads_root/prod-svoe-vino-strapi/prod-svoe-vino/strapi/uploads/pino_nuar_4915dc36a6.webp,pino-nuar,detect
dataset/uploads_root/prod-svoe-vino-strapi/prod-svoe-vino/strapi/uploads/donskoe_vinodelcheskoe_hozyaystvo_elbuzd_pino_nuar_krasnoe_suhoe_13_fe1f143b4b.webp,donskoe-vinodelcheskoe-hozyaystvo-elbuzd-pino-nuar-krasnoe-suhoe-13,detect
dataset/uploads_root/prod-svoe-vino-strapi/prod-svoe-vino/strapi/uploads/vinodelnya_myshako_pino_nuar_karmener_reserve_krasnoe_suhoe_138_142d47602d.webp,vinodelnya-myshako-pino-nuar-karmener-reserve-krasnoe-suhoe-138,detect
dataset/uploads_root/prod-svoe-vino-strapi/prod-svoe-vino/strapi/uploads/shato_pino_pino_nuar_pino_gri_rozovoe_suhoe_115_3537e77fae.webp,shato-pino-pino-nuar-pino-gri-rozovoe-suhoe-115,detect
dataset/uploads_root/prod-svoe-vino-strapi/prod-svoe-vino/strapi/uploads/shato_pino_pino_nuar_saperavi_krasnoe_suhoe_13_4166359dd7.webp,shato-pino-pino-nuar-saperavi-krasnoe-suhoe-13,detect
dataset/uploads_root/prod-svoe-vino-strapi/prod-svoe-vino/strapi/uploads/denisov_winery_pino_nuar_shardone_ekstra_bryut_igristoe_ekstra_bryut_beloe_125_43d45643b9.webp,denisov-winery-pino-nuar-shardone-ekstra-bryut-beloe-125,detect
dataset/uploads_root/prod-svoe-vino-strapi/prod-svoe-vino/strapi/uploads/bogovich_wine_vineyard_pino_nuar_2_krasnoe_suhoe_12_ddfd0f7952.webp,bogovich-wine-vineyard-pino-nuar-2-krasnoe-suhoe-12,detect
dataset/uploads_root/prod-svoe-vino-strapi/prod-svoe-vino/strapi/uploads/zmv_koktebel_pino_nuar_bryut_rozovoe_11_ef31c55be7.webp,zmv-koktebel-pino-nuar-bryut-rozovoe-11,detect
dataset/uploads_root/prod-svoe-vino-strapi/prod-svoe-vino/strapi/uploads/dubinin_winery_pino_nuar_bryut_roze_igristoe_ekstra_bryut_rozovoe_125_f445b9db8a.webp,dubinin-winery-pino-nuar-bryut-roze-rozovoe-ekstra-bryut-125,detect
dataset/uploads_root/prod-svoe-vino-strapi/prod-svoe-vino/strapi/uploads/pino_nuar_dzhavaga_d29d630ce8.webp,pino-nuar-dzhavaga,detect
dataset/uploads_root/prod-svoe-vino-strapi/prod-svoe-vino/strapi/uploads/Tihoe_Krasnaya_strelka_Pino_Nuar_1_19fde8fd23.webp,denisov_pino_noir_klaret,detect
dataset/uploads_root/prod-svoe-vino-strapi/prod-svoe-vino/strapi/uploads/le_k2_pino_nuar_pi_krasnoe_suhoe_133_12e71c8c98.webp,le-k2-pino-nuar-pi-krasnoe-suhoe-133,detect
dataset/uploads_root/prod-svoe-vino-strapi/prod-svoe-vino/strapi/uploads/novyy_svet_dom_shampanskih_vin_pino_nuar_polusuhoe_igristoe_polusuhoe_rozovoe_135_9940b7a0c3.webp,novyy-svet-dom-shampanskih-vin-pino-nuar-polusuhoe-rozovoe-135,detect
dataset/uploads_root/prod-svoe-vino-strapi/prod-svoe-vino/strapi/uploads/belbek_pino_nuar_rezerv_krasnoe_suhoe_135_7e9ad8a8e2.webp,belbek-pino-nuar-rezerv-krasnoe-suhoe-135,detect
dataset/uploads_root/prod-svoe-vino-strapi/prod-svoe-vino/strapi/uploads/usadba_perovskih_pino_nuar_rezerv_krasnoe_suhoe_122_a52f1c4ded.webp,usadba-perovskih-pino-nuar-rezerv-krasnoe-suhoe-122,detect
dataset/uploads_root/prod-svoe-vino-strapi/prod-svoe-vino/strapi/uploads/alma_valley_pino_nuar_rezerv_krasnoe_suhoe_14_c3c0dc1cc6.webp,alma-valley-pino-nuar-rezerv-krasnoe-suhoe-14,detect
dataset/uploads_root/prod-svoe-vino-strapi/prod-svoe-vino/strapi/uploads/chateau_le_grand_vostock_pino_nuar_rezerv_krasnoe_suhoe_vyderzhannoe_14_16df8a8740.webp,chateau-le-grand-vostock-pino-nuar-rezerv-krasnoe-suhoe-14,detect
dataset/uploads_root/prod-svoe-vino-strapi/prod-svoe-vino/strapi/uploads/golubitskoe_estate_pino_nuar_rezerv_krasnoe_suhoe_132_d93b15131f.webp,golubitskoe-estate-pino-nuar-rezerv-krasnoe-suhoe-132,detect
dataset/uploads_root/prod-svoe-vino-strapi/prod-svoe-vino/strapi/uploads/shato_pino_pino_nuar_roze_igristoe_ekstra_bryut_rozovoe_115_6ab9eefe2b.webp,shato-pino-pino-nuar-roze-rozovoe-ekstra-bryut-115,detect
dataset/uploads_root/prod-svoe-vino-strapi/prod-svoe-vino/strapi/uploads/domaine_de_la_vivandiere_pino_nuar_roze_rozovoe_suhoe_122_48ffea282d.webp,domaine-de-la-vivandiere-pino-nuar-roze-rozovoe-suhoe-122,detect
dataset/uploads_root/prod-svoe-vino-strapi/prod-svoe-vino/strapi/uploads/vinabani_pino_nuar_roze_rozovoe_suhoe_12_d4132258d7.webp,vinabani-pino-nuar-roze-rozovoe-suhoe-12,detect
dataset/uploads_root/prod-svoe-vino-strapi/prod-svoe-vino/strapi/uploads/chateau_andre_pino_nuar_roze_rozovoe_suhoe_13_d662df99bd.webp,chateau-andre-pino-nuar-roze-rozovoe-suhoe-13,detect
dataset/uploads_root/prod-svoe-vino-strapi/prod-svoe-vino/strapi/uploads/belbek_pino_nuar_roze_rozovoe_suhoe_115_19d98fb390.webp,belbek-pino-nuar-roze-rozovoe-suhoe-115,detect
dataset/uploads_root/prod-svoe-vino-strapi/prod-svoe-vino/strapi/uploads/imenie_sikory_pino_nuar_sikory_krasnoe_suhoe_14_4a36d13ce1.webp,imenie-sikory-pino-nuar-sikory-krasnoe-suhoe-14,detect
dataset/uploads_root/prod-svoe-vino-strapi/prod-svoe-vino/strapi/uploads/DSC_00836_4070f8fd2f.webp,pino-nuar-2025,detect
dataset/uploads_root/prod-svoe-vino-strapi/prod-svoe-vino/strapi/uploads/valeriy_zaharin_pino_nuar_valeriy_zaharin_krasnoe_polusladkoe_105_5ffb538f5f.webp,valeriy-zaharin-pino-nuar-valeriy-zaharin-krasnoe-polusladkoe-105,detect
dataset/uploads_root/prod-svoe-vino-strapi/prod-svoe-vino/strapi/uploads/Screenshot_29_c14fcdaf9d.webp,pino-nuar-premium,detect
dataset/uploads_root/prod-svoe-vino-strapi/prod-svoe-vino/strapi/uploads/imenie_sikory_pino_nuar_semeynyy_rezerv_krasnoe_suhoe_14_e1d961aa68.webp,imenie-sikory-pino-nuar-semeynyy-rezerv-krasnoe-suhoe-14,detect
dataset/uploads_root/prod-svoe-vino-strapi/prod-svoe-vino/strapi/uploads/vinodelnya_bratev_melnikovyh_pino_dva_brata_pino_gri_rozovoe_suhoe_13_29922b3bc8.webp,vinodelnya-bratev-melnikovyh-pino-dva-brata-pino-gri-rozovoe-suhoe-13,detect
dataset/uploads_root/prod-svoe-vino-strapi/prod-svoe-vino/strapi/uploads/cloudy_winery_plohaya_devochka_pryanyy_traminer_traminer_beloe_suhoe_12_3160b1b322.webp,cloudy-winery-plohaya-devochka-pryanyy-traminer-traminer-beloe-suhoe-12,detect
dataset/uploads_root/prod-svoe-vino-strapi/prod-svoe-vino/strapi/uploads/cloudy_winery_plohaya_devochka_pryanyy_blend_byanka_beloe_suhoe_125_ee12b511d9.webp,cloudy-winery-plohaya-devochka-pryanyy-blend-byanka-beloe-suhoe-125,detect
dataset/uploads_root/prod-svoe-vino-strapi/prod-svoe-vino/strapi/uploads/cloudy_winery_plohaya_devochka_sochnyy_pino_noir_pino_nuar_krasnoe_suhoe_12_60e37c5c3b.webp,cloudy-winery-plohaya-devochka-sochnyy-pino-noir-pino-nuar-krasnoe-suhoe-12,detect
dataset/uploads_root/prod-svoe-vino-strapi/prod-svoe-vino/strapi/uploads/Screenshot_7_53531eb2bc.webp,pobeda,detect
dataset/uploads_root/prod-svoe-vino-strapi/prod-svoe-vino/strapi/uploads/v2r_podnyat_parusa_kaberne_sovinon_krasnoe_suhoe_125_b672f31d66.webp,v2r-podnyat-parusa-kaberne-sovinon-krasnoe-suhoe-125,detect
dataset/uploads_root/prod-svoe-vino-strapi/prod-svoe-vino/strapi/uploads/Screenshot_21_2f4c3173b1.webp,pozdnij-sbor-beloe,detect
dataset/uploads_root/prod-svoe-vino-strapi/prod-svoe-vino/strapi/uploads/Screenshot_22_1b291bec0e.webp,pozdnij-sbor-krasnoe,detect
dataset/uploads_root/prod-svoe-vino-strapi/prod-svoe-vino/strapi/uploads/vinodelnya_pokrovskaya_pokrovskoe_krasnoe_kaberne_sovinon_krasnoe_suhoe_14_cb8d56d0d7.webp,vinodelnya-pokrovskaya-pokrovskoe-krasnoe-kaberne-sovinon-suhoe-14,detect
dataset/uploads_root/prod-svoe-vino-strapi/prod-svoe-vino/strapi/uploads/vinodelnya_pokrovskaya_pokrovskoe_sladkoe_krasnoe_kaberne_sovinon_krasnoe_sladkoe_13_962487e868.webp,vinodelnya-pokrovskaya-pokrovskoe-sladkoe-krasnoe-kaberne-sovinon-13,detect
dataset/uploads_root/prod-svoe-vino-strapi/prod-svoe-vino/strapi/uploads/Beloe_Polusladkoe_2024_6ac89014e4.webp,perovskih_polusladkoe_beloe,detect
dataset/uploads_root/prod-svoe-vino-strapi/prod-svoe-vino/strapi/uploads/Polusladkoe_beloe_7d49885ec0.webp,polusladkoe-beloe-zolotaya-balka,detect
dataset/uploads_root/prod-svoe-vino-strapi/prod-svoe-vino/strapi/uploads/Krasnoe_polusladkoe_2024_f21c3df4d0.webp,perovskih_polusladkoe_krasnoe,detect
dataset/uploads_root/prod-svoe-vino-strapi/prod-svoe-vino/strapi/uploads/Frizante_krasnoe_polusladkoe_67706f9516.webp,polusladkoe-krasnoe-zb-vajn-frizzante,detect
dataset/uploads_root/prod-svoe-vino-strapi/prod-svoe-vino/strapi/uploads/Polusladkoe_krasnoe_b2776e879a.webp,polusladkoe-krasnoe-zolotaya-balka,detect
dataset/uploads_root/prod-svoe-vino-strapi/prod-svoe-vino/strapi/uploads/Rozovoe_Polusladkoe_44f6f05597.webp,perovskih_polusladkoe_rosovoe,detect
dataset/uploads_root/prod-svoe-vino-strapi/prod-svoe-vino/strapi/uploads/Polusladkoe_rozovoe_1_69bf5dc971.webp,polusladkoe-rozovoe-zolotaya-balka,detect
dataset/uploads_root/prod-svoe-vino-strapi/prod-svoe-vino/strapi/uploads/Polusuhoe_beloe_b1d39f3c20.webp,polusuhoe-beloe-zolotaya-balka,detect
dataset/uploads_root/prod-svoe-vino-strapi/prod-svoe-vino/strapi/uploads/Krasnoe_polusuhoe_2024_a4eadaac17.webp,perovskih_polusuhoe_krasnoe,detect
dataset/uploads_root/prod-svoe-vino-strapi/prod-svoe-vino/strapi/uploads/ZB_Frizzante_Rose_Semidry_813124d39d.webp,polusuhoe-rozovoe-zb-vajn-frizzante,detect
dataset/uploads_root/prod-svoe-vino-strapi/prod-svoe-vino/strapi/uploads/dacha_serdyuka_porechnoe_kaberne_sovinon_krasnoe_suhoe_13_da7ab3daa7.webp,dacha-serdyuka-porechnoe-kaberne-sovinon-krasnoe-suhoe-13,detect
dataset/uploads_root/prod-svoe-vino-strapi/prod-svoe-vino/strapi/uploads/zmv_koktebel_portveyn_beloe_kreplyonoe_aligote_sladkoe_17_f0222852d9.webp,zmv-koktebel-portveyn-beloe-kreplyonoe-aligote-sladkoe-17,detect
dataset/uploads_root/prod-svoe-vino-strapi/prod-svoe-vino/strapi/uploads/zmv_koktebel_portveyn_krasnoe_kreplyonoe_kaberne_sovinon_sladkoe_17_ffc534359d.webp,zmv-koktebel-portveyn-krasnoe-kreplyonoe-kaberne-sovinon-sladkoe-17,detect
dataset/uploads_root/prod-svoe-vino-strapi/prod-svoe-vino/strapi/uploads/massandra_portveyn_belyy_alushta_belye_sorta_vinograda_beloe_sladkoe_17_ab89a72383.webp,massandra-portveyn-belyy-alushta-belye-sorta-vinograda-beloe-sladkoe-17,detect
dataset/uploads_root/prod-svoe-vino-strapi/prod-svoe-vino/strapi/uploads/massandra_portveyn_belyy_gurzuf_kokur_belyy_beloe_sladkoe_135_d34b047b41.webp,massandra-portveyn-belyy-gurzuf-kokur-belyy-beloe-sladkoe-135,detect
dataset/uploads_root/prod-svoe-vino-strapi/prod-svoe-vino/strapi/uploads/massandra_portveyn_belyy_krymskiy_kokur_beloe_sladkoe_18_4a04230d4f.webp,massandra-portveyn-belyy-krymskiy-kokur-beloe-sladkoe-18,detect
dataset/uploads_root/prod-svoe-vino-strapi/prod-svoe-vino/strapi/uploads/massandra_portveyn_krasnyy_alushta_krasnye_sorta_vinograda_krasnoe_sladkoe_17_15423ac1a3.webp,massandra-portveyn-krasnyy-alushta-krasnye-sorta-vinograda-krasnoe-sladkoe-17,detect
dataset/uploads_root/prod-svoe-vino-strapi/prod-svoe-vino/strapi/uploads/massandra_portveyn_krasnyy_livadiya_kaberne_sovinon_krasnoe_sladkoe_185_02e4e0776e.webp,massandra-portveyn-krasnyy-livadiya-kaberne-sovinon-krasnoe-sladkoe-185,detect
dataset/uploads_root/prod-svoe-vino-strapi/prod-svoe-vino/strapi/uploads/Solnechnaya_dolina_portvejn_krymskij_e3f225c04e.webp,portvejn-krymskij,detect
dataset/uploads_root/prod-svoe-vino-strapi/prod-svoe-vino/strapi/uploads/Massandra_Portvejn_belyj_Surozh_5476f24b50.webp,portvejn-surozh,detect
dataset/uploads_root/prod-svoe-vino-strapi/prod-svoe-vino/strapi/uploads/solnechnaya_dolina_porto_solnechnoy_doliny_kokur_belyy_beloe_likernoe_vyderzhannoe_175_6cac460b4e.webp,solnechnaya-dolina-porto-solnechnoy-doliny-kokur-belyy-beloe-sladkoe-175,detect
dataset/uploads_root/prod-svoe-vino-strapi/prod-svoe-vino/strapi/uploads/Potenczial_672c03625e.webp,potenczial-2026,detect
dataset/uploads_root/prod-svoe-vino-strapi/prod-svoe-vino/strapi/uploads/vinodelnya_vedernikov_pravoberezhnoe_beloe_aligote_suhoe_13_bc8750c1c8.webp,vinodelnya-vedernikov-pravoberezhnoe-beloe-aligote-suhoe-13,detect
dataset/uploads_root/prod-svoe-vino-strapi/prod-svoe-vino/strapi/uploads/vinodelnya_vedernikov_pravoberezhnoe_krasnoe_kaberne_sovinon_suhoe_145_75edc6fd6c.webp,vinodelnya-vedernikov-pravoberezhnoe-krasnoe-kaberne-sovinon-suhoe-145,detect
dataset/uploads_root/prod-svoe-vino-strapi/prod-svoe-vino/strapi/uploads/shato_ay_danil_presto_rezerv_kaberne_sovinon_krasnoe_suhoe_vyderzhannoe_135_2099ac281e.webp,shato-ay-danil-presto-rezerv-kaberne-sovinon-krasnoe-suhoe-135,detect
dataset/uploads_root/prod-svoe-vino-strapi/prod-svoe-vino/strapi/uploads/Solnechnaya_dolina_Privat_e29e2f450a.webp,privat,detect
dataset/uploads_root/prod-svoe-vino-strapi/prod-svoe-vino/strapi/uploads/solnechnaya_dolina_privat_kaberne_sovinon_krasnoe_likernoe_vyderzhannoe_155_b18918825f.webp,solnechnaya-dolina-privat-kaberne-sovinon-krasnoe-sladkoe-155,detect
dataset/uploads_root/prod-svoe-vino-strapi/prod-svoe-vino/strapi/uploads/vinodelnya_batrak_prikumskoe_sonnenschein_shardone_beloe_suhoe_12_ee92c4745e.webp,vinodelnya-batrak-prikumskoe-sonnenschein-shardone-beloe-suhoe-12,detect
dataset/uploads_root/prod-svoe-vino-strapi/prod-svoe-vino/strapi/uploads/vinodelnya_batrak_prikumskoe_vitale_kraft_kaberne_sovinon_krasnoe_suhoe_135_42da615ec6.webp,vinodelnya-batrak-prikumskoe-vitale-kraft-kaberne-sovinon-krasnoe-suhoe-135,detect
dataset/uploads_root/prod-svoe-vino-strapi/prod-svoe-vino/strapi/uploads/vinodelnya_myshako_primitivo_blaufrankish_reserve_krasnoe_suhoe_142_c96e36183b.webp,vinodelnya-myshako-primitivo-blaufrankish-reserve-krasnoe-suhoe-142,detect
dataset/uploads_root/prod-svoe-vino-strapi/prod-svoe-vino/strapi/uploads/esse_prirodno_polusladkoe_beloe_risling_beloe_polusladkoe_125_727390d43b.webp,esse-prirodno-polusladkoe-beloe-risling-125,detect
dataset/uploads_root/prod-svoe-vino-strapi/prod-svoe-vino/strapi/uploads/esse_prirodno_polusladkoe_krasnoe_merlo_krasnoe_polusladkoe_13_df0166b111.webp,esse-prirodno-polusladkoe-krasnoe-merlo-13,detect
dataset/uploads_root/prod-svoe-vino-strapi/prod-svoe-vino/strapi/uploads/villa_di_alma_pti_verdo_krasnoe_suhoe_125_3c660417ac.webp,villa-di-alma-pti-verdo-krasnoe-suhoe-125,detect
dataset/uploads_root/prod-svoe-vino-strapi/prod-svoe-vino/strapi/uploads/domaine_lipko_pti_verdo_krasnoe_suhoe_14_155eed96cb.webp,domaine-lipko-pti-verdo-krasnoe-suhoe-14,detect
dataset/uploads_root/prod-svoe-vino-strapi/prod-svoe-vino/strapi/uploads/sober_bash_puhlyakovskiy_beloe_suhoe_12_c809d55527.webp,sober-bash-puhlyakovskiy-beloe-suhoe-12,detect
dataset/uploads_root/prod-svoe-vino-strapi/prod-svoe-vino/strapi/uploads/vinodelnya_uzunov_rash_risling_beloe_suhoe_127_f5a419791f.webp,vinodelnya-uzunov-rash-risling-beloe-suhoe-127,detect
dataset/uploads_root/prod-svoe-vino-strapi/prod-svoe-vino/strapi/uploads/vinodelnya_uzunov_rash_rezerv_risling_reynskiy_beloe_suhoe_127_a95297272f.webp,vinodelnya-uzunov-rash-rezerv-risling-reynskiy-beloe-suhoe-127,detect
dataset/uploads_root/prod-svoe-vino-strapi/prod-svoe-vino/strapi/uploads/Rebo_2023_b68e39eaee.webp,rebo,detect
dataset/uploads_root/prod-svoe-vino-strapi/prod-svoe-vino/strapi/uploads/Rebo_reserve_2023_2f54a334ff.webp,rebo-rezerv,detect
dataset/uploads_root/prod-svoe-vino-strapi/prod-svoe-vino/strapi/uploads/relikta_relikta_antey_magarachskiy_muskat_belyy_rozovoe_polusuhoe_11_22ccbaad9f.webp,relikta-relikta-antey-magarachskiy-muskat-belyy-rozovoe-polusuhoe-11,detect
dataset/uploads_root/prod-svoe-vino-strapi/prod-svoe-vino/strapi/uploads/relikta_relikta_varvary_antey_magarachskiy_krasnoe_suhoe_13_15_a41ff30b81.webp,relikta-relikta-varvary-antey-magarachskiy-krasnoe-suhoe-13-15,detect
dataset/uploads_root/prod-svoe-vino-strapi/prod-svoe-vino/strapi/uploads/relikta_relikta_dekabrskiy_krasnoe_polusladkoe_125_e678cd28ce.webp,relikta-relikta-dekabrskiy-krasnoe-polusladkoe-125,detect
dataset/uploads_root/prod-svoe-vino-strapi/prod-svoe-vino/strapi/uploads/relikta_relikta_kaberne_sovinon_krasnoe_suhoe_135_f165601db7.webp,relikta-relikta-kaberne-sovinon-krasnoe-suhoe-135,detect
dataset/uploads_root/prod-svoe-vino-strapi/prod-svoe-vino/strapi/uploads/relikta_relikta_merlo_krasnoe_suhoe_135_e4e0277049.webp,relikta-relikta-merlo-krasnoe-suhoe-135,detect
dataset/uploads_root/prod-svoe-vino-strapi/prod-svoe-vino/strapi/uploads/relikta_relikta_merlo_kaberne_sovinon_krasnoe_suhoe_135_4d7da23f88.webp,relikta-relikta-merlo-kaberne-sovinon-krasnoe-suhoe-135,detect
dataset/uploads_root/prod-svoe-vino-strapi/prod-svoe-vino/strapi/uploads/relikta_relikta_muskat_beloe_polusuhoe_12_6fed0ab5da.webp,relikta-relikta-muskat-beloe-polusuhoe-12,detect
dataset/uploads_root/prod-svoe-vino-strapi/prod-svoe-vino/strapi/uploads/relikta_relikta_muskat_belyy_beloe_suhoe_12_5b2b11ec48.webp,relikta-relikta-muskat-belyy-beloe-suhoe-12,detect
dataset/uploads_root/prod-svoe-vino-strapi/prod-svoe-vino/strapi/uploads/relikta_relikta_pervenets_pervenets_magaracha_beloe_suhoe_12_b4fce6d9a2.webp,relikta-relikta-pervenets-pervenets-magaracha-beloe-suhoe-12,detect
dataset/uploads_root/prod-svoe-vino-strapi/prod-svoe-vino/strapi/uploads/relikta_relikta_pervenets_muskat_pervenets_magaracha_beloe_polusladkoe_125_7ef7de5851.webp,relikta-relikta-pervenets-muskat-pervenets-magaracha-beloe-polusladkoe-125,detect
dataset/uploads_root/prod-svoe-vino-strapi/prod-svoe-vino/strapi/uploads/relikta_relikta_petnat_antey_magarachskiy_rozovoe_ekstra_bryut_11_00d21fcaf1.webp,relikta-relikta-petnat-antey-magarachskiy-rozovoe-ekstra-bryut-11,detect
dataset/uploads_root/prod-svoe-vino-strapi/prod-svoe-vino/strapi/uploads/relikta_relikta_risling_beloe_suhoe_12_c4cc8d0ab4.webp,relikta-relikta-risling-beloe-suhoe-12,detect
dataset/uploads_root/prod-svoe-vino-strapi/prod-svoe-vino/strapi/uploads/relikta_relikta_sira_krasnoe_suhoe_13_7239045ae9.webp,relikta-relikta-sira-krasnoe-suhoe-13,detect
dataset/uploads_root/prod-svoe-vino-strapi/prod-svoe-vino/strapi/uploads/relikta_relikta_sira_kaberne_fran_krasnoe_suhoe_13_f915b3e0fa.webp,relikta-relikta-sira-kaberne-fran-krasnoe-suhoe-13,detect
dataset/uploads_root/prod-svoe-vino-strapi/prod-svoe-vino/strapi/uploads/relikta_relikta_traminer_beloe_suhoe_11_e7c7c353c6.webp,relikta-relikta-traminer-beloe-suhoe-11,detect
dataset/uploads_root/prod-svoe-vino-strapi/prod-svoe-vino/strapi/uploads/relikta_relikta_shardone_beloe_suhoe_12_b5447e74d6.webp,relikta-relikta-shardone-beloe-suhoe-12,detect
dataset/uploads_root/prod-svoe-vino-strapi/prod-svoe-vino/strapi/uploads/relikta_relikta_ekstra_bryut_shardone_beloe_105_186ff56ab3.webp,relikta-relikta-ekstra-bryut-shardone-beloe-105,detect
dataset/uploads_root/prod-svoe-vino-strapi/prod-svoe-vino/strapi/uploads/rem_akchurin_rem_akchurin_pino_nuar_roze_rozovoe_suhoe_14_10383931e1.webp,rem-akchurin-rem-akchurin-pino-nuar-roze-rozovoe-suhoe-14,detect
dataset/uploads_root/prod-svoe-vino-strapi/prod-svoe-vino/strapi/uploads/vinodelnya_raevskoe_renessans_beloe_shardone_beloe_suhoe_126_a8170bcee9.webp,vinodelnya-raevskoe-renessans-beloe-shardone-suhoe-126,detect
dataset/uploads_root/prod-svoe-vino-strapi/prod-svoe-vino/strapi/uploads/vinodelnya_raevskoe_renessans_belyy_blend_risling_beloe_suhoe_121_d72a834899.webp,vinodelnya-raevskoe-renessans-belyy-blend-risling-beloe-suhoe-121,detect
dataset/uploads_root/prod-svoe-vino-strapi/prod-svoe-vino/strapi/uploads/vinodelnya_raevskoe_renessans_blaufrankish_krasnoe_suhoe_128_5debb8fc14.webp,vinodelnya-raevskoe-renessans-blaufrankish-krasnoe-suhoe-128,detect
dataset/uploads_root/prod-svoe-vino-strapi/prod-svoe-vino/strapi/uploads/vinodelnya_raevskoe_renessans_vione_beloe_suhoe_122_8d857ddfa3.webp,vinodelnya-raevskoe-renessans-vione-beloe-suhoe-122,detect
dataset/uploads_root/prod-svoe-vino-strapi/prod-svoe-vino/strapi/uploads/vinodelnya_raevskoe_renessans_karmener_krasnoe_suhoe_12_690f3e8e78.webp,vinodelnya-raevskoe-renessans-karmener-krasnoe-suhoe-12,detect
dataset/uploads_root/prod-svoe-vino-strapi/prod-svoe-vino/strapi/uploads/vinodelnya_raevskoe_renessans_krasnoe_kaberne_sovinon_krasnoe_suhoe_13_72587cf80e.webp,vinodelnya-raevskoe-renessans-krasnoe-kaberne-sovinon-suhoe-13,detect
dataset/uploads_root/prod-svoe-vino-strapi/prod-svoe-vino/strapi/uploads/vinodelnya_raevskoe_renessans_pino_nuar_krasnoe_suhoe_125_dfbc856fa3.webp,vinodelnya-raevskoe-renessans-pino-nuar-krasnoe-suhoe-125,detect
dataset/uploads_root/prod-svoe-vino-strapi/prod-svoe-vino/strapi/uploads/vinodelnya_raevskoe_renessans_pti_verdo_krasnoe_suhoe_145_f62eb404c2.webp,vinodelnya-raevskoe-renessans-pti-verdo-krasnoe-suhoe-145,detect
dataset/uploads_root/prod-svoe-vino-strapi/prod-svoe-vino/strapi/uploads/vinodelnya_raevskoe_renessans_rozovoe_tempranilo_rozovoe_suhoe_12_a7e60be17a.webp,vinodelnya-raevskoe-renessans-rozovoe-tempranilo-suhoe-12,detect
dataset/uploads_root/prod-svoe-vino-strapi/prod-svoe-vino/strapi/uploads/vinodelnya_raevskoe_renessans_tempranilo_krasnoe_suhoe_135_eab54b6b7c.webp,vinodelnya-raevskoe-renessans-tempranilo-krasnoe-suhoe-135,detect
dataset/uploads_root/prod-svoe-vino-strapi/prod-svoe-vino/strapi/uploads/vinodelnya_raevskoe_renessans_shardone_beloe_suhoe_128_47261bcba1.webp,vinodelnya-raevskoe-renessans-shardone-beloe-suhoe-128,detect
dataset/uploads_root/prod-svoe-vino-strapi/prod-svoe-vino/strapi/uploads/vinodelnya_raevskoe_renessans_shardone_beloe_suhoe_127_39a51d919c.webp,vinodelnya-raevskoe-renessans-shardone-beloe-suhoe-127,detect
dataset/uploads_root/prod-svoe-vino-strapi/prod-svoe-vino/strapi/uploads/vinodelnya_krinitsa_rivazh_kaberne_sovinon_krasnoe_suhoe_13_4a7f72881d.webp,vinodelnya-krinitsa-rivazh-kaberne-sovinon-krasnoe-suhoe-13,detect
dataset/uploads_root/prod-svoe-vino-strapi/prod-svoe-vino/strapi/uploads/alma_valley_rislaner_beloe_polusladkoe_125_01d472fe7c.webp,alma-valley-rislaner-beloe-polusladkoe-125,detect
dataset/uploads_root/prod-svoe-vino-strapi/prod-svoe-vino/strapi/uploads/winepark_risling_beloe_suhoe_125_166136f9df.webp,winepark-risling-beloe-suhoe-125,detect
dataset/uploads_root/prod-svoe-vino-strapi/prod-svoe-vino/strapi/uploads/andryus_yutsis_risling_beloe_suhoe_12_a00be531c0.webp,andryus-yutsis-risling-beloe-suhoe-12,detect
dataset/uploads_root/prod-svoe-vino-strapi/prod-svoe-vino/strapi/uploads/bakla_vines_risling_beloe_polusuhoe_125_1b541a1b1c.webp,bakla-vines-risling-beloe-polusuhoe-125,detect
dataset/uploads_root/prod-svoe-vino-strapi/prod-svoe-vino/strapi/uploads/esse_risling_beloe_suhoe_115_56a1b754fc.webp,esse-risling-beloe-suhoe-115,detect
dataset/uploads_root/prod-svoe-vino-strapi/prod-svoe-vino/strapi/uploads/chateau_andre_risling_beloe_suhoe_13_cacac269cf.webp,chateau-andre-risling-beloe-suhoe-13,detect
dataset/uploads_root/prod-svoe-vino-strapi/prod-svoe-vino/strapi/uploads/belbek_risling_risling_reynskiy_beloe_suhoe_12_8eaeddd994.webp,belbek-risling-risling-reynskiy-beloe-suhoe-12,detect
dataset/uploads_root/prod-svoe-vino-strapi/prod-svoe-vino/strapi/uploads/vinodelnya_myshako_risling_beloe_suhoe_123_6680d29abd.webp,vinodelnya-myshako-risling-beloe-suhoe-123,detect
dataset/uploads_root/prod-svoe-vino-strapi/prod-svoe-vino/strapi/uploads/gunko_winery_risling_beloe_suhoe_135_6242067443.webp,gunko-winery-risling-beloe-suhoe-135,detect
dataset/uploads_root/prod-svoe-vino-strapi/prod-svoe-vino/strapi/uploads/chateau_cachalot_risling_beloe_suhoe_115_f258cd3856.webp,chateau-cachalot-risling-beloe-suhoe-115,detect
dataset/uploads_root/prod-svoe-vino-strapi/prod-svoe-vino/strapi/uploads/golubitskoe_estate_risling_beloe_suhoe_125_f232e3bdcb.webp,golubitskoe-estate-risling-beloe-suhoe-125,detect
dataset/uploads_root/prod-svoe-vino-strapi/prod-svoe-vino/strapi/uploads/domaine_de_la_vivandiere_risling_beloe_suhoe_122_68ba0c1792.webp,domaine-de-la-vivandiere-risling-beloe-suhoe-122,detect
dataset/uploads_root/prod-svoe-vino-strapi/prod-svoe-vino/strapi/uploads/villa_sofiya_risling_beloe_suhoe_12_2455b065a9.webp,villa-sofiya-risling-beloe-suhoe-12,detect
dataset/uploads_root/prod-svoe-vino-strapi/prod-svoe-vino/strapi/uploads/domaine_lipko_risling_beloe_polusuhoe_124_221fa1bd0b.webp,domaine-lipko-risling-beloe-polusuhoe-124,detect
dataset/uploads_root/prod-svoe-vino-strapi/prod-svoe-vino/strapi/uploads/dubinin_winery_risling_beloe_suhoe_12_7ac8ef3e5f.webp,dubinin-winery-risling-beloe-suhoe-12,detect
dataset/uploads_root/prod-svoe-vino-strapi/prod-svoe-vino/strapi/uploads/loco_cimbali_risling_beloe_suhoe_125_b5c98f4d21.webp,loco-cimbali-risling-beloe-suhoe-125,detect
dataset/uploads_root/prod-svoe-vino-strapi/prod-svoe-vino/strapi/uploads/denisov_winery_risling_beloe_suhoe_115_3963e7c359.webp,denisov-winery-risling-beloe-suhoe-115,detect
dataset/uploads_root/prod-svoe-vino-strapi/prod-svoe-vino/strapi/uploads/vinodelnya_krinitsa_risling_beloe_suhoe_13_8b7fd60fb9.webp,vinodelnya-krinitsa-risling-beloe-suhoe-13,detect
dataset/uploads_root/prod-svoe-vino-strapi/prod-svoe-vino/strapi/uploads/vinodelnya_marko_risling_beloe_suhoe_12_99d6ef8f95.webp,vinodelnya-marko-risling-beloe-suhoe-12,detect
dataset/uploads_root/prod-svoe-vino-strapi/prod-svoe-vino/strapi/uploads/abrau_dyurso_risling_beloe_suhoe_12_dea6af4677.webp,abrau-dyurso-risling-beloe-suhoe-12,detect
dataset/uploads_root/prod-svoe-vino-strapi/prod-svoe-vino/strapi/uploads/rem_akchurin_risling_beloe_suhoe_125_e4d4908cd9.webp,rem-akchurin-risling-beloe-suhoe-125,detect
dataset/uploads_root/prod-svoe-vino-strapi/prod-svoe-vino/strapi/uploads/vinodelnya_berdyaeva_risling_beloe_polusuhoe_108_e446508842.webp,vinodelnya-berdyaeva-risling-beloe-polusuhoe-108,detect
dataset/uploads_root/prod-svoe-vino-strapi/prod-svoe-vino/strapi/uploads/vinodelnya_berdyaeva_risling_risling_reynskiy_beloe_suhoe_121_d8df12dffc.webp,vinodelnya-berdyaeva-risling-risling-reynskiy-beloe-suhoe-121,detect
dataset/uploads_root/prod-svoe-vino-strapi/prod-svoe-vino/strapi/uploads/v2r_risling_risling_reynskiy_beloe_suhoe_122_01d92911d4.webp,v2r-risling-risling-reynskiy-beloe-suhoe-122,detect
dataset/uploads_root/prod-svoe-vino-strapi/prod-svoe-vino/strapi/uploads/belmas_winery_risling_beloe_suhoe_135_50cbb379a8.webp,belmas-winery-risling-beloe-suhoe-135,detect
dataset/uploads_root/prod-svoe-vino-strapi/prod-svoe-vino/strapi/uploads/loco_cimbali_risling_risling_reynskiy_beloe_suhoe_13_18fbb74a2c.webp,loco-cimbali-risling-risling-reynskiy-beloe-suhoe-13,detect
dataset/uploads_root/prod-svoe-vino-strapi/prod-svoe-vino/strapi/uploads/vaynkraft_risling_beloe_suhoe_123_a80dc48cd5.webp,vaynkraft-risling-beloe-suhoe-123,detect
dataset/uploads_root/prod-svoe-vino-strapi/prod-svoe-vino/strapi/uploads/rem_akchurin_risling_beloe_polusuhoe_12_f5a8d1b1ef.webp,rem-akchurin-risling-beloe-polusuhoe-12,detect
dataset/uploads_root/prod-svoe-vino-strapi/prod-svoe-vino/strapi/uploads/Screenshot_11_a9d7c8f8df.webp,risling-1,detect
dataset/uploads_root/prod-svoe-vino-strapi/prod-svoe-vino/strapi/uploads/abrau_dyurso_risling_beloe_suhoe_vyderzhannoe_13_3d81416050.webp,abrau-dyurso-risling-beloe-suhoe-13,detect
dataset/uploads_root/prod-svoe-vino-strapi/prod-svoe-vino/strapi/uploads/alma_valley_risling_beloe_polusuhoe_125_88fc981d53.webp,alma-valley-risling-beloe-polusuhoe-125,detect
dataset/uploads_root/prod-svoe-vino-strapi/prod-svoe-vino/strapi/uploads/sober_bash_risling_risling_reynskiy_beloe_suhoe_11_3886abbe5d.webp,sober-bash-risling-risling-reynskiy-beloe-suhoe-11,detect
dataset/uploads_root/prod-svoe-vino-strapi/prod-svoe-vino/strapi/uploads/donskoe_vinodelcheskoe_hozyaystvo_elbuzd_risling_beloe_suhoe_12_c5359f598b.webp,donskoe-vinodelcheskoe-hozyaystvo-elbuzd-risling-beloe-suhoe-12,detect
dataset/uploads_root/prod-svoe-vino-strapi/prod-svoe-vino/strapi/uploads/risling_86f49d6fb2.webp,risling,detect
dataset/uploads_root/prod-svoe-vino-strapi/prod-svoe-vino/strapi/uploads/tempelhof_winery_risling_risling_reynskiy_beloe_suhoe_115_825c5cd60a.webp,tempelhof-winery-risling-risling-reynskiy-beloe-suhoe-115,detect
dataset/uploads_root/prod-svoe-vino-strapi/prod-svoe-vino/strapi/uploads/villa_sofiya_risling_beloe_suhoe_131_ce864e36d8.webp,villa-sofiya-risling-beloe-suhoe-131,detect
dataset/uploads_root/prod-svoe-vino-strapi/prod-svoe-vino/strapi/uploads/product_3_5598a285a2.webp,twopeters_risling,detect
dataset/uploads_root/prod-svoe-vino-strapi/prod-svoe-vino/strapi/uploads/sober_bash_risling_risling_reynskiy_beloe_suhoe_12_1781eda577.webp,sober-bash-risling-risling-reynskiy-beloe-suhoe-12,detect
dataset/uploads_root/prod-svoe-vino-strapi/prod-svoe-vino/strapi/uploads/vinodelnya_myshako_risling_mode_kabinett_beloe_polusuhoe_126_13ef87d688.webp,vinodelnya-myshako-risling-mode-kabinett-beloe-polusuhoe-126,detect
dataset/uploads_root/prod-svoe-vino-strapi/prod-svoe-vino/strapi/uploads/vinodelnya_myshako_risling_kyuve_bryut_igristoe_bryut_beloe_126_bf3f490c36.webp,vinodelnya-myshako-risling-kyuve-bryut-beloe-126,detect
dataset/uploads_root/prod-svoe-vino-strapi/prod-svoe-vino/strapi/uploads/golubitskoe_estate_risling_oranzh_risling_reynskiy_oranzhevoe_suhoe_13_f1f3796561.webp,golubitskoe-estate-risling-oranzh-risling-reynskiy-oranzhevoe-suhoe-13,detect
dataset/uploads_root/prod-svoe-vino-strapi/prod-svoe-vino/strapi/uploads/20260617_070147_Photoroom_2bf16b8d06.webp,jd_winery_risling_orange,detect
dataset/uploads_root/prod-svoe-vino-strapi/prod-svoe-vino/strapi/uploads/gunko_winery_risling_rezerv_beloe_suhoe_135_e2e2bb75a2.webp,gunko-winery-risling-rezerv-beloe-suhoe-135,detect
dataset/uploads_root/prod-svoe-vino-strapi/prod-svoe-vino/strapi/uploads/nesterov_winery_risling_reynskiy_beloe_suhoe_12_8a5db2ad0b.webp,nesterov-winery-risling-reynskiy-beloe-suhoe-12,detect
dataset/uploads_root/prod-svoe-vino-strapi/prod-svoe-vino/strapi/uploads/imenie_sikory_risling_sikory_beloe_suhoe_13_08744b4e75.webp,imenie-sikory-risling-sikory-beloe-suhoe-13,detect
dataset/uploads_root/prod-svoe-vino-strapi/prod-svoe-vino/strapi/uploads/DJ_7074_done_c1541429c5.webp,jd_winery_risling,detect
dataset/uploads_root/prod-svoe-vino-strapi/prod-svoe-vino/strapi/uploads/DSC_00840_Photoroom_13a0701346.webp,risling-2024,detect
dataset/uploads_root/prod-svoe-vino-strapi/prod-svoe-vino/strapi/uploads/vinodelnya_myshako_risling_blanc_out_beloe_suhoe_145_266fb7c61e.webp,vinodelnya-myshako-risling-blanc-out-beloe-suhoe-145,detect
dataset/uploads_root/prod-svoe-vino-strapi/prod-svoe-vino/strapi/uploads/valeriy_zaharin_risling_valeriy_zaharin_risling_reynskiy_beloe_polusladkoe_125_e821394cf1.webp,valeriy-zaharin-risling-valeriy-zaharin-risling-reynskiy-beloe-polusladkoe-125,detect
dataset/uploads_root/prod-svoe-vino-strapi/prod-svoe-vino/strapi/uploads/imenie_sikory_risling_pozdniy_sbor_beloe_sladkoe_13_e60898ab3b.webp,imenie-sikory-risling-pozdniy-sbor-beloe-sladkoe-13,detect
dataset/uploads_root/prod-svoe-vino-strapi/prod-svoe-vino/strapi/uploads/belbek_risling_pozdniy_sbor_risling_reynskiy_beloe_sladkoe_117_02352777b6.webp,belbek-risling-pozdniy-sbor-risling-reynskiy-beloe-sladkoe-117,detect
dataset/uploads_root/prod-svoe-vino-strapi/prod-svoe-vino/strapi/uploads/vinodelnya_pokrovskaya_risling_pokrovskoe_risling_reynskiy_beloe_suhoe_13_3f7429ad83.webp,vinodelnya-pokrovskaya-risling-pokrovskoe-risling-reynskiy-beloe-suhoe-13,detect
dataset/uploads_root/prod-svoe-vino-strapi/prod-svoe-vino/strapi/uploads/imenie_sikory_risling_semeynyy_rezerv_beloe_suhoe_13_3ef1716553.webp,imenie-sikory-risling-semeynyy-rezerv-beloe-suhoe-13,detect
dataset/uploads_root/prod-svoe-vino-strapi/prod-svoe-vino/strapi/uploads/imenie_sikory_risling_semeynyy_rezerv_risling_reynskiy_beloe_suhoe_vyderzhannoe_13_045b648555.webp,imenie-sikory-risling-semeynyy-rezerv-risling-reynskiy-beloe-suhoe-13,detect
dataset/uploads_root/prod-svoe-vino-strapi/prod-svoe-vino/strapi/uploads/Sh_T_Molodoe_2025_igristoe_Normal_Risling_42217577a3.webp,risling-shato-taman,detect
dataset/uploads_root/prod-svoe-vino-strapi/prod-svoe-vino/strapi/uploads/sober_bash_rkatsiteli_beloe_suhoe_14_5c76e13a55.webp,sober-bash-rkatsiteli-beloe-suhoe-14,detect
dataset/uploads_root/prod-svoe-vino-strapi/prod-svoe-vino/strapi/uploads/zmv_koktebel_rkatsiteli_beloe_likernoe_vyderzhannoe_135_7a0a924213.webp,zmv-koktebel-rkatsiteli-beloe-sladkoe-135,detect
dataset/uploads_root/prod-svoe-vino-strapi/prod-svoe-vino/strapi/uploads/esse_rkatsiteli_beloe_suhoe_125_4f094ac315.webp,esse-rkatsiteli-beloe-suhoe-125,detect
dataset/uploads_root/prod-svoe-vino-strapi/prod-svoe-vino/strapi/uploads/vinodelnya_marchenko_rkatsiteli_beloe_suhoe_135_17aa4b13da.webp,vinodelnya-marchenko-rkatsiteli-beloe-suhoe-135,detect
dataset/uploads_root/prod-svoe-vino-strapi/prod-svoe-vino/strapi/uploads/loco_cimbali_rkatsiteli_oranzhevoe_suhoe_13_ebaa76e9a4.webp,loco-cimbali-rkatsiteli-oranzhevoe-suhoe-13,detect
dataset/uploads_root/prod-svoe-vino-strapi/prod-svoe-vino/strapi/uploads/mons_albus_rkatsiteli_beloe_suhoe_124_ebd0180edd.webp,mons-albus-rkatsiteli-beloe-suhoe-124,detect
dataset/uploads_root/prod-svoe-vino-strapi/prod-svoe-vino/strapi/uploads/vinodelnya_vedernikov_rkatsiteli_beloe_suhoe_13_f4d5d4e613.webp,vinodelnya-vedernikov-rkatsiteli-beloe-suhoe-13,detect
dataset/uploads_root/prod-svoe-vino-strapi/prod-svoe-vino/strapi/uploads/belbek_rkatsiteli_beloe_suhoe_13_72dc1f9029.webp,belbek-rkatsiteli-beloe-suhoe-13,detect
dataset/uploads_root/prod-svoe-vino-strapi/prod-svoe-vino/strapi/uploads/denisov_winery_rkatsiteli_beloe_suhoe_112_ed8e9acfcd.webp,denisov-winery-rkatsiteli-beloe-suhoe-112,detect
dataset/uploads_root/prod-svoe-vino-strapi/prod-svoe-vino/strapi/uploads/levokumskoe_rkatsiteli_beloe_suhoe_10_67ac316dd2.webp,levokumskoe-rkatsiteli-beloe-suhoe-10,detect
dataset/uploads_root/prod-svoe-vino-strapi/prod-svoe-vino/strapi/uploads/usadba_perovskih_rkatsiteli_beloe_suhoe_13_209409e8e2.webp,usadba-perovskih-rkatsiteli-beloe-suhoe-13,detect
dataset/uploads_root/prod-svoe-vino-strapi/prod-svoe-vino/strapi/uploads/vinodelnya_pokrovskaya_rkatsiteli_shardone_pokrovskoe_beloe_suhoe_13_79b247780d.webp,vinodelnya-pokrovskaya-rkatsiteli-shardone-pokrovskoe-beloe-suhoe-13,detect
dataset/uploads_root/prod-svoe-vino-strapi/prod-svoe-vino/strapi/uploads/oxana_istratova_wine_rkatsiteli_2023_oranzhevoe_suhoe_113_ed2c3cbe36.webp,oxana-istratova-wine-rkatsiteli-2023-oranzhevoe-suhoe-113,detect
dataset/uploads_root/prod-svoe-vino-strapi/prod-svoe-vino/strapi/uploads/oxana_istratova_wine_rkatsiteli_2024_oranzhevoe_suhoe_12_7a4aaf2a55.webp,oxana-istratova-wine-rkatsiteli-2024-oranzhevoe-suhoe-12,detect
dataset/uploads_root/prod-svoe-vino-strapi/prod-svoe-vino/strapi/uploads/sober_bash_rkatsiteli_amfora_beloe_suhoe_135_7ad32c6fab.webp,sober-bash-rkatsiteli-amfora-beloe-suhoe-135,detect
dataset/uploads_root/prod-svoe-vino-strapi/prod-svoe-vino/strapi/uploads/belbek_rkatsiteli_barrik_beloe_suhoe_13_42076e5365.webp,belbek-rkatsiteli-barrik-beloe-suhoe-13,detect
dataset/uploads_root/prod-svoe-vino-strapi/prod-svoe-vino/strapi/uploads/PU_Sjv7dn_M_Nil_H25_TO_9_Bcb_HX_Ipy_m_U_Tr_Wd50_Scq_Gjhv_Z2m_AVX_4zqqc_ETZ_Rz075dvr_A_Xeagyogp_Hml_Zh_I3_IH_Jb_Q_3b5c66876c.webp,rkacziteli-beloe-suhoe,detect
dataset/uploads_root/prod-svoe-vino-strapi/prod-svoe-vino/strapi/uploads/zmv_koktebel_rkatsiteli_desertnoe_beloe_sladkoe_16_8d34f665f3.webp,zmv-koktebel-rkatsiteli-desertnoe-beloe-sladkoe-16,detect
dataset/uploads_root/prod-svoe-vino-strapi/prod-svoe-vino/strapi/uploads/vaynkraft_rkatsiteli_oranzh_oranzhevoe_suhoe_12_65fe9c2119.webp,vaynkraft-rkatsiteli-oranzh-oranzhevoe-suhoe-12,detect
dataset/uploads_root/prod-svoe-vino-strapi/prod-svoe-vino/strapi/uploads/esse_rkatsiteli_oranzh_beloe_suhoe_12_1c6512e2ab.webp,esse-rkatsiteli-oranzh-beloe-suhoe-12,detect
dataset/uploads_root/prod-svoe-vino-strapi/prod-svoe-vino/strapi/uploads/bogovich_wine_vineyard_rkatsiteli_oranzh_beloe_suhoe_125_451f042270.webp,bogovich-wine-vineyard-rkatsiteli-oranzh-beloe-suhoe-125,detect
dataset/uploads_root/prod-svoe-vino-strapi/prod-svoe-vino/strapi/uploads/Rkacziteli_oranzh_2024_ddce7657ea.webp,perovskih_rkaciteli_orange,detect
dataset/uploads_root/prod-svoe-vino-strapi/prod-svoe-vino/strapi/uploads/esse_rkatsiteli_syur_li_beloe_suhoe_125_2f0b000796.webp,esse-rkatsiteli-syur-li-beloe-suhoe-125,detect
dataset/uploads_root/prod-svoe-vino-strapi/prod-svoe-vino/strapi/uploads/vinodelnya_zhakov_rkatsiteli_eskeyp_krasnoe_suhoe_119_0b92b05d72.webp,vinodelnya-zhakov-rkatsiteli-eskeyp-krasnoe-suhoe-119,detect
dataset/uploads_root/prod-svoe-vino-strapi/prod-svoe-vino/strapi/uploads/Screenshot_17_6d600742f0.webp,roze-2,detect
dataset/uploads_root/prod-svoe-vino-strapi/prod-svoe-vino/strapi/uploads/v2r_roze_kaberne_sovinon_rozovoe_polusuhoe_13_b9c301f7a6.webp,v2r-roze-kaberne-sovinon-rozovoe-polusuhoe-13,detect
dataset/uploads_root/prod-svoe-vino-strapi/prod-svoe-vino/strapi/uploads/Extra_Brut_Rose_b02ec16ad0.webp,perovskih_rose,detect
dataset/uploads_root/prod-svoe-vino-strapi/prod-svoe-vino/strapi/uploads/gunko_winery_roze_kaberne_fran_rozovoe_suhoe_135_59dd0bac47.webp,gunko-winery-roze-kaberne-fran-rozovoe-suhoe-135,detect
dataset/uploads_root/prod-svoe-vino-strapi/prod-svoe-vino/strapi/uploads/chateau_de_talu_roze_kaberne_sovinon_rozovoe_suhoe_14_034e61a253.webp,chateau-de-talu-roze-kaberne-sovinon-rozovoe-suhoe-14,detect
dataset/uploads_root/prod-svoe-vino-strapi/prod-svoe-vino/strapi/uploads/esse_roze_kaberne_sovinon_rozovoe_suhoe_135_f6a387d48c.webp,esse-roze-kaberne-sovinon-rozovoe-suhoe-135,detect
dataset/uploads_root/prod-svoe-vino-strapi/prod-svoe-vino/strapi/uploads/roze_0cd69a079f.webp,roze-1,detect
dataset/uploads_root/prod-svoe-vino-strapi/prod-svoe-vino/strapi/uploads/Roze_Semiray_4b0a8686a0.webp,roze,detect
dataset/uploads_root/prod-svoe-vino-strapi/prod-svoe-vino/strapi/uploads/dubinin_winery_roze_kaberne_fran_rozovoe_suhoe_13_d7bb0abe34.webp,dubinin-winery-roze-kaberne-fran-rozovoe-suhoe-13,detect
dataset/uploads_root/prod-svoe-vino-strapi/prod-svoe-vino/strapi/uploads/Levkadiya_rozovoe_1_fdd3f9f4fd.webp,roze-malbek,detect
dataset/uploads_root/prod-svoe-vino-strapi/prod-svoe-vino/strapi/uploads/domaine_lipko_roze_sira_rozovoe_suhoe_135_32069a0e89.webp,domaine-lipko-roze-sira-rozovoe-suhoe-135,detect
dataset/uploads_root/prod-svoe-vino-strapi/prod-svoe-vino/strapi/uploads/belbek_roze_sira_rozovoe_suhoe_125_2131a8be30.webp,belbek-roze-sira-rozovoe-suhoe-125,detect
dataset/uploads_root/prod-svoe-vino-strapi/prod-svoe-vino/strapi/uploads/vinodelnya_uzunov_roze_ekstra_bryut_kaberne_sovinon_igristoe_ekstra_bryut_rozovoe_127_e1e68b12cc.webp,vinodelnya-uzunov-roze-ekstra-bryut-kaberne-sovinon-rozovoe-127,detect
dataset/uploads_root/prod-svoe-vino-strapi/prod-svoe-vino/strapi/uploads/zmv_koktebel_roze_merlo_rozovoe_suhoe_12_d19cc5e53f.webp,zmv-koktebel-roze-merlo-rozovoe-suhoe-12,detect
dataset/uploads_root/prod-svoe-vino-strapi/prod-svoe-vino/strapi/uploads/2922_l_Cf6_Bdm_213c0a3fbb.webp,roze-avtorskoe-vino,detect
dataset/uploads_root/prod-svoe-vino-strapi/prod-svoe-vino/strapi/uploads/Screenshot_24_c38ca52fac.webp,roze-premium,detect
dataset/uploads_root/prod-svoe-vino-strapi/prod-svoe-vino/strapi/uploads/vinodelnya_zhakov_rozeo_saperavi_rozovoe_suhoe_115_6728000363.webp,vinodelnya-zhakov-rozeo-saperavi-rozovoe-suhoe-115,detect
dataset/uploads_root/prod-svoe-vino-strapi/prod-svoe-vino/strapi/uploads/Roz_Pantera_becb2c2b2a.webp,rozovaya-pantera,detect
dataset/uploads_root/prod-svoe-vino-strapi/prod-svoe-vino/strapi/uploads/vinodelnya_pokrovskaya_rozovoe_marinovskiy_rozovoe_suhoe_135_90ac7e81ce.webp,vinodelnya-pokrovskaya-rozovoe-marinovskiy-suhoe-135,detect
dataset/uploads_root/prod-svoe-vino-strapi/prod-svoe-vino/strapi/uploads/dva_serdtsa_rozovoe_kaberne_sovinon_rozovoe_suhoe_13_43d6654ff9.webp,dva-serdtsa-rozovoe-kaberne-sovinon-suhoe-13,detect
dataset/uploads_root/prod-svoe-vino-strapi/prod-svoe-vino/strapi/uploads/PU_Sjv7dn_M_Nil_H25_TO_9_Bcb_FBPZSZMWHW_C96_w_Sl_B_Ivm4j7_Som_Vif_Cn_Wb_Cxb_VPT_4yr_DB_1uyf_ORJ_Yphzw_KV_Ywj_Q_f45fac7d4e.webp,rozovoe-bryut-1,detect
dataset/uploads_root/prod-svoe-vino-strapi/prod-svoe-vino/strapi/uploads/PU_Sjv7dn_M_Nil_H25_TO_9_Bcb_G_Lfwi_SE_8_H5cq_Xo_T_Ec1_yac_Fq_C67_G_Bdpq_E3_H_Xb_Aj_Cyq73a90_Q8_Kp_BC_64_Bcw_S_Wo_Q_a100d7b92b.webp,rozovoe-bryut,detect
dataset/uploads_root/prod-svoe-vino-strapi/prod-svoe-vino/strapi/uploads/PU_Sjv7dn_M_Nil_H25_TO_9_Bcb_Ldza_JNH_1_Hv9_W_Or_Hokzv1ehc6k_Ky_O_Sa_NL_81_Blk2_Wzh_W9_BBPU_9ky_PHC_Zl_Df_I0_Sstz_Q_7a31558363.webp,rozovoe-bryut-spumante,detect
dataset/uploads_root/prod-svoe-vino-strapi/prod-svoe-vino/strapi/uploads/Screenshot_16_a237793391.webp,rozovoe-zoloto,detect
dataset/uploads_root/prod-svoe-vino-strapi/prod-svoe-vino/strapi/uploads/PU_Sjv7dn_M_Nil_H25_TO_9_Bcb_Fq_WE_Fmk_HJ_5_O_Xnj_Got_CN_vax_0croyl_P_3x_Y_Xp_E34_B238k_V_Muxth_JLK_Hv_6_IW_4_L_Ig_0e234892f1.webp,rozovoe-polusladkoe,detect
dataset/uploads_root/prod-svoe-vino-strapi/prod-svoe-vino/strapi/uploads/PU_Sjv7dn_M_Nil_H25_TO_9_Bcb_D_v_EZB_Mijp_NGR_Wvy6u_Ifxk_Fr_Yqzmn_Hkb_TDN_Sql_Q_Sk_M5nnryrf3_Sd_Jnv_NIRGZKU_e_Q_03b44d8031.webp,rozovoe-polusladkoe-1,detect
dataset/uploads_root/prod-svoe-vino-strapi/prod-svoe-vino/strapi/uploads/novyy_svet_dom_shampanskih_vin_rossiyskoe_shampanskoe_vyderzhannoe_bryut_beloe_novyy_svet_shardone_125_360e04943f.webp,novyy-svet-dom-shampanskih-vin-rossiyskoe-shampanskoe-vyderzhannoe-bryut-beloe-novyy-svet-shardone-125,detect
dataset/uploads_root/prod-svoe-vino-strapi/prod-svoe-vino/strapi/uploads/novyy_svet_dom_shampanskih_vin_rossiyskoe_shampanskoe_vyderzhannoe_bryut_rozovoe_novyy_svet_kaberne_kaberne_sovinon_11_7a22643210.webp,novyy-svet-dom-shampanskih-vin-rossiyskoe-shampanskoe-vyderzhannoe-bryut-rozovoe-novyy-svet-kaberne-kaberne-sovinon-11,detect
dataset/uploads_root/prod-svoe-vino-strapi/prod-svoe-vino/strapi/uploads/novyy_svet_dom_shampanskih_vin_rossiyskoe_shampanskoe_vyderzhannoe_polusladkoe_rozovoe_novyy_svet_shardone_125_a0a982c0c9.webp,novyy-svet-dom-shampanskih-vin-rossiyskoe-shampanskoe-vyderzhannoe-polusladkoe-rozovoe-novyy-svet-shardone-125,detect
dataset/uploads_root/prod-svoe-vino-strapi/prod-svoe-vino/strapi/uploads/novyy_svet_dom_shampanskih_vin_rossiyskoe_shampanskoe_vyderzhannoe_ekstra_bryut_beloe_novyy_svet_aligote_13_8866e4a13c.webp,novyy-svet-dom-shampanskih-vin-rossiyskoe-shampanskoe-vyderzhannoe-ekstra-bryut-beloe-novyy-svet-aligote-13,detect
dataset/uploads_root/prod-svoe-vino-strapi/prod-svoe-vino/strapi/uploads/novyy_svet_dom_shampanskih_vin_rossiyskoe_shampanskoe_vyderzhannoe_ekstra_bryut_beloe_novyy_svet_kokur_11_e405aff9a0.webp,novyy-svet-dom-shampanskih-vin-rossiyskoe-shampanskoe-vyderzhannoe-ekstra-bryut-beloe-novyy-svet-kokur-11,detect
dataset/uploads_root/prod-svoe-vino-strapi/prod-svoe-vino/strapi/uploads/novyy_svet_dom_shampanskih_vin_rossiyskoe_shampanskoe_kollektsionnoe_bryut_beloe_novyy_svet_zolotoy_risling_suhoe_13_f6818826f9.webp,novyy-svet-dom-shampanskih-vin-rossiyskoe-shampanskoe-kollektsionnoe-bryut-beloe-novyy-svet-zolotoy-risling-suhoe-13,detect
dataset/uploads_root/prod-svoe-vino-strapi/prod-svoe-vino/strapi/uploads/novyy_svet_dom_shampanskih_vin_rossiyskoe_shampanskoe_kollektsionnoe_bryut_beloe_novyy_svet_kyuve_de_prestizh_pino_gri_millezim_rozovoe_125_04f220ac39.webp,novyy-svet-dom-shampanskih-vin-rossiyskoe-shampanskoe-kollektsionnoe-bryut-beloe-novyy-svet-kyuve-de-prestizh-pino-gri-millezim-rozovoe-125,detect
dataset/uploads_root/prod-svoe-vino-strapi/prod-svoe-vino/strapi/uploads/novyy_svet_dom_shampanskih_vin_rossiyskoe_shampanskoe_kollektsionnoe_bryut_beloe_novyy_svet_paradizio_shardone_125_de1ec3a166.webp,novyy-svet-dom-shampanskih-vin-rossiyskoe-shampanskoe-kollektsionnoe-bryut-beloe-novyy-svet-paradizio-shardone-125,detect
dataset/uploads_root/prod-svoe-vino-strapi/prod-svoe-vino/strapi/uploads/novyy_svet_dom_shampanskih_vin_rossiyskoe_shampanskoe_kollektsionnoe_bryut_beloe_novyy_svet_yubileynoe_risling_13_fcd393bb9f.webp,novyy-svet-dom-shampanskih-vin-rossiyskoe-shampanskoe-kollektsionnoe-bryut-beloe-novyy-svet-yubileynoe-risling-13,detect
dataset/uploads_root/prod-svoe-vino-strapi/prod-svoe-vino/strapi/uploads/novyy_svet_dom_shampanskih_vin_rossiyskoe_shampanskoe_kollektsionnoe_bryut_rozovoe_novyy_svet_pino_nuar_135_4227a19509.webp,novyy-svet-dom-shampanskih-vin-rossiyskoe-shampanskoe-kollektsionnoe-bryut-rozovoe-novyy-svet-pino-nuar-135,detect
dataset/uploads_root/prod-svoe-vino-strapi/prod-svoe-vino/strapi/uploads/novyy_svet_dom_shampanskih_vin_rossiyskoe_shampanskoe_kollektsionnoe_polusuhoe_beloe_novyy_svet_shardone_13_564818e214.webp,novyy-svet-dom-shampanskih-vin-rossiyskoe-shampanskoe-kollektsionnoe-polusuhoe-beloe-novyy-svet-shardone-13,detect
dataset/uploads_root/prod-svoe-vino-strapi/prod-svoe-vino/strapi/uploads/novyy_svet_dom_shampanskih_vin_rossiyskoe_shampanskoe_kollektsionnoe_polusuhoe_beloe_novyy_svet_risling_125_7748979b97.webp,novyy-svet-dom-shampanskih-vin-rossiyskoe-shampanskoe-kollektsionnoe-polusuhoe-beloe-novyy-svet-risling-125,detect
dataset/uploads_root/prod-svoe-vino-strapi/prod-svoe-vino/strapi/uploads/novyy_svet_dom_shampanskih_vin_rossiyskoe_shampanskoe_kollektsionnoe_polusuhoe_rozovoe_novyy_svet_pino_nuar_125_815a1c3374.webp,novyy-svet-dom-shampanskih-vin-rossiyskoe-shampanskoe-kollektsionnoe-polusuhoe-rozovoe-novyy-svet-pino-nuar-125,detect
dataset/uploads_root/prod-svoe-vino-strapi/prod-svoe-vino/strapi/uploads/novyy_svet_dom_shampanskih_vin_rossiyskoe_shampanskoe_kollektsionnoe_ekstra_bryut_beloe_novyy_svet_blan_de_nuar_pino_nuar_13_c8e5d77c41.webp,novyy-svet-dom-shampanskih-vin-rossiyskoe-shampanskoe-kollektsionnoe-ekstra-bryut-beloe-novyy-svet-blan-de-nuar-pino-nuar-13,detect
dataset/uploads_root/prod-svoe-vino-strapi/prod-svoe-vino/strapi/uploads/novyy_svet_dom_shampanskih_vin_rossiyskoe_shampanskoe_kollektsionnoe_ekstra_bryut_beloe_novyy_svet_kyuve_de_prestizh_shardone_125_622aabc99e.webp,novyy-svet-dom-shampanskih-vin-rossiyskoe-shampanskoe-kollektsionnoe-ekstra-bryut-beloe-novyy-svet-kyuve-de-prestizh-shardone-125,detect
dataset/uploads_root/prod-svoe-vino-strapi/prod-svoe-vino/strapi/uploads/novyy_svet_dom_shampanskih_vin_rossiyskoe_shampanskoe_kollektsionnoe_ekstra_bryut_beloe_novyy_svet_kyuve_risling_125_1bca593096.webp,novyy-svet-dom-shampanskih-vin-rossiyskoe-shampanskoe-kollektsionnoe-ekstra-bryut-beloe-novyy-svet-kyuve-risling-125,detect
dataset/uploads_root/prod-svoe-vino-strapi/prod-svoe-vino/strapi/uploads/novyy_svet_dom_shampanskih_vin_rossiyskoe_shampanskoe_kollektsionnoe_ekstra_bryut_beloe_novyy_svet_risling_kyuve_de_prestizh_125_ba5ae8b9d4.webp,novyy-svet-dom-shampanskih-vin-rossiyskoe-shampanskoe-kollektsionnoe-ekstra-bryut-beloe-novyy-svet-risling-kyuve-de-prestizh-125,detect
dataset/uploads_root/prod-svoe-vino-strapi/prod-svoe-vino/strapi/uploads/novyy_svet_dom_shampanskih_vin_rossiyskoe_shampanskoe_kollektsionnoe_ekstra_bryut_beloe_novyy_svet_shardone_125_18bd3fb00b.webp,novyy-svet-dom-shampanskih-vin-rossiyskoe-shampanskoe-kollektsionnoe-ekstra-bryut-beloe-novyy-svet-shardone-125,detect
dataset/uploads_root/prod-svoe-vino-strapi/prod-svoe-vino/strapi/uploads/vinodelnya_marchenko_rubin_rubin_azos_krasnoe_suhoe_14_d37b2bc288.webp,vinodelnya-marchenko-rubin-rubin-azos-krasnoe-suhoe-14,detect
dataset/uploads_root/prod-svoe-vino-strapi/prod-svoe-vino/strapi/uploads/sober_bash_rubin_rubin_rubin_azos_krasnoe_suhoe_14_e6ce9172ae.webp,sober-bash-rubin-rubin-rubin-azos-krasnoe-suhoe-14,detect
dataset/uploads_root/prod-svoe-vino-strapi/prod-svoe-vino/strapi/uploads/nesterov_winery_rubin_golodrigi_krasnoe_suhoe_11_a0c7b4022b.webp,nesterov-winery-rubin-golodrigi-krasnoe-suhoe-11,detect
dataset/uploads_root/prod-svoe-vino-strapi/prod-svoe-vino/strapi/uploads/Screenshot_18_1109114bb0.webp,rubin-golodrigi,detect
dataset/uploads_root/prod-svoe-vino-strapi/prod-svoe-vino/strapi/uploads/Vino_krasnoe_Kr_Strelka_3_7c02276274.webp,denisov_rubin_klaret_krasnaya_strelka,detect
dataset/uploads_root/prod-svoe-vino-strapi/prod-svoe-vino/strapi/uploads/Screenshot_30_32461c6908.webp,rubin-premium,detect
dataset/uploads_root/prod-svoe-vino-strapi/prod-svoe-vino/strapi/uploads/esse_rubinovyy_rubinovyy_magaracha_krasnoe_suhoe_12_0570a9069b.webp,esse-rubinovyy-rubinovyy-magaracha-krasnoe-suhoe-12,detect
dataset/uploads_root/prod-svoe-vino-strapi/prod-svoe-vino/strapi/uploads/chateau_de_talu_ruzh_kaberne_sovinon_krasnoe_suhoe_14_4bdd4b0a4f.webp,chateau-de-talu-ruzh-kaberne-sovinon-krasnoe-suhoe-14,detect
dataset/uploads_root/prod-svoe-vino-strapi/prod-svoe-vino/strapi/uploads/zmv_koktebel_ruzh_rubinovyy_magaracha_krasnoe_suhoe_135_2dfb2547d6.webp,zmv-koktebel-ruzh-rubinovyy-magaracha-krasnoe-suhoe-135,detect
dataset/uploads_root/prod-svoe-vino-strapi/prod-svoe-vino/strapi/uploads/abrau_dyurso_russkoe_igristoe_koshernoe_bryut_shardone_beloe_13_8b9ee7f9fe.webp,abrau-dyurso-russkoe-igristoe-koshernoe-bryut-shardone-beloe-13,detect
dataset/uploads_root/prod-svoe-vino-strapi/prod-svoe-vino/strapi/uploads/abrau_dyurso_russkoe_igristoe_koshernoe_polusladkoe_shardone_beloe_12_cce09fd580.webp,abrau-dyurso-russkoe-igristoe-koshernoe-polusladkoe-shardone-beloe-12,detect
dataset/uploads_root/prod-svoe-vino-strapi/prod-svoe-vino/strapi/uploads/abrau_dyurso_russkoe_igristoe_polusladkoe_shardone_beloe_12_a8752d67f6.webp,abrau-dyurso-russkoe-igristoe-polusladkoe-shardone-beloe-12,detect
dataset/uploads_root/prod-svoe-vino-strapi/prod-svoe-vino/strapi/uploads/abrau_dyurso_russkoe_igristoe_polusladkoe_krasnoe_kaberne_sovinon_12_d7c8d1c042.webp,abrau-dyurso-russkoe-igristoe-polusladkoe-krasnoe-kaberne-sovinon-12,detect
dataset/uploads_root/prod-svoe-vino-strapi/prod-svoe-vino/strapi/uploads/abrau_dyurso_russkoe_igristoe_polusuhoe_shardone_beloe_12_1dd99a0a33.webp,abrau-dyurso-russkoe-igristoe-polusuhoe-shardone-beloe-12,detect
dataset/uploads_root/prod-svoe-vino-strapi/prod-svoe-vino/strapi/uploads/abrau_dyurso_russkoe_igristoe_polusuhoe_rozovoe_pino_nuar_12_dafb6d988e.webp,abrau-dyurso-russkoe-igristoe-polusuhoe-rozovoe-pino-nuar-12,detect
dataset/uploads_root/prod-svoe-vino-strapi/prod-svoe-vino/strapi/uploads/Screenshot_3_dce2afc6e1.webp,rustok-glera-ru-140,detect
dataset/uploads_root/prod-svoe-vino-strapi/prod-svoe-vino/strapi/uploads/vinodelnya_pokrovskaya_ryzhest_rkatsiteli_beloe_suhoe_11_4e400e23f8.webp,vinodelnya-pokrovskaya-ryzhest-rkatsiteli-beloe-suhoe-11,detect
dataset/uploads_root/prod-svoe-vino-strapi/prod-svoe-vino/strapi/uploads/ferrum_winery_sabernet_sauvignon_kaberne_sovinon_krasnoe_suhoe_14_462b926187.webp,ferrum-winery-sabernet-sauvignon-kaberne-sovinon-krasnoe-suhoe-14,detect
dataset/uploads_root/prod-svoe-vino-strapi/prod-svoe-vino/strapi/uploads/ferrum_winery_sabernet_sauvignon_cabernet_franc_kaberne_sovinon_krasnoe_suhoe_12_89900c9039.webp,ferrum-winery-sabernet-sauvignon-cabernet-franc-kaberne-sovinon-krasnoe-suhoe-12,detect
dataset/uploads_root/prod-svoe-vino-strapi/prod-svoe-vino/strapi/uploads/cellar_master_sandzhoveze_krasnoe_suhoe_125_3851d0eaae.webp,cellar-master-sandzhoveze-krasnoe-suhoe-125,detect
dataset/uploads_root/prod-svoe-vino-strapi/prod-svoe-vino/strapi/uploads/belbek_sandzhoveze_krasnoe_suhoe_14_a0ba68a6c3.webp,belbek-sandzhoveze-krasnoe-suhoe-14,detect
dataset/uploads_root/prod-svoe-vino-strapi/prod-svoe-vino/strapi/uploads/Rebo_reserve_2023_2f54a334ff.webp,sand-zh-oveze-rezerv,detect
dataset/uploads_root/prod-svoe-vino-strapi/prod-svoe-vino/strapi/uploads/valeriy_zaharin_sandzhoveze_burlyuk_krasnoe_suhoe_13_b9ac510815.webp,valeriy-zaharin-sandzhoveze-burlyuk-krasnoe-suhoe-13,detect
dataset/uploads_root/prod-svoe-vino-strapi/prod-svoe-vino/strapi/uploads/product_6cccd75be9.webp,twopeters_saperavi,detect
dataset/uploads_root/prod-svoe-vino-strapi/prod-svoe-vino/strapi/uploads/belbek_saperavi_krasnoe_suhoe_137_469b436cb9.webp,belbek-saperavi-krasnoe-suhoe-137,detect
dataset/uploads_root/prod-svoe-vino-strapi/prod-svoe-vino/strapi/uploads/vinodelnya_zhakov_saperavi_krasnoe_suhoe_126_0231863a40.webp,vinodelnya-zhakov-saperavi-krasnoe-suhoe-126,detect
dataset/uploads_root/prod-svoe-vino-strapi/prod-svoe-vino/strapi/uploads/vinabani_saperavi_krasnoe_suhoe_135_10f0e33613.webp,vinabani-saperavi-krasnoe-suhoe-135,detect
dataset/uploads_root/prod-svoe-vino-strapi/prod-svoe-vino/strapi/uploads/vinodelnya_78_saperavi_krasnoe_suhoe_135_1ea4d62431.webp,vinodelnya-78-saperavi-krasnoe-suhoe-135,detect
dataset/uploads_root/prod-svoe-vino-strapi/prod-svoe-vino/strapi/uploads/dacha_serdyuka_saperavi_saperavi_severnyy_krasnoe_suhoe_14_f1b30ba078.webp,dacha-serdyuka-saperavi-saperavi-severnyy-krasnoe-suhoe-14,detect
dataset/uploads_root/prod-svoe-vino-strapi/prod-svoe-vino/strapi/uploads/nesterov_winery_saperavi_krasnoe_suhoe_135_ff5b3ee0a9.webp,nesterov-winery-saperavi-krasnoe-suhoe-135,detect
dataset/uploads_root/prod-svoe-vino-strapi/prod-svoe-vino/strapi/uploads/dva_serdtsa_saperavi_krasnoe_suhoe_135_58815e0ac2.webp,dva-serdtsa-saperavi-krasnoe-suhoe-135,detect
dataset/uploads_root/prod-svoe-vino-strapi/prod-svoe-vino/strapi/uploads/esse_saperavi_krasnoe_suhoe_13_52697406ad.webp,esse-saperavi-krasnoe-suhoe-13,detect
dataset/uploads_root/prod-svoe-vino-strapi/prod-svoe-vino/strapi/uploads/sober_bash_saperavi_krasnoe_suhoe_13_07a0953b2b.webp,sober-bash-saperavi-krasnoe-suhoe-13,detect
dataset/uploads_root/prod-svoe-vino-strapi/prod-svoe-vino/strapi/uploads/valeriy_zaharin_saperavi_kaberne_sovinon_bakkal_su_krasnoe_suhoe_12_27f454f43f.webp,valeriy-zaharin-saperavi-kaberne-sovinon-bakkal-su-krasnoe-suhoe-12,detect
dataset/uploads_root/prod-svoe-vino-strapi/prod-svoe-vino/strapi/uploads/oxana_istratova_wine_saperavi_2023_krasnoe_suhoe_13_9e21363ec3.webp,oxana-istratova-wine-saperavi-2023-krasnoe-suhoe-13,detect
dataset/uploads_root/prod-svoe-vino-strapi/prod-svoe-vino/strapi/uploads/vinodelnya_zhakov_saperavi_escape_krasnoe_suhoe_127_49559b52aa.webp,vinodelnya-zhakov-saperavi-escape-krasnoe-suhoe-127,detect
dataset/uploads_root/prod-svoe-vino-strapi/prod-svoe-vino/strapi/uploads/gunko_winery_saperavi_gunko_winery_krasnoe_suhoe_135_530300631c.webp,gunko-winery-saperavi-gunko-winery-krasnoe-suhoe-135,detect
dataset/uploads_root/prod-svoe-vino-strapi/prod-svoe-vino/strapi/uploads/esse_saperavi_heaven_krasnoe_suhoe_13_759445e79f.webp,esse-saperavi-heaven-krasnoe-suhoe-13,detect
dataset/uploads_root/prod-svoe-vino-strapi/prod-svoe-vino/strapi/uploads/sober_bash_saperavi_amfora_krasnoe_suhoe_14_dcfa6b09f6.webp,sober-bash-saperavi-amfora-krasnoe-suhoe-14,detect
dataset/uploads_root/prod-svoe-vino-strapi/prod-svoe-vino/strapi/uploads/vinodelnya_zhakov_saperavi_vyderzhannoe_krasnoe_suhoe_115_f5a569eab1.webp,vinodelnya-zhakov-saperavi-vyderzhannoe-krasnoe-suhoe-115,detect
dataset/uploads_root/prod-svoe-vino-strapi/prod-svoe-vino/strapi/uploads/kuban_vino_saperavi_de_tamane_krasnoe_suhoe_125_66c688690c.webp,kuban-vino-saperavi-de-tamane-krasnoe-suhoe-125,detect
dataset/uploads_root/prod-svoe-vino-strapi/prod-svoe-vino/strapi/uploads/belbek_saperavi_rezerv_krasnoe_suhoe_14_c9a3cc2e46.webp,belbek-saperavi-rezerv-krasnoe-suhoe-14,detect
dataset/uploads_root/prod-svoe-vino-strapi/prod-svoe-vino/strapi/uploads/dubinin_winery_saperavi_fresh_krasnoe_suhoe_135_ed1dd0f8f4.webp,dubinin-winery-saperavi-fresh-krasnoe-suhoe-135,detect
dataset/uploads_root/prod-svoe-vino-strapi/prod-svoe-vino/strapi/uploads/Screenshot_26_e93e60541c.webp,saperavi-premium,detect
dataset/uploads_root/prod-svoe-vino-strapi/prod-svoe-vino/strapi/uploads/Solnechnaya_Dolina_Sary_Pandas_vyderzhannoe_c056d7120c.webp,sary-pandas-vyderzhannoe,detect
dataset/uploads_root/prod-svoe-vino-strapi/prod-svoe-vino/strapi/uploads/valeriy_zaharin_sary_pandas_valeriy_zaharin_beloe_suhoe_125_5e1d79e615.webp,valeriy-zaharin-sary-pandas-valeriy-zaharin-beloe-suhoe-125,detect
dataset/uploads_root/prod-svoe-vino-strapi/prod-svoe-vino/strapi/uploads/satera_satera_esse_krasnyy_blend_15_kaberne_sovinon_krasnoe_suhoe_13_b43fbe47fd.webp,satera-satera-esse-krasnyy-blend-15-kaberne-sovinon-krasnoe-suhoe-13,detect
dataset/uploads_root/prod-svoe-vino-strapi/prod-svoe-vino/strapi/uploads/vinodelnya_marchenko_svezhiy_veter_mtsvane_mtsvane_kahetinskiy_beloe_suhoe_135_b72dd767de.webp,vinodelnya-marchenko-svezhiy-veter-mtsvane-mtsvane-kahetinskiy-beloe-suhoe-135,detect
dataset/uploads_root/prod-svoe-vino-strapi/prod-svoe-vino/strapi/uploads/imenie_sikory_semeynoe_nasledie_kaberne_sovinon_krasnoe_suhoe_vyderzhannoe_14_acacce2336.webp,imenie-sikory-semeynoe-nasledie-kaberne-sovinon-krasnoe-suhoe-14,detect
dataset/uploads_root/prod-svoe-vino-strapi/prod-svoe-vino/strapi/uploads/alma_valley_semilon_beloe_suhoe_135_12953499e0.webp,alma-valley-semilon-beloe-suhoe-135,detect
dataset/uploads_root/prod-svoe-vino-strapi/prod-svoe-vino/strapi/uploads/vinodelnya_myshako_semilon_aligote_reserve_beloe_suhoe_126_f332895d20.webp,vinodelnya-myshako-semilon-aligote-reserve-beloe-suhoe-126,detect
dataset/uploads_root/prod-svoe-vino-strapi/prod-svoe-vino/strapi/uploads/Semilon_rezerv_376b6f0b84.webp,perovskih_semilion_reserv,detect
dataset/uploads_root/prod-svoe-vino-strapi/prod-svoe-vino/strapi/uploads/belbek_semilon_rezerv_beloe_suhoe_127_64909a173d.webp,belbek-semilon-rezerv-beloe-suhoe-127,detect
dataset/uploads_root/prod-svoe-vino-strapi/prod-svoe-vino/strapi/uploads/domaine_de_la_vivandiere_senso_roze_rozovoe_suhoe_126_1beb87273d.webp,domaine-de-la-vivandiere-senso-roze-rozovoe-suhoe-126,detect
dataset/uploads_root/prod-svoe-vino-strapi/prod-svoe-vino/strapi/uploads/dacha_serdyuka_sibirkovyy_beloe_suhoe_135_c7ad6452b8.webp,dacha-serdyuka-sibirkovyy-beloe-suhoe-135,detect
dataset/uploads_root/prod-svoe-vino-strapi/prod-svoe-vino/strapi/uploads/vinodelnya_vedernikov_sibirkovyy_beloe_suhoe_11_1b751f8d90.webp,vinodelnya-vedernikov-sibirkovyy-beloe-suhoe-11,detect
dataset/uploads_root/prod-svoe-vino-strapi/prod-svoe-vino/strapi/uploads/blagolyubov_sibirkovyy_beloe_suhoe_115_9194769ec7.webp,blagolyubov-sibirkovyy-beloe-suhoe-115,detect
dataset/uploads_root/prod-svoe-vino-strapi/prod-svoe-vino/strapi/uploads/domaine_de_la_vivandiere_sibirkovyy_sur_lies_beloe_suhoe_121_536caa1f6a.webp,domaine-de-la-vivandiere-sibirkovyy-sur-lies-beloe-suhoe-121,detect
dataset/uploads_root/prod-svoe-vino-strapi/prod-svoe-vino/strapi/uploads/dacha_serdyuka_sibirkovyy_oranzh_beloe_suhoe_135_5f7489325e.webp,dacha-serdyuka-sibirkovyy-oranzh-beloe-suhoe-135,detect
dataset/uploads_root/prod-svoe-vino-strapi/prod-svoe-vino/strapi/uploads/domaine_de_la_vivandiere_sibirkovyy_fresh_beloe_suhoe_125_39e6be90f5.webp,domaine-de-la-vivandiere-sibirkovyy-fresh-beloe-suhoe-125,detect
dataset/uploads_root/prod-svoe-vino-strapi/prod-svoe-vino/strapi/uploads/vinodelnya_vedernikov_sibirkovyy_ekstra_bryut_beloe_117_5f7d82bd4f.webp,vinodelnya-vedernikov-sibirkovyy-ekstra-bryut-beloe-117,detect
dataset/uploads_root/prod-svoe-vino-strapi/prod-svoe-vino/strapi/uploads/vinodelnya_vedernikov_sibirkovyy_aligote_beloe_bryut_117_e6cc15c360.webp,vinodelnya-vedernikov-sibirkovyy-aligote-beloe-bryut-117,detect
dataset/uploads_root/prod-svoe-vino-strapi/prod-svoe-vino/strapi/uploads/viktor_stashko_sira_krasnoe_suhoe_14_65be06bbd0.webp,viktor-stashko-sira-krasnoe-suhoe-14,detect
dataset/uploads_root/prod-svoe-vino-strapi/prod-svoe-vino/strapi/uploads/bakla_vines_sira_krasnoe_suhoe_135_1d09e35f1b.webp,bakla-vines-sira-krasnoe-suhoe-135,detect
dataset/uploads_root/prod-svoe-vino-strapi/prod-svoe-vino/strapi/uploads/sira_c4aea6abdf.webp,sira,detect
dataset/uploads_root/prod-svoe-vino-strapi/prod-svoe-vino/strapi/uploads/chateau_cachalot_sira_krasnoe_suhoe_12_dce15be016.webp,chateau-cachalot-sira-krasnoe-suhoe-12,detect
dataset/uploads_root/prod-svoe-vino-strapi/prod-svoe-vino/strapi/uploads/gavras_sira_krasnoe_suhoe_135_2d49e01dbe.webp,gavras-sira-krasnoe-suhoe-135,detect
dataset/uploads_root/prod-svoe-vino-strapi/prod-svoe-vino/strapi/uploads/vinodelnya_myshako_sira_marselan_kyuve_krasnoe_suhoe_136_3d66d5fcee.webp,vinodelnya-myshako-sira-marselan-kyuve-krasnoe-suhoe-136,detect
dataset/uploads_root/prod-svoe-vino-strapi/prod-svoe-vino/strapi/uploads/a_gordienko_m_nikolaev_sira_nuvo_krasnoe_suhoe_115_3eff431cec.webp,a-gordienko-m-nikolaev-sira-nuvo-krasnoe-suhoe-115,detect
dataset/uploads_root/prod-svoe-vino-strapi/prod-svoe-vino/strapi/uploads/belbek_sira_rezerv_krasnoe_suhoe_132_ad3192b478.webp,belbek-sira-rezerv-krasnoe-suhoe-132,detect
dataset/uploads_root/prod-svoe-vino-strapi/prod-svoe-vino/strapi/uploads/4826_N_Ndc2f_W_Photoroom_276188e83c.webp,mantra-estate-sira-roze-rozovoe-suhoe-12,detect
dataset/uploads_root/prod-svoe-vino-strapi/prod-svoe-vino/strapi/uploads/valeriy_zaharin_sira_valeriy_zaharin_krasnoe_polusladkoe_125_7c99c350d3.webp,valeriy-zaharin-sira-valeriy-zaharin-krasnoe-polusladkoe-125,detect
dataset/uploads_root/prod-svoe-vino-strapi/prod-svoe-vino/strapi/uploads/vinodelnya_krinitsa_sirakyuz_krasnoe_suhoe_13_6baebf9c06.webp,vinodelnya-krinitsa-sirakyuz-krasnoe-suhoe-13,detect
dataset/uploads_root/prod-svoe-vino-strapi/prod-svoe-vino/strapi/uploads/Skalistyj_bereg_shepot_czvetov_belyj_e9d550f01e.webp,skalistyj-bereg-shepot-czvetov,detect
dataset/uploads_root/prod-svoe-vino-strapi/prod-svoe-vino/strapi/uploads/skalistyy_bereg_skalistyy_bereg_kaberne_sovinon_krasnoe_suhoe_15_cea238d7d4.webp,skalistyy-bereg-skalistyy-bereg-kaberne-sovinon-krasnoe-suhoe-15,detect
dataset/uploads_root/prod-svoe-vino-strapi/prod-svoe-vino/strapi/uploads/skalistyy_bereg_skalistyy_bereg_kaberne_fran_krasnoe_suhoe_15_c77f61a917.webp,skalistyy-bereg-skalistyy-bereg-kaberne-fran-krasnoe-suhoe-15,detect
dataset/uploads_root/prod-svoe-vino-strapi/prod-svoe-vino/strapi/uploads/skalistyy_bereg_skalistyy_bereg_krasnaya_kniga_glava_1_kaberne_sovinon_krasnoe_suhoe_147_39262cfce3.webp,skalistyy-bereg-skalistyy-bereg-krasnaya-kniga-glava-1-kaberne-sovinon-krasnoe-suhoe-147,detect
dataset/uploads_root/prod-svoe-vino-strapi/prod-svoe-vino/strapi/uploads/skalistyy_bereg_skalistyy_bereg_krasnaya_kniga_glava_2_merlo_krasnoe_suhoe_15_02f408f3ee.webp,skalistyy-bereg-skalistyy-bereg-krasnaya-kniga-glava-2-merlo-krasnoe-suhoe-15,detect
dataset/uploads_root/prod-svoe-vino-strapi/prod-svoe-vino/strapi/uploads/skalistyy_bereg_skalistyy_bereg_krasnostop_zolotovskiy_krasnoe_suhoe_133_b9963f6e31.webp,skalistyy-bereg-skalistyy-bereg-krasnostop-zolotovskiy-krasnoe-suhoe-133,detect
dataset/uploads_root/prod-svoe-vino-strapi/prod-svoe-vino/strapi/uploads/skalistyy_bereg_skalistyy_bereg_pino_nuar_krasnoe_suhoe_13_de628e1d94.webp,skalistyy-bereg-skalistyy-bereg-pino-nuar-krasnoe-suhoe-13,detect
dataset/uploads_root/prod-svoe-vino-strapi/prod-svoe-vino/strapi/uploads/skalistyy_bereg_skalistyy_bereg_risling_beloe_suhoe_113_ced8bab54b.webp,skalistyy-bereg-skalistyy-bereg-risling-beloe-suhoe-113,detect
dataset/uploads_root/prod-svoe-vino-strapi/prod-svoe-vino/strapi/uploads/skalistyy_bereg_skalistyy_bereg_sovinon_blan_beloe_suhoe_12_1f7736e007.webp,skalistyy-bereg-skalistyy-bereg-sovinon-blan-beloe-suhoe-12,detect
dataset/uploads_root/prod-svoe-vino-strapi/prod-svoe-vino/strapi/uploads/skalistyy_bereg_skalistyy_bereg_shardone_beloe_suhoe_135_bd7a802212.webp,skalistyy-bereg-skalistyy-bereg-shardone-beloe-suhoe-135,detect
dataset/uploads_root/prod-svoe-vino-strapi/prod-svoe-vino/strapi/uploads/shato_ay_danil_skarlatto_da_sole_saperavi_krasnoe_polusladkoe_13_78a066b92d.webp,shato-ay-danil-skarlatto-da-sole-saperavi-krasnoe-polusladkoe-13,detect
dataset/uploads_root/prod-svoe-vino-strapi/prod-svoe-vino/strapi/uploads/skalistyy_bereg_skb_blan_de_nuar_pino_nuar_beloe_ekstra_bryut_118_7f63c74351.webp,skalistyy-bereg-skb-blan-de-nuar-pino-nuar-beloe-ekstra-bryut-118,detect
dataset/uploads_root/prod-svoe-vino-strapi/prod-svoe-vino/strapi/uploads/skalistyy_bereg_skb_roze_pino_nuar_beloe_ekstra_bryut_122_aa1fe454b7.webp,skalistyy-bereg-skb-roze-pino-nuar-beloe-ekstra-bryut-122,detect
dataset/uploads_root/prod-svoe-vino-strapi/prod-svoe-vino/strapi/uploads/product_4_ceb84c1474.webp,twopeters_sauvignon,detect
dataset/uploads_root/prod-svoe-vino-strapi/prod-svoe-vino/strapi/uploads/vinodelnya_uzunov_sovinon_blan_beloe_suhoe_125_9fd4593469.webp,vinodelnya-uzunov-sovinon-blan-beloe-suhoe-125,detect
dataset/uploads_root/prod-svoe-vino-strapi/prod-svoe-vino/strapi/uploads/golubitskoe_estate_sovinon_blan_beloe_suhoe_11_7236a859ce.webp,golubitskoe-estate-sovinon-blan-beloe-suhoe-11,detect
dataset/uploads_root/prod-svoe-vino-strapi/prod-svoe-vino/strapi/uploads/alma_valley_sovinon_blan_beloe_suhoe_14_a30a0144ff.webp,alma-valley-sovinon-blan-beloe-suhoe-14,detect
dataset/uploads_root/prod-svoe-vino-strapi/prod-svoe-vino/strapi/uploads/belbek_sovinon_blan_beloe_suhoe_12_f6ebdcced9.webp,belbek-sovinon-blan-beloe-suhoe-12,detect
dataset/uploads_root/prod-svoe-vino-strapi/prod-svoe-vino/strapi/uploads/chateau_andre_sovinon_blan_beloe_suhoe_13_fb031c925c.webp,chateau-andre-sovinon-blan-beloe-suhoe-13,detect
dataset/uploads_root/prod-svoe-vino-strapi/prod-svoe-vino/strapi/uploads/villa_sofiya_sovinon_blan_beloe_suhoe_14_bbafb2e342.webp,villa-sofiya-sovinon-blan-beloe-suhoe-14,detect
dataset/uploads_root/prod-svoe-vino-strapi/prod-svoe-vino/strapi/uploads/esse_sovinon_blan_beloe_suhoe_12_399b808abd.webp,esse-sovinon-blan-beloe-suhoe-12,detect
dataset/uploads_root/prod-svoe-vino-strapi/prod-svoe-vino/strapi/uploads/denisov_winery_sovinon_blan_beloe_suhoe_115_7ed31606ab.webp,denisov-winery-sovinon-blan-beloe-suhoe-115,detect
dataset/uploads_root/prod-svoe-vino-strapi/prod-svoe-vino/strapi/uploads/mantra_estate_sauvignon_blanc_sovinon_blan_beloe_suhoe_133_6e18218bcb.webp,mantra-estate-sauvignon-blanc-sovinon-blan-beloe-suhoe-133,detect
dataset/uploads_root/prod-svoe-vino-strapi/prod-svoe-vino/strapi/uploads/v2r_sovinon_blan_beloe_suhoe_13_89a35badfd.webp,v2r-sovinon-blan-beloe-suhoe-13,detect
dataset/uploads_root/prod-svoe-vino-strapi/prod-svoe-vino/strapi/uploads/blagolyubov_sovinon_blan_beloe_suhoe_125_c0d0a71248.webp,blagolyubov-sovinon-blan-beloe-suhoe-125,detect
dataset/uploads_root/prod-svoe-vino-strapi/prod-svoe-vino/strapi/uploads/villa_sofiya_sovinon_blan_beloe_suhoe_123_1e42c3ad84.webp,villa-sofiya-sovinon-blan-beloe-suhoe-123,detect
dataset/uploads_root/prod-svoe-vino-strapi/prod-svoe-vino/strapi/uploads/levokumskoe_sovinon_blan_beloe_suhoe_10_e7db3ad179.webp,levokumskoe-sovinon-blan-beloe-suhoe-10,detect
dataset/uploads_root/prod-svoe-vino-strapi/prod-svoe-vino/strapi/uploads/dubinin_winery_sovinon_blan_beloe_suhoe_12_18c78bf838.webp,dubinin-winery-sovinon-blan-beloe-suhoe-12,detect
dataset/uploads_root/prod-svoe-vino-strapi/prod-svoe-vino/strapi/uploads/donskoe_vinodelcheskoe_hozyaystvo_elbuzd_sovinon_blan_beloe_suhoe_12_1e0d005870.webp,donskoe-vinodelcheskoe-hozyaystvo-elbuzd-sovinon-blan-beloe-suhoe-12,detect
dataset/uploads_root/prod-svoe-vino-strapi/prod-svoe-vino/strapi/uploads/vaynkraft_sovinon_blan_beloe_suhoe_13_869a6fba08.webp,vaynkraft-sovinon-blan-beloe-suhoe-13,detect
dataset/uploads_root/prod-svoe-vino-strapi/prod-svoe-vino/strapi/uploads/domaine_lipko_sovinon_blan_beloe_suhoe_118_239115924a.webp,domaine-lipko-sovinon-blan-beloe-suhoe-118,detect
dataset/uploads_root/prod-svoe-vino-strapi/prod-svoe-vino/strapi/uploads/vinodelnya_myshako_sovinon_blan_beloe_suhoe_122_6cfa0eec2c.webp,vinodelnya-myshako-sovinon-blan-beloe-suhoe-122,detect
dataset/uploads_root/prod-svoe-vino-strapi/prod-svoe-vino/strapi/uploads/SOVINON_BLAN_Photoroom_2b8f44157c.webp,orlov_sauvignon_blan,detect
dataset/uploads_root/prod-svoe-vino-strapi/prod-svoe-vino/strapi/uploads/sov_blan_c03a466980.webp,sovinon-blan-krasnaya-gorka,detect
dataset/uploads_root/prod-svoe-vino-strapi/prod-svoe-vino/strapi/uploads/shato_pino_sovinon_blan_semilon_beloe_suhoe_115_907eca8d40.webp,shato-pino-sovinon-blan-semilon-beloe-suhoe-115,detect
dataset/uploads_root/prod-svoe-vino-strapi/prod-svoe-vino/strapi/uploads/vinodelnya_myshako_sovinon_blan_vione_kyuve_beloe_suhoe_125_f4446c2fcb.webp,vinodelnya-myshako-sovinon-blan-vione-kyuve-beloe-suhoe-125,detect
dataset/uploads_root/prod-svoe-vino-strapi/prod-svoe-vino/strapi/uploads/ferrum_winery_sovinon_blan_blush_beloe_suhoe_104_f62ecc27db.webp,ferrum-winery-sovinon-blan-blush-beloe-suhoe-104,detect
dataset/uploads_root/prod-svoe-vino-strapi/prod-svoe-vino/strapi/uploads/gunko_winery_sovinon_blan_gunko_winery_beloe_suhoe_135_018fec8f4b.webp,gunko-winery-sovinon-blan-gunko-winery-beloe-suhoe-135,detect
dataset/uploads_root/prod-svoe-vino-strapi/prod-svoe-vino/strapi/uploads/vinodelnya_myshako_sovinon_blan_mode_cold_style_beloe_suhoe_122_dedad7f0ba.webp,vinodelnya-myshako-sovinon-blan-mode-cold-style-beloe-suhoe-122,detect
dataset/uploads_root/prod-svoe-vino-strapi/prod-svoe-vino/strapi/uploads/vinodelnya_myshako_sovinon_blan_mode_petnat_petnat_bryut_belyy_12_80b3ff02e8.webp,vinodelnya-myshako-sovinon-blan-mode-petnat-beloe-bryut-12,detect
dataset/uploads_root/prod-svoe-vino-strapi/prod-svoe-vino/strapi/uploads/vinodelnya_myshako_sovinon_blan_kyuve_beloe_suhoe_134_2227c5fdb9.webp,vinodelnya-myshako-sovinon-blan-kyuve-beloe-suhoe-134,detect
dataset/uploads_root/prod-svoe-vino-strapi/prod-svoe-vino/strapi/uploads/alma_valley_sovinon_blan_rezerv_beloe_suhoe_14_67049e90d5.webp,alma-valley-sovinon-blan-rezerv-beloe-suhoe-14,detect
dataset/uploads_root/prod-svoe-vino-strapi/prod-svoe-vino/strapi/uploads/uppa_winery_sovinon_blan_rezerva_beloe_suhoe_12_76ba88a2a6.webp,uppa-winery-sovinon-blan-rezerva-beloe-suhoe-12,detect
dataset/uploads_root/prod-svoe-vino-strapi/prod-svoe-vino/strapi/uploads/imenie_sikory_sovinon_blan_sikory_beloe_suhoe_13_534c3bb3a0.webp,imenie-sikory-sovinon-blan-sikory-beloe-suhoe-13,detect
dataset/uploads_root/prod-svoe-vino-strapi/prod-svoe-vino/strapi/uploads/esse_sovinon_blan_fyume_beloe_suhoe_128_a32349f7e3.webp,esse-sovinon-blan-fyume-beloe-suhoe-128,detect
dataset/uploads_root/prod-svoe-vino-strapi/prod-svoe-vino/strapi/uploads/vinodelnya_myshako_sovinon_blan_blanc_out_beloe_suhoe_138_c0104a89b6.webp,vinodelnya-myshako-sovinon-blan-blanc-out-beloe-suhoe-138,detect
dataset/uploads_root/prod-svoe-vino-strapi/prod-svoe-vino/strapi/uploads/vinodelnya_myshako_sovinon_blan_avtorskaya_tehnologiya_mono_beloe_suhoe_128_1cb66bac07.webp,vinodelnya-myshako-sovinon-blan-avtorskaya-tehnologiya-mono-beloe-suhoe-128,detect
dataset/uploads_root/prod-svoe-vino-strapi/prod-svoe-vino/strapi/uploads/valeriy_zaharin_sovinon_blan_valeriy_zaharin_beloe_polusladkoe_105_8aec03d544.webp,valeriy-zaharin-sovinon-blan-valeriy-zaharin-beloe-polusladkoe-105,detect
dataset/uploads_root/prod-svoe-vino-strapi/prod-svoe-vino/strapi/uploads/vinodelnya_pokrovskaya_sovinon_blan_pokrovskoe_beloe_suhoe_12_7798c623a3.webp,vinodelnya-pokrovskaya-sovinon-blan-pokrovskoe-beloe-suhoe-12,detect
dataset/uploads_root/prod-svoe-vino-strapi/prod-svoe-vino/strapi/uploads/imenie_sikory_sovinon_blan_semeynyy_rezerv_beloe_suhoe_13_8902a3f131.webp,imenie-sikory-sovinon-blan-semeynyy-rezerv-beloe-suhoe-13,detect
dataset/uploads_root/prod-svoe-vino-strapi/prod-svoe-vino/strapi/uploads/vinodelnya_uzunov_sovinon_kukuoba_sovinon_blan_beloe_ekstra_bryut_12_afc1102ff2.webp,vinodelnya-uzunov-sovinon-kukuoba-sovinon-blan-beloe-ekstra-bryut-12,detect
dataset/uploads_root/prod-svoe-vino-strapi/prod-svoe-vino/strapi/uploads/vinodelnya_myshako_sovinon_semilon_kyuve_sovinon_blan_beloe_suhoe_132_46f2609e02.webp,vinodelnya-myshako-sovinon-semilon-kyuve-sovinon-blan-beloe-suhoe-132,detect
dataset/uploads_root/prod-svoe-vino-strapi/prod-svoe-vino/strapi/uploads/valeriy_zaharin_sovinon_valeriy_zaharin_beloe_polusladkoe_125_8494e4a11e.webp,valeriy-zaharin-sovinon-valeriy-zaharin-beloe-polusladkoe-125,detect
dataset/uploads_root/prod-svoe-vino-strapi/prod-svoe-vino/strapi/uploads/usadba_divnomorskoe_solist_marselan_rozovoe_suhoe_115_a73776de13.webp,usadba-divnomorskoe-solist-marselan-rozovoe-suhoe-115,detect
dataset/uploads_root/prod-svoe-vino-strapi/prod-svoe-vino/strapi/uploads/Solnechnaya_Dolina_meganom_kokur_0084a50e59.webp,solnechnaya-dolina-meganom-kokur-beloe-bryut,detect
dataset/uploads_root/prod-svoe-vino-strapi/prod-svoe-vino/strapi/uploads/usadba_divnomorskoe_solnechnyy_veter_shardone_beloe_suhoe_125_28a7d7de96.webp,usadba-divnomorskoe-solnechnyy-veter-shardone-beloe-suhoe-125,detect
dataset/uploads_root/prod-svoe-vino-strapi/prod-svoe-vino/strapi/uploads/alma_valley_solntse_vozduh_vinograd_sira_shiraz_rozovoe_polusladkoe_12_ace425804f.webp,alma-valley-solntse-vozduh-vinograd-sira-shiraz-rozovoe-polusladkoe-12,detect
dataset/uploads_root/prod-svoe-vino-strapi/prod-svoe-vino/strapi/uploads/alma_valley_solntse_vozduh_vinograd_sira_shiraz_krasnoe_polusuhoe_135_7cd3395fb2.webp,alma-valley-solntse-vozduh-vinograd-sira-shiraz-krasnoe-polusuhoe-135,detect
dataset/uploads_root/prod-svoe-vino-strapi/prod-svoe-vino/strapi/uploads/alma_valley_solntse_vozduh_vinograd_merlo_krasnoe_polusladkoe_14_6111b648a4.webp,alma-valley-solntse-vozduh-vinograd-merlo-krasnoe-polusladkoe-14,detect
dataset/uploads_root/prod-svoe-vino-strapi/prod-svoe-vino/strapi/uploads/alma_valley_solntse_vozduh_vinograd_shardone_beloe_polusuhoe_13_532db72561.webp,alma-valley-solntse-vozduh-vinograd-shardone-beloe-polusuhoe-13,detect
dataset/uploads_root/prod-svoe-vino-strapi/prod-svoe-vino/strapi/uploads/alma_valley_solntse_vozduh_vinograd_kokur_beloe_polusladkoe_13_e1b2a15be1.webp,alma-valley-solntse-vozduh-vinograd-kokur-beloe-polusladkoe-13,detect
dataset/uploads_root/prod-svoe-vino-strapi/prod-svoe-vino/strapi/uploads/nesterov_winery_solyaris_beloe_suhoe_14_634dc705f3.webp,nesterov-winery-solyaris-beloe-suhoe-14,detect
dataset/uploads_root/prod-svoe-vino-strapi/prod-svoe-vino/strapi/uploads/DSC_00842_e6a43cbc3d.webp,sosedi-aligote-shardone-2025,detect
dataset/uploads_root/prod-svoe-vino-strapi/prod-svoe-vino/strapi/uploads/soyuz_vino_soyuz_vino_evropak_shiraz_krasnoe_polusladkoe_11_80fd7e408c.webp,soyuz-vino-soyuz-vino-evropak-shiraz-krasnoe-polusladkoe-11,detect
dataset/uploads_root/prod-svoe-vino-strapi/prod-svoe-vino/strapi/uploads/soyuz_vino_soyuz_vino_izabella_krasnoe_polusladkoe_11_1abeea2193.webp,soyuz-vino-soyuz-vino-izabella-krasnoe-polusladkoe-11,detect
dataset/uploads_root/prod-svoe-vino-strapi/prod-svoe-vino/strapi/uploads/soyuz_vino_soyuz_vino_izabella_beg_in_boks_krasnoe_polusladkoe_11_57877fa333.webp,soyuz-vino-soyuz-vino-izabella-beg-in-boks-krasnoe-polusladkoe-11,detect
dataset/uploads_root/prod-svoe-vino-strapi/prod-svoe-vino/strapi/uploads/soyuz_vino_soyuz_vino_kaberne_sovinon_krasnoe_suhoe_12_323dad351f.webp,soyuz-vino-soyuz-vino-kaberne-sovinon-krasnoe-suhoe-12,detect
dataset/uploads_root/prod-svoe-vino-strapi/prod-svoe-vino/strapi/uploads/soyuz_vino_soyuz_vino_kaberne_sovinon_beg_in_boks_krasnoe_suhoe_11_a2b1e169b2.webp,soyuz-vino-soyuz-vino-kaberne-sovinon-beg-in-boks-krasnoe-suhoe-11,detect
dataset/uploads_root/prod-svoe-vino-strapi/prod-svoe-vino/strapi/uploads/soyuz_vino_soyuz_vino_kaberne_sovinon_polusladkoe_beg_in_boks_krasnoe_12_848ced18a2.webp,soyuz-vino-soyuz-vino-kaberne-sovinon-polusladkoe-beg-in-boks-krasnoe-12,detect
dataset/uploads_root/prod-svoe-vino-strapi/prod-svoe-vino/strapi/uploads/soyuz_vino_soyuz_vino_muskat_beloe_polusladkoe_11_31c63dac6f.webp,soyuz-vino-soyuz-vino-muskat-beloe-polusladkoe-11,detect
dataset/uploads_root/prod-svoe-vino-strapi/prod-svoe-vino/strapi/uploads/soyuz_vino_soyuz_vino_muskat_beg_in_boks_beloe_polusladkoe_11_c04d62fb2c.webp,soyuz-vino-soyuz-vino-muskat-beg-in-boks-beloe-polusladkoe-11,detect
dataset/uploads_root/prod-svoe-vino-strapi/prod-svoe-vino/strapi/uploads/soyuz_vino_soyuz_vino_shardone_beloe_polusladkoe_beg_in_boks_12_f0024228a1.webp,soyuz-vino-soyuz-vino-shardone-beloe-polusladkoe-beg-in-boks-12,detect
dataset/uploads_root/prod-svoe-vino-strapi/prod-svoe-vino/strapi/uploads/soyuz_vino_soyuz_vino_shardone_suhoe_beloe_11_ea78298986.webp,soyuz-vino-soyuz-vino-shardone-suhoe-beloe-11,detect
dataset/uploads_root/prod-svoe-vino-strapi/prod-svoe-vino/strapi/uploads/soyuz_vino_soyuz_vino_shardone_suhoe_beg_in_boks_beloe_11_d970c9b11d.webp,soyuz-vino-soyuz-vino-shardone-suhoe-beg-in-boks-beloe-11,detect
dataset/uploads_root/prod-svoe-vino-strapi/prod-svoe-vino/strapi/uploads/blagolyubov_stanichnoe_stanichnyy_beloe_suhoe_12_eef92e6059.webp,blagolyubov-stanichnoe-stanichnyy-beloe-suhoe-12,detect
dataset/uploads_root/prod-svoe-vino-strapi/prod-svoe-vino/strapi/uploads/usadba_mezyb_staraya_doroga_na_dzhanhot_kaberne_sovinon_krasnoe_suhoe_vyderzhannoe_144_6130c0ed6d.webp,usadba-mezyb-staraya-doroga-na-dzhanhot-kaberne-sovinon-krasnoe-suhoe-144,detect
dataset/uploads_root/prod-svoe-vino-strapi/prod-svoe-vino/strapi/uploads/usadba_mezyb_staraya_doroga_na_dzhanhot_kaberne_sovinon_kaberne_fran_krasnoe_suhoe_144_2792094341.webp,usadba-mezyb-staraya-doroga-na-dzhanhot-kaberne-sovinon-kaberne-fran-krasnoe-suhoe-144,detect
dataset/uploads_root/prod-svoe-vino-strapi/prod-svoe-vino/strapi/uploads/Frizante_beloe_suhoe_2f45164bc4.webp,suhoe-beloe-zb-vajn-frizzante,detect
dataset/uploads_root/prod-svoe-vino-strapi/prod-svoe-vino/strapi/uploads/vinodelnya_zhakov_tavkveri_escape_krasnoe_suhoe_117_b6800294d6.webp,vinodelnya-zhakov-tavkveri-escape-krasnoe-suhoe-117,detect
dataset/uploads_root/prod-svoe-vino-strapi/prod-svoe-vino/strapi/uploads/valeriy_zaharin_tangovoe_manto_pino_nuar_krasnoe_suhoe_13_a0df9308e1.webp,valeriy-zaharin-tangovoe-manto-pino-nuar-krasnoe-suhoe-13,detect
dataset/uploads_root/prod-svoe-vino-strapi/prod-svoe-vino/strapi/uploads/valeriy_zaharin_tangovoe_manto_sovinon_sovinon_blan_beloe_suhoe_125_e437fbd64f.webp,valeriy-zaharin-tangovoe-manto-sovinon-sovinon-blan-beloe-suhoe-125,detect
dataset/uploads_root/prod-svoe-vino-strapi/prod-svoe-vino/strapi/uploads/product_6_df359266e6.webp,twopeters_tandem,detect
dataset/uploads_root/prod-svoe-vino-strapi/prod-svoe-vino/strapi/uploads/alma_valley_tba_sovinon_sovinon_blan_beloe_sladkoe_75_571c20333f.webp,alma-valley-tba-sovinon-sovinon-blan-beloe-sladkoe-75,detect
dataset/uploads_root/prod-svoe-vino-strapi/prod-svoe-vino/strapi/uploads/Temelion_Blan_de_blan_1_bce05cbf71.webp,temelion-blanc-de-blancs,detect
dataset/uploads_root/prod-svoe-vino-strapi/prod-svoe-vino/strapi/uploads/Temelion_Bryut_1_a8d14c7360.webp,avtorskij-gid-artura-sarkisyana,detect
dataset/uploads_root/prod-svoe-vino-strapi/prod-svoe-vino/strapi/uploads/Temelion_Bryut_roze_1_a6d6d4234d.webp,temelion-bryut-roze,detect
dataset/uploads_root/prod-svoe-vino-strapi/prod-svoe-vino/strapi/uploads/le_k2_temnaya_roza_sira_rozovoe_suhoe_13_80e154d18a.webp,le-k2-temnaya-roza-sira-rozovoe-suhoe-13,detect
dataset/uploads_root/prod-svoe-vino-strapi/prod-svoe-vino/strapi/uploads/vinodelnya_myshako_tempranilo_rozovoe_suhoe_134_090941fd8c.webp,vinodelnya-myshako-tempranilo-rozovoe-suhoe-134,detect
dataset/uploads_root/prod-svoe-vino-strapi/prod-svoe-vino/strapi/uploads/alma_valley_tempranilo_krasnoe_suhoe_13_9f66826c6d.webp,alma-valley-tempranilo-krasnoe-suhoe-13,detect
dataset/uploads_root/prod-svoe-vino-strapi/prod-svoe-vino/strapi/uploads/alma_valley_tempranilo_rezerv_krasnoe_suhoe_14_36d4dbc6c0.webp,alma-valley-tempranilo-rezerv-krasnoe-suhoe-14,detect
dataset/uploads_root/prod-svoe-vino-strapi/prod-svoe-vino/strapi/uploads/soyuz_vino_terra_pia_kaldera_blend_risling_reynskiy_beloe_suhoe_11_0a3230fc09.webp,soyuz-vino-terra-pia-kaldera-blend-risling-reynskiy-beloe-suhoe-11,detect
dataset/uploads_root/prod-svoe-vino-strapi/prod-svoe-vino/strapi/uploads/soyuz_vino_terra_pia_lava_blend_merlo_krasnoe_suhoe_12_8c211b3368.webp,soyuz-vino-terra-pia-lava-blend-merlo-krasnoe-suhoe-12,detect
dataset/uploads_root/prod-svoe-vino-strapi/prod-svoe-vino/strapi/uploads/shato_ay_danil_tokkata_saperavi_krasnoe_suhoe_14_195c22982f.webp,shato-ay-danil-tokkata-saperavi-krasnoe-suhoe-14,detect
dataset/uploads_root/prod-svoe-vino-strapi/prod-svoe-vino/strapi/uploads/fanagoriya_tochka_saperavi_krasnoe_suhoe_14_85b003f862.webp,fanagoriya-tochka-saperavi-krasnoe-suhoe-14,detect
dataset/uploads_root/prod-svoe-vino-strapi/prod-svoe-vino/strapi/uploads/vaynkraft_traminer_traminer_rozovyy_beloe_suhoe_14_7301148f29.webp,vaynkraft-traminer-traminer-rozovyy-beloe-suhoe-14,detect
dataset/uploads_root/prod-svoe-vino-strapi/prod-svoe-vino/strapi/uploads/chateau_andre_traminer_beloe_suhoe_135_56ed4fb5e5.webp,chateau-andre-traminer-beloe-suhoe-135,detect
dataset/uploads_root/prod-svoe-vino-strapi/prod-svoe-vino/strapi/uploads/alma_valley_traminer_beloe_suhoe_125_535f55a570.webp,alma-valley-traminer-beloe-suhoe-125,detect
dataset/uploads_root/prod-svoe-vino-strapi/prod-svoe-vino/strapi/uploads/zmv_koktebel_traminer_desertnoe_beloe_sladkoe_16_be1e195feb.webp,zmv-koktebel-traminer-desertnoe-beloe-sladkoe-16,detect
dataset/uploads_root/prod-svoe-vino-strapi/prod-svoe-vino/strapi/uploads/vaynkraft_traminer_oranzh_traminer_rozovyy_oranzhevoe_suhoe_125_8a46ea97b3.webp,vaynkraft-traminer-oranzh-traminer-rozovyy-oranzhevoe-suhoe-125,detect
dataset/uploads_root/prod-svoe-vino-strapi/prod-svoe-vino/strapi/uploads/vaynkraft_traminer_oranzh_2_traminer_rozovyy_oranzhevoe_suhoe_125_3c507d40ce.webp,vaynkraft-traminer-oranzh-2-traminer-rozovyy-oranzhevoe-suhoe-125,detect
dataset/uploads_root/prod-svoe-vino-strapi/prod-svoe-vino/strapi/uploads/valeriy_zaharin_traminer_burlyuk_traminer_rozovyy_beloe_suhoe_135_229b0c4d18.webp,valeriy-zaharin-traminer-burlyuk-traminer-rozovyy-beloe-suhoe-135,detect
dataset/uploads_root/prod-svoe-vino-strapi/prod-svoe-vino/strapi/uploads/valeriy_zaharin_traminer_valeriy_zaharin_traminer_rozovyy_beloe_polusladkoe_105_8a6a05ec27.webp,valeriy-zaharin-traminer-valeriy-zaharin-traminer-rozovyy-beloe-polusladkoe-105,detect
dataset/uploads_root/prod-svoe-vino-strapi/prod-svoe-vino/strapi/uploads/shato_ay_danil_tramonto_kaberne_sovinon_krasnoe_suhoe_vyderzhannoe_14_63541d946c.webp,shato-ay-danil-tramonto-kaberne-sovinon-krasnoe-suhoe-14,detect
dataset/uploads_root/prod-svoe-vino-strapi/prod-svoe-vino/strapi/uploads/sober_bash_trezvaya_golova_kaberne_fran_krasnostop_krasnoe_suhoe_13_c95bc5ed9d.webp,sober-bash-trezvaya-golova-kaberne-fran-krasnostop-krasnoe-suhoe-13,detect
dataset/uploads_root/prod-svoe-vino-strapi/prod-svoe-vino/strapi/uploads/sober_bash_trezvaya_golova_risling_risling_reynskiy_beloe_suhoe_10_146c313d41.webp,sober-bash-trezvaya-golova-risling-risling-reynskiy-beloe-suhoe-10,detect
dataset/uploads_root/prod-svoe-vino-strapi/prod-svoe-vino/strapi/uploads/sober_bash_trezvaya_golova_rkatsiteli_beloe_suhoe_12_511c1cd6b2.webp,sober-bash-trezvaya-golova-rkatsiteli-beloe-suhoe-12,detect
dataset/uploads_root/prod-svoe-vino-strapi/prod-svoe-vino/strapi/uploads/sober_bash_trezvaya_golova_rozovoe_krasnostop_zolotovskiy_suhoe_115_7f51424925.webp,sober-bash-trezvaya-golova-rozovoe-krasnostop-zolotovskiy-suhoe-115,detect
dataset/uploads_root/prod-svoe-vino-strapi/prod-svoe-vino/strapi/uploads/sober_bash_trezvaya_golova_saperavi_krasnoe_suhoe_14_496206d9ee.webp,sober-bash-trezvaya-golova-saperavi-krasnoe-suhoe-14,detect
dataset/uploads_root/prod-svoe-vino-strapi/prod-svoe-vino/strapi/uploads/sober_bash_trezvaya_golova_sibirkovyypino_gri_beloe_suhoe_11_a02eb5c6fc.webp,sober-bash-trezvaya-golova-sibirkovyypino-gri-beloe-suhoe-11,detect
dataset/uploads_root/prod-svoe-vino-strapi/prod-svoe-vino/strapi/uploads/sober_bash_trezvaya_golova_tsimlyanskiygolubok_tsimlyanskiy_chernyy_krasnoe_suhoe_135_e92fe32066.webp,sober-bash-trezvaya-golova-tsimlyanskiygolubok-tsimlyanskiy-chernyy-krasnoe-suhoe-135,detect
dataset/uploads_root/prod-svoe-vino-strapi/prod-svoe-vino/strapi/uploads/stn_winery_trio_aligote_beloe_suhoe_13_6adf0dafd2.webp,stn-winery-trio-aligote-beloe-suhoe-13,detect
dataset/uploads_root/prod-svoe-vino-strapi/prod-svoe-vino/strapi/uploads/villa_sofiya_trio_beloe_risling_beloe_suhoe_123_c103bafa84.webp,villa-sofiya-trio-beloe-risling-suhoe-123,detect
dataset/uploads_root/prod-svoe-vino-strapi/prod-svoe-vino/strapi/uploads/villa_sofiya_trio_beloe_risling_beloe_suhoe_12_3473512487.webp,villa-sofiya-trio-beloe-risling-suhoe-12,detect
dataset/uploads_root/prod-svoe-vino-strapi/prod-svoe-vino/strapi/uploads/villa_sofiya_trio_krasnoe_merlo_krasnoe_suhoe_135_618c5541cf.webp,villa-sofiya-trio-krasnoe-merlo-suhoe-135,detect
dataset/uploads_root/prod-svoe-vino-strapi/prod-svoe-vino/strapi/uploads/villa_sofiya_trio_roze_pino_nuar_rozovoe_suhoe_14_3aa85a2cd3.webp,villa-sofiya-trio-roze-pino-nuar-rozovoe-suhoe-14,detect
dataset/uploads_root/prod-svoe-vino-strapi/prod-svoe-vino/strapi/uploads/chateau_de_talu_uroki_frantsuzskogo_shardone_beloe_suhoe_124_70debdc553.webp,chateau-de-talu-uroki-frantsuzskogo-shardone-beloe-suhoe-124,detect
dataset/uploads_root/prod-svoe-vino-strapi/prod-svoe-vino/strapi/uploads/chateau_de_talu_uroki_frantsuzskogo_sovinon_blan_beloe_suhoe_115_19393490fe.webp,chateau-de-talu-uroki-frantsuzskogo-sovinon-blan-beloe-suhoe-115,detect
dataset/uploads_root/prod-svoe-vino-strapi/prod-svoe-vino/strapi/uploads/chateau_de_talu_uroki_frantsuzskogo_kaberne_sovinon_krasnoe_suhoe_14_026f1c021d.webp,chateau-de-talu-uroki-frantsuzskogo-kaberne-sovinon-krasnoe-suhoe-14,detect
dataset/uploads_root/prod-svoe-vino-strapi/prod-svoe-vino/strapi/uploads/chateau_de_talu_uroki_frantsuzskogo_kaberne_fran_krasnoe_suhoe_14_742f3fe735.webp,chateau-de-talu-uroki-frantsuzskogo-kaberne-fran-krasnoe-suhoe-14,detect
dataset/uploads_root/prod-svoe-vino-strapi/prod-svoe-vino/strapi/uploads/chateau_de_talu_uroki_frantsuzskogo_krasnostop_krasnostop_anapskiy_krasnoe_suhoe_145_a9d5ec3ff6.webp,chateau-de-talu-uroki-frantsuzskogo-krasnostop-krasnostop-anapskiy-krasnoe-suhoe-145,detect
dataset/uploads_root/prod-svoe-vino-strapi/prod-svoe-vino/strapi/uploads/chateau_de_talu_uroki_frantsuzskogo_merlo_krasnoe_suhoe_147_2d728f9e11.webp,chateau-de-talu-uroki-frantsuzskogo-merlo-krasnoe-suhoe-147,detect
dataset/uploads_root/prod-svoe-vino-strapi/prod-svoe-vino/strapi/uploads/chateau_de_talu_uroki_frantsuzskogo_sira_krasnoe_suhoe_13_333740f907.webp,chateau-de-talu-uroki-frantsuzskogo-sira-krasnoe-suhoe-13,detect
dataset/uploads_root/prod-svoe-vino-strapi/prod-svoe-vino/strapi/uploads/usadba_mezyb_usadba_mezyb_vione_beloe_suhoe_118_dad4ef03e7.webp,usadba-mezyb-usadba-mezyb-vione-beloe-suhoe-118,detect
dataset/uploads_root/prod-svoe-vino-strapi/prod-svoe-vino/strapi/uploads/usadba_mezyb_usadba_mezyb_kaberne_sovinon_krasnoe_suhoe_143_d2e714e112.webp,usadba-mezyb-usadba-mezyb-kaberne-sovinon-krasnoe-suhoe-143,detect
dataset/uploads_root/prod-svoe-vino-strapi/prod-svoe-vino/strapi/uploads/usadba_mezyb_usadba_mezyb_kaberne_sovinon_kaberne_fran_merlo_krasnoe_suhoe_148_f747c194c8.webp,usadba-mezyb-usadba-mezyb-kaberne-sovinon-kaberne-fran-merlo-krasnoe-suhoe-148,detect
dataset/uploads_root/prod-svoe-vino-strapi/prod-svoe-vino/strapi/uploads/usadba_mezyb_usadba_mezyb_kaberne_fran_krasnoe_suhoe_145_4dea0aa5d1.webp,usadba-mezyb-usadba-mezyb-kaberne-fran-krasnoe-suhoe-145,detect
dataset/uploads_root/prod-svoe-vino-strapi/prod-svoe-vino/strapi/uploads/usadba_mezyb_usadba_mezyb_krasnostop_saperavi_krasnoe_suhoe_127_0cb8c6f5a1.webp,usadba-mezyb-usadba-mezyb-krasnostop-saperavi-krasnoe-suhoe-127,detect
dataset/uploads_root/prod-svoe-vino-strapi/prod-svoe-vino/strapi/uploads/usadba_mezyb_usadba_mezyb_merlo_krasnoe_suhoe_15_3d15fa2782.webp,usadba-mezyb-usadba-mezyb-merlo-krasnoe-suhoe-15,detect
dataset/uploads_root/prod-svoe-vino-strapi/prod-svoe-vino/strapi/uploads/usadba_mezyb_usadba_mezyb_roze_kaberne_sovinon_rozovoe_suhoe_135_2f934883da.webp,usadba-mezyb-usadba-mezyb-roze-kaberne-sovinon-rozovoe-suhoe-135,detect
dataset/uploads_root/prod-svoe-vino-strapi/prod-svoe-vino/strapi/uploads/usadba_mezyb_usadba_mezyb_roze_kaberne_fran_rozovoe_suhoe_143_6187bd1515.webp,usadba-mezyb-usadba-mezyb-roze-kaberne-fran-rozovoe-suhoe-143,detect
dataset/uploads_root/prod-svoe-vino-strapi/prod-svoe-vino/strapi/uploads/usadba_mezyb_usadba_mezyb_shardone_beloe_suhoe_125_f8982d7f16.webp,usadba-mezyb-usadba-mezyb-shardone-beloe-suhoe-125,detect
dataset/uploads_root/prod-svoe-vino-strapi/prod-svoe-vino/strapi/uploads/bogovich_wine_vineyard_faina_sovinon_zelenyy_beloe_suhoe_113_8384005071.webp,bogovich-wine-vineyard-faina-sovinon-zelenyy-beloe-suhoe-113,detect
dataset/uploads_root/prod-svoe-vino-strapi/prod-svoe-vino/strapi/uploads/Fanagrriya_polusladkoe_30637d1cb8.webp,fanagoriya-beloe-polusladkoe,detect
dataset/uploads_root/prod-svoe-vino-strapi/prod-svoe-vino/strapi/uploads/Fanagoriya_bryut_beloe_ona_skazala_da_7be00b028a.webp,fanagoriya-ona-skazala-da-beloe-bryut,detect
dataset/uploads_root/prod-svoe-vino-strapi/prod-svoe-vino/strapi/uploads/Fanagoriya_beloe_polusladkoe_ona_skazala_da_5ed0a48dfd.webp,fanagoriya-ona-skazala-da-beloe-polusladkoe,detect
dataset/uploads_root/prod-svoe-vino-strapi/prod-svoe-vino/strapi/uploads/fanagoriya_fanagoriya_sakra_sennoy_krasnostop_krasnoe_suhoe_135_f22347e4bd.webp,fanagoriya-fanagoriya-sakra-sennoy-krasnostop-krasnoe-suhoe-135,detect
dataset/uploads_root/prod-svoe-vino-strapi/prod-svoe-vino/strapi/uploads/f_Kq_In_Kw3d7b_LF_Oe_Fn_M_Gnh_Ktuh_Vl_Vjof_M3_Qaag_F_Bw_K_Wmvlyd_Gu_Q_Cp8tk_DOW_Pz1_Jf_Pnx7c_HG_Dn_X_Wt_Q_y1y7_Xu_Mfg0e_I_Qs5g_Tmt8_XG_4on_i36r8npum_ZHI_4mid_Pd_Whec_Nq_412368f0b0.webp,fanagoriya-fanagoriya-hey-bey-shardone-beloe-suhoe-13,detect
dataset/uploads_root/prod-svoe-vino-strapi/prod-svoe-vino/strapi/uploads/fanagoriya_fanagoriya_blanc_de_blancs_beloe_iz_belogo_shardone_igristoe_bryut_beloe_11_13_2387906571.webp,fanagoriya-fanagoriya-blanc-de-blancs-beloe-iz-belogo-shardone-igristoe-bryut-beloe-11-13,detect
dataset/uploads_root/prod-svoe-vino-strapi/prod-svoe-vino/strapi/uploads/fanagoriya_fanagoriya_blanc_de_noirs_beloe_iz_chyornogo_merlo_igristoe_bryut_beloe_11_13_a4d16b3226.webp,fanagoriya-fanagoriya-blanc-de-noirs-beloe-iz-chyornogo-merlo-igristoe-bryut-beloe-11-13,detect
dataset/uploads_root/prod-svoe-vino-strapi/prod-svoe-vino/strapi/uploads/fanagoriya_fanagoriya_rose_de_noirs_roze_de_nuar_merlo_igristoe_bryut_rozovoe_11_13_b3db75f16b.webp,fanagoriya-fanagoriya-rose-de-noirs-roze-de-nuar-merlo-igristoe-bryut-rozovoe-11-13,detect
dataset/uploads_root/prod-svoe-vino-strapi/prod-svoe-vino/strapi/uploads/fanagoriya_fanagoriya_bryut_beloe_sovinon_blan_igristoe_bryut_beloe_11_13_3b08e056cc.webp,fanagoriya-fanagoriya-bryut-beloe-sovinon-blan-igristoe-bryut-beloe-11-13,detect
dataset/uploads_root/prod-svoe-vino-strapi/prod-svoe-vino/strapi/uploads/fanagoriya_fanagoriya_bryut_rozovoe_sovinon_blan_igristoe_bryut_rozovoe_11_13_88695c0088.webp,fanagoriya-fanagoriya-bryut-rozovoe-sovinon-blan-igristoe-bryut-rozovoe-11-13,detect
dataset/uploads_root/prod-svoe-vino-strapi/prod-svoe-vino/strapi/uploads/fanagoriya_fanagoriya_polusladkoe_rozovoe_sovinon_blan_krasnoe_11_13_f19a8f122b.webp,fanagoriya-fanagoriya-polusladkoe-rozovoe-sovinon-blan-krasnoe-11-13,detect
dataset/uploads_root/prod-svoe-vino-strapi/prod-svoe-vino/strapi/uploads/vinodelnya_vedernikov_fantom_3070_krasnostop_zolotovskiy_krasnoe_suhoe_145_6c9dfe89bd.webp,vinodelnya-vedernikov-fantom-3070-krasnostop-zolotovskiy-krasnoe-suhoe-145,detect
dataset/uploads_root/prod-svoe-vino-strapi/prod-svoe-vino/strapi/uploads/vinodelnya_vedernikov_fantom_5050_krasnostop_zolotovskiy_krasnoe_suhoe_145_54e6aa9638.webp,vinodelnya-vedernikov-fantom-5050-krasnostop-zolotovskiy-krasnoe-suhoe-145,detect
dataset/uploads_root/prod-svoe-vino-strapi/prod-svoe-vino/strapi/uploads/vinodelnya_vedernikov_fantom_7030_krasnostop_zolotovskiy_krasnoe_suhoe_15_4431943ad0.webp,vinodelnya-vedernikov-fantom-7030-krasnostop-zolotovskiy-krasnoe-suhoe-15,detect
dataset/uploads_root/prod-svoe-vino-strapi/prod-svoe-vino/strapi/uploads/nikolaev_i_synovya_festeliya_pti_verdo_krasnoe_suhoe_135_981644d9ad.webp,nikolaev-i-synovya-festeliya-pti-verdo-krasnoe-suhoe-135,detect
data/refs/petnat_fioletovyj_platform.webp,fioletovyj-rannij-petnat,detect
dataset/uploads_root/prod-svoe-vino-strapi/prod-svoe-vino/strapi/uploads/nikolaev_i_synovya_flamingo_malbek_rozovoe_suhoe_125_d400bce4be.webp,nikolaev-i-synovya-flamingo-malbek-rozovoe-suhoe-125,detect
dataset/uploads_root/prod-svoe-vino-strapi/prod-svoe-vino/strapi/uploads/kuban_vino_flyor_dyu_syud_blan_de_tamane_tsvetochnyy_beloe_suhoe_115_bbb18fb1e2.webp,kuban-vino-flyor-dyu-syud-blan-de-tamane-tsvetochnyy-beloe-suhoe-115,detect
dataset/uploads_root/prod-svoe-vino-strapi/prod-svoe-vino/strapi/uploads/kuban_vino_flyor_dyu_syud_roze_de_tamane_traminer_rozovyy_rozovoe_suhoe_125_7be05745b7.webp,kuban-vino-flyor-dyu-syud-roze-de-tamane-traminer-rozovyy-rozovoe-suhoe-125,detect
dataset/uploads_root/prod-svoe-vino-strapi/prod-svoe-vino/strapi/uploads/kuban_vino_flyor_dyu_syud_ruzh_de_tamane_rubin_golodrigi_krasnoe_suhoe_12_c3a85b7901.webp,kuban-vino-flyor-dyu-syud-ruzh-de-tamane-rubin-golodrigi-krasnoe-suhoe-12,detect
dataset/uploads_root/prod-svoe-vino-strapi/prod-svoe-vino/strapi/uploads/fanagoriya_formula_q_kaberne_sovinon_krasnoe_suhoe_vyderzhannoe_135_9d678f8cd7.webp,fanagoriya-formula-q-kaberne-sovinon-krasnoe-suhoe-135,detect
dataset/uploads_root/prod-svoe-vino-strapi/prod-svoe-vino/strapi/uploads/vinodelnya_zhakov_fresherst_saperavi_krasnoe_suhoe_118_cfbb8e6d1d.webp,vinodelnya-zhakov-fresherst-saperavi-krasnoe-suhoe-118,detect
dataset/uploads_root/prod-svoe-vino-strapi/prod-svoe-vino/strapi/uploads/sober_bash_hihvi_beloe_suhoe_15_bccbba3f0b.webp,sober-bash-hihvi-beloe-suhoe-15,detect
dataset/uploads_root/prod-svoe-vino-strapi/prod-svoe-vino/strapi/uploads/sober_bash_hihvi_amfora_beloe_suhoe_14_188ebf7e8e.webp,sober-bash-hihvi-amfora-beloe-suhoe-14,detect
dataset/uploads_root/prod-svoe-vino-strapi/prod-svoe-vino/strapi/uploads/usadba_divnomorskoe_holodnyy_tuman_risling_beloe_suhoe_115_358dd58eab.webp,usadba-divnomorskoe-holodnyy-tuman-risling-beloe-suhoe-115,detect
dataset/uploads_root/prod-svoe-vino-strapi/prod-svoe-vino/strapi/uploads/chateau_andre_tsvaygelt_tsvaygelt_tamanskiy_rozovoe_suhoe_13_43d1400cf7.webp,chateau-andre-tsvaygelt-tsvaygelt-tamanskiy-rozovoe-suhoe-13,detect
dataset/uploads_root/prod-svoe-vino-strapi/prod-svoe-vino/strapi/uploads/chateau_andre_tsvaygelt_roze_rozovoe_suhoe_13_f31bcaba87.webp,chateau-andre-tsvaygelt-roze-rozovoe-suhoe-13,detect
dataset/uploads_root/prod-svoe-vino-strapi/prod-svoe-vino/strapi/uploads/tempelhof_winery_tsimlyanskiy_chernyy_krasnoe_suhoe_125_31e822d3f0.webp,tempelhof-winery-tsimlyanskiy-chernyy-krasnoe-suhoe-125,detect
dataset/uploads_root/prod-svoe-vino-strapi/prod-svoe-vino/strapi/uploads/vinodelnya_vedernikov_tsimlyanskiy_chernyy_blanc_de_noirs_beloe_bryut_117_eb7b9970f8.webp,vinodelnya-vedernikov-tsimlyanskiy-chernyy-blanc-de-noirs-beloe-bryut-117,detect
dataset/uploads_root/prod-svoe-vino-strapi/prod-svoe-vino/strapi/uploads/domaine_de_la_vivandiere_tsimlyanskiy_chyornyy_ctes_du_don_tsimlyanskiy_chernyy_rozovoe_suhoe_134_1114a4a7ac.webp,domaine-de-la-vivandiere-tsimlyanskiy-chyornyy-ctes-du-don-tsimlyanskiy-chernyy-rozovoe-suhoe-134,detect
dataset/uploads_root/prod-svoe-vino-strapi/prod-svoe-vino/strapi/uploads/vinodelnya_vedernikov_tsimlyanskiy_chernyy_bryut_roze_rozovoe_129_075d159ef0.webp,vinodelnya-vedernikov-tsimlyanskiy-chernyy-bryut-roze-rozovoe-129,detect
dataset/uploads_root/prod-svoe-vino-strapi/prod-svoe-vino/strapi/uploads/vinodelnya_vedernikov_tsimlyanskiy_chernyy_bryut_roze_igristoe_bryut_rozovoe_14_5478e43eff.webp,vinodelnya-vedernikov-tsimlyanskiy-chernyy-bryut-roze-rozovoe-14,detect
dataset/uploads_root/prod-svoe-vino-strapi/prod-svoe-vino/strapi/uploads/vinodelnya_vedernikov_tsimlyanskiy_chernyy_rezerv_krasnoe_suhoe_145_c7141a2860.webp,vinodelnya-vedernikov-tsimlyanskiy-chernyy-rezerv-krasnoe-suhoe-145,detect
dataset/uploads_root/prod-svoe-vino-strapi/prod-svoe-vino/strapi/uploads/vinodelnya_vedernikov_tsimlyanskiy_chernyy_rozovyy_rozovoe_suhoe_125_c3e94b0098.webp,vinodelnya-vedernikov-tsimlyanskiy-chernyy-rozovyy-rozovoe-suhoe-125,detect
dataset/uploads_root/prod-svoe-vino-strapi/prod-svoe-vino/strapi/uploads/Czimlyanskoe_beloe_bryut_7d785ea2e3.webp,czimlyanskoe-beloe-bryut,detect
dataset/uploads_root/prod-svoe-vino-strapi/prod-svoe-vino/strapi/uploads/Czimlyanskoe_beloe_polusladkoe_5c7026a82e.webp,czimlyanskoe-beloe-polusladkoe,detect
dataset/uploads_root/prod-svoe-vino-strapi/prod-svoe-vino/strapi/uploads/Czimlyanskoe_Bianka_beloe_04a59b0f1e.webp,czimlyanskoe-bianka,detect
dataset/uploads_root/prod-svoe-vino-strapi/prod-svoe-vino/strapi/uploads/tsimlyanskie_vina_tsimlyanskoe_kaberne_sovinon_ekstra_bryut_rozovoe_igristoe_ekstra_bryut_rozovoe_13_e418623638.webp,tsimlyanskie-vina-tsimlyanskoe-kaberne-sovinon-ekstra-bryut-rozovoe-13,detect
dataset/uploads_root/prod-svoe-vino-strapi/prod-svoe-vino/strapi/uploads/Czimlyanskoe_Risling_cea1a80937.webp,czimlyanskoe-risling,detect
dataset/uploads_root/prod-svoe-vino-strapi/prod-svoe-vino/strapi/uploads/Screenshot_20_74ce4e5bae.webp,czitronnyj-magaracha,detect
dataset/uploads_root/prod-svoe-vino-strapi/prod-svoe-vino/strapi/uploads/denisov_winery_tsitron_tsitronnyy_magaracha_beloe_suhoe_112_6a56776856.webp,denisov-winery-tsitron-tsitronnyy-magaracha-beloe-suhoe-112,detect
dataset/uploads_root/prod-svoe-vino-strapi/prod-svoe-vino/strapi/uploads/bakla_vines_tsitron_krymskiy_tsitronnyy_magaracha_beloe_suhoe_118_3e272f0bb2.webp,bakla-vines-tsitron-krymskiy-tsitronnyy-magaracha-beloe-suhoe-118,detect
dataset/uploads_root/prod-svoe-vino-strapi/prod-svoe-vino/strapi/uploads/denisov_winery_tsitron_oranzh_tsitronnyy_magaracha_oranzhevoe_suhoe_105_3d8bed58d0.webp,denisov-winery-tsitron-oranzh-tsitronnyy-magaracha-oranzhevoe-suhoe-105,detect
dataset/uploads_root/prod-svoe-vino-strapi/prod-svoe-vino/strapi/uploads/Chernaya_Lvicza_d00f4b1f84.webp,chernaya-lvicza-polusladkoe-krasnoe,detect
dataset/uploads_root/prod-svoe-vino-strapi/prod-svoe-vino/strapi/uploads/vinodelnya_myshako_chernoe_iz_krasnogo_appassimento_kaberne_sovinon_krasnoe_polusuhoe_15_4a7481518e.webp,vinodelnya-myshako-chernoe-iz-krasnogo-appassimento-kaberne-sovinon-krasnoe-polusuhoe-15,detect
dataset/uploads_root/prod-svoe-vino-strapi/prod-svoe-vino/strapi/uploads/vinodelnya_myshako_chernoe_iz_chernogo_appassimento_kaberne_sovinon_krasnoe_suhoe_15_19d090caca.webp,vinodelnya-myshako-chernoe-iz-chernogo-appassimento-kaberne-sovinon-krasnoe-suhoe-15,detect
dataset/uploads_root/prod-svoe-vino-strapi/prod-svoe-vino/strapi/uploads/solnechnaya_dolina_chernyy_doktor_solnechnoy_doliny_ekim_kara_krasnoe_likernoe_vyderzhannoe_16_baf328c18e.webp,solnechnaya-dolina-chernyy-doktor-solnechnoy-doliny-ekim-kara-krasnoe-sladkoe-16,detect
dataset/uploads_root/prod-svoe-vino-strapi/prod-svoe-vino/strapi/uploads/solnechnaya_dolina_chernyy_polkovnik_odesskiy_chernyy_krasnoe_likernoe_vyderzhannoe_175_bf68a8677f.webp,solnechnaya-dolina-chernyy-polkovnik-odesskiy-chernyy-krasnoe-sladkoe-175,detect
dataset/uploads_root/prod-svoe-vino-strapi/prod-svoe-vino/strapi/uploads/zolotaya_balka_chernyy_prints_shardone_igristoe_ekstra_bryut_beloe_12_30208d11d0.webp,zolotaya-balka-chernyy-prints-shardone-beloe-ekstra-bryut-12,detect
dataset/uploads_root/prod-svoe-vino-strapi/prod-svoe-vino/strapi/uploads/vinodelnya_myshako_chernyy_udar_marselan_krasnoe_suhoe_162_0fb37b486f.webp,vinodelnya-myshako-chernyy-udar-marselan-krasnoe-suhoe-162,detect
dataset/uploads_root/prod-svoe-vino-strapi/prod-svoe-vino/strapi/uploads/valeriy_zaharin_chetyre_tsveta_bastardo_bastardo_magarachskiy_krasnoe_suhoe_115_ed7714b616.webp,valeriy-zaharin-chetyre-tsveta-bastardo-bastardo-magarachskiy-krasnoe-suhoe-115,detect
dataset/uploads_root/prod-svoe-vino-strapi/prod-svoe-vino/strapi/uploads/shato_pino_sovinon_blan_shardone_beloe_suhoe_115_6ed714d69b.webp,shato-pino-shantazh-sovinon-blan-shardone-beloe-suhoe-115,detect
dataset/uploads_root/prod-svoe-vino-strapi/prod-svoe-vino/strapi/uploads/mantra_estate_chardonnay_shardone_beloe_suhoe_135_e2abc2ee63.webp,mantra-estate-chardonnay-shardone-beloe-suhoe-135,detect
dataset/uploads_root/prod-svoe-vino-strapi/prod-svoe-vino/strapi/uploads/vinodelnya_myshako_shardone_beloe_suhoe_123_1b8c3d331b.webp,vinodelnya-myshako-shardone-beloe-suhoe-123,detect
dataset/uploads_root/prod-svoe-vino-strapi/prod-svoe-vino/strapi/uploads/vinodelnya_myshako_shardone_beloe_suhoe_145_f46654064b.webp,vinodelnya-myshako-shardone-beloe-suhoe-145,detect
dataset/uploads_root/prod-svoe-vino-strapi/prod-svoe-vino/strapi/uploads/PU_Sjv7dn_M_Nil_H25_TO_9_Bcb_Ibf_SU_67q_XP_Tkd6_Y5_OIE_T_Oc_QS_Ua_S_2_C_87ope9zes_Jn82p4_L47_By9_VO_Gsbunuo_Ug_9aa6ca9ebe.webp,shardone-1,detect
dataset/uploads_root/prod-svoe-vino-strapi/prod-svoe-vino/strapi/uploads/product_2_03f0763593.webp,twopeters_shardone,detect
dataset/uploads_root/prod-svoe-vino-strapi/prod-svoe-vino/strapi/uploads/zmv_koktebel_shardone_beloe_suhoe_12_99fb11b6c4.webp,zmv-koktebel-shardone-beloe-suhoe-12,detect
dataset/uploads_root/prod-svoe-vino-strapi/prod-svoe-vino/strapi/uploads/villa_sofiya_shardone_beloe_suhoe_14_000dc1947a.webp,villa-sofiya-shardone-beloe-suhoe-14,detect
dataset/uploads_root/prod-svoe-vino-strapi/prod-svoe-vino/strapi/uploads/nikolaev_i_synovya_shardone_beloe_suhoe_125_2df587fd35.webp,nikolaev-i-synovya-shardone-beloe-suhoe-125,detect
dataset/uploads_root/prod-svoe-vino-strapi/prod-svoe-vino/strapi/uploads/shardo_krasnaya_gorka_92a45bb183.webp,shardone-2,detect
dataset/uploads_root/prod-svoe-vino-strapi/prod-svoe-vino/strapi/uploads/alma_valley_shardone_beloe_suhoe_135_c577ccd0a1.webp,alma-valley-shardone-beloe-suhoe-135,detect
dataset/uploads_root/prod-svoe-vino-strapi/prod-svoe-vino/strapi/uploads/donskoe_vinodelcheskoe_hozyaystvo_elbuzd_shardone_beloe_suhoe_13_4dc735a9ed.webp,donskoe-vinodelcheskoe-hozyaystvo-elbuzd-shardone-beloe-suhoe-13,detect
dataset/uploads_root/prod-svoe-vino-strapi/prod-svoe-vino/strapi/uploads/loco_cimbali_shardone_beloe_suhoe_127_c026078677.webp,loco-cimbali-shardone-beloe-suhoe-127,detect
dataset/uploads_root/prod-svoe-vino-strapi/prod-svoe-vino/strapi/uploads/chateau_andre_shardone_beloe_suhoe_13_daddc9dfbf.webp,chateau-andre-shardone-beloe-suhoe-13,detect
dataset/uploads_root/prod-svoe-vino-strapi/prod-svoe-vino/strapi/uploads/rem_akchurin_shardone_igristoe_bryut_beloe_14_9075497818.webp,rem-akchurin-shardone-beloe-bryut-14,detect
dataset/uploads_root/prod-svoe-vino-strapi/prod-svoe-vino/strapi/uploads/Shardone_Semiray_1_0b975120a9.webp,shardone,detect
dataset/uploads_root/prod-svoe-vino-strapi/prod-svoe-vino/strapi/uploads/abrau_dyurso_shardone_beloe_suhoe_vyderzhannoe_13_3fdd6c2c92.webp,abrau-dyurso-shardone-beloe-suhoe-13,detect
dataset/uploads_root/prod-svoe-vino-strapi/prod-svoe-vino/strapi/uploads/abrau_dyurso_shardone_beloe_suhoe_12_9e3d40dd34.webp,abrau-dyurso-shardone-beloe-suhoe-12,detect
dataset/uploads_root/prod-svoe-vino-strapi/prod-svoe-vino/strapi/uploads/vinodelnya_berdyaeva_shardone_beloe_suhoe_125_9f8c4d358a.webp,vinodelnya-berdyaeva-shardone-beloe-suhoe-125,detect
dataset/uploads_root/prod-svoe-vino-strapi/prod-svoe-vino/strapi/uploads/usadba_markoth_shardone_beloe_suhoe_12_d3c526d065.webp,usadba-markoth-shardone-beloe-suhoe-12,detect
dataset/uploads_root/prod-svoe-vino-strapi/prod-svoe-vino/strapi/uploads/shato_pino_shardone_beloe_suhoe_125_5bd8781d7c.webp,shato-pino-shardone-beloe-suhoe-125,detect
dataset/uploads_root/prod-svoe-vino-strapi/prod-svoe-vino/strapi/uploads/shato_pino_shardone_risling_beloe_suhoe_12_537466c828.webp,shato-pino-shardone-risling-beloe-suhoe-12,detect
dataset/uploads_root/prod-svoe-vino-strapi/prod-svoe-vino/strapi/uploads/vinodelnya_myshako_shardone_aligote_kyuve_beloe_suhoe_125_d066e8c407.webp,vinodelnya-myshako-shardone-aligote-kyuve-beloe-suhoe-125,detect
dataset/uploads_root/prod-svoe-vino-strapi/prod-svoe-vino/strapi/uploads/golubitskoe_estate_shardone_noble_selection_barrel_touch_beloe_suhoe_135_306499740f.webp,golubitskoe-estate-shardone-noble-selection-barrel-touch-beloe-suhoe-135,detect
dataset/uploads_root/prod-svoe-vino-strapi/prod-svoe-vino/strapi/uploads/vinodelnya_myshako_shardone_avtorskaya_tehnologiya_beloe_suhoe_155_ddb9b56c41.webp,vinodelnya-myshako-shardone-avtorskaya-tehnologiya-beloe-suhoe-155,detect
dataset/uploads_root/prod-svoe-vino-strapi/prod-svoe-vino/strapi/uploads/shardone_akacziya_a57018f101.webp,shardone-akacziya,detect
dataset/uploads_root/prod-svoe-vino-strapi/prod-svoe-vino/strapi/uploads/Shardone_ada18c9eae.webp,shardone-balaklava,detect
dataset/uploads_root/prod-svoe-vino-strapi/prod-svoe-vino/strapi/uploads/Mokap_shardone_2023_af03bb23ca.webp,shardone-barrel-2023,detect
dataset/uploads_root/prod-svoe-vino-strapi/prod-svoe-vino/strapi/uploads/vinodelnya_myshako_shardone_myshako_grand_rezerv_beloe_suhoe_125_00d560544c.webp,vinodelnya-myshako-shardone-myshako-grand-rezerv-beloe-suhoe-125,detect
dataset/uploads_root/prod-svoe-vino-strapi/prod-svoe-vino/strapi/uploads/esse_shardone_otbornoe_beloe_suhoe_12_3b070fa772.webp,esse-shardone-otbornoe-beloe-suhoe-12,detect
dataset/uploads_root/prod-svoe-vino-strapi/prod-svoe-vino/strapi/uploads/alma_valley_shardone_rezerv_beloe_suhoe_14_e93f9dbbf9.webp,alma-valley-shardone-rezerv-beloe-suhoe-14,detect
dataset/uploads_root/prod-svoe-vino-strapi/prod-svoe-vino/strapi/uploads/PU_Sjv7dn_M_Nil_H25_TO_9_Bcb_Hkhy9_G_Pz_I7_Uik_Trjq_Au_OFZ_YN_4_SE_Pto_I_Mm_Biu_J5iq0y_In803bn9p7xk_Fdrk_Wgmf5_A_229f378cb8.webp,shardone-rezerv,detect
dataset/uploads_root/prod-svoe-vino-strapi/prod-svoe-vino/strapi/uploads/vinodelnya_uzunov_shardone_rezerv_beloe_suhoe_135_80bc6fe151.webp,vinodelnya-uzunov-shardone-rezerv-beloe-suhoe-135,detect
dataset/uploads_root/prod-svoe-vino-strapi/prod-svoe-vino/strapi/uploads/golubitskoe_estate_shardone_rezerv_beloe_suhoe_135_3694507d1e.webp,golubitskoe-estate-shardone-rezerv-beloe-suhoe-135,detect
dataset/uploads_root/prod-svoe-vino-strapi/prod-svoe-vino/strapi/uploads/chateau_de_talu_shardone_rezerv_beloe_suhoe_13_d15ce11b77.webp,chateau-de-talu-shardone-rezerv-beloe-suhoe-13,detect
dataset/uploads_root/prod-svoe-vino-strapi/prod-svoe-vino/strapi/uploads/alma_valley_shardone_rezerv_beloe_suhoe_vyderzhannoe_135_3c92719654.webp,alma-valley-shardone-rezerv-beloe-suhoe-135,detect
dataset/uploads_root/prod-svoe-vino-strapi/prod-svoe-vino/strapi/uploads/pomeste_golubitskoe_shardone_rezerv_beloe_suhoe_vyderzhannoe_132_ae66b69665.webp,pomeste-golubitskoe-shardone-rezerv-beloe-suhoe-132,detect
dataset/uploads_root/prod-svoe-vino-strapi/prod-svoe-vino/strapi/uploads/imenie_sikory_shardone_sikory_beloe_suhoe_13_5bf321c065.webp,imenie-sikory-shardone-sikory-beloe-suhoe-13,detect
dataset/uploads_root/prod-svoe-vino-strapi/prod-svoe-vino/strapi/uploads/20260617_071051_Photoroom_58ca3070a8.webp,jd_winery_shardone,detect
dataset/uploads_root/prod-svoe-vino-strapi/prod-svoe-vino/strapi/uploads/vinodelnya_zhakov_shardone_eskeyp_beloe_suhoe_12_5ce6664768.webp,vinodelnya-zhakov-shardone-eskeyp-beloe-suhoe-12,detect
dataset/uploads_root/prod-svoe-vino-strapi/prod-svoe-vino/strapi/uploads/Screenshot_28_0955570164.webp,shardone-premium,detect
dataset/uploads_root/prod-svoe-vino-strapi/prod-svoe-vino/strapi/uploads/imenie_sikory_shardone_semeynyy_rezerv_beloe_suhoe_13_35f37fda1f.webp,imenie-sikory-shardone-semeynyy-rezerv-beloe-suhoe-13,detect
dataset/uploads_root/prod-svoe-vino-strapi/prod-svoe-vino/strapi/uploads/shato_pino_blash_pino_gri_rozovoe_suhoe_12_fda693e9ed.webp,shato-pino-shary-kolduna-blash-pino-gri-rozovoe-suhoe-12,detect
dataset/uploads_root/prod-svoe-vino-strapi/prod-svoe-vino/strapi/uploads/shato_pino_glyu_glyu_vione_krasnoe_suhoe_10_2f2adaea3e.webp,shato-pino-shary-kolduna-glyu-glyu-vione-krasnoe-suhoe-10,detect
dataset/uploads_root/prod-svoe-vino-strapi/prod-svoe-vino/strapi/uploads/shato_pino_kirpichi_prileteli_pino_nuar_krasnoe_suhoe_135_95b923907c.webp,shato-pino-shary-kolduna-kirpichi-prileteli-pino-nuar-krasnoe-suhoe-135,detect
dataset/uploads_root/prod-svoe-vino-strapi/prod-svoe-vino/strapi/uploads/shato_pino_ramato_pino_gri_rozovoe_suhoe_115_f6866f40a1.webp,shato-pino-shary-kolduna-ramato-pino-gri-rozovoe-suhoe-115,detect
dataset/uploads_root/prod-svoe-vino-strapi/prod-svoe-vino/strapi/uploads/shato_pino_topolek_rkatsiteli_beloe_suhoe_125_bb142e4f12.webp,shato-pino-shary-kolduna-topolek-rkatsiteli-beloe-suhoe-125,detect
dataset/uploads_root/prod-svoe-vino-strapi/prod-svoe-vino/strapi/uploads/shato_pino_troynichok_risling_beloe_suhoe_115_3173ff4eb7.webp,shato-pino-shary-koldunatroynichok-risling-beloe-suhoe-115,detect
dataset/uploads_root/prod-svoe-vino-strapi/prod-svoe-vino/strapi/uploads/olymp_winery_shato_belbek_kaberne_kaberne_sovinon_krasnoe_suhoe_11_81b9b798bd.webp,olymp-winery-shato-belbek-kaberne-kaberne-sovinon-krasnoe-suhoe-11,detect
dataset/uploads_root/prod-svoe-vino-strapi/prod-svoe-vino/strapi/uploads/soyuz_vino_shato_de_mongolfer_risling_polusuhoe_beloe_11_Photoroom_3793c3a6d3.webp,soyuz-vino-shato-de-mongolfer-risling-polusuhoe-beloe-11,detect
dataset/uploads_root/prod-svoe-vino-strapi/prod-svoe-vino/strapi/uploads/soyuz_vino_shato_de_mongolfer_shiraz_moellyo_krasnoe_polusladkoe_11_fde68acdc1.webp,soyuz-vino-shato-de-mongolfer-shiraz-moellyo-krasnoe-polusladkoe-11,detect
dataset/uploads_root/prod-svoe-vino-strapi/prod-svoe-vino/strapi/uploads/soyuz_vino_shato_de_mongolfer_shiraz_polusuhoe_krasnoe_11_a657118526.webp,soyuz-vino-shato-de-mongolfer-shiraz-polusuhoe-krasnoe-11,detect
dataset/uploads_root/prod-svoe-vino-strapi/prod-svoe-vino/strapi/uploads/shato_pino_shato_pino_koldun_merlo_krasnoe_suhoe_137_9784a279c6.webp,shato-pino-shato-pino-koldun-merlo-krasnoe-suhoe-137,detect
dataset/uploads_root/prod-svoe-vino-strapi/prod-svoe-vino/strapi/uploads/Shato_Pino_Klassika_Sauvignon_Blanc_ab7c633382.webp,shato-pino-klassika-sauvignon-blanc,detect
dataset/uploads_root/prod-svoe-vino-strapi/prod-svoe-vino/strapi/uploads/kuban_vino_shato_tamane_aligote_beloe_suhoe_13_5af831fbbc.webp,kuban-vino-shato-tamane-aligote-beloe-suhoe-13,detect
dataset/uploads_root/prod-svoe-vino-strapi/prod-svoe-vino/strapi/uploads/Sh_T_Igristoe_0_75_l_2024gu_Normal_Bryut_Beloe_1312c070e0.webp,shato-taman-bryut,detect
dataset/uploads_root/prod-svoe-vino-strapi/prod-svoe-vino/strapi/uploads/Sh_T_Igristoe_0_75_l_2024gu_Normal_Bryut_Rozvoe_aa44c75092.webp,shato-taman-bryut-1,detect
dataset/uploads_root/prod-svoe-vino-strapi/prod-svoe-vino/strapi/uploads/kuban_vino_shato_tamane_delikeyt_roze_2024_bianka_rozovoe_suhoe_95_ba22a88d2e.webp,kuban-vino-shato-tamane-delikeyt-roze-2024-bianka-rozovoe-suhoe-95,detect
dataset/uploads_root/prod-svoe-vino-strapi/prod-svoe-vino/strapi/uploads/Sh_T_Igristoe_0_75_l_2024gu_Normal_Beloe_Polusl_59c8d1f2c5.webp,shato-taman-polusladkoe,detect
dataset/uploads_root/prod-svoe-vino-strapi/prod-svoe-vino/strapi/uploads/kuban_vino_shato_tamane_rezerv_kaberne_limited_edishn_2015_kaberne_sovinon_krasnoe_suhoe_13_ba74d4f88e.webp,kuban-vino-shato-tamane-rezerv-kaberne-limited-edishn-2015-kaberne-sovinon-krasnoe-suhoe-13,detect
dataset/uploads_root/prod-svoe-vino-strapi/prod-svoe-vino/strapi/uploads/kuban_vino_shato_tamane_rezerv_kaberne_limited_edishn_2022_kaberne_sovinon_krasnoe_suhoe_14_93a50f2cf1.webp,kuban-vino-shato-tamane-rezerv-kaberne-limited-edishn-2022-kaberne-sovinon-krasnoe-suhoe-14,detect
dataset/uploads_root/prod-svoe-vino-strapi/prod-svoe-vino/strapi/uploads/kuban_vino_shato_tamane_rezerv_kollekshn_saperavi_2015_krasnoe_suhoe_13_22ef176871.webp,kuban-vino-shato-tamane-rezerv-kollekshn-saperavi-2015-krasnoe-suhoe-13,detect
dataset/uploads_root/prod-svoe-vino-strapi/prod-svoe-vino/strapi/uploads/kuban_vino_shato_tamane_rezerv_kollekshn_shardone_beloe_suhoe_125_94788e57d9.webp,kuban-vino-shato-tamane-rezerv-kollekshn-shardone-beloe-suhoe-125,detect
dataset/uploads_root/prod-svoe-vino-strapi/prod-svoe-vino/strapi/uploads/kuban_vino_shato_tamane_rezerv_krasnostop_krasnostop_anapskiy_krasnoe_suhoe_135_97bb10192f.webp,kuban-vino-shato-tamane-rezerv-krasnostop-krasnostop-anapskiy-krasnoe-suhoe-135,detect
dataset/uploads_root/prod-svoe-vino-strapi/prod-svoe-vino/strapi/uploads/kuban_vino_shato_tamane_rezerv_merlo_limited_edishn_2018_krasnoe_suhoe_125_ca32657ab3.webp,kuban-vino-shato-tamane-rezerv-merlo-limited-edishn-2018-krasnoe-suhoe-125,detect
dataset/uploads_root/prod-svoe-vino-strapi/prod-svoe-vino/strapi/uploads/kuban_vino_shato_tamane_rezerv_myuller_turgau_limited_edishn_beloe_suhoe_13_0155273bff.webp,kuban-vino-shato-tamane-rezerv-myuller-turgau-limited-edishn-beloe-suhoe-13,detect
dataset/uploads_root/prod-svoe-vino-strapi/prod-svoe-vino/strapi/uploads/kuban_vino_shato_tamane_rezerv_myuller_turgau_limited_edishn_2021_beloe_suhoe_12_5454c6baa4.webp,kuban-vino-shato-tamane-rezerv-myuller-turgau-limited-edishn-2021-beloe-suhoe-12,detect
dataset/uploads_root/prod-svoe-vino-strapi/prod-svoe-vino/strapi/uploads/kuban_vino_shato_tamane_rezerv_premer_ruzh_kaberne_sovinon_krasnoe_suhoe_13_e883e5bf18.webp,kuban-vino-shato-tamane-rezerv-premer-ruzh-kaberne-sovinon-krasnoe-suhoe-13,detect
dataset/uploads_root/prod-svoe-vino-strapi/prod-svoe-vino/strapi/uploads/kuban_vino_shato_tamane_rezerv_red_blend_kaberne_sovinon_krasnoe_suhoe_125_6efe35b973.webp,kuban-vino-shato-tamane-rezerv-red-blend-kaberne-sovinon-krasnoe-suhoe-125,detect
dataset/uploads_root/prod-svoe-vino-strapi/prod-svoe-vino/strapi/uploads/kuban_vino_shato_tamane_rkatsiteli_myuller_turgau_shardone_2025_beloe_suhoe_12_a4e548cd8e.webp,kuban-vino-shato-tamane-rkatsiteli-myuller-turgau-shardone-2025-beloe-suhoe-12,detect
dataset/uploads_root/prod-svoe-vino-strapi/prod-svoe-vino/strapi/uploads/kuban_vino_shato_tamane_ruzh_2023_tsvaygelt_krasnoe_suhoe_12_39edda6f34.webp,kuban-vino-shato-tamane-ruzh-2023-tsvaygelt-krasnoe-suhoe-12,detect
dataset/uploads_root/prod-svoe-vino-strapi/prod-svoe-vino/strapi/uploads/kuban_vino_shato_tamane_selekt_oranzh_tsitronnyy_magaracha_oranzhevoe_suhoe_135_4e83f61d0a.webp,kuban-vino-shato-tamane-selekt-oranzh-tsitronnyy-magaracha-oranzhevoe-suhoe-135,detect
dataset/uploads_root/prod-svoe-vino-strapi/prod-svoe-vino/strapi/uploads/kuban_vino_shato_tamane_selekt_ruzh_saperavi_krasnoe_suhoe_125_0e518aaf8c.webp,kuban-vino-shato-tamane-selekt-ruzh-saperavi-krasnoe-suhoe-125,detect
dataset/uploads_root/prod-svoe-vino-strapi/prod-svoe-vino/strapi/uploads/kuban_vino_shato_tamane_terruar_krasnostop_saperavi_2022_krasnoe_suhoe_125_2e0c0b569c.webp,kuban-vino-shato-tamane-terruar-krasnostop-saperavi-2022-krasnoe-suhoe-125,detect
dataset/uploads_root/prod-svoe-vino-strapi/prod-svoe-vino/strapi/uploads/kuban_vino_shato_tamane_terruar_krasnostop_saperavi_2023_krasnoe_suhoe_125_ebc334a55f.webp,kuban-vino-shato-tamane-terruar-krasnostop-saperavi-2023-krasnoe-suhoe-125,detect
dataset/uploads_root/prod-svoe-vino-strapi/prod-svoe-vino/strapi/uploads/kuban_vino_shato_tamane_shardone_beloe_suhoe_12_93dd8fa05c.webp,kuban-vino-shato-tamane-shardone-beloe-suhoe-12,detect
dataset/uploads_root/prod-svoe-vino-strapi/prod-svoe-vino/strapi/uploads/Sh_T_Grape_Dance_blanc_2021_fadfb6ea87.webp,shato-taman-grape-dance,detect
dataset/uploads_root/prod-svoe-vino-strapi/prod-svoe-vino/strapi/uploads/Sh_T_Grape_Dance_rose_2021_284abe2f5b.webp,shato-taman-grape-dance-1,detect
dataset/uploads_root/prod-svoe-vino-strapi/prod-svoe-vino/strapi/uploads/2024gu_Normal_Sh_T_Kaberne_suhoe_krasnoe_0_75_4e3842e06a.webp,shato-taman-kaberne,detect
dataset/uploads_root/prod-svoe-vino-strapi/prod-svoe-vino/strapi/uploads/2024gu_Normal_Sh_T_Kaberene_Sovinon_suh_roz_burgundiya_0_75_44046e83c9.webp,shato-taman-kaberne-sovinon,detect
dataset/uploads_root/prod-svoe-vino-strapi/prod-svoe-vino/strapi/uploads/2024gu_Normal_Sh_T_Krasnostop_suhoe_krasnoe_0_75_99318c8e15.webp,shato-taman-krasnostop,detect
dataset/uploads_root/prod-svoe-vino-strapi/prod-svoe-vino/strapi/uploads/Sh_T_Par_La_Mer_Roze_suh_2024_GU_Normal_83f76a1685.webp,shato-taman-par-la-mer-korall,detect
dataset/uploads_root/prod-svoe-vino-strapi/prod-svoe-vino/strapi/uploads/Sh_T_Par_La_Mer_igristoe_brut_5ff54a7dda.webp,shato-taman-par-la-mer-pino-blan,detect
dataset/uploads_root/prod-svoe-vino-strapi/prod-svoe-vino/strapi/uploads/Sh_T_Par_La_Mer_igristoe_brut_rose_9659a53999.webp,shato-taman-par-la-mer-pino-nuar,detect
dataset/uploads_root/prod-svoe-vino-strapi/prod-svoe-vino/strapi/uploads/Sh_T_Par_La_Mer_Beloe_suh_2024_GU_Normal_717117b640.webp,shato-taman-par-la-mer-sovinon,detect
dataset/uploads_root/prod-svoe-vino-strapi/prod-svoe-vino/strapi/uploads/Sh_T_Par_La_Mer_kras_suh_2024_GU_Normal_5e97b7a0a0.webp,shato-taman-par-la-mer-czvajgelt,detect
dataset/uploads_root/prod-svoe-vino-strapi/prod-svoe-vino/strapi/uploads/2024gu_Normal_Sh_T_Saperavi_suhoe_krasnoe_0_75_4b0f666d71.webp,shato-taman-saperavi,detect
dataset/uploads_root/prod-svoe-vino-strapi/prod-svoe-vino/strapi/uploads/2024gu_Normal_Sh_T_Shardone_suhoe_beloe_0_75_a190db1db4.webp,shato-taman-shardone,detect
dataset/uploads_root/prod-svoe-vino-strapi/prod-svoe-vino/strapi/uploads/andryus_yutsis_shenen_blan_beloe_suhoe_12_88fa29c996.webp,andryus-yutsis-shenen-blan-beloe-suhoe-12,detect
dataset/uploads_root/prod-svoe-vino-strapi/prod-svoe-vino/strapi/uploads/chateau_cachalot_shenen_blan_beloe_suhoe_113_f51452cd7b.webp,chateau-cachalot-shenen-blan-beloe-suhoe-113,detect
dataset/uploads_root/prod-svoe-vino-strapi/prod-svoe-vino/strapi/uploads/aromatnoe_shenen_blan_beloe_suhoe_13_292ec223ed.webp,aromatnoe-shenen-blan-beloe-suhoe-13,detect
dataset/uploads_root/prod-svoe-vino-strapi/prod-svoe-vino/strapi/uploads/esse_shenen_blan_beloe_suhoe_13_98cc04b8dc.webp,esse-shenen-blan-beloe-suhoe-13,detect
dataset/uploads_root/prod-svoe-vino-strapi/prod-svoe-vino/strapi/uploads/skalistyy_bereg_shyopot_tsvetov_risling_beloe_suhoe_109_837159c193.webp,skalistyy-bereg-shyopot-tsvetov-risling-beloe-suhoe-109,detect
dataset/uploads_root/prod-svoe-vino-strapi/prod-svoe-vino/strapi/uploads/soyuz_vino_sheremetevskie_pogreba_beloe_polusladkoe_belye_sorta_vinograda_11_57623452c6.webp,soyuz-vino-sheremetevskie-pogreba-beloe-polusladkoe-belye-sorta-vinograda-11,detect
dataset/uploads_root/prod-svoe-vino-strapi/prod-svoe-vino/strapi/uploads/soyuz_vino_sheremetevskie_pogreba_kaberne_sovinon_krasnoe_suhoe_11_06a2c8cff1.webp,soyuz-vino-sheremetevskie-pogreba-kaberne-sovinon-krasnoe-suhoe-11,detect
dataset/uploads_root/prod-svoe-vino-strapi/prod-svoe-vino/strapi/uploads/soyuz_vino_sheremetevskie_pogreba_krasnoe_polusladkoe_krasnye_sorta_vinograda_11_c720c471ab.webp,soyuz-vino-sheremetevskie-pogreba-krasnoe-polusladkoe-krasnye-sorta-vinograda-11,detect
dataset/uploads_root/prod-svoe-vino-strapi/prod-svoe-vino/strapi/uploads/soyuz_vino_sheremetevskie_pogreba_shardone_beloe_suhoe_11_82e0049185.webp,soyuz-vino-sheremetevskie-pogreba-shardone-beloe-suhoe-11,detect
dataset/uploads_root/prod-svoe-vino-strapi/prod-svoe-vino/strapi/uploads/shato_pino_shiraz_krasnoe_suhoe_14_e2d3fa5636.webp,shato-pino-shiraz-krasnoe-suhoe-14,detect
dataset/uploads_root/prod-svoe-vino-strapi/prod-svoe-vino/strapi/uploads/shato_pino_shiraz_krasnoe_suhoe_135_3332c96e74.webp,shato-pino-shiraz-krasnoe-suhoe-135,detect
dataset/uploads_root/prod-svoe-vino-strapi/prod-svoe-vino/strapi/uploads/alma_valley_shiraz_krasnoe_suhoe_13_cac190e3fc.webp,alma-valley-shiraz-krasnoe-suhoe-13,detect
dataset/uploads_root/prod-svoe-vino-strapi/prod-svoe-vino/strapi/uploads/vinodelnya_myshako_shiraz_krasnoe_suhoe_146_6afc4160e3.webp,vinodelnya-myshako-shiraz-krasnoe-suhoe-146,detect
dataset/uploads_root/prod-svoe-vino-strapi/prod-svoe-vino/strapi/uploads/alma_valley_shiraz_sira_rezerv_krasnoe_suhoe_14_8929b4c449.webp,alma-valley-shiraz-sira-rezerv-krasnoe-suhoe-14,detect
dataset/uploads_root/prod-svoe-vino-strapi/prod-svoe-vino/strapi/uploads/chateau_de_talu_shiraz_rezerv_sira_krasnoe_suhoe_14_86dc2c7da7.webp,chateau-de-talu-shiraz-rezerv-sira-krasnoe-suhoe-14,detect
dataset/uploads_root/prod-svoe-vino-strapi/prod-svoe-vino/strapi/uploads/vinodelnya_myshako_shiraz_black_out_krasnoe_suhoe_152_117767d8a2.webp,vinodelnya-myshako-shiraz-black-out-krasnoe-suhoe-152,detect
dataset/uploads_root/prod-svoe-vino-strapi/prod-svoe-vino/strapi/uploads/usadba_mezyb_shishka_karbonika_kaberne_fran_krasnoe_suhoe_143_b11d2287de.webp,usadba-mezyb-shishka-karbonika-kaberne-fran-krasnoe-suhoe-143,detect
dataset/uploads_root/prod-svoe-vino-strapi/prod-svoe-vino/strapi/uploads/usadba_mezyb_shishka_kupazh_5_kaberne_sovinon_rozovoe_suhoe_133_eb0dc52713.webp,usadba-mezyb-shishka-kupazh-5-kaberne-sovinon-rozovoe-suhoe-133,detect
dataset/uploads_root/prod-svoe-vino-strapi/prod-svoe-vino/strapi/uploads/usadba_mezyb_shishka_merlo_vione_rozovoe_suhoe_125_832d5a0795.webp,usadba-mezyb-shishka-merlo-vione-rozovoe-suhoe-125,detect
dataset/uploads_root/prod-svoe-vino-strapi/prod-svoe-vino/strapi/uploads/usadba_mezyb_shishka_oranzh_shardone_beloe_suhoe_127_3f122c60e4.webp,usadba-mezyb-shishka-oranzh-shardone-beloe-suhoe-127,detect
dataset/uploads_root/prod-svoe-vino-strapi/prod-svoe-vino/strapi/uploads/usadba_mezyb_shishka_pino_nuar_rozovoe_suhoe_115_7e715b2ce7.webp,usadba-mezyb-shishka-pino-nuar-rozovoe-suhoe-115,detect
dataset/uploads_root/prod-svoe-vino-strapi/prod-svoe-vino/strapi/uploads/usadba_mezyb_shishka_saperavi_krasnoe_suhoe_13_63c54300c8.webp,usadba-mezyb-shishka-saperavi-krasnoe-suhoe-13,detect
dataset/uploads_root/prod-svoe-vino-strapi/prod-svoe-vino/strapi/uploads/usadba_mezyb_shishka_sovinon_blan_beloe_suhoe_12_2d7e44f0d9.webp,usadba-mezyb-shishka-sovinon-blan-beloe-suhoe-12,detect
dataset/uploads_root/prod-svoe-vino-strapi/prod-svoe-vino/strapi/uploads/usadba_mezyb_shishka_shenen_blan_beloe_suhoe_13_05b3135709.webp,usadba-mezyb-shishka-shenen-blan-beloe-suhoe-13,detect
dataset/uploads_root/prod-svoe-vino-strapi/prod-svoe-vino/strapi/uploads/usadba_mezyb_shishka_shenen_blan_sovinon_blan_beloe_suhoe_126_3f1e1c2ee1.webp,usadba-mezyb-shishka-shenen-blan-sovinon-blan-beloe-suhoe-126,detect
dataset/uploads_root/prod-svoe-vino-strapi/prod-svoe-vino/strapi/uploads/tempelhof_winery_shpetburgunder_pino_nuar_krasnoe_suhoe_125_e4976d1ffc.webp,tempelhof-winery-shpetburgunder-pino-nuar-krasnoe-suhoe-125,detect
dataset/uploads_root/prod-svoe-vino-strapi/prod-svoe-vino/strapi/uploads/vinodelnya_batrak_shpinel_kaberne_sovinon_rozovoe_suhoe_12_7542903616.webp,vinodelnya-batrak-shpinel-kaberne-sovinon-rozovoe-suhoe-12,detect
dataset/uploads_root/prod-svoe-vino-strapi/prod-svoe-vino/strapi/uploads/seneth_shu_shu_saperavi_rozovoe_suhoe_12_69ec69a17a.webp,seneth-shu-shu-saperavi-rozovoe-suhoe-12,detect
dataset/uploads_root/prod-svoe-vino-strapi/prod-svoe-vino/strapi/uploads/vinodelnya_raevskoe_eklego_krasnoe_tempranilo_krasnoe_suhoe_13_a79d22bf66.webp,vinodelnya-raevskoe-eklego-krasnoe-tempranilo-suhoe-13,detect
dataset/uploads_root/prod-svoe-vino-strapi/prod-svoe-vino/strapi/uploads/villa_di_alma_ekstra_bryut_kokur_igristoe_ekstra_bryut_beloe_125_531725a54a.webp,villa-di-alma-ekstra-bryut-kokur-beloe-125,detect
dataset/uploads_root/prod-svoe-vino-strapi/prod-svoe-vino/strapi/uploads/soyuz_vino_el_krusero_blanko_polusladkoe_belye_sorta_vinograda_beloe_11_52c2589e48.webp,soyuz-vino-el-krusero-blanko-polusladkoe-belye-sorta-vinograda-beloe-11,detect
dataset/uploads_root/prod-svoe-vino-strapi/prod-svoe-vino/strapi/uploads/soyuz_vino_el_krusero_tinto_polusladkoe_krasnye_sorta_vinograda_krasnoe_11_7defea6b0e.webp,soyuz-vino-el-krusero-tinto-polusladkoe-krasnye-sorta-vinograda-krasnoe-11,detect
dataset/uploads_root/prod-svoe-vino-strapi/prod-svoe-vino/strapi/uploads/derbent_vino_endemy_aligote_beloe_bryut_105_125_9c9d02efb2.webp,derbent-vino-endemy-aligote-beloe-bryut-105-125,detect
dataset/uploads_root/prod-svoe-vino-strapi/prod-svoe-vino/strapi/uploads/Endemy_Bianka_7cf66eca8c.webp,igristoe-vino-endemy-bianka-bryut-beloe,detect
dataset/uploads_root/prod-svoe-vino-strapi/prod-svoe-vino/strapi/uploads/Endemy_Kaberne_Sovinon_4c5c1ced59.webp,derbent-vino-endemy-kaberne-sovinon-krasnoe-suhoe-13,detect
dataset/uploads_root/prod-svoe-vino-strapi/prod-svoe-vino/strapi/uploads/derbent_vino_endemy_kaberne_sovinon_rozovoe_bryut_105_125_2b46752cd4.webp,derbent-vino-endemy-kaberne-sovinon-rozovoe-bryut-105-125,detect
dataset/uploads_root/prod-svoe-vino-strapi/prod-svoe-vino/strapi/uploads/TV_Endemy_Kaberne_Sovinon_roz_da300d3d2e.webp,vino-suhoe-rozovoe-endemy-kaberne-sovinon,detect
dataset/uploads_root/prod-svoe-vino-strapi/prod-svoe-vino/strapi/uploads/derbent_vino_endemy_kaberne_fran_krasnoe_suhoe_13_6351c14f55.webp,derbent-vino-endemy-kaberne-fran-krasnoe-suhoe-13,detect
dataset/uploads_root/prod-svoe-vino-strapi/prod-svoe-vino/strapi/uploads/derbent_vino_endemy_merlo_krasnoe_suhoe_13_36ebced038.webp,derbent-vino-endemy-merlo-krasnoe-suhoe-13,detect
dataset/uploads_root/prod-svoe-vino-strapi/prod-svoe-vino/strapi/uploads/Endemy_Pino_Blan_8bad757c21.webp,igristoe-vino-endemy-pino-blan-bryut-beloe,detect
dataset/uploads_root/prod-svoe-vino-strapi/prod-svoe-vino/strapi/uploads/derbent_vino_endemy_pino_nuar_rozovoe_bryut_105_125_d889dc6335.webp,derbent-vino-endemy-pino-nuar-rozovoe-bryut-105-125,detect
dataset/uploads_root/prod-svoe-vino-strapi/prod-svoe-vino/strapi/uploads/derbent_vino_endemy_risling_beloe_bryut_105_125_ab6f76cf0a.webp,derbent-vino-endemy-risling-beloe-bryut-105-125,detect
dataset/uploads_root/prod-svoe-vino-strapi/prod-svoe-vino/strapi/uploads/derbent_vino_endemy_saperavi_krasnoe_suhoe_13_1e6d4109d5.webp,derbent-vino-endemy-saperavi-krasnoe-suhoe-13,detect
dataset/uploads_root/prod-svoe-vino-strapi/prod-svoe-vino/strapi/uploads/TV_Endemy_Saperavi_588c1f136e.webp,vino-suhoe-krasnoe-endemy-saperavi,detect
dataset/uploads_root/prod-svoe-vino-strapi/prod-svoe-vino/strapi/uploads/Endemy_Saperavi_e63474ff4b.webp,endemy-saperavi,detect
dataset/uploads_root/prod-svoe-vino-strapi/prod-svoe-vino/strapi/uploads/derbent_vino_endemy_sovinon_beloe_bryut_105_125_7117449f6c.webp,derbent-vino-endemy-sovinon-beloe-bryut-105-125,detect
dataset/uploads_root/prod-svoe-vino-strapi/prod-svoe-vino/strapi/uploads/TV_Endemy_Sovinon_5c280667ff.webp,vino-suhoe-beloe-endemy-sovinon,detect
dataset/uploads_root/prod-svoe-vino-strapi/prod-svoe-vino/strapi/uploads/derbent_vino_endemy_shardone_beloe_suhoe_13_62a14e694a.webp,derbent-vino-endemy-shardone-beloe-suhoe-13,detect
dataset/uploads_root/prod-svoe-vino-strapi/prod-svoe-vino/strapi/uploads/derbent_vino_endemy_shardone_beloe_bryut_105_125_0050dd60c9.webp,derbent-vino-endemy-shardone-beloe-bryut-105-125,detect
dataset/uploads_root/prod-svoe-vino-strapi/prod-svoe-vino/strapi/uploads/TV_Endemy_Shardone_67f5af65c9.webp,vino-suhoe-beloe-endemy-shardone,detect
dataset/uploads_root/prod-svoe-vino-strapi/prod-svoe-vino/strapi/uploads/chateau_de_talu_enolog_kaberne_sovinon_krasnoe_suhoe_15_a5c6b551a6.webp,chateau-de-talu-enolog-kaberne-sovinon-krasnoe-suhoe-15,detect
dataset/uploads_root/prod-svoe-vino-strapi/prod-svoe-vino/strapi/uploads/vinodelnya_krinitsa_ester_muskat_belyy_beloe_suhoe_12_2658e192ad.webp,vinodelnya-krinitsa-ester-muskat-belyy-beloe-suhoe-12,detect
dataset/uploads_root/prod-svoe-vino-strapi/prod-svoe-vino/strapi/uploads/vinodelnya_krinitsa_ester_muskat_beloe_suhoe_128_949dda1941.webp,vinodelnya-krinitsa-ester-muskat-beloe-suhoe-128,detect
dataset/uploads_root/prod-svoe-vino-strapi/prod-svoe-vino/strapi/uploads/chateau_de_talu_yuzhnaya_vertikal_kaberne_fran_krasnoe_suhoe_142_eb282f09b8.webp,chateau-de-talu-yuzhnaya-vertikal-kaberne-fran-krasnoe-suhoe-142,detect
dataset/uploads_root/prod-svoe-vino-strapi/prod-svoe-vino/strapi/uploads/chateau_de_talu_yuzhnaya_vertikal_kaberne_fran_premium_krasnoe_suhoe_143_fe11f85d85.webp,chateau-de-talu-yuzhnaya-vertikal-kaberne-fran-premium-krasnoe-suhoe-143,detect
dataset/uploads_root/prod-svoe-vino-strapi/prod-svoe-vino/strapi/uploads/chateau_de_talu_yuzhnaya_vertikal_kaberne_fran_rezerv_krasnoe_suhoe_146_9ed8edf81c.webp,chateau-de-talu-yuzhnaya-vertikal-kaberne-fran-rezerv-krasnoe-suhoe-146,detect
dataset/uploads_root/prod-svoe-vino-strapi/prod-svoe-vino/strapi/uploads/usadba_divnomorskoe_yuzhnyy_les_merlo_krasnoe_suhoe_137_89faa0325c.webp,usadba-divnomorskoe-yuzhnyy-les-merlo-krasnoe-suhoe-137,detect
dataset/uploads_root/prod-svoe-vino-strapi/prod-svoe-vino/strapi/uploads/Risunok1_no_bg_preview_carve_photos_c618e10c44.webp,ya-jla-risling,detect
data/refs/abrau_kupazh_decanter.jpg,abrau-dyurso-abrau-kupazh-tyomnyy-suhoe-kaberne-sovinon-krasnoe-13,detect
data/refs/kokur_decanter.jpg,kokur-suhoe,detect
data/refs/kokur_winemore.webp,kokur-suhoe,detect
data/refs/kanon_proizvoditel.jpg,soyuz-vino-kanonicheskie-traditsii-krasnoe-sladkoe-kaberne-sovinon-115,detect
data/refs/massandra_beloe_polusladkoe_ladoga.jpg,beloe-polusladkoe,detect
data/refs/abrau_ri_polusladkoe_krasnoe_old_winestyle.webp,abrau-dyurso-russkoe-igristoe-polusladkoe-krasnoe-kaberne-sovinon-12,detect
data/refs/abrau_ri_polusladkoe_krasnoe_old_decanter.jpg,abrau-dyurso-russkoe-igristoe-polusladkoe-krasnoe-kaberne-sovinon-12,detect
data/refs/abrau_ri_polusladkoe_krasnoe_new_winestyle.webp,abrau-dyurso-russkoe-igristoe-polusladkoe-krasnoe-kaberne-sovinon-12,detect
data/refs/massandra_portveyn_belyy_krymskiy_official.jpg,massandra-portveyn-belyy-krymskiy-kokur-beloe-sladkoe-18,detect
data/refs/fanagoria_bryut_beloe_2018_black_fortwine.jpg,fanagoriya-fanagoriya-bryut-beloe-sovinon-blan-igristoe-bryut-beloe-11-13,detect
data/refs/fanagoria_bryut_beloe_2018_black_decanter.jpg,fanagoriya-fanagoriya-bryut-beloe-sovinon-blan-igristoe-bryut-beloe-11-13,detect
data/refs/abrau_ri_polusladkoe_beloe_old_decanter.jpg,abrau-dyurso-russkoe-igristoe-polusladkoe-shardone-beloe-12,detect
