path,slug
dataset/uploads_root/prod-svoe-vino-strapi/prod-svoe-vino/strapi/uploads/0007_99434f8774.webp,
dataset/uploads_root/prod-svoe-vino-strapi/prod-svoe-vino/strapi/uploads/0011_8961f2de4f.webp,
dataset/uploads_root/prod-svoe-vino-strapi/prod-svoe-vino/strapi/uploads/0015_c1e37f7ee1.webp,
dataset/uploads_root/prod-svoe-vino-strapi/prod-svoe-vino/strapi/uploads/00169_dce952d8a3.webp,
dataset/uploads_root/prod-svoe-vino-strapi/prod-svoe-vino/strapi/uploads/001_1_4171b0b864.webp,
dataset/uploads_root/prod-svoe-vino-strapi/prod-svoe-vino/strapi/uploads/001_332743adba.webp,
dataset/uploads_root/prod-svoe-vino-strapi/prod-svoe-vino/strapi/uploads/001_e0fb8b4d9d.webp,
dataset/uploads_root/prod-svoe-vino-strapi/prod-svoe-vino/strapi/uploads/0069_9e11234101.webp,
dataset/uploads_root/prod-svoe-vino-strapi/prod-svoe-vino/strapi/uploads/0078_7d153460f0.webp,
dataset/uploads_root/prod-svoe-vino-strapi/prod-svoe-vino/strapi/uploads/00794_1fe5425719.webp,
dataset/uploads_root/prod-svoe-vino-strapi/prod-svoe-vino/strapi/uploads/00794_75cbaff85a.webp,
dataset/uploads_root/prod-svoe-vino-strapi/prod-svoe-vino/strapi/uploads/0079_89415786fa.webp,
dataset/uploads_root/prod-svoe-vino-strapi/prod-svoe-vino/strapi/uploads/0084_883447cf20.webp,
dataset/uploads_root/prod-svoe-vino-strapi/prod-svoe-vino/strapi/uploads/0084_df680e07bc.webp,
dataset/uploads_root/prod-svoe-vino-strapi/prod-svoe-vino/strapi/uploads/0084_f37d2c631b.webp,
dataset/uploads_root/prod-svoe-vino-strapi/prod-svoe-vino/strapi/uploads/0087_62d96918f8.webp,
dataset/uploads_root/prod-svoe-vino-strapi/prod-svoe-vino/strapi/uploads/00e48a6c_3442_4c7e_a1ff_1cf7b2630629_e15d3c1af7.webp,
dataset/uploads_root/prod-svoe-vino-strapi/prod-svoe-vino/strapi/uploads/010_bf23215239.webp,
dataset/uploads_root/prod-svoe-vino-strapi/prod-svoe-vino/strapi/uploads/010_d21fd539bd.webp,
dataset/uploads_root/prod-svoe-vino-strapi/prod-svoe-vino/strapi/uploads/012_6a0b63d859.webp,
dataset/uploads_root/prod-svoe-vino-strapi/prod-svoe-vino/strapi/uploads/0146_PHOTO_b9467acc85.webp,
dataset/uploads_root/prod-svoe-vino-strapi/prod-svoe-vino/strapi/uploads/015_108c6fd968.webp,
dataset/uploads_root/prod-svoe-vino-strapi/prod-svoe-vino/strapi/uploads/0166_37a54c6f05.webp,
dataset/uploads_root/prod-svoe-vino-strapi/prod-svoe-vino/strapi/uploads/01_05_7_povodov_budnij_e55418dc1e.webp,
dataset/uploads_root/prod-svoe-vino-strapi/prod-svoe-vino/strapi/uploads/01_05_vino_i_muzyka_4e572791a7.webp,
dataset/uploads_root/prod-svoe-vino-strapi/prod-svoe-vino/strapi/uploads/01_34b748c6ce.webp,
dataset/uploads_root/prod-svoe-vino-strapi/prod-svoe-vino/strapi/uploads/01_Riesling_Silvaner_2022_1_4d11fabbf5.webp,vibes-riesling-silvaner-2022
dataset/uploads_root/prod-svoe-vino-strapi/prod-svoe-vino/strapi/uploads/01_Riesling_Silvaner_2022_69aa60fe14.webp,
dataset/uploads_root/prod-svoe-vino-strapi/prod-svoe-vino/strapi/uploads/01_bocksbeutel_ps_bottle_black_d6c600fd09.webp,
dataset/uploads_root/prod-svoe-vino-strapi/prod-svoe-vino/strapi/uploads/027_d93ac1413a.webp,
dataset/uploads_root/prod-svoe-vino-strapi/prod-svoe-vino/strapi/uploads/02_05_pennaya_karta_c748f4051c.webp,
dataset/uploads_root/prod-svoe-vino-strapi/prod-svoe-vino/strapi/uploads/02_06_b_a_vino_za_rulem_1e4eb2c219.webp,
dataset/uploads_root/prod-svoe-vino-strapi/prod-svoe-vino/strapi/uploads/02_06_risling_c483c739de.webp,
dataset/uploads_root/prod-svoe-vino-strapi/prod-svoe-vino/strapi/uploads/02_33883f518a.webp,
dataset/uploads_root/prod-svoe-vino-strapi/prod-svoe-vino/strapi/uploads/02_98b059600d.webp,
dataset/uploads_root/prod-svoe-vino-strapi/prod-svoe-vino/strapi/uploads/02_Silvaner_2022_2241743a4e.webp,vibes-silvaner-2022
dataset/uploads_root/prod-svoe-vino-strapi/prod-svoe-vino/strapi/uploads/02_e51012f82a.webp,
dataset/uploads_root/prod-svoe-vino-strapi/prod-svoe-vino/strapi/uploads/030_6a36e34c4e.webp,
dataset/uploads_root/prod-svoe-vino-strapi/prod-svoe-vino/strapi/uploads/03_04_Generated_Image_April_03_2026_2_58_PM_c02c9acdad.webp,
dataset/uploads_root/prod-svoe-vino-strapi/prod-svoe-vino/strapi/uploads/03_04_Generated_Image_April_03_2026_3_15_PM_7460dd7acc.webp,
dataset/uploads_root/prod-svoe-vino-strapi/prod-svoe-vino/strapi/uploads/03_05_portvejn_8859871312.webp,
dataset/uploads_root/prod-svoe-vino-strapi/prod-svoe-vino/strapi/uploads/03_06_klaret_f167f4a662.webp,
dataset/uploads_root/prod-svoe-vino-strapi/prod-svoe-vino/strapi/uploads/03_06_vermut_fe4acc0f16.webp,
dataset/uploads_root/prod-svoe-vino-strapi/prod-svoe-vino/strapi/uploads/03_Silvaner_2022_Barrel_Fermented_01addc1e7f.webp,
dataset/uploads_root/prod-svoe-vino-strapi/prod-svoe-vino/strapi/uploads/03_Silvaner_2022_Barrel_Fermented_505ca7243c.webp,vibes-silvaner-barrel-fermented-2022
dataset/uploads_root/prod-svoe-vino-strapi/prod-svoe-vino/strapi/uploads/03_Silvaner_2022_Barrel_Fermented_a5aaf46b23.webp,vibes-vermentino-viognier-barrel-fermented-2022
dataset/uploads_root/prod-svoe-vino-strapi/prod-svoe-vino/strapi/uploads/04_04_Generated_Image_April_03_2026_3_20_PM_dea1dde4bf.webp,
dataset/uploads_root/prod-svoe-vino-strapi/prod-svoe-vino/strapi/uploads/04_04_Generated_Image_April_03_2026_3_28_PM_63e3727de5.webp,
dataset/uploads_root/prod-svoe-vino-strapi/prod-svoe-vino/strapi/uploads/0504_E8_CC_46_D6_4889_BBA_4_9918_BA_3_AE_3_F3_1_fcf1bc1eb6.webp,
dataset/uploads_root/prod-svoe-vino-strapi/prod-svoe-vino/strapi/uploads/05_04_Generated_Image_April_03_2026_3_32_PM_58405fa898.webp,
dataset/uploads_root/prod-svoe-vino-strapi/prod-svoe-vino/strapi/uploads/05_04_Generated_Image_April_03_2026_3_33_PM_978ca88192.webp,
dataset/uploads_root/prod-svoe-vino-strapi/prod-svoe-vino/strapi/uploads/05_05_osoznannoe_potreblenie_407c3112dc.webp,
dataset/uploads_root/prod-svoe-vino-strapi/prod-svoe-vino/strapi/uploads/05_05_trendy_87b6e23b0e.webp,
dataset/uploads_root/prod-svoe-vino-strapi/prod-svoe-vino/strapi/uploads/05_bc3b316b0a.webp,
dataset/uploads_root/prod-svoe-vino-strapi/prod-svoe-vino/strapi/uploads/0632ia7qvpbnncf2rdtc0371aua6i4q2_20fb4a70b1.webp,mancopia-risling
dataset/uploads_root/prod-svoe-vino-strapi/prod-svoe-vino/strapi/uploads/06_04_Generated_Image_April_03_2026_3_36_PM_2337fb2ff5.webp,
dataset/uploads_root/prod-svoe-vino-strapi/prod-svoe-vino/strapi/uploads/06_04_Generated_Image_April_03_2026_3_37_PM_d9cc4ae050.webp,
dataset/uploads_root/prod-svoe-vino-strapi/prod-svoe-vino/strapi/uploads/06_534cb2ad34.webp,
dataset/uploads_root/prod-svoe-vino-strapi/prod-svoe-vino/strapi/uploads/06_ff937f1841.webp,
dataset/uploads_root/prod-svoe-vino-strapi/prod-svoe-vino/strapi/uploads/075mjty781rmw0czc3ba7kc53w_preview_0_ezremove_a03c591e41.webp,locantita-more
dataset/uploads_root/prod-svoe-vino-strapi/prod-svoe-vino/strapi/uploads/076ef2af_b094_4026_9d1e_471253f5190f_7455142504.jfif,
dataset/uploads_root/prod-svoe-vino-strapi/prod-svoe-vino/strapi/uploads/07_05_kak_vybrat_ros_supermarket_08b3901b60.webp,
dataset/uploads_root/prod-svoe-vino-strapi/prod-svoe-vino/strapi/uploads/083c1c84_fd5b_4300_be4c_e1690b9d69fa_da42d2d122.webp,
dataset/uploads_root/prod-svoe-vino-strapi/prod-svoe-vino/strapi/uploads/08_f89ac8da0b.webp,
dataset/uploads_root/prod-svoe-vino-strapi/prod-svoe-vino/strapi/uploads/08a_2bc46478ed.webp,
dataset/uploads_root/prod-svoe-vino-strapi/prod-svoe-vino/strapi/uploads/08a_b38d8063c6.webp,
dataset/uploads_root/prod-svoe-vino-strapi/prod-svoe-vino/strapi/uploads/09_07_merlo_045ad226cc.webp,
dataset/uploads_root/prod-svoe-vino-strapi/prod-svoe-vino/strapi/uploads/09_07_vino_i_zozh_b200dfb2b6.webp,
dataset/uploads_root/prod-svoe-vino-strapi/prod-svoe-vino/strapi/uploads/0_0_695x600_1_8c644cc380.webp,
dataset/uploads_root/prod-svoe-vino-strapi/prod-svoe-vino/strapi/uploads/0_B7_A0091_2476ab1645.webp,
dataset/uploads_root/prod-svoe-vino-strapi/prod-svoe-vino/strapi/uploads/0_B7_A5029_8e4d268213.webp,
dataset/uploads_root/prod-svoe-vino-strapi/prod-svoe-vino/strapi/uploads/0_B7_A6528_62e104e8e2.webp,
dataset/uploads_root/prod-svoe-vino-strapi/prod-svoe-vino/strapi/uploads/0_B7_A9943_528b325b00.webp,
dataset/uploads_root/prod-svoe-vino-strapi/prod-svoe-vino/strapi/uploads/0_B9_A0034_issi_spirits_5774714a6e.webp,
dataset/uploads_root/prod-svoe-vino-strapi/prod-svoe-vino/strapi/uploads/0_B9_A0047_5d9f4367e5_460ef9e5ae.webp,
dataset/uploads_root/prod-svoe-vino-strapi/prod-svoe-vino/strapi/uploads/0_B9_A6578_898138781b.webp,
dataset/uploads_root/prod-svoe-vino-strapi/prod-svoe-vino/strapi/uploads/0_B9_A6578_b96d8fe661.webp,
dataset/uploads_root/prod-svoe-vino-strapi/prod-svoe-vino/strapi/uploads/0_Y8_A1884_4c63bd4a77.webp,
dataset/uploads_root/prod-svoe-vino-strapi/prod-svoe-vino/strapi/uploads/0_Y8_A2139_43ec1b7cae.webp,
dataset/uploads_root/prod-svoe-vino-strapi/prod-svoe-vino/strapi/uploads/0_Y8_A2168_e098401685.webp,
dataset/uploads_root/prod-svoe-vino-strapi/prod-svoe-vino/strapi/uploads/0_Y8_A2211_c07e8ddd55.webp,
dataset/uploads_root/prod-svoe-vino-strapi/prod-svoe-vino/strapi/uploads/0_Y8_A2232_0f558c6b6a.webp,
dataset/uploads_root/prod-svoe-vino-strapi/prod-svoe-vino/strapi/uploads/0_Y8_A2377_3003c6a497.webp,
dataset/uploads_root/prod-svoe-vino-strapi/prod-svoe-vino/strapi/uploads/0_Y8_A2456_7bfeb2e8b9.webp,
dataset/uploads_root/prod-svoe-vino-strapi/prod-svoe-vino/strapi/uploads/0_Y8_A3105_3fde2b8061.webp,
dataset/uploads_root/prod-svoe-vino-strapi/prod-svoe-vino/strapi/uploads/0_Y8_A3266_Pano_b1b72b9c1a.webp,
dataset/uploads_root/prod-svoe-vino-strapi/prod-svoe-vino/strapi/uploads/0_Y8_A3469_5a1c51bdc8.webp,
dataset/uploads_root/prod-svoe-vino-strapi/prod-svoe-vino/strapi/uploads/0_Y8_A3477_a2011e80e3.webp,
dataset/uploads_root/prod-svoe-vino-strapi/prod-svoe-vino/strapi/uploads/0_Y8_A3478_0cd818f302.webp,
dataset/uploads_root/prod-svoe-vino-strapi/prod-svoe-vino/strapi/uploads/0_Y8_A3506_4fff47902a.webp,
dataset/uploads_root/prod-svoe-vino-strapi/prod-svoe-vino/strapi/uploads/0_Y8_A3575_4b13ff111d.webp,
dataset/uploads_root/prod-svoe-vino-strapi/prod-svoe-vino/strapi/uploads/0_Y8_A3597_2c11dd00d7.webp,
dataset/uploads_root/prod-svoe-vino-strapi/prod-svoe-vino/strapi/uploads/0_Y8_A3602_89e1dad51e.webp,
dataset/uploads_root/prod-svoe-vino-strapi/prod-svoe-vino/strapi/uploads/0_Y8_A4000_3115db7cbf.webp,
dataset/uploads_root/prod-svoe-vino-strapi/prod-svoe-vino/strapi/uploads/0_Y8_A4256_HDR_196eddd6f8.webp,
dataset/uploads_root/prod-svoe-vino-strapi/prod-svoe-vino/strapi/uploads/0_Y8_A4275_c193099e42.webp,
dataset/uploads_root/prod-svoe-vino-strapi/prod-svoe-vino/strapi/uploads/0_Y8_A4284_89896135f0.webp,
dataset/uploads_root/prod-svoe-vino-strapi/prod-svoe-vino/strapi/uploads/0_Y8_A4409_5750c8b038.webp,
dataset/uploads_root/prod-svoe-vino-strapi/prod-svoe-vino/strapi/uploads/0_Y8_A4491_78c84df90f.webp,
dataset/uploads_root/prod-svoe-vino-strapi/prod-svoe-vino/strapi/uploads/0_Y8_A4515_dc9e19b133.webp,
dataset/uploads_root/prod-svoe-vino-strapi/prod-svoe-vino/strapi/uploads/0_Y8_A4515_eba403fe91.webp,
dataset/uploads_root/prod-svoe-vino-strapi/prod-svoe-vino/strapi/uploads/0_Y8_A4926_b896a1c497.webp,
dataset/uploads_root/prod-svoe-vino-strapi/prod-svoe-vino/strapi/uploads/0_Y8_A5222_411dfbae61.webp,
dataset/uploads_root/prod-svoe-vino-strapi/prod-svoe-vino/strapi/uploads/0_Y8_A5225_b9f5539163.webp,
dataset/uploads_root/prod-svoe-vino-strapi/prod-svoe-vino/strapi/uploads/0_Y8_A5237_5f008537e7.webp,
dataset/uploads_root/prod-svoe-vino-strapi/prod-svoe-vino/strapi/uploads/0_Y8_A5239_abde90ec0b.webp,
dataset/uploads_root/prod-svoe-vino-strapi/prod-svoe-vino/strapi/uploads/0_Y8_A6330_17c9e68259.webp,
dataset/uploads_root/prod-svoe-vino-strapi/prod-svoe-vino/strapi/uploads/0_Y8_A6365_3b6e8ec58c.webp,
dataset/uploads_root/prod-svoe-vino-strapi/prod-svoe-vino/strapi/uploads/0_Y8_A6367_a649e1a6d1.webp,
dataset/uploads_root/prod-svoe-vino-strapi/prod-svoe-vino/strapi/uploads/0_Y8_A6372_538100156a.webp,
dataset/uploads_root/prod-svoe-vino-strapi/prod-svoe-vino/strapi/uploads/0_Y8_A6397_5000654c35.webp,
dataset/uploads_root/prod-svoe-vino-strapi/prod-svoe-vino/strapi/uploads/0_Y8_A6416_2fa1a40481.webp,
dataset/uploads_root/prod-svoe-vino-strapi/prod-svoe-vino/strapi/uploads/0_Y8_A6432_2062db632d.webp,
dataset/uploads_root/prod-svoe-vino-strapi/prod-svoe-vino/strapi/uploads/0_Y8_A6966_HDR_ec92d156f8.webp,
dataset/uploads_root/prod-svoe-vino-strapi/prod-svoe-vino/strapi/uploads/0_Y8_A6987_e7d2f3624c.webp,
dataset/uploads_root/prod-svoe-vino-strapi/prod-svoe-vino/strapi/uploads/0_Y8_A7520_c7a0da7ce3.webp,
dataset/uploads_root/prod-svoe-vino-strapi/prod-svoe-vino/strapi/uploads/0_Y8_A7578_b8f31a9f04.webp,
dataset/uploads_root/prod-svoe-vino-strapi/prod-svoe-vino/strapi/uploads/0_Y8_A7650_a2f288daac.webp,
dataset/uploads_root/prod-svoe-vino-strapi/prod-svoe-vino/strapi/uploads/0_Y8_A8561_6dae03ab3b.webp,
dataset/uploads_root/prod-svoe-vino-strapi/prod-svoe-vino/strapi/uploads/0bf04ef8_9532_41eb_81b5_b9766afa1d64_4ce229c183.webp,
dataset/uploads_root/prod-svoe-vino-strapi/prod-svoe-vino/strapi/uploads/0m372xxddqgnu999oy471n1ac1cznhfs_png_356ba741db.webp,uva-vallis-shardone
dataset/uploads_root/prod-svoe-vino-strapi/prod-svoe-vino/strapi/uploads/1000132754_ca7661bd03.webp,
dataset/uploads_root/prod-svoe-vino-strapi/prod-svoe-vino/strapi/uploads/1000159292_b433a65d19.webp,
dataset/uploads_root/prod-svoe-vino-strapi/prod-svoe-vino/strapi/uploads/1000159303_1_3329aaa974.webp,
dataset/uploads_root/prod-svoe-vino-strapi/prod-svoe-vino/strapi/uploads/1000166146_6ccd830326.webp,
dataset/uploads_root/prod-svoe-vino-strapi/prod-svoe-vino/strapi/uploads/100174_1695385284_f952362cc2.webp,
dataset/uploads_root/prod-svoe-vino-strapi/prod-svoe-vino/strapi/uploads/10910_9d2c77b47b_5e5aff94c7.webp,
dataset/uploads_root/prod-svoe-vino-strapi/prod-svoe-vino/strapi/uploads/10_03_issi_spirits_9c72a2fd43.webp,
dataset/uploads_root/prod-svoe-vino-strapi/prod-svoe-vino/strapi/uploads/10_03_ros_avtoh_Belmas_f086baa10b.webp,
dataset/uploads_root/prod-svoe-vino-strapi/prod-svoe-vino/strapi/uploads/10_03_vulkanicheskie_glavnaya_3d92906443.webp,
dataset/uploads_root/prod-svoe-vino-strapi/prod-svoe-vino/strapi/uploads/10_06_limonchello_a28de034a8.webp,
dataset/uploads_root/prod-svoe-vino-strapi/prod-svoe-vino/strapi/uploads/10_06_sibirkovyj_85a2f2b7b8.webp,
dataset/uploads_root/prod-svoe-vino-strapi/prod-svoe-vino/strapi/uploads/10_07_vino_s_ryboj_c52a8a36dd.webp,
dataset/uploads_root/prod-svoe-vino-strapi/prod-svoe-vino/strapi/uploads/10_08_f74e9d1ccb.webp,
dataset/uploads_root/prod-svoe-vino-strapi/prod-svoe-vino/strapi/uploads/10_3224114fd0.webp,
dataset/uploads_root/prod-svoe-vino-strapi/prod-svoe-vino/strapi/uploads/10_7_vinnyj_marshrut_4857dae6b0.webp,
dataset/uploads_root/prod-svoe-vino-strapi/prod-svoe-vino/strapi/uploads/10_f4b4f210d9.webp,
dataset/uploads_root/prod-svoe-vino-strapi/prod-svoe-vino/strapi/uploads/111_4e55aa1ddf.webp,
dataset/uploads_root/prod-svoe-vino-strapi/prod-svoe-vino/strapi/uploads/114294_1_8f03b395a9.webp,
dataset/uploads_root/prod-svoe-vino-strapi/prod-svoe-vino/strapi/uploads/114294_1_Photoroom_da9352acff.webp,blanc-de-blancs-idolo
dataset/uploads_root/prod-svoe-vino-strapi/prod-svoe-vino/strapi/uploads/114294_1_png_a329c160e5.webp,
dataset/uploads_root/prod-svoe-vino-strapi/prod-svoe-vino/strapi/uploads/114_2186f09f80.webp,
dataset/uploads_root/prod-svoe-vino-strapi/prod-svoe-vino/strapi/uploads/11_06_anapa_5218bdfdd9.webp,
dataset/uploads_root/prod-svoe-vino-strapi/prod-svoe-vino/strapi/uploads/11_06_belye_mineralnye_3c8080393e.webp,
dataset/uploads_root/prod-svoe-vino-strapi/prod-svoe-vino/strapi/uploads/11_07_gevyurcz_7c8ecbd663.webp,
dataset/uploads_root/prod-svoe-vino-strapi/prod-svoe-vino/strapi/uploads/11_07_heresy_5be18fb4eb.webp,
dataset/uploads_root/prod-svoe-vino-strapi/prod-svoe-vino/strapi/uploads/11_08_958bf40523.webp,
dataset/uploads_root/prod-svoe-vino-strapi/prod-svoe-vino/strapi/uploads/11_3a9b058c75.webp,
dataset/uploads_root/prod-svoe-vino-strapi/prod-svoe-vino/strapi/uploads/11_98c2a329e1.webp,
dataset/uploads_root/prod-svoe-vino-strapi/prod-svoe-vino/strapi/uploads/11_a6744add75.webp,
dataset/uploads_root/prod-svoe-vino-strapi/prod-svoe-vino/strapi/uploads/11_a811ed8b4d.webp,
dataset/uploads_root/prod-svoe-vino-strapi/prod-svoe-vino/strapi/uploads/11_cfb042eec3.webp,
dataset/uploads_root/prod-svoe-vino-strapi/prod-svoe-vino/strapi/uploads/11_d7601af323.webp,
dataset/uploads_root/prod-svoe-vino-strapi/prod-svoe-vino/strapi/uploads/123e93db3a7bd4013f92b28e599a133a_b494bc6175.webp,
dataset/uploads_root/prod-svoe-vino-strapi/prod-svoe-vino/strapi/uploads/127_A3312_1_30cb8a583a.webp,
dataset/uploads_root/prod-svoe-vino-strapi/prod-svoe-vino/strapi/uploads/127_A3312_1_30cb8a583a_71ad833c07.webp,
dataset/uploads_root/prod-svoe-vino-strapi/prod-svoe-vino/strapi/uploads/12_06_otkryvaem_8a2af055e6.webp,
dataset/uploads_root/prod-svoe-vino-strapi/prod-svoe-vino/strapi/uploads/12_06_s_chem_pit_shampanskoe_7bbb3da042.webp,
dataset/uploads_root/prod-svoe-vino-strapi/prod-svoe-vino/strapi/uploads/12_07_1c919a2d01.webp,
dataset/uploads_root/prod-svoe-vino-strapi/prod-svoe-vino/strapi/uploads/12_07_vino_i_bliny_22923cd565.webp,
dataset/uploads_root/prod-svoe-vino-strapi/prod-svoe-vino/strapi/uploads/12_08_32a3b5d38e.webp,
dataset/uploads_root/prod-svoe-vino-strapi/prod-svoe-vino/strapi/uploads/13213275652126_2084fe30fb.webp,
dataset/uploads_root/prod-svoe-vino-strapi/prod-svoe-vino/strapi/uploads/13213275652126_3f5d730314.webp,
dataset/uploads_root/prod-svoe-vino-strapi/prod-svoe-vino/strapi/uploads/13213275652126_545d301984.webp,
dataset/uploads_root/prod-svoe-vino-strapi/prod-svoe-vino/strapi/uploads/13213275652126_93ee8515fb.webp,
dataset/uploads_root/prod-svoe-vino-strapi/prod-svoe-vino/strapi/uploads/13213275652126_a37b04c67f.webp,
dataset/uploads_root/prod-svoe-vino-strapi/prod-svoe-vino/strapi/uploads/13213275652126_c48ee226f1.webp,
dataset/uploads_root/prod-svoe-vino-strapi/prod-svoe-vino/strapi/uploads/13213275652126_dcbea248d1.webp,
dataset/uploads_root/prod-svoe-vino-strapi/prod-svoe-vino/strapi/uploads/13_06_gradusy_35f9bac0ae.webp,
dataset/uploads_root/prod-svoe-vino-strapi/prod-svoe-vino/strapi/uploads/13_06_koktejl_na_shamp_e85311a413.webp,
dataset/uploads_root/prod-svoe-vino-strapi/prod-svoe-vino/strapi/uploads/13_07_1_65902c5a99.webp,
dataset/uploads_root/prod-svoe-vino-strapi/prod-svoe-vino/strapi/uploads/13_07_58e353d1cc.webp,
dataset/uploads_root/prod-svoe-vino-strapi/prod-svoe-vino/strapi/uploads/13_08_d9a39c3f2d.webp,
dataset/uploads_root/prod-svoe-vino-strapi/prod-svoe-vino/strapi/uploads/13_4436c8915a.webp,
dataset/uploads_root/prod-svoe-vino-strapi/prod-svoe-vino/strapi/uploads/142_088622d9dc.webp,
dataset/uploads_root/prod-svoe-vino-strapi/prod-svoe-vino/strapi/uploads/142_ce804ec2f6.webp,
dataset/uploads_root/prod-svoe-vino-strapi/prod-svoe-vino/strapi/uploads/14_008_7f10336003.webp,
dataset/uploads_root/prod-svoe-vino-strapi/prod-svoe-vino/strapi/uploads/14_06_kuricza_s_vinom_713f86aa6b.webp,
dataset/uploads_root/prod-svoe-vino-strapi/prod-svoe-vino/strapi/uploads/14_06_polsuladkoe_0b79a856ae.webp,
dataset/uploads_root/prod-svoe-vino-strapi/prod-svoe-vino/strapi/uploads/14_07_iz_chego_delayut_vino_401bda2d96.webp,
dataset/uploads_root/prod-svoe-vino-strapi/prod-svoe-vino/strapi/uploads/14_07_sira_d9dfbb0a5e.webp,
dataset/uploads_root/prod-svoe-vino-strapi/prod-svoe-vino/strapi/uploads/14_08_1e7d3bbc2c.webp,
dataset/uploads_root/prod-svoe-vino-strapi/prod-svoe-vino/strapi/uploads/14_29cb2e2e7a.webp,
dataset/uploads_root/prod-svoe-vino-strapi/prod-svoe-vino/strapi/uploads/14x_866a972fbd.webp,
dataset/uploads_root/prod-svoe-vino-strapi/prod-svoe-vino/strapi/uploads/15_07_ajsvajn_c045d7023a.webp,
dataset/uploads_root/prod-svoe-vino-strapi/prod-svoe-vino/strapi/uploads/15_07_risling_i_blyuda_1f256e99d5.webp,
dataset/uploads_root/prod-svoe-vino-strapi/prod-svoe-vino/strapi/uploads/15_08_ae74dc73a5.webp,
dataset/uploads_root/prod-svoe-vino-strapi/prod-svoe-vino/strapi/uploads/1691343_0_0_3640_2047_1440x900_80_0_1_5521967d13d8_0acdad6628.webp,
dataset/uploads_root/prod-svoe-vino-strapi/prod-svoe-vino/strapi/uploads/16_07_heres_9e2929fdc2.webp,
dataset/uploads_root/prod-svoe-vino-strapi/prod-svoe-vino/strapi/uploads/16_07_polusladkoe_5b8bbea5a5.webp,
dataset/uploads_root/prod-svoe-vino-strapi/prod-svoe-vino/strapi/uploads/16_08_585601a80f.webp,
dataset/uploads_root/prod-svoe-vino-strapi/prod-svoe-vino/strapi/uploads/1705_4px_Rdo_L_a69fd6a45e.png,
dataset/uploads_root/prod-svoe-vino-strapi/prod-svoe-vino/strapi/uploads/1769793277838_019c0fe5_cb48_784b_b92e_5a3c381b692b_59a1cea011.webp,
dataset/uploads_root/prod-svoe-vino-strapi/prod-svoe-vino/strapi/uploads/1769793594944_019c0fea_93d4_741c_8d4a_ddbfab32f07d_a4b000f99a.webp,
dataset/uploads_root/prod-svoe-vino-strapi/prod-svoe-vino/strapi/uploads/1770053844621_019c1f6d_553e_76fa_9551_2e2178605262_3f001ecfdb.webp,
dataset/uploads_root/prod-svoe-vino-strapi/prod-svoe-vino/strapi/uploads/1770053948245_019c1f6e_dc0c_73b2_8a04_c0e8809fd774_ab1dbca997.webp,
dataset/uploads_root/prod-svoe-vino-strapi/prod-svoe-vino/strapi/uploads/1770053948245_019c1f6e_dc0c_73b2_8a04_c0e8809fd774_f27fc2c003.webp,
dataset/uploads_root/prod-svoe-vino-strapi/prod-svoe-vino/strapi/uploads/1770054091151_019c1f71_7a98_7f3f_9867_c4c03e42902f_18ab7e5762.webp,
dataset/uploads_root/prod-svoe-vino-strapi/prod-svoe-vino/strapi/uploads/17_04_aerator_cd7bd1af98.webp,
dataset/uploads_root/prod-svoe-vino-strapi/prod-svoe-vino/strapi/uploads/17_04_polusuhoe_1b5a319d3a.webp,
dataset/uploads_root/prod-svoe-vino-strapi/prod-svoe-vino/strapi/uploads/17_05_tema_1_kavkaz_db05d3fa0f.webp,
dataset/uploads_root/prod-svoe-vino-strapi/prod-svoe-vino/strapi/uploads/17_05_tema_2_degustacziya_vin_fd43ea6979.webp,
dataset/uploads_root/prod-svoe-vino-strapi/prod-svoe-vino/strapi/uploads/17_07_Dravini_e76564550a.webp,
dataset/uploads_root/prod-svoe-vino-strapi/prod-svoe-vino/strapi/uploads/17_07_temperatura_podachi_8020650c7e.webp,
dataset/uploads_root/prod-svoe-vino-strapi/prod-svoe-vino/strapi/uploads/17_08_958ae5a55a.webp,
dataset/uploads_root/prod-svoe-vino-strapi/prod-svoe-vino/strapi/uploads/17_fe239d702c.webp,
dataset/uploads_root/prod-svoe-vino-strapi/prod-svoe-vino/strapi/uploads/185234_0_166_3052_1883_600x0_80_0_0_7ad0fcf067c5ad899245665d26ab201b_53e32211a4.webp,
dataset/uploads_root/prod-svoe-vino-strapi/prod-svoe-vino/strapi/uploads/18_04_pogreb_59117eeca2.webp,
dataset/uploads_root/prod-svoe-vino-strapi/prod-svoe-vino/strapi/uploads/18_04_terruar_8bbc834440.webp,
dataset/uploads_root/prod-svoe-vino-strapi/prod-svoe-vino/strapi/uploads/18_05_tema_3_top_ros_oranzh_2118508867.webp,
dataset/uploads_root/prod-svoe-vino-strapi/prod-svoe-vino/strapi/uploads/18_05_tema_4_vino_i_vinnyj_napitok_afe125ee1a.webp,
dataset/uploads_root/prod-svoe-vino-strapi/prod-svoe-vino/strapi/uploads/18_07_rimskie_kanikuly_fdcef1248d.webp,
dataset/uploads_root/prod-svoe-vino-strapi/prod-svoe-vino/strapi/uploads/18_07_vino_v_korobkah_a50cda62c5.webp,
dataset/uploads_root/prod-svoe-vino-strapi/prod-svoe-vino/strapi/uploads/18_08_5361ed4e3d.webp,
dataset/uploads_root/prod-svoe-vino-strapi/prod-svoe-vino/strapi/uploads/18_c19be49b63_51aeb07495.webp,
dataset/uploads_root/prod-svoe-vino-strapi/prod-svoe-vino/strapi/uploads/197847555_3973248109423581_282559978874407348_n_5d90a91c88.webp,
dataset/uploads_root/prod-svoe-vino-strapi/prod-svoe-vino/strapi/uploads/19_04_in_i_yan_a42b17ade1.webp,
dataset/uploads_root/prod-svoe-vino-strapi/prod-svoe-vino/strapi/uploads/19_04_kak_nalivat_vino_v_bokal_ce11acaa07.webp,
dataset/uploads_root/prod-svoe-vino-strapi/prod-svoe-vino/strapi/uploads/19_05_assamblyazh_27fd78e804.webp,
dataset/uploads_root/prod-svoe-vino-strapi/prod-svoe-vino/strapi/uploads/19_05_slepaya_dega_e0a37e7539.webp,
dataset/uploads_root/prod-svoe-vino-strapi/prod-svoe-vino/strapi/uploads/19_07_igristoe_ed5377464d.webp,
dataset/uploads_root/prod-svoe-vino-strapi/prod-svoe-vino/strapi/uploads/19_07_kaberne_d7d28ee61c.webp,
dataset/uploads_root/prod-svoe-vino-strapi/prod-svoe-vino/strapi/uploads/19_08_0ca69f7d5d.webp,
dataset/uploads_root/prod-svoe-vino-strapi/prod-svoe-vino/strapi/uploads/19_348d94c611.webp,
dataset/uploads_root/prod-svoe-vino-strapi/prod-svoe-vino/strapi/uploads/19_d938cbbd31.webp,
dataset/uploads_root/prod-svoe-vino-strapi/prod-svoe-vino/strapi/uploads/1_06_madejra_599f2c5b43.webp,
dataset/uploads_root/prod-svoe-vino-strapi/prod-svoe-vino/strapi/uploads/1_06_petnat_71e8872fc7.webp,
dataset/uploads_root/prod-svoe-vino-strapi/prod-svoe-vino/strapi/uploads/1_33_18589c15fc.webp,
dataset/uploads_root/prod-svoe-vino-strapi/prod-svoe-vino/strapi/uploads/1_39_e7a2d52c21.webp,
dataset/uploads_root/prod-svoe-vino-strapi/prod-svoe-vino/strapi/uploads/1_429d295d10_b6d32de21e.webp,
dataset/uploads_root/prod-svoe-vino-strapi/prod-svoe-vino/strapi/uploads/1_430d023e6e.webp,
dataset/uploads_root/prod-svoe-vino-strapi/prod-svoe-vino/strapi/uploads/1_47_55ff42397d.webp,
dataset/uploads_root/prod-svoe-vino-strapi/prod-svoe-vino/strapi/uploads/1_47_69895dcde5.webp,
dataset/uploads_root/prod-svoe-vino-strapi/prod-svoe-vino/strapi/uploads/1_52_ea5c789bba.webp,
dataset/uploads_root/prod-svoe-vino-strapi/prod-svoe-vino/strapi/uploads/1_5d86418d4b.webp,
dataset/uploads_root/prod-svoe-vino-strapi/prod-svoe-vino/strapi/uploads/1_63_eb50e67aa3_e1e4f4bed8.webp,
dataset/uploads_root/prod-svoe-vino-strapi/prod-svoe-vino/strapi/uploads/1_66b4b48fd6617937079668_f8490c6366.webp,
dataset/uploads_root/prod-svoe-vino-strapi/prod-svoe-vino/strapi/uploads/1_768x614_4d17a36983.webp,
dataset/uploads_root/prod-svoe-vino-strapi/prod-svoe-vino/strapi/uploads/1_77_3bb5750204.webp,
dataset/uploads_root/prod-svoe-vino-strapi/prod-svoe-vino/strapi/uploads/1_77_967cca5bc9.webp,
dataset/uploads_root/prod-svoe-vino-strapi/prod-svoe-vino/strapi/uploads/1_9749835ac6.webp,
dataset/uploads_root/prod-svoe-vino-strapi/prod-svoe-vino/strapi/uploads/1_Izhmulkina_E_A_36560b3f71.webp,
dataset/uploads_root/prod-svoe-vino-strapi/prod-svoe-vino/strapi/uploads/1_b27d57c194.webp,
dataset/uploads_root/prod-svoe-vino-strapi/prod-svoe-vino/strapi/uploads/1b6shs8ahqtpi0pc34wft0vs3awk00ni_39a2ff2db3_043aaf3829_ff24df0e41.webp,
dataset/uploads_root/prod-svoe-vino-strapi/prod-svoe-vino/strapi/uploads/1tf5xr4ehtikbvx7l92xrdn2dswoco3j_a5f09324ff.webp,
dataset/uploads_root/prod-svoe-vino-strapi/prod-svoe-vino/strapi/uploads/2011379_1_a35060d3a8.webp,
dataset/uploads_root/prod-svoe-vino-strapi/prod-svoe-vino/strapi/uploads/2015_Boris_Meserer_Arlekiniada_afe62d9818.webp,
dataset/uploads_root/prod-svoe-vino-strapi/prod-svoe-vino/strapi/uploads/2016_Pavel_Peppershtejn_c6d5982283.webp,
dataset/uploads_root/prod-svoe-vino-strapi/prod-svoe-vino/strapi/uploads/2017_Evgeniya_Miro_Mig_i_vechnost_9016b68c9f.webp,
dataset/uploads_root/prod-svoe-vino-strapi/prod-svoe-vino/strapi/uploads/2018_Erik_Bulatov_363c03552c.webp,
dataset/uploads_root/prod-svoe-vino-strapi/prod-svoe-vino/strapi/uploads/20190427191225_e1619867737869_cf6a239005.webp,
dataset/uploads_root/prod-svoe-vino-strapi/prod-svoe-vino/strapi/uploads/2019_09_10_08_01_00_5cd6aadeca.webp,
dataset/uploads_root/prod-svoe-vino-strapi/prod-svoe-vino/strapi/uploads/2019_Natalya_Nesterova_Mgnoveniya_schastya_1e7c98af1d.webp,
dataset/uploads_root/prod-svoe-vino-strapi/prod-svoe-vino/strapi/uploads/20200728_evening_08_1_400f866a8c.webp,
dataset/uploads_root/prod-svoe-vino-strapi/prod-svoe-vino/strapi/uploads/2020_Andrej_Bartenev_5c72c8f321.webp,
dataset/uploads_root/prod-svoe-vino-strapi/prod-svoe-vino/strapi/uploads/20210816_4_R0_A0008_b0b24070ae.webp,
dataset/uploads_root/prod-svoe-vino-strapi/prod-svoe-vino/strapi/uploads/20210816_4_R0_A0008_eb220e6404.webp,
dataset/uploads_root/prod-svoe-vino-strapi/prod-svoe-vino/strapi/uploads/2021_09_15_11_07_17_229a1be9a3.webp,
dataset/uploads_root/prod-svoe-vino-strapi/prod-svoe-vino/strapi/uploads/2021_09_15_11_34_58_b84dd190c0.webp,
dataset/uploads_root/prod-svoe-vino-strapi/prod-svoe-vino/strapi/uploads/2021_Mihail_Akinst_d70ee578fa.webp,
dataset/uploads_root/prod-svoe-vino-strapi/prod-svoe-vino/strapi/uploads/2021_Mihail_Akinst_e1de093f15.webp,
dataset/uploads_root/prod-svoe-vino-strapi/prod-svoe-vino/strapi/uploads/2022_11_01_16_49_56_7f263b9f29.webp,
dataset/uploads_root/prod-svoe-vino-strapi/prod-svoe-vino/strapi/uploads/2022_11_19_06_22_43_f3fd6882b5.webp,
dataset/uploads_root/prod-svoe-vino-strapi/prod-svoe-vino/strapi/uploads/2022_11_19_06_35_23_eb8b13fed1.webp,
dataset/uploads_root/prod-svoe-vino-strapi/prod-svoe-vino/strapi/uploads/2022_11_19_06_40_02_5f16381046.webp,
dataset/uploads_root/prod-svoe-vino-strapi/prod-svoe-vino/strapi/uploads/2022_11_19_06_43_40_920dd74495.webp,
dataset/uploads_root/prod-svoe-vino-strapi/prod-svoe-vino/strapi/uploads/2022_11_19_06_52_52_4d240077e4.webp,
dataset/uploads_root/prod-svoe-vino-strapi/prod-svoe-vino/strapi/uploads/2022_11_19_06_52_53_567507af03.webp,
dataset/uploads_root/prod-svoe-vino-strapi/prod-svoe-vino/strapi/uploads/20230823_120259_eaf62f7a4e.webp,
dataset/uploads_root/prod-svoe-vino-strapi/prod-svoe-vino/strapi/uploads/2023g_Aya_Evolution_Pinot_noir_b850f06043.webp,evolution-reserve-pinot-noir
dataset/uploads_root/prod-svoe-vino-strapi/prod-svoe-vino/strapi/uploads/2024_09_30_18_51_51_12_1b570462d7.webp,
dataset/uploads_root/prod-svoe-vino-strapi/prod-svoe-vino/strapi/uploads/2024_Mihail_Molochnikov_8f0305f829.webp,
dataset/uploads_root/prod-svoe-vino-strapi/prod-svoe-vino/strapi/uploads/2024gu_Normal_Sh_T_Kaberene_Sovinon_suh_roz_0_187_Photoroom_03a379aec7.webp,
dataset/uploads_root/prod-svoe-vino-strapi/prod-svoe-vino/strapi/uploads/2024gu_Normal_Sh_T_Kaberene_Sovinon_suh_roz_burgundiya_0_75_44046e83c9.webp,shato-taman-kaberne-sovinon
dataset/uploads_root/prod-svoe-vino-strapi/prod-svoe-vino/strapi/uploads/2024gu_Normal_Sh_T_Kaberne_suhoe_krasnoe_0_75_4e3842e06a.webp,shato-taman-kaberne
dataset/uploads_root/prod-svoe-vino-strapi/prod-svoe-vino/strapi/uploads/2024gu_Normal_Sh_T_Krasnostop_suhoe_krasnoe_0_75_99318c8e15.webp,shato-taman-krasnostop
dataset/uploads_root/prod-svoe-vino-strapi/prod-svoe-vino/strapi/uploads/2024gu_Normal_Sh_T_Saperavi_suhoe_krasnoe_0_75_4b0f666d71.webp,shato-taman-saperavi
dataset/uploads_root/prod-svoe-vino-strapi/prod-svoe-vino/strapi/uploads/2024gu_Normal_Sh_T_Shardone_suhoe_beloe_0_187_d584f67f36.webp,
dataset/uploads_root/prod-svoe-vino-strapi/prod-svoe-vino/strapi/uploads/2024gu_Normal_Sh_T_Shardone_suhoe_beloe_0_75_a190db1db4.webp,shato-taman-shardone
dataset/uploads_root/prod-svoe-vino-strapi/prod-svoe-vino/strapi/uploads/20250515_111017_826f24707f.webp,
dataset/uploads_root/prod-svoe-vino-strapi/prod-svoe-vino/strapi/uploads/20250814_104824_IMG_6339_e61f2c05d2.WEBP,
dataset/uploads_root/prod-svoe-vino-strapi/prod-svoe-vino/strapi/uploads/20250814_104824_IMG_6339_e777110445.WEBP,
dataset/uploads_root/prod-svoe-vino-strapi/prod-svoe-vino/strapi/uploads/20250825_140246_IMG_6543_e85a63e666.HEIC,
dataset/uploads_root/prod-svoe-vino-strapi/prod-svoe-vino/strapi/uploads/2025_03_03_20_05_54_10_bb3d6020d3.webp,
dataset/uploads_root/prod-svoe-vino-strapi/prod-svoe-vino/strapi/uploads/2025_03_03_20_05_54_10_bb3d6020d3_c6539e235c.webp,
dataset/uploads_root/prod-svoe-vino-strapi/prod-svoe-vino/strapi/uploads/2025_06_11_15_42_58_d03d280695.webp,
dataset/uploads_root/prod-svoe-vino-strapi/prod-svoe-vino/strapi/uploads/2025_09_23_11_16_58_46b7cb4e9e.webp,
dataset/uploads_root/prod-svoe-vino-strapi/prod-svoe-vino/strapi/uploads/2025_09_23_11_16_58_58e3b4da8d.webp,
dataset/uploads_root/prod-svoe-vino-strapi/prod-svoe-vino/strapi/uploads/2025_Andrej_Dyukov_ad938760ee.webp,
dataset/uploads_root/prod-svoe-vino-strapi/prod-svoe-vino/strapi/uploads/20260324_081701_fc7a14067e.webp,
dataset/uploads_root/prod-svoe-vino-strapi/prod-svoe-vino/strapi/uploads/20260324_082112_b7851559ea.webp,
dataset/uploads_root/prod-svoe-vino-strapi/prod-svoe-vino/strapi/uploads/20260324_121243_e08438abe8.webp,
dataset/uploads_root/prod-svoe-vino-strapi/prod-svoe-vino/strapi/uploads/20260324_133921_4ed543a970.webp,
dataset/uploads_root/prod-svoe-vino-strapi/prod-svoe-vino/strapi/uploads/20260324_135455_e1ab873d3f.webp,
dataset/uploads_root/prod-svoe-vino-strapi/prod-svoe-vino/strapi/uploads/20260324_140014_06d70a2170.webp,
dataset/uploads_root/prod-svoe-vino-strapi/prod-svoe-vino/strapi/uploads/20260617_070147_Photoroom_2bf16b8d06.webp,jd_winery_risling_orange
dataset/uploads_root/prod-svoe-vino-strapi/prod-svoe-vino/strapi/uploads/20260617_071051_Photoroom_58ca3070a8.webp,jd_winery_shardone
dataset/uploads_root/prod-svoe-vino-strapi/prod-svoe-vino/strapi/uploads/20260617_071733_Photoroom_31245772bb.webp,jd_winery_kaberne_souvignon
dataset/uploads_root/prod-svoe-vino-strapi/prod-svoe-vino/strapi/uploads/20260617_072415_Photoroom_6dda2f8425.webp,jd_winery_muskat_ottonel
dataset/uploads_root/prod-svoe-vino-strapi/prod-svoe-vino/strapi/uploads/2026_05_16_13_43_17_b1228fb7ee.webp,
dataset/uploads_root/prod-svoe-vino-strapi/prod-svoe-vino/strapi/uploads/2026_05_22_15_11_12_IMG_20260522_150259_148d42c0f0.webp,
dataset/uploads_root/prod-svoe-vino-strapi/prod-svoe-vino/strapi/uploads/2026_06_13_14_55_28_28a58e3dd2.webp,
dataset/uploads_root/prod-svoe-vino-strapi/prod-svoe-vino/strapi/uploads/2026_07_05_18_05_09_d5aaa80d7b.webp,
dataset/uploads_root/prod-svoe-vino-strapi/prod-svoe-vino/strapi/uploads/2026_07_09_16_08_30_a57ba29bad.webp,
dataset/uploads_root/prod-svoe-vino-strapi/prod-svoe-vino/strapi/uploads/20_05_shampn_f2a0f00243.webp,
dataset/uploads_root/prod-svoe-vino-strapi/prod-svoe-vino/strapi/uploads/20_05_vino_k_azii_6a16b1f106.webp,
dataset/uploads_root/prod-svoe-vino-strapi/prod-svoe-vino/strapi/uploads/20_06_dostav_e83c29f76d.webp,
dataset/uploads_root/prod-svoe-vino-strapi/prod-svoe-vino/strapi/uploads/20_06_pyatno_55d74ac44f.webp,
dataset/uploads_root/prod-svoe-vino-strapi/prod-svoe-vino/strapi/uploads/20_07_gradusy_1_4bb9d36232.webp,
dataset/uploads_root/prod-svoe-vino-strapi/prod-svoe-vino/strapi/uploads/20_07_gradusy_2_dd611c399f.webp,
dataset/uploads_root/prod-svoe-vino-strapi/prod-svoe-vino/strapi/uploads/20_07_karas_3dd2ee3e8a.webp,
dataset/uploads_root/prod-svoe-vino-strapi/prod-svoe-vino/strapi/uploads/20_08_b3797b3592.webp,
dataset/uploads_root/prod-svoe-vino-strapi/prod-svoe-vino/strapi/uploads/20_2dc02037e3.webp,
dataset/uploads_root/prod-svoe-vino-strapi/prod-svoe-vino/strapi/uploads/20_f673656b08.webp,
dataset/uploads_root/prod-svoe-vino-strapi/prod-svoe-vino/strapi/uploads/20f33e2339f3a7475219f7195a06ce57_jpg_3e878b77b4.webp,
dataset/uploads_root/prod-svoe-vino-strapi/prod-svoe-vino/strapi/uploads/211020_1060_Marina_Fadeeva_com_3ed9117f1b.webp,
dataset/uploads_root/prod-svoe-vino-strapi/prod-svoe-vino/strapi/uploads/2115_31ecd2f63b.jpg,
dataset/uploads_root/prod-svoe-vino-strapi/prod-svoe-vino/strapi/uploads/2115_34b3df565c.jpg,
dataset/uploads_root/prod-svoe-vino-strapi/prod-svoe-vino/strapi/uploads/2115_5e927dcd38.jpg,
dataset/uploads_root/prod-svoe-vino-strapi/prod-svoe-vino/strapi/uploads/2115_8897afa246.jpg,
dataset/uploads_root/prod-svoe-vino-strapi/prod-svoe-vino/strapi/uploads/2115_8d4297558a.jpg,
dataset/uploads_root/prod-svoe-vino-strapi/prod-svoe-vino/strapi/uploads/2115_994898a2cd.jpg,
dataset/uploads_root/prod-svoe-vino-strapi/prod-svoe-vino/strapi/uploads/2115_a2f6b29d6f.jpg,
dataset/uploads_root/prod-svoe-vino-strapi/prod-svoe-vino/strapi/uploads/2115_adf331d859.jpg,
dataset/uploads_root/prod-svoe-vino-strapi/prod-svoe-vino/strapi/uploads/218edc18_6103_4041_b6fb_5ee8921942f7_a68eacff55.webp,
dataset/uploads_root/prod-svoe-vino-strapi/prod-svoe-vino/strapi/uploads/219_0b33c0b5b2.webp,
dataset/uploads_root/prod-svoe-vino-strapi/prod-svoe-vino/strapi/uploads/21_05_shardo_a9297c1f96.webp,
dataset/uploads_root/prod-svoe-vino-strapi/prod-svoe-vino/strapi/uploads/21_05_terruar_e0130f9538.webp,
dataset/uploads_root/prod-svoe-vino-strapi/prod-svoe-vino/strapi/uploads/21_06_bryut_b508615ee4.webp,
dataset/uploads_root/prod-svoe-vino-strapi/prod-svoe-vino/strapi/uploads/21_06_kak_sozr_e17e7e1656.webp,
dataset/uploads_root/prod-svoe-vino-strapi/prod-svoe-vino/strapi/uploads/21_07_dekanter_4b32ffa812.webp,
dataset/uploads_root/prod-svoe-vino-strapi/prod-svoe-vino/strapi/uploads/21_07_zavtrak_6b19e93dc7.webp,
dataset/uploads_root/prod-svoe-vino-strapi/prod-svoe-vino/strapi/uploads/21_08_74db44f254.webp,
dataset/uploads_root/prod-svoe-vino-strapi/prod-svoe-vino/strapi/uploads/2202_v_UENI_49_2ae2376a1c.webp,kaberne-sovinon
dataset/uploads_root/prod-svoe-vino-strapi/prod-svoe-vino/strapi/uploads/2225_1086632e5d.webp,
dataset/uploads_root/prod-svoe-vino-strapi/prod-svoe-vino/strapi/uploads/2225_2846b69156.webp,
dataset/uploads_root/prod-svoe-vino-strapi/prod-svoe-vino/strapi/uploads/222_fb032cab1a.webp,
dataset/uploads_root/prod-svoe-vino-strapi/prod-svoe-vino/strapi/uploads/22_05_ros_avtoht_c3123610a7.webp,
dataset/uploads_root/prod-svoe-vino-strapi/prod-svoe-vino/strapi/uploads/22_05_vermut_caf4acf07d.webp,
dataset/uploads_root/prod-svoe-vino-strapi/prod-svoe-vino/strapi/uploads/22_06_risling_5a05ef1979.webp,
dataset/uploads_root/prod-svoe-vino-strapi/prod-svoe-vino/strapi/uploads/22_08_956f129568.webp,
dataset/uploads_root/prod-svoe-vino-strapi/prod-svoe-vino/strapi/uploads/22_13c5ed5a5a.webp,
dataset/uploads_root/prod-svoe-vino-strapi/prod-svoe-vino/strapi/uploads/22_RA_11a_BWFX_8_Yu9_1775199820_d1ccb7706c.webp,agora-rosa-viva-cabernet-sauvignon-shiraz
dataset/uploads_root/prod-svoe-vino-strapi/prod-svoe-vino/strapi/uploads/22_d36441661d.webp,
dataset/uploads_root/prod-svoe-vino-strapi/prod-svoe-vino/strapi/uploads/22f6eafhlbusk01ceyzqwvuxm9gffd08_3822feb742.webp,
dataset/uploads_root/prod-svoe-vino-strapi/prod-svoe-vino/strapi/uploads/2347892_0_0_3640_2047_1440x900_80_0_1_40acf8c2e0ed_0fe96d0cc5.webp,
dataset/uploads_root/prod-svoe-vino-strapi/prod-svoe-vino/strapi/uploads/23_05_kak_derzhat_dc1fa7e32a.webp,
dataset/uploads_root/prod-svoe-vino-strapi/prod-svoe-vino/strapi/uploads/23_05_rioha_f5a094d510.webp,
dataset/uploads_root/prod-svoe-vino-strapi/prod-svoe-vino/strapi/uploads/23_08_addadd98c9.webp,
dataset/uploads_root/prod-svoe-vino-strapi/prod-svoe-vino/strapi/uploads/24_05_arbuz_i_vino_9ec16b4549.webp,
dataset/uploads_root/prod-svoe-vino-strapi/prod-svoe-vino/strapi/uploads/24_05_shamp_6b60814aea.webp,
dataset/uploads_root/prod-svoe-vino-strapi/prod-svoe-vino/strapi/uploads/24_08_6fb926f930.webp,
dataset/uploads_root/prod-svoe-vino-strapi/prod-svoe-vino/strapi/uploads/24e5e4f902b5e1ac64dc9f6dcafbc7e1_dea35dd060.webp,
dataset/uploads_root/prod-svoe-vino-strapi/prod-svoe-vino/strapi/uploads/24e5e4f902b5e1ac64dc9f6dcafbc7e1_f14b8034c6.webp,
dataset/uploads_root/prod-svoe-vino-strapi/prod-svoe-vino/strapi/uploads/25609708_1_9357df718c.webp,
dataset/uploads_root/prod-svoe-vino-strapi/prod-svoe-vino/strapi/uploads/25_05_sladkoe_ef452facdc.webp,
dataset/uploads_root/prod-svoe-vino-strapi/prod-svoe-vino/strapi/uploads/25_05_varyushkin_7583b951fe.webp,
dataset/uploads_root/prod-svoe-vino-strapi/prod-svoe-vino/strapi/uploads/25_07_bordo_1b937a4d16.webp,
dataset/uploads_root/prod-svoe-vino-strapi/prod-svoe-vino/strapi/uploads/25_07_tvin_piks_69540a81b3.webp,
dataset/uploads_root/prod-svoe-vino-strapi/prod-svoe-vino/strapi/uploads/25_08_6d4ec49ede.webp,
dataset/uploads_root/prod-svoe-vino-strapi/prod-svoe-vino/strapi/uploads/25_23b792d0ae.webp,
dataset/uploads_root/prod-svoe-vino-strapi/prod-svoe-vino/strapi/uploads/26_05_roze_7afad212fc.webp,
dataset/uploads_root/prod-svoe-vino-strapi/prod-svoe-vino/strapi/uploads/26_05_taniny_krasnoe_fea8efc7b9.webp,
dataset/uploads_root/prod-svoe-vino-strapi/prod-svoe-vino/strapi/uploads/26_07_aromatnye_belye_8fd8e3a4d0.webp,
dataset/uploads_root/prod-svoe-vino-strapi/prod-svoe-vino/strapi/uploads/26_07_merlo_7ffafea8a8.webp,
dataset/uploads_root/prod-svoe-vino-strapi/prod-svoe-vino/strapi/uploads/2789653_0_160_3072_1888_600x0_80_0_0_aa8f2d373987cda751ed1cceee04b49f_jpg_2cdc34c0cd.webp,
dataset/uploads_root/prod-svoe-vino-strapi/prod-svoe-vino/strapi/uploads/27_06_dacha_70c87d210c.webp,
dataset/uploads_root/prod-svoe-vino-strapi/prod-svoe-vino/strapi/uploads/27_06_tekila_b6ccdf95b3.webp,
dataset/uploads_root/prod-svoe-vino-strapi/prod-svoe-vino/strapi/uploads/27_07_9ecf02c6cc.webp,
dataset/uploads_root/prod-svoe-vino-strapi/prod-svoe-vino/strapi/uploads/27_07_dagestan_1c4b528022.webp,
dataset/uploads_root/prod-svoe-vino-strapi/prod-svoe-vino/strapi/uploads/27_07_shtopory_7656b8cf63.webp,
dataset/uploads_root/prod-svoe-vino-strapi/prod-svoe-vino/strapi/uploads/281146_EV_5_W7_1_0e5c47254f.webp,
dataset/uploads_root/prod-svoe-vino-strapi/prod-svoe-vino/strapi/uploads/281146_EV_5_W7_1_fc85b542f6.webp,
dataset/uploads_root/prod-svoe-vino-strapi/prod-svoe-vino/strapi/uploads/281146_EV_5_W7_e999704b69.webp,
dataset/uploads_root/prod-svoe-vino-strapi/prod-svoe-vino/strapi/uploads/28_03_Generated_Image_March_27_2026_1_11_PM_d7359162d4.webp,
dataset/uploads_root/prod-svoe-vino-strapi/prod-svoe-vino/strapi/uploads/28_03_Generated_Image_March_27_2026_1_21_PM_956526683a.webp,
dataset/uploads_root/prod-svoe-vino-strapi/prod-svoe-vino/strapi/uploads/28_06_probki_367f2509e6.webp,
dataset/uploads_root/prod-svoe-vino-strapi/prod-svoe-vino/strapi/uploads/28_06_saperavi_392c0d1192.webp,
dataset/uploads_root/prod-svoe-vino-strapi/prod-svoe-vino/strapi/uploads/28_07_glint_e0fc77f5b2.webp,
dataset/uploads_root/prod-svoe-vino-strapi/prod-svoe-vino/strapi/uploads/28_07_shamp_6537c6d78a.webp,
dataset/uploads_root/prod-svoe-vino-strapi/prod-svoe-vino/strapi/uploads/28_08_813ecdd2ea.webp,
dataset/uploads_root/prod-svoe-vino-strapi/prod-svoe-vino/strapi/uploads/28_Dolya_angelov_99f76c673d.webp,
dataset/uploads_root/prod-svoe-vino-strapi/prod-svoe-vino/strapi/uploads/28_sezon_otpuskov_62c15598c8.webp,
dataset/uploads_root/prod-svoe-vino-strapi/prod-svoe-vino/strapi/uploads/2917_Is_MEB_Ew_05f10fa301.webp,caperavi-avtorskoe-vino
dataset/uploads_root/prod-svoe-vino-strapi/prod-svoe-vino/strapi/uploads/2919_Ktp_Yck_H_7dd7538fe4.webp,cira-avtorskoe-vino
dataset/uploads_root/prod-svoe-vino-strapi/prod-svoe-vino/strapi/uploads/2920_t_IFZ_Zgl_88808d05fa.webp,cary-pandas-avtorskoe-vino
dataset/uploads_root/prod-svoe-vino-strapi/prod-svoe-vino/strapi/uploads/2922_l_Cf6_Bdm_213c0a3fbb.webp,roze-avtorskoe-vino
dataset/uploads_root/prod-svoe-vino-strapi/prod-svoe-vino/strapi/uploads/2923_GVA_Ps_CA_no_bg_preview_carve_photos_4a01fd1119.webp,muskat-avtorskoe-vino
dataset/uploads_root/prod-svoe-vino-strapi/prod-svoe-vino/strapi/uploads/2927_F6_GFXH_9_09971a59db.webp,novyj-svet-kaberne
dataset/uploads_root/prod-svoe-vino-strapi/prod-svoe-vino/strapi/uploads/2934_gdn4e_Jx_261a22f964.webp,novyj-svet-paradizio
dataset/uploads_root/prod-svoe-vino-strapi/prod-svoe-vino/strapi/uploads/2936_z_C6_X56_X_bbd70ec699.webp,novyj-svet-shardone-kyuve-de-prestizh-1
dataset/uploads_root/prod-svoe-vino-strapi/prod-svoe-vino/strapi/uploads/2938_CG_6_Oxk_C_8ebbf0da39.webp,novyj-svet-aligote
dataset/uploads_root/prod-svoe-vino-strapi/prod-svoe-vino/strapi/uploads/2939_WV_4_G4x_P_1d07c0e491.webp,novyj-svet-blan-de-nuar
dataset/uploads_root/prod-svoe-vino-strapi/prod-svoe-vino/strapi/uploads/293_e1dd8f1ac7.webp,
dataset/uploads_root/prod-svoe-vino-strapi/prod-svoe-vino/strapi/uploads/297515442725707_dea0aded64.webp,
dataset/uploads_root/prod-svoe-vino-strapi/prod-svoe-vino/strapi/uploads/29_03_Generated_Image_March_27_2026_1_12_PM_1_7dd3da6f46.webp,
dataset/uploads_root/prod-svoe-vino-strapi/prod-svoe-vino/strapi/uploads/29_03_Generated_Image_March_27_2026_1_13_PM_fae89debcd.webp,
dataset/uploads_root/prod-svoe-vino-strapi/prod-svoe-vino/strapi/uploads/29_03_Generated_Image_March_27_2026_1_32_PM_e011887728.webp,
dataset/uploads_root/prod-svoe-vino-strapi/prod-svoe-vino/strapi/uploads/29_06_top_ros_igristyh_db620773d8.webp,
dataset/uploads_root/prod-svoe-vino-strapi/prod-svoe-vino/strapi/uploads/29_06_vino_k_shashlyku_23832f4c4c.webp,
dataset/uploads_root/prod-svoe-vino-strapi/prod-svoe-vino/strapi/uploads/29_07_avtoh_e75cf1f6c9.webp,
dataset/uploads_root/prod-svoe-vino-strapi/prod-svoe-vino/strapi/uploads/29_07_italiya_4237020f58.webp,
dataset/uploads_root/prod-svoe-vino-strapi/prod-svoe-vino/strapi/uploads/29_08_6603760c4f.webp,
dataset/uploads_root/prod-svoe-vino-strapi/prod-svoe-vino/strapi/uploads/29_08_e66ccbf01a.png,
dataset/uploads_root/prod-svoe-vino-strapi/prod-svoe-vino/strapi/uploads/29_e3985cff97.webp,
dataset/uploads_root/prod-svoe-vino-strapi/prod-svoe-vino/strapi/uploads/2_1ff7dd9f81.webp,
dataset/uploads_root/prod-svoe-vino-strapi/prod-svoe-vino/strapi/uploads/2_28_of_78_b3f6a32ace.webp,
dataset/uploads_root/prod-svoe-vino-strapi/prod-svoe-vino/strapi/uploads/2_2_f47d9cc9a4.webp,
dataset/uploads_root/prod-svoe-vino-strapi/prod-svoe-vino/strapi/uploads/2_4a0ff5c456.webp,
dataset/uploads_root/prod-svoe-vino-strapi/prod-svoe-vino/strapi/uploads/2_56_of_78_9798570a9e.webp,
dataset/uploads_root/prod-svoe-vino-strapi/prod-svoe-vino/strapi/uploads/2_5e0e50a39a.webp,
dataset/uploads_root/prod-svoe-vino-strapi/prod-svoe-vino/strapi/uploads/2_6ca707efa4.webp,
dataset/uploads_root/prod-svoe-vino-strapi/prod-svoe-vino/strapi/uploads/2_78_of_78_07dd56317a.webp,
dataset/uploads_root/prod-svoe-vino-strapi/prod-svoe-vino/strapi/uploads/2_8fdb34dcf3.webp,magnatum-blanc-de-blancs
dataset/uploads_root/prod-svoe-vino-strapi/prod-svoe-vino/strapi/uploads/2_kartinka_nano_banana_pro_image_2026_03_21_14_28_32_bac071029f.webp,
dataset/uploads_root/prod-svoe-vino-strapi/prod-svoe-vino/strapi/uploads/2_podpisanie_RAKO_APK_i_Universitet_2035_52987da7a4.webp,
dataset/uploads_root/prod-svoe-vino-strapi/prod-svoe-vino/strapi/uploads/2f7542a1_1825_4cf1_baad_1ccf21d8bcca1_b044479e16.webp,
dataset/uploads_root/prod-svoe-vino-strapi/prod-svoe-vino/strapi/uploads/2pgwyj29jpc6l8lzoejr18c2un8kor1p_b7d055efaf.webp,
dataset/uploads_root/prod-svoe-vino-strapi/prod-svoe-vino/strapi/uploads/2w2jdu3n2w523wn5sy1e5hcrtkw3zt3t_a4250699e8.webp,
dataset/uploads_root/prod-svoe-vino-strapi/prod-svoe-vino/strapi/uploads/2yfvayvay_83316bd121.webp,katharon-semi-sweet
dataset/uploads_root/prod-svoe-vino-strapi/prod-svoe-vino/strapi/uploads/309_41e86d6033.webp,
dataset/uploads_root/prod-svoe-vino-strapi/prod-svoe-vino/strapi/uploads/309_ffcb8f9e64.webp,
dataset/uploads_root/prod-svoe-vino-strapi/prod-svoe-vino/strapi/uploads/30_04_pervyj_raz_s_vinom_64589ed1df.webp,
dataset/uploads_root/prod-svoe-vino-strapi/prod-svoe-vino/strapi/uploads/30_04_sov_blan_fa3f4e6298.webp,
dataset/uploads_root/prod-svoe-vino-strapi/prod-svoe-vino/strapi/uploads/30_05_roze_d146c8f2e2.webp,
dataset/uploads_root/prod-svoe-vino-strapi/prod-svoe-vino/strapi/uploads/30_05_sandzho_175f6b763f.webp,
dataset/uploads_root/prod-svoe-vino-strapi/prod-svoe-vino/strapi/uploads/30_06_luchshee_beloe_e61229b325.webp,
dataset/uploads_root/prod-svoe-vino-strapi/prod-svoe-vino/strapi/uploads/30_06_vino_k_utke_f44e416d19.webp,
dataset/uploads_root/prod-svoe-vino-strapi/prod-svoe-vino/strapi/uploads/30_08_5f14a9bbc9.webp,
dataset/uploads_root/prod-svoe-vino-strapi/prod-svoe-vino/strapi/uploads/30c39db7_12a6_49e3_bd0e_c73661ca1f45_fea3df6ac5.webp,
dataset/uploads_root/prod-svoe-vino-strapi/prod-svoe-vino/strapi/uploads/3122979_0_0_1280_720_600x0_80_0_0_b782c5812f68f83106c5d7819059982c_jpg_d34b2899bf.webp,
dataset/uploads_root/prod-svoe-vino-strapi/prod-svoe-vino/strapi/uploads/3187_x_Gd_DV_9_Z_4f2fabbbca.png,
dataset/uploads_root/prod-svoe-vino-strapi/prod-svoe-vino/strapi/uploads/318_A6677_Extracted_8a0b43cfa5.webp,
dataset/uploads_root/prod-svoe-vino-strapi/prod-svoe-vino/strapi/uploads/31_05_kava_d85c021683.webp,
dataset/uploads_root/prod-svoe-vino-strapi/prod-svoe-vino/strapi/uploads/31_05_shamp_4ab1b0f117.webp,
dataset/uploads_root/prod-svoe-vino-strapi/prod-svoe-vino/strapi/uploads/31_07_kitaj_3e5f4ff589.webp,
dataset/uploads_root/prod-svoe-vino-strapi/prod-svoe-vino/strapi/uploads/31_07_vino_i_myaso_294244cb21.webp,
dataset/uploads_root/prod-svoe-vino-strapi/prod-svoe-vino/strapi/uploads/31_08_63428bf258.webp,
dataset/uploads_root/prod-svoe-vino-strapi/prod-svoe-vino/strapi/uploads/3211569_0_67_1280_787_600x0_80_0_0_6bdcfa2901abd702663efa4dc71c18b7_jpg_03c609c655.webp,
dataset/uploads_root/prod-svoe-vino-strapi/prod-svoe-vino/strapi/uploads/3286_0889bd001b.png,
dataset/uploads_root/prod-svoe-vino-strapi/prod-svoe-vino/strapi/uploads/3286_13b0475576.png,
dataset/uploads_root/prod-svoe-vino-strapi/prod-svoe-vino/strapi/uploads/3286_439d7f9696.png,
dataset/uploads_root/prod-svoe-vino-strapi/prod-svoe-vino/strapi/uploads/3286_e0_X_Vf_Sw_7e43fc36ef.png,
dataset/uploads_root/prod-svoe-vino-strapi/prod-svoe-vino/strapi/uploads/3333333i_67a948d2f9.webp,
dataset/uploads_root/prod-svoe-vino-strapi/prod-svoe-vino/strapi/uploads/337aa14f_3320_4651_899f_08828f96fa4c_57a0529c97.webp,
dataset/uploads_root/prod-svoe-vino-strapi/prod-svoe-vino/strapi/uploads/3423_DF_23_7553_4_C5_A_8_B9_B_C53327235636_914bbb5c27.webp,
dataset/uploads_root/prod-svoe-vino-strapi/prod-svoe-vino/strapi/uploads/347359242491908_3c94be1711.webp,
dataset/uploads_root/prod-svoe-vino-strapi/prod-svoe-vino/strapi/uploads/347659627017665_57e149b92c.webp,
dataset/uploads_root/prod-svoe-vino-strapi/prod-svoe-vino/strapi/uploads/347659627017665_9372f79173.webp,
dataset/uploads_root/prod-svoe-vino-strapi/prod-svoe-vino/strapi/uploads/347660450890528_f231a19ddd.webp,
dataset/uploads_root/prod-svoe-vino-strapi/prod-svoe-vino/strapi/uploads/347779809810925_3650a967be.webp,
dataset/uploads_root/prod-svoe-vino-strapi/prod-svoe-vino/strapi/uploads/36235650d41dd36b48f76535f4cef38df7f909_ab406bb20d.webp,
dataset/uploads_root/prod-svoe-vino-strapi/prod-svoe-vino/strapi/uploads/36235650d41dd36b48f76535f4cef38df7f909_e36af385af.webp,
dataset/uploads_root/prod-svoe-vino-strapi/prod-svoe-vino/strapi/uploads/36235650d41dd36b48f76535f4cef38df7f909_fa6d8b99fc.webp,
dataset/uploads_root/prod-svoe-vino-strapi/prod-svoe-vino/strapi/uploads/36e7jezffvziu3vr0f2vxuuzkkp56h26_14bf340e7d.webp,
dataset/uploads_root/prod-svoe-vino-strapi/prod-svoe-vino/strapi/uploads/36e7jezffvziu3vr0f2vxuuzkkp56h26_6a5b7392a9.webp,
dataset/uploads_root/prod-svoe-vino-strapi/prod-svoe-vino/strapi/uploads/3712479b_185d_4905_ba94_f28c5ba0fbe0_232e98436f.webp,
dataset/uploads_root/prod-svoe-vino-strapi/prod-svoe-vino/strapi/uploads/398552ef_a4ff_4064_8f9c_6bfa472e5af6_adee2da3e9.webp,
dataset/uploads_root/prod-svoe-vino-strapi/prod-svoe-vino/strapi/uploads/39_66c649eabd.webp,
dataset/uploads_root/prod-svoe-vino-strapi/prod-svoe-vino/strapi/uploads/39fa1db9_af70_4b5d_bbc3_70386ac3f2a7_ada38e2e63.webp,
dataset/uploads_root/prod-svoe-vino-strapi/prod-svoe-vino/strapi/uploads/3_103_of_203_e7a621bd5b.webp,
dataset/uploads_root/prod-svoe-vino-strapi/prod-svoe-vino/strapi/uploads/3_171_of_203_8446e01e73.webp,
dataset/uploads_root/prod-svoe-vino-strapi/prod-svoe-vino/strapi/uploads/3_178_of_203_4e2a416f60.webp,
dataset/uploads_root/prod-svoe-vino-strapi/prod-svoe-vino/strapi/uploads/3_180_of_203_df0e212a30.webp,
dataset/uploads_root/prod-svoe-vino-strapi/prod-svoe-vino/strapi/uploads/3_1d122f589f.webp,
dataset/uploads_root/prod-svoe-vino-strapi/prod-svoe-vino/strapi/uploads/3_203_of_203_15fb9a3900.webp,
dataset/uploads_root/prod-svoe-vino-strapi/prod-svoe-vino/strapi/uploads/3_24aac3b212.webp,
dataset/uploads_root/prod-svoe-vino-strapi/prod-svoe-vino/strapi/uploads/3_25_of_203_43f945dad6.webp,
dataset/uploads_root/prod-svoe-vino-strapi/prod-svoe-vino/strapi/uploads/3_51_of_203_c411ca2313.webp,
dataset/uploads_root/prod-svoe-vino-strapi/prod-svoe-vino/strapi/uploads/3_9f60e44738.webp,
dataset/uploads_root/prod-svoe-vino-strapi/prod-svoe-vino/strapi/uploads/3_IMG_7274_1aa39d7269.webp,
dataset/uploads_root/prod-svoe-vino-strapi/prod-svoe-vino/strapi/uploads/3_e63f7ef434.webp,
dataset/uploads_root/prod-svoe-vino-strapi/prod-svoe-vino/strapi/uploads/3_intensiv_rossijskoe_vino_2_a6e18f325c.webp,
dataset/uploads_root/prod-svoe-vino-strapi/prod-svoe-vino/strapi/uploads/3_kartinka_nano_banana_pro_image_2026_03_21_14_28_32_53203ec659.webp,
dataset/uploads_root/prod-svoe-vino-strapi/prod-svoe-vino/strapi/uploads/3dxm455ar2zh3fdwbiyr8s8o0gtke9cd_23cda3f973.webp,
dataset/uploads_root/prod-svoe-vino-strapi/prod-svoe-vino/strapi/uploads/3l1sc54gm5m3lgukf06yer026uv1vcgx_1bd33660b2.webp,
dataset/uploads_root/prod-svoe-vino-strapi/prod-svoe-vino/strapi/uploads/3reb4vefuon0e8e3ch04ytz1vke3kv8q_a3d54d6193.webp,
dataset/uploads_root/prod-svoe-vino-strapi/prod-svoe-vino/strapi/uploads/3sse_27337336f8.webp,
dataset/uploads_root/prod-svoe-vino-strapi/prod-svoe-vino/strapi/uploads/4014_42c58568af.webp,
dataset/uploads_root/prod-svoe-vino-strapi/prod-svoe-vino/strapi/uploads/4027_S_Wj7_Llo_4702dddfff.png,
dataset/uploads_root/prod-svoe-vino-strapi/prod-svoe-vino/strapi/uploads/402b3e51_11f8_4b6d_a985_2096b6bd71ae_f8f9393af8.webp,
dataset/uploads_root/prod-svoe-vino-strapi/prod-svoe-vino/strapi/uploads/4070_P2k_HFGY_fc05586542.png,
dataset/uploads_root/prod-svoe-vino-strapi/prod-svoe-vino/strapi/uploads/4173_EFA_6_04_E8_4166_8_FE_6_895859_A26_F36_JPG_10984ab4cb.webp,
dataset/uploads_root/prod-svoe-vino-strapi/prod-svoe-vino/strapi/uploads/4173_EFA_6_04_E8_4166_8_FE_6_895859_A26_F36_a1c0a4112d.webp,
dataset/uploads_root/prod-svoe-vino-strapi/prod-svoe-vino/strapi/uploads/4249_1zw_I_Zsu_dffebadc6c.png,
dataset/uploads_root/prod-svoe-vino-strapi/prod-svoe-vino/strapi/uploads/4285_eq_F1_Fau_no_bg_preview_carve_photos_6d7da0f321.webp,aligote-avtorskoe-vino
dataset/uploads_root/prod-svoe-vino-strapi/prod-svoe-vino/strapi/uploads/4285_eq_F1_Fau_no_bg_preview_carve_photos_75f98bca1a.webp,aligote-avtorskoe
dataset/uploads_root/prod-svoe-vino-strapi/prod-svoe-vino/strapi/uploads/4286_Ixm_F_Mpd_no_bg_preview_carve_photos_e9bc638816.webp,pino-gri-avtorskoe
dataset/uploads_root/prod-svoe-vino-strapi/prod-svoe-vino/strapi/uploads/4287_Y_Ch_P_Nz3_no_bg_preview_carve_photos_5f55816077.webp,kokur-avtorskoe
dataset/uploads_root/prod-svoe-vino-strapi/prod-svoe-vino/strapi/uploads/4290_z_D_Kb_OVA_no_bg_preview_carve_photos_6bdfe80e27.webp,muskat-pozdnego-sbora-rozovyj
dataset/uploads_root/prod-svoe-vino-strapi/prod-svoe-vino/strapi/uploads/4291_pif_Lu_Yu_no_bg_preview_carve_photos_d891f6036d.webp,kokur-premium
dataset/uploads_root/prod-svoe-vino-strapi/prod-svoe-vino/strapi/uploads/4293_5v_Oij6_H_e1d1daa1cf.webp,novyj-svet-kollekczionnoe-bryut
dataset/uploads_root/prod-svoe-vino-strapi/prod-svoe-vino/strapi/uploads/4298_n_Wd2gfl_fc9d46eed2.webp,novyj-svet-risling-kyuve-de-prestizh
dataset/uploads_root/prod-svoe-vino-strapi/prod-svoe-vino/strapi/uploads/4299_5o_I_Vt_UU_9348a5c313.webp,novyj-svet-polusuhoe-kollekczionnoe
dataset/uploads_root/prod-svoe-vino-strapi/prod-svoe-vino/strapi/uploads/4300_tl_K_Hp_Eg_0fa0eef9b4.webp,novyj-svet-vyderzhannoe-bryut
dataset/uploads_root/prod-svoe-vino-strapi/prod-svoe-vino/strapi/uploads/4300_tl_K_Hp_Eg_58f660d670.webp,novyj-svet-polusladkoe
dataset/uploads_root/prod-svoe-vino-strapi/prod-svoe-vino/strapi/uploads/4301_xc_Hycz_V_5f1c804393.webp,novyj-svet-shardone
dataset/uploads_root/prod-svoe-vino-strapi/prod-svoe-vino/strapi/uploads/4302_K89cs_Mx_a2f8098739.webp,novyj-svet-shardone-kyuve-de-prestizh
dataset/uploads_root/prod-svoe-vino-strapi/prod-svoe-vino/strapi/uploads/4303_v_E_Ae_Fb_H_c2ae43e296.webp,novyj-svet-pino-gri-millezim
dataset/uploads_root/prod-svoe-vino-strapi/prod-svoe-vino/strapi/uploads/4308_TC_5bs_GE_232f37619b.webp,novyj-svet-kaberne-sovinon
dataset/uploads_root/prod-svoe-vino-strapi/prod-svoe-vino/strapi/uploads/4309_Xp_Hvu_QW_c001f686c0.webp,novyj-svet-kaberne-sovinon-polusladkoe
dataset/uploads_root/prod-svoe-vino-strapi/prod-svoe-vino/strapi/uploads/4310_5n67_NVV_9e7031b185.webp,novyj-svet-zolotoj-risling
dataset/uploads_root/prod-svoe-vino-strapi/prod-svoe-vino/strapi/uploads/436460_0_0_3124_1991_1440x900_80_0_1_d131497ecbedf_848d58d6e0.webp,
dataset/uploads_root/prod-svoe-vino-strapi/prod-svoe-vino/strapi/uploads/44567_0_95_2500_1501_2072x0_60_0_0_680c3480cc7947dae7fce8d400fe42e4_c60fdc7070.webp,
dataset/uploads_root/prod-svoe-vino-strapi/prod-svoe-vino/strapi/uploads/448a5cfe_7790_4006_a185_639f14bb78b7_cfef3adff0.webp,
dataset/uploads_root/prod-svoe-vino-strapi/prod-svoe-vino/strapi/uploads/4546480696_1_6c734ae1af.webp,
dataset/uploads_root/prod-svoe-vino-strapi/prod-svoe-vino/strapi/uploads/4591_ex2_Z_Jn_A_64c079db2f.png,
dataset/uploads_root/prod-svoe-vino-strapi/prod-svoe-vino/strapi/uploads/460110750287_no_bg_preview_carve_photos_d9a9b898cd.webp,kaffa-joy-rkatsiteli
dataset/uploads_root/prod-svoe-vino-strapi/prod-svoe-vino/strapi/uploads/460110750288_no_bg_preview_carve_photos_613a90613e.webp,kaffa-joy-malbec-glu-glu
dataset/uploads_root/prod-svoe-vino-strapi/prod-svoe-vino/strapi/uploads/460110750289_no_bg_preview_carve_photos_4b52546c83.webp,kaffa-joy-merlot-malbec
dataset/uploads_root/prod-svoe-vino-strapi/prod-svoe-vino/strapi/uploads/460110750290_no_bg_preview_carve_photos_97c4b5c7e5.webp,kaffa-joy-malvasia
dataset/uploads_root/prod-svoe-vino-strapi/prod-svoe-vino/strapi/uploads/4712_FL_06_Oac_1e6fac8fb9.png,
dataset/uploads_root/prod-svoe-vino-strapi/prod-svoe-vino/strapi/uploads/4816_x_T1du_XG_10df15b269.png,
dataset/uploads_root/prod-svoe-vino-strapi/prod-svoe-vino/strapi/uploads/4826_N_Ndc2f_W_Photoroom_276188e83c.webp,mantra-estate-sira-roze-rozovoe-suhoe-12
dataset/uploads_root/prod-svoe-vino-strapi/prod-svoe-vino/strapi/uploads/4893_Ucan_SWF_cd8fa5c042.png,
dataset/uploads_root/prod-svoe-vino-strapi/prod-svoe-vino/strapi/uploads/4_05_czifrovoj_detoks_bec1edf51e.webp,
dataset/uploads_root/prod-svoe-vino-strapi/prod-svoe-vino/strapi/uploads/4_05_czvetnaya_kapusta_e39ed7f491.webp,
dataset/uploads_root/prod-svoe-vino-strapi/prod-svoe-vino/strapi/uploads/4_947238e0cc_266198faa0.webp,
dataset/uploads_root/prod-svoe-vino-strapi/prod-svoe-vino/strapi/uploads/4_Intensiv_rossijskoe_vino_1_6c22f64664.webp,
dataset/uploads_root/prod-svoe-vino-strapi/prod-svoe-vino/strapi/uploads/4_R0_A2295_2_1666a5db86.webp,
dataset/uploads_root/prod-svoe-vino-strapi/prod-svoe-vino/strapi/uploads/4_R0_A3068_1_1cdcbcb7e7.webp,
dataset/uploads_root/prod-svoe-vino-strapi/prod-svoe-vino/strapi/uploads/4_R0_A3708_08572feb31.webp,
dataset/uploads_root/prod-svoe-vino-strapi/prod-svoe-vino/strapi/uploads/4_R0_A3708_1_6ede3cb588.webp,
dataset/uploads_root/prod-svoe-vino-strapi/prod-svoe-vino/strapi/uploads/4_R0_A3708_cb45cc1cb6.webp,
dataset/uploads_root/prod-svoe-vino-strapi/prod-svoe-vino/strapi/uploads/4_R0_A6766_3_a3da5a5432.webp,
dataset/uploads_root/prod-svoe-vino-strapi/prod-svoe-vino/strapi/uploads/4_R0_A7721_nikolaev_i_synovya_25f00f7a37.webp,
dataset/uploads_root/prod-svoe-vino-strapi/prod-svoe-vino/strapi/uploads/4_R0_A8718_3_51e7aacaf7.webp,
dataset/uploads_root/prod-svoe-vino-strapi/prod-svoe-vino/strapi/uploads/4_X2_A5121_a31614a042.webp,
dataset/uploads_root/prod-svoe-vino-strapi/prod-svoe-vino/strapi/uploads/4_X2_A5256_614c263e30.webp,
dataset/uploads_root/prod-svoe-vino-strapi/prod-svoe-vino/strapi/uploads/4_X2_A5410_1a42b11836.webp,
dataset/uploads_root/prod-svoe-vino-strapi/prod-svoe-vino/strapi/uploads/4_X2_A5428_a1f92607ff.webp,
dataset/uploads_root/prod-svoe-vino-strapi/prod-svoe-vino/strapi/uploads/4_c5a5b72ae5.jpg,
dataset/uploads_root/prod-svoe-vino-strapi/prod-svoe-vino/strapi/uploads/4_nano_banana_pro_image_2026_03_21_14_32_07_3b56bdda4e.webp,
dataset/uploads_root/prod-svoe-vino-strapi/prod-svoe-vino/strapi/uploads/4bb4933e_ceab_454e_a550_09fe6968fbf3_a76bb2cdd5.webp,
dataset/uploads_root/prod-svoe-vino-strapi/prod-svoe-vino/strapi/uploads/4c137499ce9762d7366da64973896b8c_c1cf296784.webp,
dataset/uploads_root/prod-svoe-vino-strapi/prod-svoe-vino/strapi/uploads/4c594a37_f8b9_41ef_b564_84d3bdd6cd26_c92b6a7aa7.webp,
dataset/uploads_root/prod-svoe-vino-strapi/prod-svoe-vino/strapi/uploads/4d8e92c2630f2d82f03afe591ebd83fcf91ec225_406bb51465.png,
dataset/uploads_root/prod-svoe-vino-strapi/prod-svoe-vino/strapi/uploads/4e174970_1161_420d_b504_5b8e89de8da8_5727754_7233937231.webp,
dataset/uploads_root/prod-svoe-vino-strapi/prod-svoe-vino/strapi/uploads/4f9d9c28_9683_4760_9a76_f359a4b90a64_4b31acb40c.webp,
dataset/uploads_root/prod-svoe-vino-strapi/prod-svoe-vino/strapi/uploads/4ksj134r2l2a0t6kat5g2kvus4qz3347_a47cb5bce6.webp,
dataset/uploads_root/prod-svoe-vino-strapi/prod-svoe-vino/strapi/uploads/5042_gr95_QQQ_df660a38c5.webp,
dataset/uploads_root/prod-svoe-vino-strapi/prod-svoe-vino/strapi/uploads/5047_F_Zctkki_3e565b16ac.png,
dataset/uploads_root/prod-svoe-vino-strapi/prod-svoe-vino/strapi/uploads/509840_0_0_1200_801_1440x900_80_0_1_53071359cb842382e3a977c8c26307f5_jpg_60b30b9d36.webp,
dataset/uploads_root/prod-svoe-vino-strapi/prod-svoe-vino/strapi/uploads/5195429176003989489_0c4f966ab2.webp,
dataset/uploads_root/prod-svoe-vino-strapi/prod-svoe-vino/strapi/uploads/51_23bac692fb.webp,
dataset/uploads_root/prod-svoe-vino-strapi/prod-svoe-vino/strapi/uploads/5215541502828809344_8323b5d6a3_fee054a6a5.webp,
dataset/uploads_root/prod-svoe-vino-strapi/prod-svoe-vino/strapi/uploads/5217969392006663793_2ded3a2882.jpg,
dataset/uploads_root/prod-svoe-vino-strapi/prod-svoe-vino/strapi/uploads/5217969392006663793_eeb41798c2_cc56063d7e.webp,
dataset/uploads_root/prod-svoe-vino-strapi/prod-svoe-vino/strapi/uploads/52186a2d_ee50_4ea5_8f75_adc07ad19c3b_f589dbcf5a.webp,
dataset/uploads_root/prod-svoe-vino-strapi/prod-svoe-vino/strapi/uploads/5220108453223798190_8515a12c67.webp,
dataset/uploads_root/prod-svoe-vino-strapi/prod-svoe-vino/strapi/uploads/5226668521843449529_d5c6e56875.webp,
dataset/uploads_root/prod-svoe-vino-strapi/prod-svoe-vino/strapi/uploads/5237962752532353483_08f31fbd1f.webp,
dataset/uploads_root/prod-svoe-vino-strapi/prod-svoe-vino/strapi/uploads/5314676181313458817_fb45ade62f.webp,
dataset/uploads_root/prod-svoe-vino-strapi/prod-svoe-vino/strapi/uploads/5314676181313458818_5b6593a111.webp,
dataset/uploads_root/prod-svoe-vino-strapi/prod-svoe-vino/strapi/uploads/5323318432902090060_215a9be522.webp,
dataset/uploads_root/prod-svoe-vino-strapi/prod-svoe-vino/strapi/uploads/5323318432902090061_035bdc1c56.webp,
dataset/uploads_root/prod-svoe-vino-strapi/prod-svoe-vino/strapi/uploads/5346208602836300295_71f45e08a6.webp,
dataset/uploads_root/prod-svoe-vino-strapi/prod-svoe-vino/strapi/uploads/5375570249107240761_1e3e0a6b0d.webp,
dataset/uploads_root/prod-svoe-vino-strapi/prod-svoe-vino/strapi/uploads/54211_0_0_300_300_1440x900_80_0_1_951c078b9f3adb44_48d45dad5c.webp,
dataset/uploads_root/prod-svoe-vino-strapi/prod-svoe-vino/strapi/uploads/5435883491301199984_e4b6bfcca2.webp,
dataset/uploads_root/prod-svoe-vino-strapi/prod-svoe-vino/strapi/uploads/5436244023740928036_a22b9b4641.webp,
dataset/uploads_root/prod-svoe-vino-strapi/prod-svoe-vino/strapi/uploads/54429314037849159831_6b9a64f2b0.webp,
dataset/uploads_root/prod-svoe-vino-strapi/prod-svoe-vino/strapi/uploads/5447568727215299492_fd1fa44900.webp,
dataset/uploads_root/prod-svoe-vino-strapi/prod-svoe-vino/strapi/uploads/5472194188498636361_2e08dd6b57.webp,
dataset/uploads_root/prod-svoe-vino-strapi/prod-svoe-vino/strapi/uploads/55_Iz9_SL_Sc_9da6929d6d.webp,
dataset/uploads_root/prod-svoe-vino-strapi/prod-svoe-vino/strapi/uploads/562473f1a011f270ee64a558fb481679_9c45e4cb8e.webp,
dataset/uploads_root/prod-svoe-vino-strapi/prod-svoe-vino/strapi/uploads/5656_71e59e2c7f.webp,
dataset/uploads_root/prod-svoe-vino-strapi/prod-svoe-vino/strapi/uploads/5765e578_af15_48ed_aaa1_33bdaef93519_6e58442df9.webp,
dataset/uploads_root/prod-svoe-vino-strapi/prod-svoe-vino/strapi/uploads/5793_f8u_Yye_E_18b1cfc478.webp,
dataset/uploads_root/prod-svoe-vino-strapi/prod-svoe-vino/strapi/uploads/57_a6f8f7ddf6.webp,
dataset/uploads_root/prod-svoe-vino-strapi/prod-svoe-vino/strapi/uploads/580437_6001_8716ee68b7.webp,
dataset/uploads_root/prod-svoe-vino-strapi/prod-svoe-vino/strapi/uploads/5_63b8330ade.webp,
dataset/uploads_root/prod-svoe-vino-strapi/prod-svoe-vino/strapi/uploads/5_Y8_A7001_7e45e5f4f1.webp,
dataset/uploads_root/prod-svoe-vino-strapi/prod-svoe-vino/strapi/uploads/5_Y8_A7001_c30b0a2ca1.webp,
dataset/uploads_root/prod-svoe-vino-strapi/prod-svoe-vino/strapi/uploads/5_majskih_byyutikollaboracij_v_restoranah_i_barah_66789_3_1000x667_e8935239d9.webp,
dataset/uploads_root/prod-svoe-vino-strapi/prod-svoe-vino/strapi/uploads/5a6ed7e4_239b_4317_8f0a_f1ad4276c354_53e5107576.webp,
dataset/uploads_root/prod-svoe-vino-strapi/prod-svoe-vino/strapi/uploads/5ac9949aff_72497c1499.webp,
dataset/uploads_root/prod-svoe-vino-strapi/prod-svoe-vino/strapi/uploads/5b84b6e0fde8660de1eb222a2deddf72_1_e0bdfbfbc5.webp,
dataset/uploads_root/prod-svoe-vino-strapi/prod-svoe-vino/strapi/uploads/5eqw5baidkgtai21kdy0fcxwdwtg2jzv_1_67841be319.webp,
dataset/uploads_root/prod-svoe-vino-strapi/prod-svoe-vino/strapi/uploads/5j5mywlvwcxk83fhsaw83ha5ipdmludz_813a748a74.webp,
dataset/uploads_root/prod-svoe-vino-strapi/prod-svoe-vino/strapi/uploads/5s4pgoeyc0zgq69fm1jixnyqrrtdcbcd_dbe707077a.webp,
dataset/uploads_root/prod-svoe-vino-strapi/prod-svoe-vino/strapi/uploads/600d39vevivi3pv3zvmzjr6w3c3bv464_812a97c5bd.webp,
dataset/uploads_root/prod-svoe-vino-strapi/prod-svoe-vino/strapi/uploads/60fa5e6e7c2be494561407_147164da3a.webp,
dataset/uploads_root/prod-svoe-vino-strapi/prod-svoe-vino/strapi/uploads/6193ae50_4f5b_478f_970e_7227360b98fb_a2553bb987.webp,
dataset/uploads_root/prod-svoe-vino-strapi/prod-svoe-vino/strapi/uploads/62201531_1_F98_44_E9_B9_AF_D852700_ABF_08_af033954a0.webp,
dataset/uploads_root/prod-svoe-vino-strapi/prod-svoe-vino/strapi/uploads/63202d209d6d3762656371_0a9ae104ef.webp,
dataset/uploads_root/prod-svoe-vino-strapi/prod-svoe-vino/strapi/uploads/63202d209d6d3762656371_b7afeab8e9.webp,
dataset/uploads_root/prod-svoe-vino-strapi/prod-svoe-vino/strapi/uploads/6462e89d_a776_484c_ba86_151e87b6bf10_bbd8cbacff.webp,
dataset/uploads_root/prod-svoe-vino-strapi/prod-svoe-vino/strapi/uploads/670_155fd1f273.webp,
dataset/uploads_root/prod-svoe-vino-strapi/prod-svoe-vino/strapi/uploads/694cb525_6cc6_4946_a39f_df260f1d7aa6_300b249711.webp,
dataset/uploads_root/prod-svoe-vino-strapi/prod-svoe-vino/strapi/uploads/696d6b2d_56ad_4bed_939a_ad6eee8ca96d_2843cb1de4.webp,
dataset/uploads_root/prod-svoe-vino-strapi/prod-svoe-vino/strapi/uploads/6_05_591c385479.webp,
dataset/uploads_root/prod-svoe-vino-strapi/prod-svoe-vino/strapi/uploads/6_05_kino_i_vino_6a98908269.webp,
dataset/uploads_root/prod-svoe-vino-strapi/prod-svoe-vino/strapi/uploads/6_b989358c0f.webp,
dataset/uploads_root/prod-svoe-vino-strapi/prod-svoe-vino/strapi/uploads/6a07b060_54c3_4864_a281_8c02975dff3c_6b7f585ba4.webp,
dataset/uploads_root/prod-svoe-vino-strapi/prod-svoe-vino/strapi/uploads/6becf6a9_a529_434a_9830_8ef8fb559020_5499679_d1582e49e1.webp,
dataset/uploads_root/prod-svoe-vino-strapi/prod-svoe-vino/strapi/uploads/6c5e90e0_dcb7_46a7_92a7_d4655af58d7f_dfe078ea87.webp,
dataset/uploads_root/prod-svoe-vino-strapi/prod-svoe-vino/strapi/uploads/6d647ab5_8a89_4254_b9b7_307244faa0a1_6fca8feac5.webp,
dataset/uploads_root/prod-svoe-vino-strapi/prod-svoe-vino/strapi/uploads/6d8359ad_e7a5_4482_9eca_81c0a4d275cd_7c6d30441c.webp,
dataset/uploads_root/prod-svoe-vino-strapi/prod-svoe-vino/strapi/uploads/6d8359ad_e7a5_4482_9eca_81c0a4d275cd_938ba40f80.webp,
dataset/uploads_root/prod-svoe-vino-strapi/prod-svoe-vino/strapi/uploads/6e_Q71w4c_KF_Cxcu_X_Lhw4c_KF_Cxcu_X_Lhw4c_KF_Cxcu_X_Lhw4c_KF_Cxc_1ef5ba6e63.webp,
dataset/uploads_root/prod-svoe-vino-strapi/prod-svoe-vino/strapi/uploads/7092079321_a7d5b53515.webp,
dataset/uploads_root/prod-svoe-vino-strapi/prod-svoe-vino/strapi/uploads/7173494b40e49bd13d072b1921a88174_79ea1c8ab4.webp,
dataset/uploads_root/prod-svoe-vino-strapi/prod-svoe-vino/strapi/uploads/724_F7_C52_41_F8_4_B29_9_B31_C5_BDEEC_50_F11_6efecbb4ff.webp,
dataset/uploads_root/prod-svoe-vino-strapi/prod-svoe-vino/strapi/uploads/73_2e69efa83c.webp,
dataset/uploads_root/prod-svoe-vino-strapi/prod-svoe-vino/strapi/uploads/779844_0_188_2975_1861_600x0_80_0_0_befdb0aa1b2c8a191bdd8108245cef93_826b297afc.webp,
dataset/uploads_root/prod-svoe-vino-strapi/prod-svoe-vino/strapi/uploads/7821daa937b56b18b2c10142cea818bbed57abbe_d6602241d3.png,
dataset/uploads_root/prod-svoe-vino-strapi/prod-svoe-vino/strapi/uploads/78b4ltxh2snrtkecgsdtl85vc4ox00ro_0045d36f86.webp,
dataset/uploads_root/prod-svoe-vino-strapi/prod-svoe-vino/strapi/uploads/790pd_WD_1_Pq_9_Ps_Vyjuy_Y7_Xy_Et4_z_T_Be_Lbbsy_Hp_D_Kmi_Jcjdowg_WS_2_Ss0_U0_I7961ia_F_Bo_WZL_ci1ef_6zn5_MQ_8_Tui_e627beb030.webp,
dataset/uploads_root/prod-svoe-vino-strapi/prod-svoe-vino/strapi/uploads/7_03_brusketty_2901a1f80f.webp,
dataset/uploads_root/prod-svoe-vino-strapi/prod-svoe-vino/strapi/uploads/7_03_glavnaya_f33acaee58.webp,
dataset/uploads_root/prod-svoe-vino-strapi/prod-svoe-vino/strapi/uploads/7_03_shaurma_glavnaya_ed869addcd.webp,
dataset/uploads_root/prod-svoe-vino-strapi/prod-svoe-vino/strapi/uploads/7_03_syry_fbc32a890c.webp,
dataset/uploads_root/prod-svoe-vino-strapi/prod-svoe-vino/strapi/uploads/7_03_zakuski_1_7dee2541f6.webp,
dataset/uploads_root/prod-svoe-vino-strapi/prod-svoe-vino/strapi/uploads/7_03_zakuski_a62bb9caee.webp,
dataset/uploads_root/prod-svoe-vino-strapi/prod-svoe-vino/strapi/uploads/7_05_roze_1b45f6c214.webp,
dataset/uploads_root/prod-svoe-vino-strapi/prod-svoe-vino/strapi/uploads/7_ac05df647a.webp,
dataset/uploads_root/prod-svoe-vino-strapi/prod-svoe-vino/strapi/uploads/7_fe8de8b5fc_49e4ea65f0.webp,
dataset/uploads_root/prod-svoe-vino-strapi/prod-svoe-vino/strapi/uploads/7a6bf950_5cb5_434d_9898_f75170f99f19_f5bdee6aa8.webp,
dataset/uploads_root/prod-svoe-vino-strapi/prod-svoe-vino/strapi/uploads/7c3bf622_a9ce_4772_95a5_0d78020019be_be2a4e31f6.webp,
dataset/uploads_root/prod-svoe-vino-strapi/prod-svoe-vino/strapi/uploads/7d0ca2ca_71ce_4b31_9c93_3a9ee5eed369_47a6d7e93a.webp,
dataset/uploads_root/prod-svoe-vino-strapi/prod-svoe-vino/strapi/uploads/7ea0ebb1_db92_4624_8ad3_64f3a37dba9f_3ddad9cf9c.webp,
dataset/uploads_root/prod-svoe-vino-strapi/prod-svoe-vino/strapi/uploads/800_0776_c14488648b.webp,
dataset/uploads_root/prod-svoe-vino-strapi/prod-svoe-vino/strapi/uploads/800_3236_0f9189b6a5.webp,
dataset/uploads_root/prod-svoe-vino-strapi/prod-svoe-vino/strapi/uploads/800_4033_6e0f2bbd05_b63445baf0_2f5a983a83.webp,
dataset/uploads_root/prod-svoe-vino-strapi/prod-svoe-vino/strapi/uploads/800_4233_HDR_25566a2a57.webp,
dataset/uploads_root/prod-svoe-vino-strapi/prod-svoe-vino/strapi/uploads/800_5651_e27e00f3b4.webp,
dataset/uploads_root/prod-svoe-vino-strapi/prod-svoe-vino/strapi/uploads/800_5743_fd880b0594.webp,
dataset/uploads_root/prod-svoe-vino-strapi/prod-svoe-vino/strapi/uploads/800x450_symlink_2026_05_16_sev_c7f5e3132d.webp,
dataset/uploads_root/prod-svoe-vino-strapi/prod-svoe-vino/strapi/uploads/803059_0_125_1665_1062_2072x0_60_0_0_5dc192517b7a72302e511d7dd8c246ca_735b2732ff.webp,
dataset/uploads_root/prod-svoe-vino-strapi/prod-svoe-vino/strapi/uploads/814056_0_44_909_555_600x0_80_0_0_c6b1494c6916c3a21_3b497a3bea.webp,
dataset/uploads_root/prod-svoe-vino-strapi/prod-svoe-vino/strapi/uploads/832e1c9a_a50d_4a85_81f6_f17979be1dd2_3a73a28559.webp,
dataset/uploads_root/prod-svoe-vino-strapi/prod-svoe-vino/strapi/uploads/8492fad2_8d82_4e5a_bb49_d28c34981b85_9a35f72bf7.webp,
dataset/uploads_root/prod-svoe-vino-strapi/prod-svoe-vino/strapi/uploads/86233aa9846e0733211eb9a955faa4f8_df0748f93b.jpg,
dataset/uploads_root/prod-svoe-vino-strapi/prod-svoe-vino/strapi/uploads/886ae623_3529_4ad6_9068_2e6fdaa6f09e_cc48a37988.webp,
dataset/uploads_root/prod-svoe-vino-strapi/prod-svoe-vino/strapi/uploads/88fb1de1_29d2_4c0e_9245_14271ef9a5b0_5df84d2610.webp,
dataset/uploads_root/prod-svoe-vino-strapi/prod-svoe-vino/strapi/uploads/89aaa43b_a6a2_4d2c_959d_0acad68f3219_ccfef771de_2a39aa2850.webp,
dataset/uploads_root/prod-svoe-vino-strapi/prod-svoe-vino/strapi/uploads/8_03_glavnaya_7499baf465.webp,
dataset/uploads_root/prod-svoe-vino-strapi/prod-svoe-vino/strapi/uploads/8_03_hajboll_8c1f4adc30.webp,
dataset/uploads_root/prod-svoe-vino-strapi/prod-svoe-vino/strapi/uploads/8_03_martini_nik_i_nora_02f3055b47.webp,
dataset/uploads_root/prod-svoe-vino-strapi/prod-svoe-vino/strapi/uploads/8_03_old_feshnd_da711339f6.webp,
dataset/uploads_root/prod-svoe-vino-strapi/prod-svoe-vino/strapi/uploads/8_03_poko_88268bfeaa.webp,
dataset/uploads_root/prod-svoe-vino-strapi/prod-svoe-vino/strapi/uploads/8_05_igristoe_8d1ebb96f1.webp,
dataset/uploads_root/prod-svoe-vino-strapi/prod-svoe-vino/strapi/uploads/8_05_k_shokoladu_09aecdc125.webp,
dataset/uploads_root/prod-svoe-vino-strapi/prod-svoe-vino/strapi/uploads/8_4b9879a59c.webp,
dataset/uploads_root/prod-svoe-vino-strapi/prod-svoe-vino/strapi/uploads/8_DE_3_A2_AE_E023_4_FEB_9_CE_0_002_BB_24_E28_F0_3bce0b3633.webp,
dataset/uploads_root/prod-svoe-vino-strapi/prod-svoe-vino/strapi/uploads/8_V1_A1757_b86396d73e.webp,
dataset/uploads_root/prod-svoe-vino-strapi/prod-svoe-vino/strapi/uploads/8_V1_A1935_5ad2cd9700.webp,
dataset/uploads_root/prod-svoe-vino-strapi/prod-svoe-vino/strapi/uploads/8_V1_A1935_92d71071ff.webp,
dataset/uploads_root/prod-svoe-vino-strapi/prod-svoe-vino/strapi/uploads/8_Y3_A9311_resized_615afa2b8d.webp,
dataset/uploads_root/prod-svoe-vino-strapi/prod-svoe-vino/strapi/uploads/8_d04424f27e.webp,
dataset/uploads_root/prod-svoe-vino-strapi/prod-svoe-vino/strapi/uploads/8jm_Xatbo_Yr_M_16c41697ff.webp,
dataset/uploads_root/prod-svoe-vino-strapi/prod-svoe-vino/strapi/uploads/8jm_Xatbo_Yr_M_fc84fbb6ed.webp,
dataset/uploads_root/prod-svoe-vino-strapi/prod-svoe-vino/strapi/uploads/93095_0201f344da.webp,
dataset/uploads_root/prod-svoe-vino-strapi/prod-svoe-vino/strapi/uploads/977_9777825_clip_art_library_red_smardiy_bottles_dark_crimson1_ac87c3f6f2.webp,
dataset/uploads_root/prod-svoe-vino-strapi/prod-svoe-vino/strapi/uploads/977_9777825_clip_art_library_red_smardiy_bottles_dark_crimson1_kopiya_461a72ea8d.webp,
dataset/uploads_root/prod-svoe-vino-strapi/prod-svoe-vino/strapi/uploads/977_9777825_clip_art_library_red_smardiy_bottles_dark_crimson_80360d166d.png,
dataset/uploads_root/prod-svoe-vino-strapi/prod-svoe-vino/strapi/uploads/977_9777825_clip_art_library_red_smardiy_bottles_dark_crimson_d7b3bd6bed.png,
dataset/uploads_root/prod-svoe-vino-strapi/prod-svoe-vino/strapi/uploads/988_A0067_a1a24a11a3.webp,
dataset/uploads_root/prod-svoe-vino-strapi/prod-svoe-vino/strapi/uploads/988_A0110_4f956230eb.webp,
dataset/uploads_root/prod-svoe-vino-strapi/prod-svoe-vino/strapi/uploads/988_A0144_6840c46e64.webp,
dataset/uploads_root/prod-svoe-vino-strapi/prod-svoe-vino/strapi/uploads/988_A2666_8e1824ca68.webp,
dataset/uploads_root/prod-svoe-vino-strapi/prod-svoe-vino/strapi/uploads/988_A2945_535d35bf7b.webp,
dataset/uploads_root/prod-svoe-vino-strapi/prod-svoe-vino/strapi/uploads/988_A2961_4d12f2a845.webp,
dataset/uploads_root/prod-svoe-vino-strapi/prod-svoe-vino/strapi/uploads/988_A2998_a394be53da.webp,
dataset/uploads_root/prod-svoe-vino-strapi/prod-svoe-vino/strapi/uploads/988_A3006_42e23ebbda.webp,
dataset/uploads_root/prod-svoe-vino-strapi/prod-svoe-vino/strapi/uploads/988_A3016_03fc7b00e7.webp,
dataset/uploads_root/prod-svoe-vino-strapi/prod-svoe-vino/strapi/uploads/988_A3016_f8d327512f.webp,
dataset/uploads_root/prod-svoe-vino-strapi/prod-svoe-vino/strapi/uploads/988_A3032_4738c39f8e.webp,
dataset/uploads_root/prod-svoe-vino-strapi/prod-svoe-vino/strapi/uploads/988_A3134_343fa241bb.webp,
dataset/uploads_root/prod-svoe-vino-strapi/prod-svoe-vino/strapi/uploads/988_A3142_63911382c4.webp,
dataset/uploads_root/prod-svoe-vino-strapi/prod-svoe-vino/strapi/uploads/988_A3167_8d3f2651ac.webp,
dataset/uploads_root/prod-svoe-vino-strapi/prod-svoe-vino/strapi/uploads/988_A3192_406e3d2a53.webp,
dataset/uploads_root/prod-svoe-vino-strapi/prod-svoe-vino/strapi/uploads/988_A3203_86d2587eab.webp,
dataset/uploads_root/prod-svoe-vino-strapi/prod-svoe-vino/strapi/uploads/988_A3260_f33fc0d474.webp,
dataset/uploads_root/prod-svoe-vino-strapi/prod-svoe-vino/strapi/uploads/988_A3658_cbfc691ca2.webp,
dataset/uploads_root/prod-svoe-vino-strapi/prod-svoe-vino/strapi/uploads/988_A3874_f28ee9cfc2.webp,
dataset/uploads_root/prod-svoe-vino-strapi/prod-svoe-vino/strapi/uploads/988_A3972_abde856aba.webp,
dataset/uploads_root/prod-svoe-vino-strapi/prod-svoe-vino/strapi/uploads/988_A4053_d3a9b0b7b8.webp,
dataset/uploads_root/prod-svoe-vino-strapi/prod-svoe-vino/strapi/uploads/988_A4062_653321eed0.webp,
dataset/uploads_root/prod-svoe-vino-strapi/prod-svoe-vino/strapi/uploads/988_A4085_d7e135f94c.webp,
dataset/uploads_root/prod-svoe-vino-strapi/prod-svoe-vino/strapi/uploads/988_A4127_f00f635214.webp,
dataset/uploads_root/prod-svoe-vino-strapi/prod-svoe-vino/strapi/uploads/988_A4146_d4507d0362.webp,
dataset/uploads_root/prod-svoe-vino-strapi/prod-svoe-vino/strapi/uploads/988_A4152_e6869e09a3.webp,
dataset/uploads_root/prod-svoe-vino-strapi/prod-svoe-vino/strapi/uploads/988_A4191_6cb09fd698.webp,
dataset/uploads_root/prod-svoe-vino-strapi/prod-svoe-vino/strapi/uploads/988_A4230_b26c8a41ae.webp,
dataset/uploads_root/prod-svoe-vino-strapi/prod-svoe-vino/strapi/uploads/988_A4270_ee63d7b9d9.webp,
dataset/uploads_root/prod-svoe-vino-strapi/prod-svoe-vino/strapi/uploads/988_A4276_229bb20d47.webp,
dataset/uploads_root/prod-svoe-vino-strapi/prod-svoe-vino/strapi/uploads/988_A4634_e0a9aba4ce.webp,
dataset/uploads_root/prod-svoe-vino-strapi/prod-svoe-vino/strapi/uploads/988_A4703_94fec6cd59.webp,
dataset/uploads_root/prod-svoe-vino-strapi/prod-svoe-vino/strapi/uploads/988_A4844_25de3e47a7.webp,
dataset/uploads_root/prod-svoe-vino-strapi/prod-svoe-vino/strapi/uploads/988_A4921_11209795d6.webp,
dataset/uploads_root/prod-svoe-vino-strapi/prod-svoe-vino/strapi/uploads/988_A4921_35271623fb.webp,
dataset/uploads_root/prod-svoe-vino-strapi/prod-svoe-vino/strapi/uploads/988_A4921_3de7709539.webp,
dataset/uploads_root/prod-svoe-vino-strapi/prod-svoe-vino/strapi/uploads/988_A5191_efd68a2850.webp,
dataset/uploads_root/prod-svoe-vino-strapi/prod-svoe-vino/strapi/uploads/988_A5518_0486197a93.webp,
dataset/uploads_root/prod-svoe-vino-strapi/prod-svoe-vino/strapi/uploads/988_A6100_7e20dd4e1b.webp,
dataset/uploads_root/prod-svoe-vino-strapi/prod-svoe-vino/strapi/uploads/988_A6622_fbea54c0e0.webp,
dataset/uploads_root/prod-svoe-vino-strapi/prod-svoe-vino/strapi/uploads/988_A6649_41eb9c7d77.webp,
dataset/uploads_root/prod-svoe-vino-strapi/prod-svoe-vino/strapi/uploads/988_A6660_7b3ef98868.webp,
dataset/uploads_root/prod-svoe-vino-strapi/prod-svoe-vino/strapi/uploads/988_A6675_4c382568d7.webp,
dataset/uploads_root/prod-svoe-vino-strapi/prod-svoe-vino/strapi/uploads/988_A6732_843e5e3b98.webp,
dataset/uploads_root/prod-svoe-vino-strapi/prod-svoe-vino/strapi/uploads/988_A8019_1a7e22d938.webp,
dataset/uploads_root/prod-svoe-vino-strapi/prod-svoe-vino/strapi/uploads/988_A8462_1642a7581a.webp,
dataset/uploads_root/prod-svoe-vino-strapi/prod-svoe-vino/strapi/uploads/988_A9857_adfd4e2085.webp,
dataset/uploads_root/prod-svoe-vino-strapi/prod-svoe-vino/strapi/uploads/988_A9956_3f2aba778c.webp,
dataset/uploads_root/prod-svoe-vino-strapi/prod-svoe-vino/strapi/uploads/988_A9961_65789b63a4.webp,
dataset/uploads_root/prod-svoe-vino-strapi/prod-svoe-vino/strapi/uploads/99rahe39zn4n6zh81ix3njggolw6j23m_196b1409c0.webp,
dataset/uploads_root/prod-svoe-vino-strapi/prod-svoe-vino/strapi/uploads/9_03_ovoshhi_glavnaya_46fb618a4b.webp,
dataset/uploads_root/prod-svoe-vino-strapi/prod-svoe-vino/strapi/uploads/9_03_ovoshhi_i_belye_456a0280c5.webp,
dataset/uploads_root/prod-svoe-vino-strapi/prod-svoe-vino/strapi/uploads/9_03_ovoshhi_tomatnaya_pasta_3ef07a4461.webp,
dataset/uploads_root/prod-svoe-vino-strapi/prod-svoe-vino/strapi/uploads/9_03_yura_agora_vajneri_72222974a5.webp,
dataset/uploads_root/prod-svoe-vino-strapi/prod-svoe-vino/strapi/uploads/9_Z1_A3838_425c8a5afe.webp,
dataset/uploads_root/prod-svoe-vino-strapi/prod-svoe-vino/strapi/uploads/9_jpg_b43a610e43.webp,
dataset/uploads_root/prod-svoe-vino-strapi/prod-svoe-vino/strapi/uploads/9cd6d439_026b_454a_8ce2_38889d09dea0_dde5987fdf.webp,
dataset/uploads_root/prod-svoe-vino-strapi/prod-svoe-vino/strapi/uploads/9e5cm4pulrrsm9rjubfq1tqmjpung4xs_6ce1cb679c.webp,
dataset/uploads_root/prod-svoe-vino-strapi/prod-svoe-vino/strapi/uploads/9f760b768b1da67e8xdeabc077ee_73e1a4d314.webp,
dataset/uploads_root/prod-svoe-vino-strapi/prod-svoe-vino/strapi/uploads/9yu5apf3ch186etr8qd0s002v4zfm11g_ed6594f8b7.webp,
dataset/uploads_root/prod-svoe-vino-strapi/prod-svoe-vino/strapi/uploads/A14_I1890_ea6e7596ad.webp,
dataset/uploads_root/prod-svoe-vino-strapi/prod-svoe-vino/strapi/uploads/A14_I1895_f0d17becbd.webp,
dataset/uploads_root/prod-svoe-vino-strapi/prod-svoe-vino/strapi/uploads/A14_I2008_7d29b89292.webp,
dataset/uploads_root/prod-svoe-vino-strapi/prod-svoe-vino/strapi/uploads/A14_I6407_ee340f4e14.webp,
dataset/uploads_root/prod-svoe-vino-strapi/prod-svoe-vino/strapi/uploads/ABB_3474_e6097c5332.webp,
dataset/uploads_root/prod-svoe-vino-strapi/prod-svoe-vino/strapi/uploads/ABB_3489_a2234555ca.webp,
dataset/uploads_root/prod-svoe-vino-strapi/prod-svoe-vino/strapi/uploads/ABB_3495_190f55702f.webp,
dataset/uploads_root/prod-svoe-vino-strapi/prod-svoe-vino/strapi/uploads/AHM_0205_2_1_7272f59eef.webp,
dataset/uploads_root/prod-svoe-vino-strapi/prod-svoe-vino/strapi/uploads/ALEX_1262_23415e7f37.webp,
dataset/uploads_root/prod-svoe-vino-strapi/prod-svoe-vino/strapi/uploads/ALEX_1843_e5009ee759.webp,
dataset/uploads_root/prod-svoe-vino-strapi/prod-svoe-vino/strapi/uploads/AVVA_e4665f47de.webp,
dataset/uploads_root/prod-svoe-vino-strapi/prod-svoe-vino/strapi/uploads/AVVR_733b7116f7.webp,
dataset/uploads_root/prod-svoe-vino-strapi/prod-svoe-vino/strapi/uploads/AV_AB_molodoe_polusuhoe_beloe_94421f365d.webp,millstream-av-igristoe-molodoe-polusuhoe-beloe
dataset/uploads_root/prod-svoe-vino-strapi/prod-svoe-vino/strapi/uploads/AV_AB_molodoe_suhoe_beloe_5e97393b71.webp,millstream-av-igristoe-molodoe-suhoe-beloe
dataset/uploads_root/prod-svoe-vino-strapi/prod-svoe-vino/strapi/uploads/AYA_1923a1dd12.webp,
dataset/uploads_root/prod-svoe-vino-strapi/prod-svoe-vino/strapi/uploads/AYA_1_5b5c616788.webp,
dataset/uploads_root/prod-svoe-vino-strapi/prod-svoe-vino/strapi/uploads/AYA_Mokap_apassimento_437849eda9.webp,appassimento-merlot
dataset/uploads_root/prod-svoe-vino-strapi/prod-svoe-vino/strapi/uploads/AYA_Mokapy_igristoe_beloe_09976d020f.webp,evolution-pinot-noir-bryut-beloe
dataset/uploads_root/prod-svoe-vino-strapi/prod-svoe-vino/strapi/uploads/AYA_Mokapy_igristoe_roze_e3c51b7973.webp,evolution-pinot-noir-bryut-rozovoe
dataset/uploads_root/prod-svoe-vino-strapi/prod-svoe-vino/strapi/uploads/AYA_marquetry_cabernet_franc_2023_bottle_81526424ed.webp,marquetry-cabernet-franc
dataset/uploads_root/prod-svoe-vino-strapi/prod-svoe-vino/strapi/uploads/AYA_marquetry_syrah_2023_bottle_90a876b523.webp,marquetry-syrah
dataset/uploads_root/prod-svoe-vino-strapi/prod-svoe-vino/strapi/uploads/AYA_marquetry_syrah_merlot_cabernet_franc_2023_bottle_1174396457.webp,marquetry-syrah-merlot-cabernet-franc
dataset/uploads_root/prod-svoe-vino-strapi/prod-svoe-vino/strapi/uploads/A_Yu_Griczunova_468adc3471.webp,
dataset/uploads_root/prod-svoe-vino-strapi/prod-svoe-vino/strapi/uploads/Aaron_Vajnmafiya_df608136db.webp,
dataset/uploads_root/prod-svoe-vino-strapi/prod-svoe-vino/strapi/uploads/Abrau_Dyurso_Udelnoe_Vedomstvo_Imperatorskoe_beloe_polusladkoe_fac98a6538.webp,abrau-dyurso-udelnoe-vedomstvo-imperatorskoe-beloe-polusladkoe
dataset/uploads_root/prod-svoe-vino-strapi/prod-svoe-vino/strapi/uploads/Abrau_Dyurso_Udelnoe_vedomtsvo_bryut_80a96f319c.webp,abrau-dyurso-udelnoe-vedomstvo-imperatorskoe-beloe-bryut
dataset/uploads_root/prod-svoe-vino-strapi/prod-svoe-vino/strapi/uploads/Abrau_Dyurso_Viktor_Dravini_bryut_4b532f42da.webp,abrau-dyurso-victor-dravigny-bryut
dataset/uploads_root/prod-svoe-vino-strapi/prod-svoe-vino/strapi/uploads/Abrau_Dyurso_fizz_bryut_2a15c7f74f.webp,abrau-dyurso-fizz-beloe-bryut
dataset/uploads_root/prod-svoe-vino-strapi/prod-svoe-vino/strapi/uploads/Abrau_Dyurso_fizz_polusladkoe_031d93d5e0.webp,abrau-dyurso-fizz-beloe-polusladkoe
dataset/uploads_root/prod-svoe-vino-strapi/prod-svoe-vino/strapi/uploads/Abrau_Dyurso_i_PERMEGI_predstavili_limitirovannuyu_zimnyuyu_kollekcziyu_5cb3422261.webp,
dataset/uploads_root/prod-svoe-vino-strapi/prod-svoe-vino/strapi/uploads/Abrau_Dyurso_predstavlyaet_Abrau_Yuzu_Tonic_vdohnovlennyj_aziatskoj_kulturoj_i_sovremennymi_trendami_a8049fc0d7.webp,
dataset/uploads_root/prod-svoe-vino-strapi/prod-svoe-vino/strapi/uploads/Abrau_Dyurso_predstavlyaet_novuyu_linejku_vin_Abrau_Estates_Reserve_f0c87d3f23.webp,
dataset/uploads_root/prod-svoe-vino-strapi/prod-svoe-vino/strapi/uploads/Abrau_durso_Brut_rose_5_8f63b63563.webp,
dataset/uploads_root/prod-svoe-vino-strapi/prod-svoe-vino/strapi/uploads/Adagum_logotip_Osnovnoy_Logotip_a9cc89cf98.webp,
dataset/uploads_root/prod-svoe-vino-strapi/prod-svoe-vino/strapi/uploads/Afisha_dlya_pochty_cbc83ceec5.webp,
dataset/uploads_root/prod-svoe-vino-strapi/prod-svoe-vino/strapi/uploads/Afisha_dlya_pochty_fa64700b10.webp,
dataset/uploads_root/prod-svoe-vino-strapi/prod-svoe-vino/strapi/uploads/Afisha_dlya_sajta_740006f7b9.webp,
dataset/uploads_root/prod-svoe-vino-strapi/prod-svoe-vino/strapi/uploads/Afisha_dlya_sajta_dc4fd0da59.webp,
dataset/uploads_root/prod-svoe-vino-strapi/prod-svoe-vino/strapi/uploads/Agdam_Reserve_stal_Luchshim_vinom_Azerbajdzhana_i_Luchshim_kreplenym_vinom_279ff47229.jpg,
dataset/uploads_root/prod-svoe-vino-strapi/prod-svoe-vino/strapi/uploads/Agora_Bastardo_59a04897ff.webp,agora-bastardo
dataset/uploads_root/prod-svoe-vino-strapi/prod-svoe-vino/strapi/uploads/Agora_Blek_Stoun_e98339ae1b.webp,agora-blek-stoun
dataset/uploads_root/prod-svoe-vino-strapi/prod-svoe-vino/strapi/uploads/Agora_Kaberne_Sovinon_cf765cd22e.webp,agora-kaberne-sovinon
dataset/uploads_root/prod-svoe-vino-strapi/prod-svoe-vino/strapi/uploads/Agora_Muskat_4030bf4725.webp,
dataset/uploads_root/prod-svoe-vino-strapi/prod-svoe-vino/strapi/uploads/Agora_Muskat_9e40e11a77.webp,
dataset/uploads_root/prod-svoe-vino-strapi/prod-svoe-vino/strapi/uploads/Agora_Muskat_Chernyj_b3314704fa.webp,agora-muskat-chernyj
dataset/uploads_root/prod-svoe-vino-strapi/prod-svoe-vino/strapi/uploads/Agora_Muskat_d55b57a0af.webp,agora-muskat
dataset/uploads_root/prod-svoe-vino-strapi/prod-svoe-vino/strapi/uploads/Agora_Pino_Nuar_e81246aa3a.webp,agora-pino-nuar
dataset/uploads_root/prod-svoe-vino-strapi/prod-svoe-vino/strapi/uploads/Agora_Rezerv_Yahting_Merlo_c83c62cf28.webp,agora-yachting-merlot
dataset/uploads_root/prod-svoe-vino-strapi/prod-svoe-vino/strapi/uploads/Agora_Rezerv_Yahting_Pino_Gridzhio_5daf688202.webp,agora-yachting-pinot-grigio
dataset/uploads_root/prod-svoe-vino-strapi/prod-svoe-vino/strapi/uploads/Agora_Rezerv_Yahting_Shardone_836c91ea71.webp,agora-yachting-chardonnay
dataset/uploads_root/prod-svoe-vino-strapi/prod-svoe-vino/strapi/uploads/Agora_Rezerv_Yahting_Shiraz_efe299c1a7.webp,agora-yachting-shiraz
dataset/uploads_root/prod-svoe-vino-strapi/prod-svoe-vino/strapi/uploads/Agora_Rezerv_Yahting_Sovinon_kopiya_066436e3ad.webp,agora-yachting-cabernet-sauvignon
dataset/uploads_root/prod-svoe-vino-strapi/prod-svoe-vino/strapi/uploads/Agora_Rezerv_Yahting_Sovinon_kopiya_25525931ef.webp,agora-yachting-sauvignon
dataset/uploads_root/prod-svoe-vino-strapi/prod-svoe-vino/strapi/uploads/Agora_Risling_1b886b07f8.webp,agora-risling
dataset/uploads_root/prod-svoe-vino-strapi/prod-svoe-vino/strapi/uploads/Agora_Saperavi_c472cc0afc.webp,agora-saperavi
dataset/uploads_root/prod-svoe-vino-strapi/prod-svoe-vino/strapi/uploads/Agora_Shardone_4e9ddf9c52.webp,agora-shardone
dataset/uploads_root/prod-svoe-vino-strapi/prod-svoe-vino/strapi/uploads/Agora_Sovinon_6b035f6913.webp,agora-sovinon
dataset/uploads_root/prod-svoe-vino-strapi/prod-svoe-vino/strapi/uploads/Agora_Vajneri_0ed45b0083.webp,
dataset/uploads_root/prod-svoe-vino-strapi/prod-svoe-vino/strapi/uploads/Agora_Vajneri_461aff8ab8.webp,
dataset/uploads_root/prod-svoe-vino-strapi/prod-svoe-vino/strapi/uploads/Agora_av_9b5157fb71.webp,
dataset/uploads_root/prod-svoe-vino-strapi/prod-svoe-vino/strapi/uploads/Agora_e506f3e484.webp,
dataset/uploads_root/prod-svoe-vino-strapi/prod-svoe-vino/strapi/uploads/Agrolajn_3296775207.webp,
dataset/uploads_root/prod-svoe-vino-strapi/prod-svoe-vino/strapi/uploads/Agrolajn_4799a82307.webp,
dataset/uploads_root/prod-svoe-vino-strapi/prod-svoe-vino/strapi/uploads/Ajsvajn_Risling_ot_Shato_Pino_42519c7262.webp,
dataset/uploads_root/prod-svoe-vino-strapi/prod-svoe-vino/strapi/uploads/Ajsvajn_Risling_ot_Shato_Pino_849d23a2c3.webp,
dataset/uploads_root/prod-svoe-vino-strapi/prod-svoe-vino/strapi/uploads/Akchurin_861073040d.webp,
dataset/uploads_root/prod-svoe-vino-strapi/prod-svoe-vino/strapi/uploads/Alamak_bryut_beloe_2c9b3e074d.webp,millstream-alamak-bryut-beloe
dataset/uploads_root/prod-svoe-vino-strapi/prod-svoe-vino/strapi/uploads/Aleksandr_Lebedev1_119e91cf55.webp,
dataset/uploads_root/prod-svoe-vino-strapi/prod-svoe-vino/strapi/uploads/Aleksandr_Sklyarov_e11be946f1.webp,
dataset/uploads_root/prod-svoe-vino-strapi/prod-svoe-vino/strapi/uploads/Aleksej_Chernega_b9c58f142d.webp,
dataset/uploads_root/prod-svoe-vino-strapi/prod-svoe-vino/strapi/uploads/Aleksej_Raevskoe_883bea867e.webp,
dataset/uploads_root/prod-svoe-vino-strapi/prod-svoe-vino/strapi/uploads/Aleksej_Serdyuk_ac39d6481b.webp,
dataset/uploads_root/prod-svoe-vino-strapi/prod-svoe-vino/strapi/uploads/Aleksej_Sidorenko_vinodelnya_Raevskoe_vinodelnya_Raevskoe_46e8dfa088.webp,
dataset/uploads_root/prod-svoe-vino-strapi/prod-svoe-vino/strapi/uploads/Alena_Vino_i_deserty_4158601cac.webp,
dataset/uploads_root/prod-svoe-vino-strapi/prod-svoe-vino/strapi/uploads/Alena_Vino_i_deserty_50039e8dee.webp,
dataset/uploads_root/prod-svoe-vino-strapi/prod-svoe-vino/strapi/uploads/Aligote_Czitron_bel_suh_1cc2763d35.webp,zhemchuzhnaya-9-czitron-shardone
dataset/uploads_root/prod-svoe-vino-strapi/prod-svoe-vino/strapi/uploads/Aligote_Czitron_bel_suh_8bc8ca2832.webp,zhemchuzhnaya-9-aligote-czitron
dataset/uploads_root/prod-svoe-vino-strapi/prod-svoe-vino/strapi/uploads/Aligote_limitirovannaya_60fab8c449.webp,perovskih_aligote
dataset/uploads_root/prod-svoe-vino-strapi/prod-svoe-vino/strapi/uploads/Alma_Vallej2_f7b38d91d6.webp,
dataset/uploads_root/prod-svoe-vino-strapi/prod-svoe-vino/strapi/uploads/Alma_Vallej_TBA_a1790de6b8.webp,
dataset/uploads_root/prod-svoe-vino-strapi/prod-svoe-vino/strapi/uploads/Alma_Vallej_TBA_d23ac96759.webp,
dataset/uploads_root/prod-svoe-vino-strapi/prod-svoe-vino/strapi/uploads/Alma_Valley_aa2b12ff0c.webp,
dataset/uploads_root/prod-svoe-vino-strapi/prod-svoe-vino/strapi/uploads/Alma_Valley_cad2eb2078.webp,
dataset/uploads_root/prod-svoe-vino-strapi/prod-svoe-vino/strapi/uploads/Alma_Velli_49e08b190d.webp,
dataset/uploads_root/prod-svoe-vino-strapi/prod-svoe-vino/strapi/uploads/Alma_Velli_Kommandariya_2872078714.webp,
dataset/uploads_root/prod-svoe-vino-strapi/prod-svoe-vino/strapi/uploads/Alma_Velli_Lokantino_7ad51d416c.webp,alma-valley-locantita-merlot-cabernet-franc
dataset/uploads_root/prod-svoe-vino-strapi/prod-svoe-vino/strapi/uploads/Alma_Velli_jpg_c49c518583.webp,
dataset/uploads_root/prod-svoe-vino-strapi/prod-svoe-vino/strapi/uploads/Alma_vallej_fbb6297e0b.webp,
dataset/uploads_root/prod-svoe-vino-strapi/prod-svoe-vino/strapi/uploads/Alyaniko1_571e398000.webp,
dataset/uploads_root/prod-svoe-vino-strapi/prod-svoe-vino/strapi/uploads/Alyaniko2_45f10e3262.webp,
dataset/uploads_root/prod-svoe-vino-strapi/prod-svoe-vino/strapi/uploads/Amelia_22_png_e439aa8564.webp,amelia
dataset/uploads_root/prod-svoe-vino-strapi/prod-svoe-vino/strapi/uploads/Amelia_23_89599a3948.webp,amelia-2023
dataset/uploads_root/prod-svoe-vino-strapi/prod-svoe-vino/strapi/uploads/Anatolij_Strebelev_Roskongress_a623f1c514.webp,
dataset/uploads_root/prod-svoe-vino-strapi/prod-svoe-vino/strapi/uploads/Anatolij_Strebelev_roskongress2_f3a0e52af0.webp,
dataset/uploads_root/prod-svoe-vino-strapi/prod-svoe-vino/strapi/uploads/Anatolij_Strebelev_roskongress_ab2245f6b0_fb81318d83.webp,
dataset/uploads_root/prod-svoe-vino-strapi/prod-svoe-vino/strapi/uploads/Anchelotta2_10a75ba6d2.webp,
dataset/uploads_root/prod-svoe-vino-strapi/prod-svoe-vino/strapi/uploads/Anchelotta2_872c4d6692.webp,
dataset/uploads_root/prod-svoe-vino-strapi/prod-svoe-vino/strapi/uploads/Anchelotta_127716cd45.webp,
dataset/uploads_root/prod-svoe-vino-strapi/prod-svoe-vino/strapi/uploads/Anchelotta_a632ac2c7f.webp,
dataset/uploads_root/prod-svoe-vino-strapi/prod-svoe-vino/strapi/uploads/Anchelotta_ed86063877.webp,
dataset/uploads_root/prod-svoe-vino-strapi/prod-svoe-vino/strapi/uploads/Andrej_Bartenev_8bf2350bdc.webp,
dataset/uploads_root/prod-svoe-vino-strapi/prod-svoe-vino/strapi/uploads/Anton_Katarzhin_vinodel_vinodelni_Yubilejnaya_c0e9e2aa80.webp,
dataset/uploads_root/prod-svoe-vino-strapi/prod-svoe-vino/strapi/uploads/Aperol_Spritz_439d166420.webp,
dataset/uploads_root/prod-svoe-vino-strapi/prod-svoe-vino/strapi/uploads/Aperol_Spritz_44640ab9c8.webp,
dataset/uploads_root/prod-svoe-vino-strapi/prod-svoe-vino/strapi/uploads/Aperol_Spritz_6d4ccf76d4.png,
dataset/uploads_root/prod-svoe-vino-strapi/prod-svoe-vino/strapi/uploads/Appassimento_cbbff6ab39.webp,appassimento
dataset/uploads_root/prod-svoe-vino-strapi/prod-svoe-vino/strapi/uploads/Arbuznyj_kuler_008ff4f6bc.webp,
dataset/uploads_root/prod-svoe-vino-strapi/prod-svoe-vino/strapi/uploads/Areni1_6547d43afd.webp,
dataset/uploads_root/prod-svoe-vino-strapi/prod-svoe-vino/strapi/uploads/Areni2_db335d94a6.webp,
dataset/uploads_root/prod-svoe-vino-strapi/prod-svoe-vino/strapi/uploads/Arhitektor_Sergej_Kuzneczov_1_3ef2fdd1bd.webp,
dataset/uploads_root/prod-svoe-vino-strapi/prod-svoe-vino/strapi/uploads/Arie_2020_KFB_742c588475.webp,
dataset/uploads_root/prod-svoe-vino-strapi/prod-svoe-vino/strapi/uploads/Arie_2020_KFB_75504e4cd0.webp,arie-vyderzhka-bochka-francziya-2020
dataset/uploads_root/prod-svoe-vino-strapi/prod-svoe-vino/strapi/uploads/Arie_2020_WM_f96f943b9a.webp,arie
dataset/uploads_root/prod-svoe-vino-strapi/prod-svoe-vino/strapi/uploads/Arie_reserva_4e284defd7.webp,arie-riserva
dataset/uploads_root/prod-svoe-vino-strapi/prod-svoe-vino/strapi/uploads/Aristov_Anima_milezimiato_bryut_4a887b783f.webp,aristov-anima-millesimato-beloe-bryut
dataset/uploads_root/prod-svoe-vino-strapi/prod-svoe-vino/strapi/uploads/Aristov_Kyuve_Alta_Rosso_2022gu_Price_no_bg_preview_carve_photos_f701247934.webp,
dataset/uploads_root/prod-svoe-vino-strapi/prod-svoe-vino/strapi/uploads/Aristov_Kyuve_Millesimato_24_2022gu_Normal_2da1987c25.webp,
dataset/uploads_root/prod-svoe-vino-strapi/prod-svoe-vino/strapi/uploads/Aristov_Kyuve_Roze_Pino_2023_0_75l_bryut_Normal_Photoroom_cc598880d5.webp,aristov-kyuve-aleksandr-roze-de-pino
dataset/uploads_root/prod-svoe-vino-strapi/prod-svoe-vino/strapi/uploads/Aristov_Kyuve_Roze_Pino_2023_0_75l_bryut_Normal_Photoroom_cc598880d5_2335683dfd.webp,
dataset/uploads_root/prod-svoe-vino-strapi/prod-svoe-vino/strapi/uploads/Aristov_Kyuve_ekstra_bryut_Blan_de_Blan_18_MESI_2022_GU_Normal_fcdb509a54.webp,aristov-kyuve-aleksandr-blan-de-blan
dataset/uploads_root/prod-svoe-vino-strapi/prod-svoe-vino/strapi/uploads/Aristov_Kyuve_ekstra_bryut_Blan_de_Nuar_18_MESI_2022_GU_Normal_4a2bea6a3e.webp,aristov-kyuve-aleksandr-blan-de-nuar
dataset/uploads_root/prod-svoe-vino-strapi/prod-svoe-vino/strapi/uploads/Art_kollekcziya_Abrau_59de38c050.webp,
dataset/uploads_root/prod-svoe-vino-strapi/prod-svoe-vino/strapi/uploads/Art_kollekcziya_Abrau_v_muzejno_istoricheskom_komplekse_1_81f9dc9ea6.webp,
dataset/uploads_root/prod-svoe-vino-strapi/prod-svoe-vino/strapi/uploads/Art_kollekcziya_Abrau_v_muzejno_istoricheskom_komplekse_84cb82a652.webp,
dataset/uploads_root/prod-svoe-vino-strapi/prod-svoe-vino/strapi/uploads/Art_kollekcziya_Abrau_v_muzejno_istoricheskom_komplekse_8e0e35e939.webp,
dataset/uploads_root/prod-svoe-vino-strapi/prod-svoe-vino/strapi/uploads/Art_kollekcziya_Abrau_v_muzejno_istoricheskom_komplekse_e083373b3d.webp,
dataset/uploads_root/prod-svoe-vino-strapi/prod-svoe-vino/strapi/uploads/Artem_Shaginyan_dd8047fb11.webp,
dataset/uploads_root/prod-svoe-vino-strapi/prod-svoe-vino/strapi/uploads/Artem_Shaginyan_e670221e4b.webp,
dataset/uploads_root/prod-svoe-vino-strapi/prod-svoe-vino/strapi/uploads/Artur_Biyukyan_Glava_KFH_bccc79dd60.webp,
dataset/uploads_root/prod-svoe-vino-strapi/prod-svoe-vino/strapi/uploads/Assirtiko_skalistyj_bereg_710bf2afc5.webp,
dataset/uploads_root/prod-svoe-vino-strapi/prod-svoe-vino/strapi/uploads/Atele_vina_v_Samare_926abc6f01.webp,
dataset/uploads_root/prod-svoe-vino-strapi/prod-svoe-vino/strapi/uploads/Aursalidi_Olga_Nikolaevna_77ca9cddef.webp,
dataset/uploads_root/prod-svoe-vino-strapi/prod-svoe-vino/strapi/uploads/Avtohtonnyj_sort_vinograda_Sibirkovyj_ba45c86635.webp,
dataset/uploads_root/prod-svoe-vino-strapi/prod-svoe-vino/strapi/uploads/Avtomatika_membrannogo_pressa_d1077a527f.webp,
dataset/uploads_root/prod-svoe-vino-strapi/prod-svoe-vino/strapi/uploads/B52_4f2fb8c133.webp,
dataset/uploads_root/prod-svoe-vino-strapi/prod-svoe-vino/strapi/uploads/B52_f671d81fcf.webp,
dataset/uploads_root/prod-svoe-vino-strapi/prod-svoe-vino/strapi/uploads/BELYJ_SKLON_1_1_9039bae862.webp,
dataset/uploads_root/prod-svoe-vino-strapi/prod-svoe-vino/strapi/uploads/BLTV_0751_cfd1494208.webp,
dataset/uploads_root/prod-svoe-vino-strapi/prod-svoe-vino/strapi/uploads/BLTV_1318_7b8a590ed5.webp,
dataset/uploads_root/prod-svoe-vino-strapi/prod-svoe-vino/strapi/uploads/BLTV_3791_50b2d56d8c.webp,
dataset/uploads_root/prod-svoe-vino-strapi/prod-svoe-vino/strapi/uploads/BLTV_3791_9b2047072f.webp,
dataset/uploads_root/prod-svoe-vino-strapi/prod-svoe-vino/strapi/uploads/BLTV_3824_c7f13d7ece.webp,
dataset/uploads_root/prod-svoe-vino-strapi/prod-svoe-vino/strapi/uploads/BLTV_3831_37a02ebf50.webp,
dataset/uploads_root/prod-svoe-vino-strapi/prod-svoe-vino/strapi/uploads/BLTV_3846_67cf4fde62.webp,
dataset/uploads_root/prod-svoe-vino-strapi/prod-svoe-vino/strapi/uploads/BLTV_3850_52c948dd73.webp,
dataset/uploads_root/prod-svoe-vino-strapi/prod-svoe-vino/strapi/uploads/BLTV_3861_c56ebc2be6.webp,
dataset/uploads_root/prod-svoe-vino-strapi/prod-svoe-vino/strapi/uploads/BLTV_3921_1800d19087.webp,
dataset/uploads_root/prod-svoe-vino-strapi/prod-svoe-vino/strapi/uploads/BLTV_3921_a2eca09463.webp,
dataset/uploads_root/prod-svoe-vino-strapi/prod-svoe-vino/strapi/uploads/BLTV_4397_799fce3466.webp,
dataset/uploads_root/prod-svoe-vino-strapi/prod-svoe-vino/strapi/uploads/BLTV_4662_3b19bf6fb9.webp,
dataset/uploads_root/prod-svoe-vino-strapi/prod-svoe-vino/strapi/uploads/BLTV_4808_ec827c4679.webp,
dataset/uploads_root/prod-svoe-vino-strapi/prod-svoe-vino/strapi/uploads/BMCC_4_K_C001414_cffccb5a84.webp,
dataset/uploads_root/prod-svoe-vino-strapi/prod-svoe-vino/strapi/uploads/B_Yr_Ab_T0x_R_Ed_Rg8j_1775199389_86635deb7f.webp,agora-rosa-viva-riesling
dataset/uploads_root/prod-svoe-vino-strapi/prod-svoe-vino/strapi/uploads/Bakla_2_87b7b8324d.webp,
dataset/uploads_root/prod-svoe-vino-strapi/prod-svoe-vino/strapi/uploads/Bakla_II_2_e923ccd82d.webp,
dataset/uploads_root/prod-svoe-vino-strapi/prod-svoe-vino/strapi/uploads/Balaklava_Muskat_beloe_polusladkoe_0e4a6563a4.webp,balaklava-muskat-beloe-polusladkoe
dataset/uploads_root/prod-svoe-vino-strapi/prod-svoe-vino/strapi/uploads/Balaklava_belyj_bryut_fotor_bg_remover_2026012323148_b385058a89.webp,
dataset/uploads_root/prod-svoe-vino-strapi/prod-svoe-vino/strapi/uploads/Balaklava_belyj_bryut_fotor_bg_remover_2026012323611_f20c51312d.webp,balaklava-bryut-rezerv
dataset/uploads_root/prod-svoe-vino-strapi/prod-svoe-vino/strapi/uploads/Barbera2_2750a65624.webp,
dataset/uploads_root/prod-svoe-vino-strapi/prod-svoe-vino/strapi/uploads/Barhat_cd989f8325.webp,barhat
dataset/uploads_root/prod-svoe-vino-strapi/prod-svoe-vino/strapi/uploads/Bastardo_jpg_e0b3b61b63.webp,
dataset/uploads_root/prod-svoe-vino-strapi/prod-svoe-vino/strapi/uploads/Bastardo_roskongress_Kirill_Bolotov2_a4ebd218a3.webp,
dataset/uploads_root/prod-svoe-vino-strapi/prod-svoe-vino/strapi/uploads/Bastardo_roskongress_Kirill_Bolotov_e44a0759ac.webp,
dataset/uploads_root/prod-svoe-vino-strapi/prod-svoe-vino/strapi/uploads/Bastardo_terruarnoe_c692ff5ff0.webp,agora-terruarnoe-bastardo
dataset/uploads_root/prod-svoe-vino-strapi/prod-svoe-vino/strapi/uploads/Bazaart_5025_CFBF_01_DE_42_CE_AD_39_151_EC_475272_D_c1fbb5a685.webp,
dataset/uploads_root/prod-svoe-vino-strapi/prod-svoe-vino/strapi/uploads/Bazaart_5025_CFBF_01_DE_42_CE_AD_39_151_EC_475272_D_f3044579e4.webp,
dataset/uploads_root/prod-svoe-vino-strapi/prod-svoe-vino/strapi/uploads/Bazaart_F15_D583_A_664_B_4_DC_5_83_ED_68185_B028940_25ccbecaa4.webp,
dataset/uploads_root/prod-svoe-vino-strapi/prod-svoe-vino/strapi/uploads/Bazaart_F15_D583_A_664_B_4_DC_5_83_ED_68185_B028940_5c4f87b424.webp,
dataset/uploads_root/prod-svoe-vino-strapi/prod-svoe-vino/strapi/uploads/Bazaart_F15_D583_A_664_B_4_DC_5_83_ED_68185_B028940_7af8e79900.jpeg,
dataset/uploads_root/prod-svoe-vino-strapi/prod-svoe-vino/strapi/uploads/Bazaart_F15_D583_A_664_B_4_DC_5_83_ED_68185_B028940_97f1e0cb5f.webp,
dataset/uploads_root/prod-svoe-vino-strapi/prod-svoe-vino/strapi/uploads/Begildeev_1_c5357c36c1.webp,
dataset/uploads_root/prod-svoe-vino-strapi/prod-svoe-vino/strapi/uploads/Bel_Lviczv_920970caba.webp,belaya-lvicza
dataset/uploads_root/prod-svoe-vino-strapi/prod-svoe-vino/strapi/uploads/Bellini_166aa22c51.webp,
dataset/uploads_root/prod-svoe-vino-strapi/prod-svoe-vino/strapi/uploads/Bellini_7129b6cc8a.webp,
dataset/uploads_root/prod-svoe-vino-strapi/prod-svoe-vino/strapi/uploads/Bellini_c1df8d4698.webp,
dataset/uploads_root/prod-svoe-vino-strapi/prod-svoe-vino/strapi/uploads/Belmas_1b0e83c436.webp,
dataset/uploads_root/prod-svoe-vino-strapi/prod-svoe-vino/strapi/uploads/Belmas_4013b63c76.webp,
dataset/uploads_root/prod-svoe-vino-strapi/prod-svoe-vino/strapi/uploads/Belmas_96983cc004.webp,
dataset/uploads_root/prod-svoe-vino-strapi/prod-svoe-vino/strapi/uploads/Belmas_9a39b1d3c5.webp,
dataset/uploads_root/prod-svoe-vino-strapi/prod-svoe-vino/strapi/uploads/Belmas_a1de094f58.webp,
dataset/uploads_root/prod-svoe-vino-strapi/prod-svoe-vino/strapi/uploads/Belmas_afd3985be4.webp,
dataset/uploads_root/prod-svoe-vino-strapi/prod-svoe-vino/strapi/uploads/Belmas_bddb17c09c.webp,
dataset/uploads_root/prod-svoe-vino-strapi/prod-svoe-vino/strapi/uploads/Belmas_gor_936480408c.webp,
dataset/uploads_root/prod-svoe-vino-strapi/prod-svoe-vino/strapi/uploads/Beloe_Polusladkoe_2024_6ac89014e4.webp,perovskih_polusladkoe_beloe
dataset/uploads_root/prod-svoe-vino-strapi/prod-svoe-vino/strapi/uploads/Beloe_bryut_85d083f446.webp,derbent-vino-kavkazian-rkatsiteli-beloe-bryut-105-125
dataset/uploads_root/prod-svoe-vino-strapi/prod-svoe-vino/strapi/uploads/Beloe_suhoe_MUSKAT_7b044897c5.webp,leto-vecrfn-2024-suhoe-vino
dataset/uploads_root/prod-svoe-vino-strapi/prod-svoe-vino/strapi/uploads/Beloe_suhoe_MUSKAT_acd23ecf92.webp,
dataset/uploads_root/prod-svoe-vino-strapi/prod-svoe-vino/strapi/uploads/Belye_f4539b4a14.webp,
dataset/uploads_root/prod-svoe-vino-strapi/prod-svoe-vino/strapi/uploads/Belyj_russkij_27a7836c0c.webp,
dataset/uploads_root/prod-svoe-vino-strapi/prod-svoe-vino/strapi/uploads/Belyj_russkij_412b4899ad.webp,
dataset/uploads_root/prod-svoe-vino-strapi/prod-svoe-vino/strapi/uploads/Belyj_russkij_s_vodkoj_825f087a5e.webp,
dataset/uploads_root/prod-svoe-vino-strapi/prod-svoe-vino/strapi/uploads/Bez_nazvaniya_05c61a5b24.webp,
dataset/uploads_root/prod-svoe-vino-strapi/prod-svoe-vino/strapi/uploads/Bez_nazvaniya_1_8f95f10491.webp,
dataset/uploads_root/prod-svoe-vino-strapi/prod-svoe-vino/strapi/uploads/Bez_nazvaniya_2_64a57b2445.webp,
dataset/uploads_root/prod-svoe-vino-strapi/prod-svoe-vino/strapi/uploads/Bez_nazvaniya_73b83cec41.webp,
dataset/uploads_root/prod-svoe-vino-strapi/prod-svoe-vino/strapi/uploads/Bez_nazvaniya_85966713a3.webp,
dataset/uploads_root/prod-svoe-vino-strapi/prod-svoe-vino/strapi/uploads/Bez_nazvaniya_f9833a0fb9.webp,
dataset/uploads_root/prod-svoe-vino-strapi/prod-svoe-vino/strapi/uploads/Bezalkogolnaya_Krovavaya_Meri_36bd309a23.webp,
dataset/uploads_root/prod-svoe-vino-strapi/prod-svoe-vino/strapi/uploads/Bezalkogolnaya_pina_kolada_1ba729f796.webp,
dataset/uploads_root/prod-svoe-vino-strapi/prod-svoe-vino/strapi/uploads/Bezalkogolnyj_Arnold_Palmer_b189141d3b.webp,
dataset/uploads_root/prod-svoe-vino-strapi/prod-svoe-vino/strapi/uploads/Bezalkogolnyj_mohito_32b1da7da0.webp,
dataset/uploads_root/prod-svoe-vino-strapi/prod-svoe-vino/strapi/uploads/Bezalkogolnyj_moskovskij_mul_3dade7cc2b.webp,
dataset/uploads_root/prod-svoe-vino-strapi/prod-svoe-vino/strapi/uploads/Bezymyannyj_02c2ad75ff.webp,
dataset/uploads_root/prod-svoe-vino-strapi/prod-svoe-vino/strapi/uploads/Blagolyubov_f63063f850.webp,
dataset/uploads_root/prod-svoe-vino-strapi/prod-svoe-vino/strapi/uploads/Blan_de_Blan_2d64f13a73.webp,agora-vintage-blanc-de-blancs-extra-brut
dataset/uploads_root/prod-svoe-vino-strapi/prod-svoe-vino/strapi/uploads/Blan_de_Nuar_f3d5c90643.webp,agora-vintage-blanc-de-noirs-extra-brut
dataset/uploads_root/prod-svoe-vino-strapi/prod-svoe-vino/strapi/uploads/Blanc_de_Noir_bf00586581.webp,
dataset/uploads_root/prod-svoe-vino-strapi/prod-svoe-vino/strapi/uploads/Blanc_de_noirs_brut_nature_030b095589.webp,perovskih_blan_de_noir
dataset/uploads_root/prod-svoe-vino-strapi/prod-svoe-vino/strapi/uploads/Bloe_Lagoon_50a115a0f3.webp,
dataset/uploads_root/prod-svoe-vino-strapi/prod-svoe-vino/strapi/uploads/Bloe_Lagoon_63b63a9c03.webp,
dataset/uploads_root/prod-svoe-vino-strapi/prod-svoe-vino/strapi/uploads/Bloody_Mary_14115ccee6.webp,
dataset/uploads_root/prod-svoe-vino-strapi/prod-svoe-vino/strapi/uploads/Bloody_Mary_781bb11823.webp,
dataset/uploads_root/prod-svoe-vino-strapi/prod-svoe-vino/strapi/uploads/Blyu_Gavaji_62dae56bde.webp,
dataset/uploads_root/prod-svoe-vino-strapi/prod-svoe-vino/strapi/uploads/Bogovich_rsk_a95b5be5db.webp,
dataset/uploads_root/prod-svoe-vino-strapi/prod-svoe-vino/strapi/uploads/Bokaly_1075bc7786.webp,
dataset/uploads_root/prod-svoe-vino-strapi/prod-svoe-vino/strapi/uploads/Bokaly_ecf6d04918.webp,
dataset/uploads_root/prod-svoe-vino-strapi/prod-svoe-vino/strapi/uploads/Bonamy_logo_1bacf1f05c.webp,
dataset/uploads_root/prod-svoe-vino-strapi/prod-svoe-vino/strapi/uploads/Boris_Messerer_Art_kollekcziya_Abrau_95ae5bc853.webp,
dataset/uploads_root/prod-svoe-vino-strapi/prod-svoe-vino/strapi/uploads/Bottles_Myskako_38cba94c37_0ec24a28a2.webp,
dataset/uploads_root/prod-svoe-vino-strapi/prod-svoe-vino/strapi/uploads/Brand_Logo_V2_f941394a22.webp,
dataset/uploads_root/prod-svoe-vino-strapi/prod-svoe-vino/strapi/uploads/Bruni_e9d5dc84fc.webp,
dataset/uploads_root/prod-svoe-vino-strapi/prod-svoe-vino/strapi/uploads/Brut_d_Or_Riesling_ot_Abrau_Dyurso_priznano_Vinom_goda_704fdf2136_4e49dedcd5_428751153f.webp,
dataset/uploads_root/prod-svoe-vino-strapi/prod-svoe-vino/strapi/uploads/Brut_d_Or_Riesling_ot_Abrau_Dyurso_priznano_Vinom_goda_704fdf2136_4e49dedcd5_7c4cec5f52.webp,
dataset/uploads_root/prod-svoe-vino-strapi/prod-svoe-vino/strapi/uploads/Bryut_beloe_fotor_bg_remover_20260123231541_242c08153f.webp,bryut-beloe-zolotaya-balka
dataset/uploads_root/prod-svoe-vino-strapi/prod-svoe-vino/strapi/uploads/Bryut_rozovoe_011797b8f0.webp,
dataset/uploads_root/prod-svoe-vino-strapi/prod-svoe-vino/strapi/uploads/Bryut_rozovoe_0ab1422bb8.webp,bryut-rozovoe-zolotaya-balka
dataset/uploads_root/prod-svoe-vino-strapi/prod-svoe-vino/strapi/uploads/Bryut_rozovoe_201aa766b7.webp,
dataset/uploads_root/prod-svoe-vino-strapi/prod-svoe-vino/strapi/uploads/Bryut_rozovoe_6b02e13286.webp,
dataset/uploads_root/prod-svoe-vino-strapi/prod-svoe-vino/strapi/uploads/Bukovinka2_16952a8732.webp,
dataset/uploads_root/prod-svoe-vino-strapi/prod-svoe-vino/strapi/uploads/Bukovinka_0e2bded028.webp,
dataset/uploads_root/prod-svoe-vino-strapi/prod-svoe-vino/strapi/uploads/Bukovinka_9b8ccbdb3c.webp,
dataset/uploads_root/prod-svoe-vino-strapi/prod-svoe-vino/strapi/uploads/Bunt_Uzunovy_Photoroom_ec59c6b999.webp,
dataset/uploads_root/prod-svoe-vino-strapi/prod-svoe-vino/strapi/uploads/Bushvaker_95ff981075.webp,
dataset/uploads_root/prod-svoe-vino-strapi/prod-svoe-vino/strapi/uploads/Byurne3_c86e67e774.webp,
dataset/uploads_root/prod-svoe-vino-strapi/prod-svoe-vino/strapi/uploads/Byuro_Vinnye_istorii_jpg_08a043f01d.webp,
dataset/uploads_root/prod-svoe-vino-strapi/prod-svoe-vino/strapi/uploads/Byuro_Vinnye_istorii_jpg_2a6367e7b7.webp,
dataset/uploads_root/prod-svoe-vino-strapi/prod-svoe-vino/strapi/uploads/Byuro_Vinnye_istorii_jpg_9d7eab352f.webp,
dataset/uploads_root/prod-svoe-vino-strapi/prod-svoe-vino/strapi/uploads/Byuro_Vinnye_istorii_jpg_b043f50301.webp,
dataset/uploads_root/prod-svoe-vino-strapi/prod-svoe-vino/strapi/uploads/C22_AC_2_BC_B69_C_42_DD_A2_DE_5_EA_70_ABF_84_C4_0594d7a061.webp,
dataset/uploads_root/prod-svoe-vino-strapi/prod-svoe-vino/strapi/uploads/C81_D1206_E4_B9_4939_A4_C0_D0437_BEC_57_A0_1a38ca8579.webp,
dataset/uploads_root/prod-svoe-vino-strapi/prod-svoe-vino/strapi/uploads/CANTIANI_Igrist_Brut_vid5_042026_kopiya_1b13527c60.webp,cantiani-brut
dataset/uploads_root/prod-svoe-vino-strapi/prod-svoe-vino/strapi/uploads/CANTIANI_Igristoe_Chardon_444h1200px_fa4fe5363b.webp,cantiani-chardonnay
dataset/uploads_root/prod-svoe-vino-strapi/prod-svoe-vino/strapi/uploads/CANTIANI_Igristoe_Chardon_vid_032025_kopiya_4c69959dda.webp,
dataset/uploads_root/prod-svoe-vino-strapi/prod-svoe-vino/strapi/uploads/CANTIANI_Igristoe_Riesl_vid_032025_kopiya_8150a5e627.webp,cantiani-riesling-1
dataset/uploads_root/prod-svoe-vino-strapi/prod-svoe-vino/strapi/uploads/CANTIANI_Igristoe_Rkats_vid_032025_kopiya_29e44021af.webp,cantiani-rkatsiteli-1
dataset/uploads_root/prod-svoe-vino-strapi/prod-svoe-vino/strapi/uploads/CANTIANI_Igristoe_white_semi_444h1200px_2d2892b235.webp,cantiani-semisweet
dataset/uploads_root/prod-svoe-vino-strapi/prod-svoe-vino/strapi/uploads/CANTIANI_Igristoe_white_semi_vid_042025_kopiya_141f5b0169.webp,
dataset/uploads_root/prod-svoe-vino-strapi/prod-svoe-vino/strapi/uploads/CA_6_A7793_4c34ce8471.webp,
dataset/uploads_root/prod-svoe-vino-strapi/prod-svoe-vino/strapi/uploads/CHE_05472_Gorizontal_c6d0abe32d.webp,
dataset/uploads_root/prod-svoe-vino-strapi/prod-svoe-vino/strapi/uploads/COVER_42_39c87ffecb.webp,
dataset/uploads_root/prod-svoe-vino-strapi/prod-svoe-vino/strapi/uploads/Cantiani_Alig_Riesl_New_vid_042025_kopiya_fotor_bg_remover_20260821205234_286ee15115.webp,
dataset/uploads_root/prod-svoe-vino-strapi/prod-svoe-vino/strapi/uploads/Cantiani_Caber_Sauv_vid_042024_Photoroom_1_66428f821f.webp,
dataset/uploads_root/prod-svoe-vino-strapi/prod-svoe-vino/strapi/uploads/Cantiani_Caber_Sauv_vid_042024_Photoroom_834a144a19.webp,
dataset/uploads_root/prod-svoe-vino-strapi/prod-svoe-vino/strapi/uploads/Cantiani_Merlot_vid_042024_189cdd1f9c.webp,cantiani-merlot
dataset/uploads_root/prod-svoe-vino-strapi/prod-svoe-vino/strapi/uploads/Cantiani_Reserve_1_e1bd881754.webp,cantiani-cabernet-sauvignon-reserve-2024
dataset/uploads_root/prod-svoe-vino-strapi/prod-svoe-vino/strapi/uploads/Cantiani_Riesl_New_vid_042025_kopiya_fotor_bg_remover_20260821201017_c6605edd27.webp,cantiani-riesling
dataset/uploads_root/prod-svoe-vino-strapi/prod-svoe-vino/strapi/uploads/Cantiani_Riesl_Rkats_New_vid_042025_kopiya_9745bc157c.webp,
dataset/uploads_root/prod-svoe-vino-strapi/prod-svoe-vino/strapi/uploads/Cantiani_Rkats_New_vid_042025_kopiya_fotor_bg_remover_20260821203120_9079733698.webp,cantiani-rkatsiteli
dataset/uploads_root/prod-svoe-vino-strapi/prod-svoe-vino/strapi/uploads/Caucasian_Dzharag_300681b16f.webp,caucasian-dzharag
dataset/uploads_root/prod-svoe-vino-strapi/prod-svoe-vino/strapi/uploads/Chat_GPT_Image_11_fevr_2026_g_19_31_25_9b4fb74b6d.webp,
dataset/uploads_root/prod-svoe-vino-strapi/prod-svoe-vino/strapi/uploads/Chat_GPT_Image_11_fevr_2026_g_19_37_03_8d0c9325ad.webp,
dataset/uploads_root/prod-svoe-vino-strapi/prod-svoe-vino/strapi/uploads/Chat_GPT_Image_11_fevr_2026_g_19_42_12_e0a96d8d92.webp,
dataset/uploads_root/prod-svoe-vino-strapi/prod-svoe-vino/strapi/uploads/Chat_GPT_Image_11_fevr_2026_g_19_47_07_40ffc31a44.webp,
dataset/uploads_root/prod-svoe-vino-strapi/prod-svoe-vino/strapi/uploads/Chat_GPT_Image_17_maya_2026_g_23_02_44_4b8c86a40c.webp,
dataset/uploads_root/prod-svoe-vino-strapi/prod-svoe-vino/strapi/uploads/Chat_GPT_Image_18_maya_2026_g_12_39_45_0a2c3aefa6.webp,
dataset/uploads_root/prod-svoe-vino-strapi/prod-svoe-vino/strapi/uploads/Chat_GPT_Image_18_maya_2026_g_20_02_48_9dc14f428d.webp,
dataset/uploads_root/prod-svoe-vino-strapi/prod-svoe-vino/strapi/uploads/Chat_GPT_Image_22_maya_2026_g_01_54_21_42f1b1eeb9.webp,
dataset/uploads_root/prod-svoe-vino-strapi/prod-svoe-vino/strapi/uploads/Chat_GPT_Image_22_maya_2026_g_02_11_18_7b7157756e.webp,
dataset/uploads_root/prod-svoe-vino-strapi/prod-svoe-vino/strapi/uploads/Chat_GPT_Image_27_mar_2026_g_13_52_27_ed2f229370.webp,
dataset/uploads_root/prod-svoe-vino-strapi/prod-svoe-vino/strapi/uploads/Chat_GPT_Image_27_mar_2026_g_13_58_19_f04c70606f.webp,
dataset/uploads_root/prod-svoe-vino-strapi/prod-svoe-vino/strapi/uploads/Chat_GPT_Image_27_mar_2026_g_14_09_51_367f8d2470.webp,
dataset/uploads_root/prod-svoe-vino-strapi/prod-svoe-vino/strapi/uploads/Chat_GPT_Image_27_mar_2026_g_14_36_32_1cba177951.webp,
dataset/uploads_root/prod-svoe-vino-strapi/prod-svoe-vino/strapi/uploads/Chateau_Tamagne_Eno_Traminer_i_Shardone_bbb5a80c54.webp,chateau-tamagne-eno-traminer-i-shardone
dataset/uploads_root/prod-svoe-vino-strapi/prod-svoe-vino/strapi/uploads/Chateau_Tamagne_Eno_Traminer_i_Shardone_cf5472e5e0.webp,
dataset/uploads_root/prod-svoe-vino-strapi/prod-svoe-vino/strapi/uploads/Chateau_de_Talu_1_8b16197dae_bff3cc920a.webp,
dataset/uploads_root/prod-svoe-vino-strapi/prod-svoe-vino/strapi/uploads/Chateau_de_Talu_2_4b2e4f2fd9_1af6e981ff.webp,
dataset/uploads_root/prod-svoe-vino-strapi/prod-svoe-vino/strapi/uploads/Chateau_de_Talu_3_5c89fa18ac_9b2a1f0260.webp,
dataset/uploads_root/prod-svoe-vino-strapi/prod-svoe-vino/strapi/uploads/Chateau_de_Talu_vineyards_75fc29fa86_f9c16fb089.webp,
dataset/uploads_root/prod-svoe-vino-strapi/prod-svoe-vino/strapi/uploads/Chekaly_Foto_press_sluzhba_ASI_e55d7639af.webp,
dataset/uploads_root/prod-svoe-vino-strapi/prod-svoe-vino/strapi/uploads/Chekaly_proczess_prigotovleniya_Foto_press_sluzhba_ASI_eb7b32bc9a.webp,
dataset/uploads_root/prod-svoe-vino-strapi/prod-svoe-vino/strapi/uploads/Chernaya_Lvicza_d00f4b1f84.webp,chernaya-lvicza-polusladkoe-krasnoe
dataset/uploads_root/prod-svoe-vino-strapi/prod-svoe-vino/strapi/uploads/Chernyj_russkij_s_vodkoj_2e8cc1c947.webp,
dataset/uploads_root/prod-svoe-vino-strapi/prod-svoe-vino/strapi/uploads/Cihan_Yagnenok_Sote4_f57117e47b.webp,
dataset/uploads_root/prod-svoe-vino-strapi/prod-svoe-vino/strapi/uploads/Cosmopolitan_2_ad8b7ee37f.webp,
dataset/uploads_root/prod-svoe-vino-strapi/prod-svoe-vino/strapi/uploads/Cosmopolitan_b7f20a1b9c.webp,
dataset/uploads_root/prod-svoe-vino-strapi/prod-svoe-vino/strapi/uploads/Cosmopolitan_f0432c1548.webp,
dataset/uploads_root/prod-svoe-vino-strapi/prod-svoe-vino/strapi/uploads/Cuba_Libre_346e2a700e.webp,
dataset/uploads_root/prod-svoe-vino-strapi/prod-svoe-vino/strapi/uploads/Cuba_Libre_f6c2d4d298.webp,
dataset/uploads_root/prod-svoe-vino-strapi/prod-svoe-vino/strapi/uploads/Czeh_premialnyh_vin_991c974365.webp,
dataset/uploads_root/prod-svoe-vino-strapi/prod-svoe-vino/strapi/uploads/Czimlyanskie_vina2_387fe0f687.webp,
dataset/uploads_root/prod-svoe-vino-strapi/prod-svoe-vino/strapi/uploads/Czimlyanskie_vina_76e0a97a0a.webp,
dataset/uploads_root/prod-svoe-vino-strapi/prod-svoe-vino/strapi/uploads/Czimlyanskie_vina_8bb9feceb8.webp,
dataset/uploads_root/prod-svoe-vino-strapi/prod-svoe-vino/strapi/uploads/Czimlyanskie_vina_98c187dac6.webp,
dataset/uploads_root/prod-svoe-vino-strapi/prod-svoe-vino/strapi/uploads/Czimlyanskie_vina_fc1e241f3c.webp,
dataset/uploads_root/prod-svoe-vino-strapi/prod-svoe-vino/strapi/uploads/Czimlyanskie_vina_zavod_jpg_edb581779d.webp,
dataset/uploads_root/prod-svoe-vino-strapi/prod-svoe-vino/strapi/uploads/Czimlyanskij_chernyj1_1becf8ce13.webp,
dataset/uploads_root/prod-svoe-vino-strapi/prod-svoe-vino/strapi/uploads/Czimlyanskoe_Bianka_beloe_04a59b0f1e.webp,czimlyanskoe-bianka
dataset/uploads_root/prod-svoe-vino-strapi/prod-svoe-vino/strapi/uploads/Czimlyanskoe_Risling_cea1a80937.webp,czimlyanskoe-risling
dataset/uploads_root/prod-svoe-vino-strapi/prod-svoe-vino/strapi/uploads/Czimlyanskoe_beloe_bryut_7d785ea2e3.webp,czimlyanskoe-beloe-bryut
dataset/uploads_root/prod-svoe-vino-strapi/prod-svoe-vino/strapi/uploads/Czimlyanskoe_beloe_polusladkoe_5c7026a82e.webp,czimlyanskoe-beloe-polusladkoe
dataset/uploads_root/prod-svoe-vino-strapi/prod-svoe-vino/strapi/uploads/Czimlyanskoe_kyuve_krasnoe_krasnostop_i_czimlyanskij_chernyj_d1e86bb6b6.webp,kyuve-czimlyanskij-chernyj-i-krasnostop-zolotoj
dataset/uploads_root/prod-svoe-vino-strapi/prod-svoe-vino/strapi/uploads/Czitron_Shard_p_sl_b94274915f.webp,zhemchuzhnaya-9-czitron-shardone-1
dataset/uploads_root/prod-svoe-vino-strapi/prod-svoe-vino/strapi/uploads/Czitron_Sovinon_p_suh_f07f1d8280.webp,czitronnyj-magaracha-sovinon-blan
dataset/uploads_root/prod-svoe-vino-strapi/prod-svoe-vino/strapi/uploads/Czvety_29ee5aae10.webp,
dataset/uploads_root/prod-svoe-vino-strapi/prod-svoe-vino/strapi/uploads/D0_B7_D0_BE_D0_BB_D0_BE_D1_82_D0_BE_8629661dce.webp,
dataset/uploads_root/prod-svoe-vino-strapi/prod-svoe-vino/strapi/uploads/D6_B425_BF_F27_D_4_BBE_BFF_6_7997_EB_5_CF_7_FC_4b88d756d0.webp,
dataset/uploads_root/prod-svoe-vino-strapi/prod-svoe-vino/strapi/uploads/D6_B425_BF_F27_D_4_BBE_BFF_6_7997_EB_5_CF_7_FC_83dd884ae0.webp,
dataset/uploads_root/prod-svoe-vino-strapi/prod-svoe-vino/strapi/uploads/DEI_4319_4c9cb02a97.webp,
dataset/uploads_root/prod-svoe-vino-strapi/prod-svoe-vino/strapi/uploads/DER_2593_37c2547b1f.webp,
dataset/uploads_root/prod-svoe-vino-strapi/prod-svoe-vino/strapi/uploads/DI_CASPICO_Bd_B_51a07c38ef.webp,igristoe-vino-bryut-beloe-di-kaspiko-blan-de-blan-di-caspico-blanc-de-blancs
dataset/uploads_root/prod-svoe-vino-strapi/prod-svoe-vino/strapi/uploads/DI_CASPICO_Bd_B_b6d5b9772a.webp,
dataset/uploads_root/prod-svoe-vino-strapi/prod-svoe-vino/strapi/uploads/DI_CASPICO_Bd_N_468dd912ff.webp,igristoe-vino-bryut-rozovoe-di-kaspiko-blan-de-nuar-di-caspico-blanc-de-noirs
dataset/uploads_root/prod-svoe-vino-strapi/prod-svoe-vino/strapi/uploads/DI_CASPICO_Bd_N_b64caa3e83.webp,
dataset/uploads_root/prod-svoe-vino-strapi/prod-svoe-vino/strapi/uploads/DJI_0009_24d6fa6f61.webp,
dataset/uploads_root/prod-svoe-vino-strapi/prod-svoe-vino/strapi/uploads/DJI_0066_30d19564be.webp,
dataset/uploads_root/prod-svoe-vino-strapi/prod-svoe-vino/strapi/uploads/DJI_0143_b23ae58142.webp,
dataset/uploads_root/prod-svoe-vino-strapi/prod-svoe-vino/strapi/uploads/DJI_0143_ce95a7b167.webp,
dataset/uploads_root/prod-svoe-vino-strapi/prod-svoe-vino/strapi/uploads/DJI_0145_HDR_Pano_kopiya_0ae676b854.webp,
dataset/uploads_root/prod-svoe-vino-strapi/prod-svoe-vino/strapi/uploads/DJI_0157_b6dde0d47e.webp,
dataset/uploads_root/prod-svoe-vino-strapi/prod-svoe-vino/strapi/uploads/DJI_0172_HDR_kopiya_22db0844ff.webp,
dataset/uploads_root/prod-svoe-vino-strapi/prod-svoe-vino/strapi/uploads/DJI_0179_492dde89c6.webp,
dataset/uploads_root/prod-svoe-vino-strapi/prod-svoe-vino/strapi/uploads/DJI_0179_74748016b2.webp,
dataset/uploads_root/prod-svoe-vino-strapi/prod-svoe-vino/strapi/uploads/DJI_0179_d12777b71f.webp,
dataset/uploads_root/prod-svoe-vino-strapi/prod-svoe-vino/strapi/uploads/DJI_0400_Pano_kopiya_86ce08cae4.webp,
dataset/uploads_root/prod-svoe-vino-strapi/prod-svoe-vino/strapi/uploads/DJI_0574_b8bc6d694b.webp,
dataset/uploads_root/prod-svoe-vino-strapi/prod-svoe-vino/strapi/uploads/DJI_0690_kopiya_b2fdb63ae2.webp,
dataset/uploads_root/prod-svoe-vino-strapi/prod-svoe-vino/strapi/uploads/DJI_0708_029ea10f13.webp,
dataset/uploads_root/prod-svoe-vino-strapi/prod-svoe-vino/strapi/uploads/DJI_0768_kopiya_6ef90a71a4.webp,
dataset/uploads_root/prod-svoe-vino-strapi/prod-svoe-vino/strapi/uploads/DJI_0843_Cdt_IG_d728446dfc.webp,
dataset/uploads_root/prod-svoe-vino-strapi/prod-svoe-vino/strapi/uploads/DJI_0892_2_kopiya_1_2aedc1745e.webp,
dataset/uploads_root/prod-svoe-vino-strapi/prod-svoe-vino/strapi/uploads/DJI_0969_HDR_Pano_kopiya_540559369d.webp,
dataset/uploads_root/prod-svoe-vino-strapi/prod-svoe-vino/strapi/uploads/DJI_0985_HDR_Pano_kopiya_5cf17a3bc4.webp,
dataset/uploads_root/prod-svoe-vino-strapi/prod-svoe-vino/strapi/uploads/DJI_20250729002755_0024_D_bb835a1e67.webp,
dataset/uploads_root/prod-svoe-vino-strapi/prod-svoe-vino/strapi/uploads/DJI_20250729212852_0187_D_f498f82b91.webp,
dataset/uploads_root/prod-svoe-vino-strapi/prod-svoe-vino/strapi/uploads/DJI_20250729212918_0190_D_cbc1eff06d.webp,
dataset/uploads_root/prod-svoe-vino-strapi/prod-svoe-vino/strapi/uploads/DJI_20250729213157_0205_D_c833e77160.webp,
dataset/uploads_root/prod-svoe-vino-strapi/prod-svoe-vino/strapi/uploads/DJI_20250730204753_0355_D_38b91a046a.webp,
dataset/uploads_root/prod-svoe-vino-strapi/prod-svoe-vino/strapi/uploads/DJI_20250730205033_0389_D_d4a843022c.webp,
dataset/uploads_root/prod-svoe-vino-strapi/prod-svoe-vino/strapi/uploads/DJI_20250804115710_0537_D_ec1875fed6.webp,
dataset/uploads_root/prod-svoe-vino-strapi/prod-svoe-vino/strapi/uploads/DJI_20250804173732_0619_D_fedc441a54.webp,
dataset/uploads_root/prod-svoe-vino-strapi/prod-svoe-vino/strapi/uploads/DJI_20250804174034_0642_D_91c90d231b.webp,
dataset/uploads_root/prod-svoe-vino-strapi/prod-svoe-vino/strapi/uploads/DJI_20250804174034_0642_D_d9ba0f554f.webp,
dataset/uploads_root/prod-svoe-vino-strapi/prod-svoe-vino/strapi/uploads/DJI_20250804174116_0649_D_59999ceec9.webp,
dataset/uploads_root/prod-svoe-vino-strapi/prod-svoe-vino/strapi/uploads/DJ_7074_done_c1541429c5.webp,jd_winery_risling
dataset/uploads_root/prod-svoe-vino-strapi/prod-svoe-vino/strapi/uploads/DK_bel_bryut_88b2830c23.webp,igristoe-vino-bryut-beloe-di-caspico
dataset/uploads_root/prod-svoe-vino-strapi/prod-svoe-vino/strapi/uploads/DK_bel_eks_bryut_1ef4fd40dc.webp,igristoe-vino-ekstra-bryut-beloe-di-caspico
dataset/uploads_root/prod-svoe-vino-strapi/prod-svoe-vino/strapi/uploads/DK_bel_eks_bryut_cfd6153e9c.webp,
dataset/uploads_root/prod-svoe-vino-strapi/prod-svoe-vino/strapi/uploads/DK_bel_plsl_ebdebaedce.webp,derbent-vino-di-kaspiko-shardone-beloe-polusladkoe-105-125
dataset/uploads_root/prod-svoe-vino-strapi/prod-svoe-vino/strapi/uploads/DK_bel_sovinon_105c5fad6a.webp,derbent-vino-di-kaspiko-sovinon-sovinon-blan-beloe-suhoe-12
dataset/uploads_root/prod-svoe-vino-strapi/prod-svoe-vino/strapi/uploads/DNA_KITCHEN_9d497f57bd.webp,
dataset/uploads_root/prod-svoe-vino-strapi/prod-svoe-vino/strapi/uploads/DNK_Alleliya_Merkotan2_3011aefe23.webp,dnk-alleli
dataset/uploads_root/prod-svoe-vino-strapi/prod-svoe-vino/strapi/uploads/DNK_Aura_Merkotan2_b358e92e8d.webp,dnk-aura
dataset/uploads_root/prod-svoe-vino-strapi/prod-svoe-vino/strapi/uploads/DNK_Pokolenie_Merkotan2_5b589ac6e4.webp,dnk-pokolenie
dataset/uploads_root/prod-svoe-vino-strapi/prod-svoe-vino/strapi/uploads/DPP_13453_22_dbc74e4e52.webp,
dataset/uploads_root/prod-svoe-vino-strapi/prod-svoe-vino/strapi/uploads/DSCF_1594_46442d42ce.webp,
dataset/uploads_root/prod-svoe-vino-strapi/prod-svoe-vino/strapi/uploads/DSCF_4916_1200x1200_4c1d534e9f.webp,
dataset/uploads_root/prod-svoe-vino-strapi/prod-svoe-vino/strapi/uploads/DSCF_8482_d907b931b2.webp,
dataset/uploads_root/prod-svoe-vino-strapi/prod-svoe-vino/strapi/uploads/DSCF_9626_6aa2cf5566.webp,
dataset/uploads_root/prod-svoe-vino-strapi/prod-svoe-vino/strapi/uploads/DSC_00010_770bac47b7.webp,
dataset/uploads_root/prod-svoe-vino-strapi/prod-svoe-vino/strapi/uploads/DSC_00014_9b4d668e8e.webp,
dataset/uploads_root/prod-svoe-vino-strapi/prod-svoe-vino/strapi/uploads/DSC_00047_2326f65ce5.webp,
dataset/uploads_root/prod-svoe-vino-strapi/prod-svoe-vino/strapi/uploads/DSC_00049_aedbd40d21.webp,
dataset/uploads_root/prod-svoe-vino-strapi/prod-svoe-vino/strapi/uploads/DSC_00056_a02680034b.webp,
dataset/uploads_root/prod-svoe-vino-strapi/prod-svoe-vino/strapi/uploads/DSC_00058_371de2789a.webp,
dataset/uploads_root/prod-svoe-vino-strapi/prod-svoe-vino/strapi/uploads/DSC_00060_6e12f3d310.webp,
dataset/uploads_root/prod-svoe-vino-strapi/prod-svoe-vino/strapi/uploads/DSC_0008_b4a4680f91.webp,
dataset/uploads_root/prod-svoe-vino-strapi/prod-svoe-vino/strapi/uploads/DSC_0009_2d280300cb.webp,
dataset/uploads_root/prod-svoe-vino-strapi/prod-svoe-vino/strapi/uploads/DSC_0009_4a66532ecd.webp,
dataset/uploads_root/prod-svoe-vino-strapi/prod-svoe-vino/strapi/uploads/DSC_00103_b47bb638a8.webp,
dataset/uploads_root/prod-svoe-vino-strapi/prod-svoe-vino/strapi/uploads/DSC_00120_00af3521a9.webp,
dataset/uploads_root/prod-svoe-vino-strapi/prod-svoe-vino/strapi/uploads/DSC_00155_50a07876e1.webp,
dataset/uploads_root/prod-svoe-vino-strapi/prod-svoe-vino/strapi/uploads/DSC_00191_9cace5b038.jpg,
dataset/uploads_root/prod-svoe-vino-strapi/prod-svoe-vino/strapi/uploads/DSC_00233_86e3f3d3c7.webp,
dataset/uploads_root/prod-svoe-vino-strapi/prod-svoe-vino/strapi/uploads/DSC_003356_ad0d7a802b.webp,
dataset/uploads_root/prod-svoe-vino-strapi/prod-svoe-vino/strapi/uploads/DSC_00590_Enhanced_NR_c4aa4ea4cc.webp,
dataset/uploads_root/prod-svoe-vino-strapi/prod-svoe-vino/strapi/uploads/DSC_0076_6f1ac3b04f.webp,
dataset/uploads_root/prod-svoe-vino-strapi/prod-svoe-vino/strapi/uploads/DSC_0080_cf76e0a8fd.webp,
dataset/uploads_root/prod-svoe-vino-strapi/prod-svoe-vino/strapi/uploads/DSC_00836_4070f8fd2f.webp,pino-nuar-2025
dataset/uploads_root/prod-svoe-vino-strapi/prod-svoe-vino/strapi/uploads/DSC_00837_Photoroom_494c8f4098.webp,pino-glyu-2025
dataset/uploads_root/prod-svoe-vino-strapi/prod-svoe-vino/strapi/uploads/DSC_00839_Photoroom_418c4b31b3.webp,kokur-2025
dataset/uploads_root/prod-svoe-vino-strapi/prod-svoe-vino/strapi/uploads/DSC_00840_8d4b0f7ded.webp,
dataset/uploads_root/prod-svoe-vino-strapi/prod-svoe-vino/strapi/uploads/DSC_00840_Photoroom_13a0701346.webp,risling-2024
dataset/uploads_root/prod-svoe-vino-strapi/prod-svoe-vino/strapi/uploads/DSC_00842_e6a43cbc3d.webp,sosedi-aligote-shardone-2025
dataset/uploads_root/prod-svoe-vino-strapi/prod-svoe-vino/strapi/uploads/DSC_00876_8fe811304d.webp,
dataset/uploads_root/prod-svoe-vino-strapi/prod-svoe-vino/strapi/uploads/DSC_00876_bf9d69079e.jpg,
dataset/uploads_root/prod-svoe-vino-strapi/prod-svoe-vino/strapi/uploads/DSC_01097_837946c2b0.webp,
dataset/uploads_root/prod-svoe-vino-strapi/prod-svoe-vino/strapi/uploads/DSC_0111_1f8f0d1d65.webp,
dataset/uploads_root/prod-svoe-vino-strapi/prod-svoe-vino/strapi/uploads/DSC_01273_ccf2dfa21d.webp,
dataset/uploads_root/prod-svoe-vino-strapi/prod-svoe-vino/strapi/uploads/DSC_0129_507328f9d9.webp,
dataset/uploads_root/prod-svoe-vino-strapi/prod-svoe-vino/strapi/uploads/DSC_01589_084296cd62.webp,
dataset/uploads_root/prod-svoe-vino-strapi/prod-svoe-vino/strapi/uploads/DSC_01616_f4f649e151.webp,
dataset/uploads_root/prod-svoe-vino-strapi/prod-svoe-vino/strapi/uploads/DSC_02121_c5825631da.webp,
dataset/uploads_root/prod-svoe-vino-strapi/prod-svoe-vino/strapi/uploads/DSC_02402_3bb2362edf.webp,
dataset/uploads_root/prod-svoe-vino-strapi/prod-svoe-vino/strapi/uploads/DSC_02578_b185847797.webp,
dataset/uploads_root/prod-svoe-vino-strapi/prod-svoe-vino/strapi/uploads/DSC_02637_Cdt_IG_93aa8c4df1.webp,
dataset/uploads_root/prod-svoe-vino-strapi/prod-svoe-vino/strapi/uploads/DSC_02786_shumrinka_109120df91.webp,
dataset/uploads_root/prod-svoe-vino-strapi/prod-svoe-vino/strapi/uploads/DSC_0281_793f2e55da.webp,
dataset/uploads_root/prod-svoe-vino-strapi/prod-svoe-vino/strapi/uploads/DSC_0287_d429be497e.webp,
dataset/uploads_root/prod-svoe-vino-strapi/prod-svoe-vino/strapi/uploads/DSC_03214_9a24a66464.webp,
dataset/uploads_root/prod-svoe-vino-strapi/prod-svoe-vino/strapi/uploads/DSC_0322_fc5a487081.webp,
dataset/uploads_root/prod-svoe-vino-strapi/prod-svoe-vino/strapi/uploads/DSC_03260_191594c85f.JPG,
dataset/uploads_root/prod-svoe-vino-strapi/prod-svoe-vino/strapi/uploads/DSC_03545_f4567bd506.webp,
dataset/uploads_root/prod-svoe-vino-strapi/prod-svoe-vino/strapi/uploads/DSC_04224_6099fb3384.webp,
dataset/uploads_root/prod-svoe-vino-strapi/prod-svoe-vino/strapi/uploads/DSC_04358_b9f3424a16.webp,
dataset/uploads_root/prod-svoe-vino-strapi/prod-svoe-vino/strapi/uploads/DSC_0450_2c60c46a18.webp,
dataset/uploads_root/prod-svoe-vino-strapi/prod-svoe-vino/strapi/uploads/DSC_04544_3d255a45b8.webp,
dataset/uploads_root/prod-svoe-vino-strapi/prod-svoe-vino/strapi/uploads/DSC_04698_e030923aaf.webp,
dataset/uploads_root/prod-svoe-vino-strapi/prod-svoe-vino/strapi/uploads/DSC_04725_e27ef25bd2.webp,
dataset/uploads_root/prod-svoe-vino-strapi/prod-svoe-vino/strapi/uploads/DSC_04793_64dc02c49f.webp,
dataset/uploads_root/prod-svoe-vino-strapi/prod-svoe-vino/strapi/uploads/DSC_04816_88fedfa589.webp,
dataset/uploads_root/prod-svoe-vino-strapi/prod-svoe-vino/strapi/uploads/DSC_0482_178d0fcd42.webp,
dataset/uploads_root/prod-svoe-vino-strapi/prod-svoe-vino/strapi/uploads/DSC_04836_redakt_1_1_7b63ccef0f.webp,
dataset/uploads_root/prod-svoe-vino-strapi/prod-svoe-vino/strapi/uploads/DSC_04848_a54f7a7886.webp,
dataset/uploads_root/prod-svoe-vino-strapi/prod-svoe-vino/strapi/uploads/DSC_05071_1_20acbecc55.webp,
dataset/uploads_root/prod-svoe-vino-strapi/prod-svoe-vino/strapi/uploads/DSC_0515_f8e78661d1.webp,
dataset/uploads_root/prod-svoe-vino-strapi/prod-svoe-vino/strapi/uploads/DSC_05167_b99b097ac9.webp,
dataset/uploads_root/prod-svoe-vino-strapi/prod-svoe-vino/strapi/uploads/DSC_05278_4a96e797e6.webp,
dataset/uploads_root/prod-svoe-vino-strapi/prod-svoe-vino/strapi/uploads/DSC_05352_7197888470.webp,
dataset/uploads_root/prod-svoe-vino-strapi/prod-svoe-vino/strapi/uploads/DSC_05458_6c98a3404d.webp,
dataset/uploads_root/prod-svoe-vino-strapi/prod-svoe-vino/strapi/uploads/DSC_0549_10824dccfd.webp,
dataset/uploads_root/prod-svoe-vino-strapi/prod-svoe-vino/strapi/uploads/DSC_0558_56b2f00478.webp,
dataset/uploads_root/prod-svoe-vino-strapi/prod-svoe-vino/strapi/uploads/DSC_0607_2e6db80361.webp,
dataset/uploads_root/prod-svoe-vino-strapi/prod-svoe-vino/strapi/uploads/DSC_0607_e15421df11.webp,
dataset/uploads_root/prod-svoe-vino-strapi/prod-svoe-vino/strapi/uploads/DSC_06086_82ad419317.webp,
dataset/uploads_root/prod-svoe-vino-strapi/prod-svoe-vino/strapi/uploads/DSC_0613_6eeaced3f0.webp,
dataset/uploads_root/prod-svoe-vino-strapi/prod-svoe-vino/strapi/uploads/DSC_0613_6f2f336489.webp,
dataset/uploads_root/prod-svoe-vino-strapi/prod-svoe-vino/strapi/uploads/DSC_0615_4316b2c0d1.webp,
dataset/uploads_root/prod-svoe-vino-strapi/prod-svoe-vino/strapi/uploads/DSC_0616_a548394b2c.webp,
dataset/uploads_root/prod-svoe-vino-strapi/prod-svoe-vino/strapi/uploads/DSC_0619_1_resized_885d63f126.webp,
dataset/uploads_root/prod-svoe-vino-strapi/prod-svoe-vino/strapi/uploads/DSC_0621_1b2d0566d2.webp,
dataset/uploads_root/prod-svoe-vino-strapi/prod-svoe-vino/strapi/uploads/DSC_0630_cc71d65f98.webp,
dataset/uploads_root/prod-svoe-vino-strapi/prod-svoe-vino/strapi/uploads/DSC_0632_resized_e14d094d38.webp,
dataset/uploads_root/prod-svoe-vino-strapi/prod-svoe-vino/strapi/uploads/DSC_0636_e94b7bcd8f.webp,
dataset/uploads_root/prod-svoe-vino-strapi/prod-svoe-vino/strapi/uploads/DSC_06395_b92959c27d.webp,
dataset/uploads_root/prod-svoe-vino-strapi/prod-svoe-vino/strapi/uploads/DSC_06445_a9481506a3.webp,
dataset/uploads_root/prod-svoe-vino-strapi/prod-svoe-vino/strapi/uploads/DSC_06455_1646bee4e3.webp,
dataset/uploads_root/prod-svoe-vino-strapi/prod-svoe-vino/strapi/uploads/DSC_06458_20728d4007.webp,
dataset/uploads_root/prod-svoe-vino-strapi/prod-svoe-vino/strapi/uploads/DSC_06563_ed63495b88.webp,
dataset/uploads_root/prod-svoe-vino-strapi/prod-svoe-vino/strapi/uploads/DSC_06573_a9b2cfaf40.webp,
dataset/uploads_root/prod-svoe-vino-strapi/prod-svoe-vino/strapi/uploads/DSC_06583_369fa62329.webp,
dataset/uploads_root/prod-svoe-vino-strapi/prod-svoe-vino/strapi/uploads/DSC_06603_94df6dc757.webp,
dataset/uploads_root/prod-svoe-vino-strapi/prod-svoe-vino/strapi/uploads/DSC_06634_e43d196408.webp,
dataset/uploads_root/prod-svoe-vino-strapi/prod-svoe-vino/strapi/uploads/DSC_06674_df693d0597.webp,
dataset/uploads_root/prod-svoe-vino-strapi/prod-svoe-vino/strapi/uploads/DSC_0674_3ffde7cd6f.webp,
dataset/uploads_root/prod-svoe-vino-strapi/prod-svoe-vino/strapi/uploads/DSC_06763_cb8113d64f.webp,
dataset/uploads_root/prod-svoe-vino-strapi/prod-svoe-vino/strapi/uploads/DSC_06771_1feef47734.webp,
dataset/uploads_root/prod-svoe-vino-strapi/prod-svoe-vino/strapi/uploads/DSC_06872_a199f8cdc3.webp,
dataset/uploads_root/prod-svoe-vino-strapi/prod-svoe-vino/strapi/uploads/DSC_07156_1d391981f5.webp,
dataset/uploads_root/prod-svoe-vino-strapi/prod-svoe-vino/strapi/uploads/DSC_0716_3fb264b863.webp,
dataset/uploads_root/prod-svoe-vino-strapi/prod-svoe-vino/strapi/uploads/DSC_07177_160a17b3bc.webp,
dataset/uploads_root/prod-svoe-vino-strapi/prod-svoe-vino/strapi/uploads/DSC_0724_resized_257169f8fe.webp,
dataset/uploads_root/prod-svoe-vino-strapi/prod-svoe-vino/strapi/uploads/DSC_07330_9c28ff1063.webp,
dataset/uploads_root/prod-svoe-vino-strapi/prod-svoe-vino/strapi/uploads/DSC_0775_17b88910d9.webp,
dataset/uploads_root/prod-svoe-vino-strapi/prod-svoe-vino/strapi/uploads/DSC_0805_085b0d3c96.webp,
dataset/uploads_root/prod-svoe-vino-strapi/prod-svoe-vino/strapi/uploads/DSC_08329_resized_2a5a851d3e.webp,
dataset/uploads_root/prod-svoe-vino-strapi/prod-svoe-vino/strapi/uploads/DSC_0847_resized_3c34c418b9.webp,
dataset/uploads_root/prod-svoe-vino-strapi/prod-svoe-vino/strapi/uploads/DSC_08509_91122934eb.webp,
dataset/uploads_root/prod-svoe-vino-strapi/prod-svoe-vino/strapi/uploads/DSC_08587_e2adaa325b.webp,
dataset/uploads_root/prod-svoe-vino-strapi/prod-svoe-vino/strapi/uploads/DSC_08761_00f9edb9e2.webp,
dataset/uploads_root/prod-svoe-vino-strapi/prod-svoe-vino/strapi/uploads/DSC_08778_a923935a59.webp,
dataset/uploads_root/prod-svoe-vino-strapi/prod-svoe-vino/strapi/uploads/DSC_08804_b638c08386.webp,
dataset/uploads_root/prod-svoe-vino-strapi/prod-svoe-vino/strapi/uploads/DSC_08864_b46c2c6e86.webp,
dataset/uploads_root/prod-svoe-vino-strapi/prod-svoe-vino/strapi/uploads/DSC_09037_resized_d6df5cb764.webp,
dataset/uploads_root/prod-svoe-vino-strapi/prod-svoe-vino/strapi/uploads/DSC_0906_248f9c0650.webp,
dataset/uploads_root/prod-svoe-vino-strapi/prod-svoe-vino/strapi/uploads/DSC_09113_jpg_d590906939.webp,
dataset/uploads_root/prod-svoe-vino-strapi/prod-svoe-vino/strapi/uploads/DSC_09166_cf6c3aaa12.webp,dva-brata-pet-nat-kokur-2024
dataset/uploads_root/prod-svoe-vino-strapi/prod-svoe-vino/strapi/uploads/DSC_0916_770d07d962.webp,
dataset/uploads_root/prod-svoe-vino-strapi/prod-svoe-vino/strapi/uploads/DSC_0916_a944a51c33.webp,
dataset/uploads_root/prod-svoe-vino-strapi/prod-svoe-vino/strapi/uploads/DSC_0916_aed146aa21.webp,
dataset/uploads_root/prod-svoe-vino-strapi/prod-svoe-vino/strapi/uploads/DSC_0916_b81f77cd9e.webp,
dataset/uploads_root/prod-svoe-vino-strapi/prod-svoe-vino/strapi/uploads/DSC_09170_a4e65f21e4.webp,pet-nat-sosedi-2024
dataset/uploads_root/prod-svoe-vino-strapi/prod-svoe-vino/strapi/uploads/DSC_09171_f04d8d1b64.webp,karbon-glyu-2024
dataset/uploads_root/prod-svoe-vino-strapi/prod-svoe-vino/strapi/uploads/DSC_09173_4a9ff95cc2.webp,aligote-barrel-2024
dataset/uploads_root/prod-svoe-vino-strapi/prod-svoe-vino/strapi/uploads/DSC_0926_b3d1b55981.webp,
dataset/uploads_root/prod-svoe-vino-strapi/prod-svoe-vino/strapi/uploads/DSC_09334_5a8f00981c.webp,
dataset/uploads_root/prod-svoe-vino-strapi/prod-svoe-vino/strapi/uploads/DSC_09373_25ba739902.webp,
dataset/uploads_root/prod-svoe-vino-strapi/prod-svoe-vino/strapi/uploads/DSC_09521_d56dd5ca40.webp,
dataset/uploads_root/prod-svoe-vino-strapi/prod-svoe-vino/strapi/uploads/DSC_09633_jpg_677214b536.webp,
dataset/uploads_root/prod-svoe-vino-strapi/prod-svoe-vino/strapi/uploads/DSC_09716_Cdt_IG_330db410a3.webp,
dataset/uploads_root/prod-svoe-vino-strapi/prod-svoe-vino/strapi/uploads/DSC_09820_jpg_19c7528940.webp,
dataset/uploads_root/prod-svoe-vino-strapi/prod-svoe-vino/strapi/uploads/DSC_09873_0594d01b91.webp,
dataset/uploads_root/prod-svoe-vino-strapi/prod-svoe-vino/strapi/uploads/DSC_09873_1311b7e07e.webp,
dataset/uploads_root/prod-svoe-vino-strapi/prod-svoe-vino/strapi/uploads/DSC_09918_b7abc63b65.webp,
dataset/uploads_root/prod-svoe-vino-strapi/prod-svoe-vino/strapi/uploads/DSC_09996_66856e29ab.webp,
dataset/uploads_root/prod-svoe-vino-strapi/prod-svoe-vino/strapi/uploads/DSC_1195_d8970c51e7.webp,
dataset/uploads_root/prod-svoe-vino-strapi/prod-svoe-vino/strapi/uploads/DSC_2099_680637438d.webp,
dataset/uploads_root/prod-svoe-vino-strapi/prod-svoe-vino/strapi/uploads/DSC_2120_3fd77bd9b1.webp,
dataset/uploads_root/prod-svoe-vino-strapi/prod-svoe-vino/strapi/uploads/DSC_2135_e69c3e9e5a.webp,
dataset/uploads_root/prod-svoe-vino-strapi/prod-svoe-vino/strapi/uploads/DSC_2146_dfe30524d8.webp,
dataset/uploads_root/prod-svoe-vino-strapi/prod-svoe-vino/strapi/uploads/DSC_2215_1_ac58348b8f.webp,
dataset/uploads_root/prod-svoe-vino-strapi/prod-svoe-vino/strapi/uploads/DSC_3266_fbdc5e0cc8.webp,
dataset/uploads_root/prod-svoe-vino-strapi/prod-svoe-vino/strapi/uploads/DSC_3326_resized_f95cb419de.webp,
dataset/uploads_root/prod-svoe-vino-strapi/prod-svoe-vino/strapi/uploads/DSC_3435_resized_e5c7c2108d.jpg,
dataset/uploads_root/prod-svoe-vino-strapi/prod-svoe-vino/strapi/uploads/DSC_3435_resized_e631d6dd5e.webp,
dataset/uploads_root/prod-svoe-vino-strapi/prod-svoe-vino/strapi/uploads/DSC_3479_4ef91a2ed6.webp,
dataset/uploads_root/prod-svoe-vino-strapi/prod-svoe-vino/strapi/uploads/DSC_3647_4fe17033ec.webp,
dataset/uploads_root/prod-svoe-vino-strapi/prod-svoe-vino/strapi/uploads/DSC_3705_b8de9b06bc.webp,
dataset/uploads_root/prod-svoe-vino-strapi/prod-svoe-vino/strapi/uploads/DSC_4928_5a2d9a075b.webp,
dataset/uploads_root/prod-svoe-vino-strapi/prod-svoe-vino/strapi/uploads/DSC_4955_00ac112823.webp,
dataset/uploads_root/prod-svoe-vino-strapi/prod-svoe-vino/strapi/uploads/DSC_4955_697edeb9b9.webp,
dataset/uploads_root/prod-svoe-vino-strapi/prod-svoe-vino/strapi/uploads/DSC_5010_250059b01e.webp,
dataset/uploads_root/prod-svoe-vino-strapi/prod-svoe-vino/strapi/uploads/DSC_5047_e8e218ebf2.webp,
dataset/uploads_root/prod-svoe-vino-strapi/prod-svoe-vino/strapi/uploads/DSC_5147_32d228dedc.webp,
dataset/uploads_root/prod-svoe-vino-strapi/prod-svoe-vino/strapi/uploads/DSC_5153_c5a0f4801a.webp,
dataset/uploads_root/prod-svoe-vino-strapi/prod-svoe-vino/strapi/uploads/DSC_5185_725c60480f.webp,
dataset/uploads_root/prod-svoe-vino-strapi/prod-svoe-vino/strapi/uploads/DSC_5226_247cea785e.webp,
dataset/uploads_root/prod-svoe-vino-strapi/prod-svoe-vino/strapi/uploads/DSC_5238_0271cb0c12.webp,
dataset/uploads_root/prod-svoe-vino-strapi/prod-svoe-vino/strapi/uploads/DSC_5238_714f671eb0.webp,
dataset/uploads_root/prod-svoe-vino-strapi/prod-svoe-vino/strapi/uploads/DSC_5365_9549ef9c0c.webp,
dataset/uploads_root/prod-svoe-vino-strapi/prod-svoe-vino/strapi/uploads/DSC_5426_9455f31990.webp,
dataset/uploads_root/prod-svoe-vino-strapi/prod-svoe-vino/strapi/uploads/DSC_5491_7b7a89ae63.webp,
dataset/uploads_root/prod-svoe-vino-strapi/prod-svoe-vino/strapi/uploads/DSC_5508_copy_0c2aeb9df7.webp,
dataset/uploads_root/prod-svoe-vino-strapi/prod-svoe-vino/strapi/uploads/DSC_5606_b8d4e9361d.webp,
dataset/uploads_root/prod-svoe-vino-strapi/prod-svoe-vino/strapi/uploads/DSC_5612_8c5a29e6e2.webp,
dataset/uploads_root/prod-svoe-vino-strapi/prod-svoe-vino/strapi/uploads/DSC_5995_1_6b9e08df41.webp,
dataset/uploads_root/prod-svoe-vino-strapi/prod-svoe-vino/strapi/uploads/DSC_6262_367b08153e.webp,
dataset/uploads_root/prod-svoe-vino-strapi/prod-svoe-vino/strapi/uploads/DSC_6286_12200c88e4.webp,
dataset/uploads_root/prod-svoe-vino-strapi/prod-svoe-vino/strapi/uploads/DSC_6290_a12b58a890.webp,
dataset/uploads_root/prod-svoe-vino-strapi/prod-svoe-vino/strapi/uploads/DSC_6639_d32c3a31d8.webp,
dataset/uploads_root/prod-svoe-vino-strapi/prod-svoe-vino/strapi/uploads/DSC_6787_381b76e3d0.webp,
dataset/uploads_root/prod-svoe-vino-strapi/prod-svoe-vino/strapi/uploads/DSC_6910_ac09e88b9e.webp,
dataset/uploads_root/prod-svoe-vino-strapi/prod-svoe-vino/strapi/uploads/DSC_6911_3e99133db2.webp,
dataset/uploads_root/prod-svoe-vino-strapi/prod-svoe-vino/strapi/uploads/DSC_6938_9f4357073e.webp,
dataset/uploads_root/prod-svoe-vino-strapi/prod-svoe-vino/strapi/uploads/DSC_6997_97d6b79a94.webp,
dataset/uploads_root/prod-svoe-vino-strapi/prod-svoe-vino/strapi/uploads/DSC_6997_d28c61d766.webp,
dataset/uploads_root/prod-svoe-vino-strapi/prod-svoe-vino/strapi/uploads/DSC_7035_60796d7a4b.webp,
dataset/uploads_root/prod-svoe-vino-strapi/prod-svoe-vino/strapi/uploads/DSC_7102_1729cfe1a2.webp,
dataset/uploads_root/prod-svoe-vino-strapi/prod-svoe-vino/strapi/uploads/DSC_7113_1_5284ebde49.webp,
dataset/uploads_root/prod-svoe-vino-strapi/prod-svoe-vino/strapi/uploads/DSC_7113_1_dee95af32e.webp,
dataset/uploads_root/prod-svoe-vino-strapi/prod-svoe-vino/strapi/uploads/DSC_7453_660c2759f1.webp,
dataset/uploads_root/prod-svoe-vino-strapi/prod-svoe-vino/strapi/uploads/DSC_7473_50637038ce.webp,
dataset/uploads_root/prod-svoe-vino-strapi/prod-svoe-vino/strapi/uploads/DSC_7523_efc29b6de0.webp,
dataset/uploads_root/prod-svoe-vino-strapi/prod-svoe-vino/strapi/uploads/DSC_7797_62e1caa161.webp,
dataset/uploads_root/prod-svoe-vino-strapi/prod-svoe-vino/strapi/uploads/DSC_7849_1_56db7b859e.JPG,
dataset/uploads_root/prod-svoe-vino-strapi/prod-svoe-vino/strapi/uploads/DSC_7849_2_0cb05c5c8d.jpg,
dataset/uploads_root/prod-svoe-vino-strapi/prod-svoe-vino/strapi/uploads/DSC_7973_e85c610586.webp,
dataset/uploads_root/prod-svoe-vino-strapi/prod-svoe-vino/strapi/uploads/DSC_9381_copie_6b9d092db3.webp,
dataset/uploads_root/prod-svoe-vino-strapi/prod-svoe-vino/strapi/uploads/DUBININ_logo_582707d068.webp,
dataset/uploads_root/prod-svoe-vino-strapi/prod-svoe-vino/strapi/uploads/DU_0_A0475_2f344731f6.webp,
dataset/uploads_root/prod-svoe-vino-strapi/prod-svoe-vino/strapi/uploads/DU_0_A9554_40f56d7fdd.webp,
dataset/uploads_root/prod-svoe-vino-strapi/prod-svoe-vino/strapi/uploads/DW_1200x800p_02_33ada3cd2c.webp,
dataset/uploads_root/prod-svoe-vino-strapi/prod-svoe-vino/strapi/uploads/DW_1200x800p_02_38dbaa584d.webp,
dataset/uploads_root/prod-svoe-vino-strapi/prod-svoe-vino/strapi/uploads/Dacha_Serdyuka_7f30ed02fb.webp,
dataset/uploads_root/prod-svoe-vino-strapi/prod-svoe-vino/strapi/uploads/Dacha_Serdyuka_Saperavi_eb40fa5bf1.webp,
dataset/uploads_root/prod-svoe-vino-strapi/prod-svoe-vino/strapi/uploads/Daikiry_0c20331296.webp,
dataset/uploads_root/prod-svoe-vino-strapi/prod-svoe-vino/strapi/uploads/Daikiry_db181ec080.webp,
dataset/uploads_root/prod-svoe-vino-strapi/prod-svoe-vino/strapi/uploads/Dana_Midori_Sour1_f79e4bf645.webp,
dataset/uploads_root/prod-svoe-vino-strapi/prod-svoe-vino/strapi/uploads/Dana_Midori_Sour2_406b87657e.webp,
dataset/uploads_root/prod-svoe-vino-strapi/prod-svoe-vino/strapi/uploads/Dana_Midori_Sour2_bb9b9edc6b.webp,
dataset/uploads_root/prod-svoe-vino-strapi/prod-svoe-vino/strapi/uploads/Daniel_2022_Koffmann_5bba62cc20.webp,daniel-22
dataset/uploads_root/prod-svoe-vino-strapi/prod-svoe-vino/strapi/uploads/Dark_n_stormi_b0c87ee826.webp,
dataset/uploads_root/prod-svoe-vino-strapi/prod-svoe-vino/strapi/uploads/David_2020_71f53fa374.webp,david
dataset/uploads_root/prod-svoe-vino-strapi/prod-svoe-vino/strapi/uploads/David_2021_65162f7033.webp,david-2021
dataset/uploads_root/prod-svoe-vino-strapi/prod-svoe-vino/strapi/uploads/David_22_b6377f7280.webp,david-2022
dataset/uploads_root/prod-svoe-vino-strapi/prod-svoe-vino/strapi/uploads/Degustacziya_kak_oczenit_vkus_koleso_aromatov_060b34c104.webp,
dataset/uploads_root/prod-svoe-vino-strapi/prod-svoe-vino/strapi/uploads/Den_glintvejna_baa09fb369.webp,
dataset/uploads_root/prod-svoe-vino-strapi/prod-svoe-vino/strapi/uploads/Den_glintvejna_oblozhka_101c3e5c9b.webp,
dataset/uploads_root/prod-svoe-vino-strapi/prod-svoe-vino/strapi/uploads/Derbent_Vino_Fori_di_Mare_Di_Kaspiko_d67089804b.webp,fiori-di-mare-krasnoe-polusuhoe
dataset/uploads_root/prod-svoe-vino-strapi/prod-svoe-vino/strapi/uploads/Derbent_festival2_6456ab5f53.webp,
dataset/uploads_root/prod-svoe-vino-strapi/prod-svoe-vino/strapi/uploads/Derbent_festival_b3f9afee31.webp,
dataset/uploads_root/prod-svoe-vino-strapi/prod-svoe-vino/strapi/uploads/Derbent_no_bg_preview_a144648120.webp,
dataset/uploads_root/prod-svoe-vino-strapi/prod-svoe-vino/strapi/uploads/Derbent_vino1_67f2b9e7e7_40dbe77480.webp,
dataset/uploads_root/prod-svoe-vino-strapi/prod-svoe-vino/strapi/uploads/Derbent_vino_6d56ea9bde.webp,
dataset/uploads_root/prod-svoe-vino-strapi/prod-svoe-vino/strapi/uploads/Derbent_vino_81a6d80f71.webp,
dataset/uploads_root/prod-svoe-vino-strapi/prod-svoe-vino/strapi/uploads/Derbent_vino_cdbce94f80.webp,
dataset/uploads_root/prod-svoe-vino-strapi/prod-svoe-vino/strapi/uploads/Deshevoe_i_dorogoe_vino_kartochka_2f37f19d09.webp,
dataset/uploads_root/prod-svoe-vino-strapi/prod-svoe-vino/strapi/uploads/Desono_Kaberne_Fran_d35065b98b.webp,derbent-vino-desono-kaberne-fran-krasnoe-suhoe-125
dataset/uploads_root/prod-svoe-vino-strapi/prod-svoe-vino/strapi/uploads/Desono_Kaberne_Sovinon_92912df82f.webp,derbent-vino-desono-kaberne-sovinon-krasnoe-suhoe-125
dataset/uploads_root/prod-svoe-vino-strapi/prod-svoe-vino/strapi/uploads/Desono_Merlo_8f58649b26.webp,derbent-vino-desono-merlo-krasnoe-suhoe-125
dataset/uploads_root/prod-svoe-vino-strapi/prod-svoe-vino/strapi/uploads/Desono_Risling_b70f2d30ac.webp,derbent-vino-desono-risling-beloe-suhoe-125
dataset/uploads_root/prod-svoe-vino-strapi/prod-svoe-vino/strapi/uploads/Desono_Rkacziteli_orandzh_a572c088a4.webp,derbent-vino-desono-rkatsiteli-oranzh-beloe-suhoe-125
dataset/uploads_root/prod-svoe-vino-strapi/prod-svoe-vino/strapi/uploads/Desono_Saperavi_606c582da8.webp,derbent-vino-desono-saperavi-krasnoe-suhoe-125
dataset/uploads_root/prod-svoe-vino-strapi/prod-svoe-vino/strapi/uploads/Desono_Saperavi_roze_a6f976b72e.webp,derbent-vino-desono-saperavi-roze-rozovoe-suhoe-125
dataset/uploads_root/prod-svoe-vino-strapi/prod-svoe-vino/strapi/uploads/Desono_Shardone_46ac5a58e0.webp,derbent-vino-desono-shardone-beloe-suhoe-125
dataset/uploads_root/prod-svoe-vino-strapi/prod-svoe-vino/strapi/uploads/Dia_d90e717b07.webp,
dataset/uploads_root/prod-svoe-vino-strapi/prod-svoe-vino/strapi/uploads/Diffuzor_s_aromatom_Sparkling_Rose_ot_Abrau_Dyurso_i_PERMEGI_5e0c48eed5.webp,
dataset/uploads_root/prod-svoe-vino-strapi/prod-svoe-vino/strapi/uploads/Diffuzor_s_aromatom_Sparkling_Rose_ot_Abrau_Dyurso_i_PERMEGI_bd54493a92.webp,
dataset/uploads_root/prod-svoe-vino-strapi/prod-svoe-vino/strapi/uploads/Divnomorskoe_1_430ce44fb0_db8af74624.webp,
dataset/uploads_root/prod-svoe-vino-strapi/prod-svoe-vino/strapi/uploads/Divnomorskoe_1a4adc9066.webp,
dataset/uploads_root/prod-svoe-vino-strapi/prod-svoe-vino/strapi/uploads/Divnomorskoe_2_3966f3e790_b8322aeafc.webp,
dataset/uploads_root/prod-svoe-vino-strapi/prod-svoe-vino/strapi/uploads/Divnomorskoe_2_47d151152e.JPG,
dataset/uploads_root/prod-svoe-vino-strapi/prod-svoe-vino/strapi/uploads/Dmitrij_vlasov_1f919f6036.webp,
dataset/uploads_root/prod-svoe-vino-strapi/prod-svoe-vino/strapi/uploads/Dolina_Lefkadia_Amphora_2_abd5f70122.webp,
dataset/uploads_root/prod-svoe-vino-strapi/prod-svoe-vino/strapi/uploads/Dolina_Lefkadia_Amphora_3_33f2a75b8c.webp,
dataset/uploads_root/prod-svoe-vino-strapi/prod-svoe-vino/strapi/uploads/Dolina_Lefkadia_Amphora_4_3cf0f14d3a.webp,
dataset/uploads_root/prod-svoe-vino-strapi/prod-svoe-vino/strapi/uploads/Dolina_Lefkadia_Amphora_5_91b18a8f54.webp,
dataset/uploads_root/prod-svoe-vino-strapi/prod-svoe-vino/strapi/uploads/Dolina_Lefkadia_Amphora_6_49c8fe19b4.webp,
dataset/uploads_root/prod-svoe-vino-strapi/prod-svoe-vino/strapi/uploads/Dolina_Lefkadia_Amphora_8ce9e51ca6.webp,
dataset/uploads_root/prod-svoe-vino-strapi/prod-svoe-vino/strapi/uploads/Dolina_Lefkadia_vineyards1_1742ef18c4_95e9506d04.webp,
dataset/uploads_root/prod-svoe-vino-strapi/prod-svoe-vino/strapi/uploads/Dolina_Lefkadia_vineyards2_ef0ffced79_36f288dc41.webp,
dataset/uploads_root/prod-svoe-vino-strapi/prod-svoe-vino/strapi/uploads/Dolina_Lefkadia_vineyards_c6dd83ed9b_34a6e3b353.webp,
dataset/uploads_root/prod-svoe-vino-strapi/prod-svoe-vino/strapi/uploads/Dolina_Lefkadiya_225594e16e.webp,
dataset/uploads_root/prod-svoe-vino-strapi/prod-svoe-vino/strapi/uploads/Dolina_Lefkadiya_af37149dbd.webp,
dataset/uploads_root/prod-svoe-vino-strapi/prod-svoe-vino/strapi/uploads/Dolina_Lefkadiya_czvety_df3ea06389.webp,
dataset/uploads_root/prod-svoe-vino-strapi/prod-svoe-vino/strapi/uploads/Dolina_Lefkadiya_ferma1_e7e5bee842.webp,
dataset/uploads_root/prod-svoe-vino-strapi/prod-svoe-vino/strapi/uploads/Dolina_Lefkadiya_ferma2_9a6c212460.webp,
dataset/uploads_root/prod-svoe-vino-strapi/prod-svoe-vino/strapi/uploads/Dolina_Lefkadiya_loshad_78a7a4bae5.webp,
dataset/uploads_root/prod-svoe-vino-strapi/prod-svoe-vino/strapi/uploads/Dolina_Lefkadiya_spa_cfdf316f7d.webp,
dataset/uploads_root/prod-svoe-vino-strapi/prod-svoe-vino/strapi/uploads/Dolina_Lefkadiya_vidy_09487cb1d0.webp,
dataset/uploads_root/prod-svoe-vino-strapi/prod-svoe-vino/strapi/uploads/Dolina_Lefkadiya_vidy_1d5b7c7efb.webp,
dataset/uploads_root/prod-svoe-vino-strapi/prod-svoe-vino/strapi/uploads/Dolina_Lefkadiya_vidy_2_0008749eff.webp,
dataset/uploads_root/prod-svoe-vino-strapi/prod-svoe-vino/strapi/uploads/Dolina_Lefkadiya_vidy_3_43ae6fbc1c.webp,
dataset/uploads_root/prod-svoe-vino-strapi/prod-svoe-vino/strapi/uploads/Dolina_Lefkadiya_vidy_4_7a5418c607.webp,
dataset/uploads_root/prod-svoe-vino-strapi/prod-svoe-vino/strapi/uploads/Dolina_Lefkadiya_vidy_549421e205.webp,
dataset/uploads_root/prod-svoe-vino-strapi/prod-svoe-vino/strapi/uploads/Dolina_Lefkadiya_vidy_5831d232f7.webp,
dataset/uploads_root/prod-svoe-vino-strapi/prod-svoe-vino/strapi/uploads/Dolina_Lefkadiya_vidy_5_5163a57ee4.webp,
dataset/uploads_root/prod-svoe-vino-strapi/prod-svoe-vino/strapi/uploads/Dolina_Lefkadiya_vidy_6_e7db67eb24.webp,
dataset/uploads_root/prod-svoe-vino-strapi/prod-svoe-vino/strapi/uploads/Dolina_Lefkadiya_vidy_8beba9a6da.webp,
dataset/uploads_root/prod-svoe-vino-strapi/prod-svoe-vino/strapi/uploads/Dolina_Lefkadiya_vidy_8ee53ba4e6.webp,
dataset/uploads_root/prod-svoe-vino-strapi/prod-svoe-vino/strapi/uploads/Dolina_Lefkadiya_vidy_d71066f362.webp,
dataset/uploads_root/prod-svoe-vino-strapi/prod-svoe-vino/strapi/uploads/Dolina_Lefkadiya_vidy_f8c237697d.webp,
dataset/uploads_root/prod-svoe-vino-strapi/prod-svoe-vino/strapi/uploads/Dom_Perignon_057_HK_0854_a79036fadd.webp,
dataset/uploads_root/prod-svoe-vino-strapi/prod-svoe-vino/strapi/uploads/Dom_Perignon_Best_Years_width_1028_52e4b848f6.jpg,
dataset/uploads_root/prod-svoe-vino-strapi/prod-svoe-vino/strapi/uploads/Dzhangl_Byord_d94f25bcd4.webp,
dataset/uploads_root/prod-svoe-vino-strapi/prod-svoe-vino/strapi/uploads/ELPA_7380505765.webp,
dataset/uploads_root/prod-svoe-vino-strapi/prod-svoe-vino/strapi/uploads/EU_6_A4130_7c5f374bc7.webp,
dataset/uploads_root/prod-svoe-vino-strapi/prod-svoe-vino/strapi/uploads/Ekim_Kara_bebfb99ed0.webp,
dataset/uploads_root/prod-svoe-vino-strapi/prod-svoe-vino/strapi/uploads/Ekspozicziya_muzejno_istoricheskogo_kompleksa_Abrau_Dyurso_cf21c12fb5.webp,
dataset/uploads_root/prod-svoe-vino-strapi/prod-svoe-vino/strapi/uploads/Ekspozicziya_muzejno_istoricheskogo_kompleksa_Abrau_Dyurso_cf55f2cbc6.webp,
dataset/uploads_root/prod-svoe-vino-strapi/prod-svoe-vino/strapi/uploads/El_Prezidente_cfdbc12d77.webp,
dataset/uploads_root/prod-svoe-vino-strapi/prod-svoe-vino/strapi/uploads/Elena_Eremina_generalnyj_direktor_AGORA_WINERY_1_08a0b4f993.webp,
dataset/uploads_root/prod-svoe-vino-strapi/prod-svoe-vino/strapi/uploads/Eleonora_0e3c405b09.webp,eleonora
dataset/uploads_root/prod-svoe-vino-strapi/prod-svoe-vino/strapi/uploads/Endemy_Bianka_09f648c08e.webp,
dataset/uploads_root/prod-svoe-vino-strapi/prod-svoe-vino/strapi/uploads/Endemy_Bianka_7cf66eca8c.webp,igristoe-vino-endemy-bianka-bryut-beloe
dataset/uploads_root/prod-svoe-vino-strapi/prod-svoe-vino/strapi/uploads/Endemy_Kaberne_Sovinon_4c5c1ced59.webp,derbent-vino-endemy-kaberne-sovinon-krasnoe-suhoe-13
dataset/uploads_root/prod-svoe-vino-strapi/prod-svoe-vino/strapi/uploads/Endemy_Pino_Blan_8bad757c21.webp,igristoe-vino-endemy-pino-blan-bryut-beloe
dataset/uploads_root/prod-svoe-vino-strapi/prod-svoe-vino/strapi/uploads/Endemy_Pino_Blan_ffe6e9048b.webp,
dataset/uploads_root/prod-svoe-vino-strapi/prod-svoe-vino/strapi/uploads/Endemy_Saperavi_e63474ff4b.webp,endemy-saperavi
dataset/uploads_root/prod-svoe-vino-strapi/prod-svoe-vino/strapi/uploads/Enolog_rukovoditel_proekta_Korotkov_Sergej_675907dd30.webp,
dataset/uploads_root/prod-svoe-vino-strapi/prod-svoe-vino/strapi/uploads/Eskiz_Natali_Nesterovoj_75e51ee578.webp,
dataset/uploads_root/prod-svoe-vino-strapi/prod-svoe-vino/strapi/uploads/Eskiz_Natali_Nesterovoj_9db20ee642.webp,
dataset/uploads_root/prod-svoe-vino-strapi/prod-svoe-vino/strapi/uploads/Espresso_Martini_s_vodkoj_3e8da2e352.webp,
dataset/uploads_root/prod-svoe-vino-strapi/prod-svoe-vino/strapi/uploads/Esse_logo_2e21be1455.webp,
dataset/uploads_root/prod-svoe-vino-strapi/prod-svoe-vino/strapi/uploads/Evolyushen_roze_AYA_583a46ad30.webp,
dataset/uploads_root/prod-svoe-vino-strapi/prod-svoe-vino/strapi/uploads/Extra_Brut_Rose_b02ec16ad0.webp,perovskih_rose
dataset/uploads_root/prod-svoe-vino-strapi/prod-svoe-vino/strapi/uploads/F3_FE_7447_7_FA_7_4_EE_0_B653_F8_C36_FA_8_D269_d984e57f03.webp,
dataset/uploads_root/prod-svoe-vino-strapi/prod-svoe-vino/strapi/uploads/F9776692_8149_4_A43_B5_AF_946_C411_B4_D1_F_e5caa0bffc.webp,
dataset/uploads_root/prod-svoe-vino-strapi/prod-svoe-vino/strapi/uploads/FDM_verde_white_027d700ffe.webp,
dataset/uploads_root/prod-svoe-vino-strapi/prod-svoe-vino/strapi/uploads/FDM_verde_white_4012edf5ad.webp,di-kaspiko-di-caspico-fiori-di-mare-verde
dataset/uploads_root/prod-svoe-vino-strapi/prod-svoe-vino/strapi/uploads/FOT_3598_kopiya_50c143d4e9.webp,
dataset/uploads_root/prod-svoe-vino-strapi/prod-svoe-vino/strapi/uploads/FOT_4296_kopiya_62996f9fe3.webp,
dataset/uploads_root/prod-svoe-vino-strapi/prod-svoe-vino/strapi/uploads/FOT_9596_HDR_kopiya_0e450e929c.webp,
dataset/uploads_root/prod-svoe-vino-strapi/prod-svoe-vino/strapi/uploads/FOT_9596_HDR_kopiya_ec2e011338.webp,
dataset/uploads_root/prod-svoe-vino-strapi/prod-svoe-vino/strapi/uploads/FZ_0_A0094_26b5828f2c.webp,
dataset/uploads_root/prod-svoe-vino-strapi/prod-svoe-vino/strapi/uploads/FZ_0_A0272_40c33a5f6a.webp,
dataset/uploads_root/prod-svoe-vino-strapi/prod-svoe-vino/strapi/uploads/FZ_0_A1115_66c81cadd5.webp,
dataset/uploads_root/prod-svoe-vino-strapi/prod-svoe-vino/strapi/uploads/FZ_0_A2377_9c78ffd5a9.webp,
dataset/uploads_root/prod-svoe-vino-strapi/prod-svoe-vino/strapi/uploads/FZ_0_A3030_53ed057fce_738a751443_379106697b.webp,
dataset/uploads_root/prod-svoe-vino-strapi/prod-svoe-vino/strapi/uploads/FZ_0_A3030_eaa231e1af.webp,
dataset/uploads_root/prod-svoe-vino-strapi/prod-svoe-vino/strapi/uploads/FZ_0_A3430_05c04a33cb.webp,
dataset/uploads_root/prod-svoe-vino-strapi/prod-svoe-vino/strapi/uploads/FZ_0_A7221_24c1008766.webp,
dataset/uploads_root/prod-svoe-vino-strapi/prod-svoe-vino/strapi/uploads/FZ_0_A8650_f54b20f5ef.webp,
dataset/uploads_root/prod-svoe-vino-strapi/prod-svoe-vino/strapi/uploads/Faben1_9059e3cc64.webp,
dataset/uploads_root/prod-svoe-vino-strapi/prod-svoe-vino/strapi/uploads/Faben_Lorenczon_80f2791973.webp,
dataset/uploads_root/prod-svoe-vino-strapi/prod-svoe-vino/strapi/uploads/Faben_f2df655b44.webp,
dataset/uploads_root/prod-svoe-vino-strapi/prod-svoe-vino/strapi/uploads/Fanagoriya_beloe_polusladkoe_ona_skazala_da_5ed0a48dfd.webp,fanagoriya-ona-skazala-da-beloe-polusladkoe
dataset/uploads_root/prod-svoe-vino-strapi/prod-svoe-vino/strapi/uploads/Fanagoriya_bryut_beloe_ona_skazala_da_7be00b028a.webp,fanagoriya-ona-skazala-da-beloe-bryut
dataset/uploads_root/prod-svoe-vino-strapi/prod-svoe-vino/strapi/uploads/Fanagoriya_kosmetika_a8f7e0c403.webp,
dataset/uploads_root/prod-svoe-vino-strapi/prod-svoe-vino/strapi/uploads/Fanagrriya_polusladkoe_30637d1cb8.webp,fanagoriya-beloe-polusladkoe
dataset/uploads_root/prod-svoe-vino-strapi/prod-svoe-vino/strapi/uploads/Farhad_ee53955d2d.webp,
dataset/uploads_root/prod-svoe-vino-strapi/prod-svoe-vino/strapi/uploads/Farhat_nagdaliev_fe1bf1be55.webp,
dataset/uploads_root/prod-svoe-vino-strapi/prod-svoe-vino/strapi/uploads/Femme_63467f7873.png,
dataset/uploads_root/prod-svoe-vino-strapi/prod-svoe-vino/strapi/uploads/Ficzzherald_ii_1df4543b4c.webp,
dataset/uploads_root/prod-svoe-vino-strapi/prod-svoe-vino/strapi/uploads/Fiolent_35cf69037f.webp,
dataset/uploads_root/prod-svoe-vino-strapi/prod-svoe-vino/strapi/uploads/Fiolent_aa93ca0cc5.webp,
dataset/uploads_root/prod-svoe-vino-strapi/prod-svoe-vino/strapi/uploads/Fonovoe_2_2399ca910d.webp,
dataset/uploads_root/prod-svoe-vino-strapi/prod-svoe-vino/strapi/uploads/Fonovoe_3_47bda0e47d.webp,
dataset/uploads_root/prod-svoe-vino-strapi/prod-svoe-vino/strapi/uploads/Forum1_35924a9df9.webp,
dataset/uploads_root/prod-svoe-vino-strapi/prod-svoe-vino/strapi/uploads/Forum2_90f167160c.webp,
dataset/uploads_root/prod-svoe-vino-strapi/prod-svoe-vino/strapi/uploads/Forum3_28153b122c.webp,
dataset/uploads_root/prod-svoe-vino-strapi/prod-svoe-vino/strapi/uploads/Foto_2_135f6262c4.webp,
dataset/uploads_root/prod-svoe-vino-strapi/prod-svoe-vino/strapi/uploads/Foto_3_1e131e66f9.webp,
dataset/uploads_root/prod-svoe-vino-strapi/prod-svoe-vino/strapi/uploads/Foto_AVVR_19d1bbda0c.webp,
dataset/uploads_root/prod-svoe-vino-strapi/prod-svoe-vino/strapi/uploads/Foto_AVVR_4940052092.webp,
dataset/uploads_root/prod-svoe-vino-strapi/prod-svoe-vino/strapi/uploads/Foto_Acloexpert_1aab50fc7d.webp,
dataset/uploads_root/prod-svoe-vino-strapi/prod-svoe-vino/strapi/uploads/Foto_Aj_Danil_582385ceb5.webp,
dataset/uploads_root/prod-svoe-vino-strapi/prod-svoe-vino/strapi/uploads/Foto_Brazil_Wine_Challenge_2026_f376a767d1.webp,
dataset/uploads_root/prod-svoe-vino-strapi/prod-svoe-vino/strapi/uploads/Foto_Dacha_Serdyuka_telegram_kanal_vinodelni_541f84e334.webp,
dataset/uploads_root/prod-svoe-vino-strapi/prod-svoe-vino/strapi/uploads/Foto_Elena_Shuenhuber_180419a955.webp,
dataset/uploads_root/prod-svoe-vino-strapi/prod-svoe-vino/strapi/uploads/Foto_Gertruda_Kuzneczova_01f318992d.webp,
dataset/uploads_root/prod-svoe-vino-strapi/prod-svoe-vino/strapi/uploads/Foto_Kirill_Bolotov2_d9f047b810.webp,
dataset/uploads_root/prod-svoe-vino-strapi/prod-svoe-vino/strapi/uploads/Foto_Korea_Wine_Challenge_50dd9fc6d7.webp,
dataset/uploads_root/prod-svoe-vino-strapi/prod-svoe-vino/strapi/uploads/Foto_Nick_Dunaevskiy_444ab1ec96.webp,
dataset/uploads_root/prod-svoe-vino-strapi/prod-svoe-vino/strapi/uploads/Foto_Sergej_Otroshko_53e32fc4ab.webp,
dataset/uploads_root/prod-svoe-vino-strapi/prod-svoe-vino/strapi/uploads/Foto_Tabiya_telegram_kanal1_ad9f61661e.webp,
dataset/uploads_root/prod-svoe-vino-strapi/prod-svoe-vino/strapi/uploads/Foto_Vladislav_Tarasov_Press_sluzhba_Soveta_Federaczii_9b8913b54e.webp,
dataset/uploads_root/prod-svoe-vino-strapi/prod-svoe-vino/strapi/uploads/Foto_press_sluzhba_Aristov_Kaberne_Gryuner_c33733eaba.webp,
dataset/uploads_root/prod-svoe-vino-strapi/prod-svoe-vino/strapi/uploads/Foto_press_sluzhba_Aristov_Kaberne_Sovinon_2e0ac9e611.webp,
dataset/uploads_root/prod-svoe-vino-strapi/prod-svoe-vino/strapi/uploads/Foto_press_sluzhba_Molodaya_loza4_bd4ca90f63.webp,
dataset/uploads_root/prod-svoe-vino-strapi/prod-svoe-vino/strapi/uploads/Foto_s_dubom_sverhu_f7b0108ea9.webp,
dataset/uploads_root/prod-svoe-vino-strapi/prod-svoe-vino/strapi/uploads/Foto_sajt_blushmsk_ru_2f515ccc6b.webp,
dataset/uploads_root/prod-svoe-vino-strapi/prod-svoe-vino/strapi/uploads/Foto_soczseti_platki_Russkie_v_mode_819bbb1bcf.webp,
dataset/uploads_root/prod-svoe-vino-strapi/prod-svoe-vino/strapi/uploads/Foto_vinodelnya_Belbek_d904e7b395.webp,
dataset/uploads_root/prod-svoe-vino-strapi/prod-svoe-vino/strapi/uploads/Foto_vinodelnya_Bogovich_56706e6c1a.webp,
dataset/uploads_root/prod-svoe-vino-strapi/prod-svoe-vino/strapi/uploads/Foto_vinodelnya_Bogovih2_bdfc8f2b9c.webp,
dataset/uploads_root/prod-svoe-vino-strapi/prod-svoe-vino/strapi/uploads/Foto_vinodelnya_Byurne_a04853bbc2.webp,
dataset/uploads_root/prod-svoe-vino-strapi/prod-svoe-vino/strapi/uploads/Foto_vinodelnya_Kommunalka_2be45a013a.WEBP,
dataset/uploads_root/prod-svoe-vino-strapi/prod-svoe-vino/strapi/uploads/Foto_vinodelnya_Kommunalka_7bdd35f20e.WEBP,
dataset/uploads_root/prod-svoe-vino-strapi/prod-svoe-vino/strapi/uploads/Foto_vinodelnya_Pliogoriya_403e88c7e3.webp,
dataset/uploads_root/prod-svoe-vino-strapi/prod-svoe-vino/strapi/uploads/Foto_vinodelnya_VIBES_5938ac93ff.webp,
dataset/uploads_root/prod-svoe-vino-strapi/prod-svoe-vino/strapi/uploads/Foto_vinodelnya_VIBES_7e37510d64.webp,
dataset/uploads_root/prod-svoe-vino-strapi/prod-svoe-vino/strapi/uploads/Frame_2131331106_50b5ac971e_8c9f8f5730.webp,
dataset/uploads_root/prod-svoe-vino-strapi/prod-svoe-vino/strapi/uploads/Frank_Dyusener3_e5a96b2941.webp,
dataset/uploads_root/prod-svoe-vino-strapi/prod-svoe-vino/strapi/uploads/Frank_Dyusener_6_a4ff6e87c3.webp,
dataset/uploads_root/prod-svoe-vino-strapi/prod-svoe-vino/strapi/uploads/Frank_Dyusener_7_5f4093a124.webp,
dataset/uploads_root/prod-svoe-vino-strapi/prod-svoe-vino/strapi/uploads/Frizante_beloe_suhoe_1efeefdc54.webp,
dataset/uploads_root/prod-svoe-vino-strapi/prod-svoe-vino/strapi/uploads/Frizante_beloe_suhoe_2f45164bc4.webp,suhoe-beloe-zb-vajn-frizzante
dataset/uploads_root/prod-svoe-vino-strapi/prod-svoe-vino/strapi/uploads/Frizante_beloe_suhoe_5f010ca86d.webp,
dataset/uploads_root/prod-svoe-vino-strapi/prod-svoe-vino/strapi/uploads/Frizante_beloe_suhoe_9e80c0345c.webp,
dataset/uploads_root/prod-svoe-vino-strapi/prod-svoe-vino/strapi/uploads/Frizante_krasnoe_polusladkoe_67706f9516.webp,polusladkoe-krasnoe-zb-vajn-frizzante
dataset/uploads_root/prod-svoe-vino-strapi/prod-svoe-vino/strapi/uploads/Frizante_krasnoe_polusladkoe_8ed00d7e13.webp,
dataset/uploads_root/prod-svoe-vino-strapi/prod-svoe-vino/strapi/uploads/Full_Size_Render_84ad566519.webp,
dataset/uploads_root/prod-svoe-vino-strapi/prod-svoe-vino/strapi/uploads/Furmint2_36319e1970.webp,
dataset/uploads_root/prod-svoe-vino-strapi/prod-svoe-vino/strapi/uploads/GW_logo_svetlyj_8a0ac38f65.webp,
dataset/uploads_root/prod-svoe-vino-strapi/prod-svoe-vino/strapi/uploads/GW_logo_temnyj_4acde434ec.webp,
dataset/uploads_root/prod-svoe-vino-strapi/prod-svoe-vino/strapi/uploads/Gai_Kodzor1_40dd11d49b.JPG,
dataset/uploads_root/prod-svoe-vino-strapi/prod-svoe-vino/strapi/uploads/Gai_Kodzor_Rusan_5381eb38cc.webp,gaj-kodzor-rusan
dataset/uploads_root/prod-svoe-vino-strapi/prod-svoe-vino/strapi/uploads/Gai_Kodzor_Sovinon_blan_813e69be18.webp,gaj-kodzor-sovinon-blan
dataset/uploads_root/prod-svoe-vino-strapi/prod-svoe-vino/strapi/uploads/Gaj_kodzor_foto_polina_delala_5c24864651.webp,
dataset/uploads_root/prod-svoe-vino-strapi/prod-svoe-vino/strapi/uploads/Gavras2_a577d4ddc7.webp,
dataset/uploads_root/prod-svoe-vino-strapi/prod-svoe-vino/strapi/uploads/Gavras3_22b9be3d55.webp,
dataset/uploads_root/prod-svoe-vino-strapi/prod-svoe-vino/strapi/uploads/Gavras4_0d943674a1.webp,
dataset/uploads_root/prod-svoe-vino-strapi/prod-svoe-vino/strapi/uploads/Gavras_3dbee87e78.webp,
dataset/uploads_root/prod-svoe-vino-strapi/prod-svoe-vino/strapi/uploads/Generated_Image_April_07_2026_6_08_PM_34e137d439.webp,
dataset/uploads_root/prod-svoe-vino-strapi/prod-svoe-vino/strapi/uploads/Generated_Image_April_07_2026_6_09_PM_412c2e533b.webp,
dataset/uploads_root/prod-svoe-vino-strapi/prod-svoe-vino/strapi/uploads/Generated_Image_April_08_2026_11_59_AM_6565945185.webp,
dataset/uploads_root/prod-svoe-vino-strapi/prod-svoe-vino/strapi/uploads/Generated_Image_April_08_2026_3_26_PM_ee29b3acbd.webp,
dataset/uploads_root/prod-svoe-vino-strapi/prod-svoe-vino/strapi/uploads/Generated_Image_April_08_2026_8_28_PM_cfb2960cc8.webp,
dataset/uploads_root/prod-svoe-vino-strapi/prod-svoe-vino/strapi/uploads/Generated_Image_April_08_2026_8_30_PM_4f7085a4e4.webp,
dataset/uploads_root/prod-svoe-vino-strapi/prod-svoe-vino/strapi/uploads/Generated_Image_April_08_2026_8_31_PM_226776d3bc.webp,
dataset/uploads_root/prod-svoe-vino-strapi/prod-svoe-vino/strapi/uploads/Generated_Image_April_09_2026_11_38_PM_2fa61d4452.webp,
dataset/uploads_root/prod-svoe-vino-strapi/prod-svoe-vino/strapi/uploads/Generated_Image_April_09_2026_11_39_PM_9fc6fc8787.webp,
dataset/uploads_root/prod-svoe-vino-strapi/prod-svoe-vino/strapi/uploads/Generated_Image_April_09_2026_11_39_PM_a434c7fbb9.webp,
dataset/uploads_root/prod-svoe-vino-strapi/prod-svoe-vino/strapi/uploads/Generated_Image_April_09_2026_11_41_PM_59db77074b.webp,
dataset/uploads_root/prod-svoe-vino-strapi/prod-svoe-vino/strapi/uploads/Generated_Image_April_09_2026_11_43_PM_6e4bc87583.webp,
dataset/uploads_root/prod-svoe-vino-strapi/prod-svoe-vino/strapi/uploads/Generated_Image_April_09_2026_11_46_PM_1bc67cd363.webp,
dataset/uploads_root/prod-svoe-vino-strapi/prod-svoe-vino/strapi/uploads/Generated_Image_April_09_2026_11_47_PM_8abc78fedf.webp,
dataset/uploads_root/prod-svoe-vino-strapi/prod-svoe-vino/strapi/uploads/Generated_Image_April_16_2026_3_16_PM_1d361182b5.webp,
dataset/uploads_root/prod-svoe-vino-strapi/prod-svoe-vino/strapi/uploads/Generated_Image_April_16_2026_3_17_PM_2c67efb741.webp,
dataset/uploads_root/prod-svoe-vino-strapi/prod-svoe-vino/strapi/uploads/Generated_Image_April_20_2026_3_13_PM_2fe9e6af19.webp,
dataset/uploads_root/prod-svoe-vino-strapi/prod-svoe-vino/strapi/uploads/Generated_Image_April_20_2026_3_15_PM_270e2de157.webp,
dataset/uploads_root/prod-svoe-vino-strapi/prod-svoe-vino/strapi/uploads/Generated_Image_April_20_2026_3_23_PM_33f7311daa.webp,
dataset/uploads_root/prod-svoe-vino-strapi/prod-svoe-vino/strapi/uploads/Generated_Image_April_20_2026_3_25_PM_77fa656ad7.webp,
dataset/uploads_root/prod-svoe-vino-strapi/prod-svoe-vino/strapi/uploads/Generated_Image_April_20_2026_3_46_PM_d39693d3e8.webp,
dataset/uploads_root/prod-svoe-vino-strapi/prod-svoe-vino/strapi/uploads/Generated_Image_April_20_2026_3_48_PM_9703ca6eaf.webp,
dataset/uploads_root/prod-svoe-vino-strapi/prod-svoe-vino/strapi/uploads/Generated_Image_April_20_2026_3_53_PM_4a970fdbd1.webp,
dataset/uploads_root/prod-svoe-vino-strapi/prod-svoe-vino/strapi/uploads/Generated_Image_April_22_2026_12_55_PM_20c006a9ba.webp,
dataset/uploads_root/prod-svoe-vino-strapi/prod-svoe-vino/strapi/uploads/Generated_Image_April_24_2026_1_00_PM_7c410ecec4.webp,
dataset/uploads_root/prod-svoe-vino-strapi/prod-svoe-vino/strapi/uploads/Generated_Image_April_24_2026_1_01_PM_57ee7c1d0e.webp,
dataset/uploads_root/prod-svoe-vino-strapi/prod-svoe-vino/strapi/uploads/Generated_Image_April_24_2026_1_02_PM_6bef730a5f.webp,
dataset/uploads_root/prod-svoe-vino-strapi/prod-svoe-vino/strapi/uploads/Generated_Image_April_24_2026_1_03_PM_6b7697d263.webp,
dataset/uploads_root/prod-svoe-vino-strapi/prod-svoe-vino/strapi/uploads/Generated_Image_April_24_2026_1_04_PM_663dc77c7d.webp,
dataset/uploads_root/prod-svoe-vino-strapi/prod-svoe-vino/strapi/uploads/Generated_Image_April_24_2026_1_05_PM_93ba93099f.webp,
dataset/uploads_root/prod-svoe-vino-strapi/prod-svoe-vino/strapi/uploads/Generated_Image_April_24_2026_1_06_PM_e1bf5fafc9.webp,
dataset/uploads_root/prod-svoe-vino-strapi/prod-svoe-vino/strapi/uploads/Generated_Image_April_26_2026_2_26_PM_e6c3fd0b79.webp,
dataset/uploads_root/prod-svoe-vino-strapi/prod-svoe-vino/strapi/uploads/Generated_Image_April_26_2026_2_28_PM_e0f7163d33.webp,
dataset/uploads_root/prod-svoe-vino-strapi/prod-svoe-vino/strapi/uploads/Generated_Image_April_27_2026_3_43_PM_323c6e067e.webp,
dataset/uploads_root/prod-svoe-vino-strapi/prod-svoe-vino/strapi/uploads/Generated_Image_April_27_2026_3_46_PM_ef346a7a5d.webp,
dataset/uploads_root/prod-svoe-vino-strapi/prod-svoe-vino/strapi/uploads/Generated_Image_April_29_2026_2_45_PM_47a832f603.webp,
dataset/uploads_root/prod-svoe-vino-strapi/prod-svoe-vino/strapi/uploads/Generated_Image_April_29_2026_2_48_PM_e02c99d07f.webp,
dataset/uploads_root/prod-svoe-vino-strapi/prod-svoe-vino/strapi/uploads/Generated_Image_April_30_2026_3_10_PM_662ae5832d.webp,
dataset/uploads_root/prod-svoe-vino-strapi/prod-svoe-vino/strapi/uploads/Generated_Image_August_02_2026_9_48_PM_4937a05a66.webp,
dataset/uploads_root/prod-svoe-vino-strapi/prod-svoe-vino/strapi/uploads/Generated_Image_August_02_2026_9_53_PM_20bad347dc.webp,
dataset/uploads_root/prod-svoe-vino-strapi/prod-svoe-vino/strapi/uploads/Generated_Image_August_02_2026_9_54_PM_1_a6db7e27af.webp,
dataset/uploads_root/prod-svoe-vino-strapi/prod-svoe-vino/strapi/uploads/Generated_Image_August_02_2026_9_54_PM_b93f55f68b.webp,
dataset/uploads_root/prod-svoe-vino-strapi/prod-svoe-vino/strapi/uploads/Generated_Image_August_02_2026_9_55_PM_8a3b1382bc.webp,
dataset/uploads_root/prod-svoe-vino-strapi/prod-svoe-vino/strapi/uploads/Generated_Image_August_02_2026_9_56_PM_e1da3e7b94.webp,
dataset/uploads_root/prod-svoe-vino-strapi/prod-svoe-vino/strapi/uploads/Generated_Image_February_06_2026_7_12_PM_06ba79166a.webp,
dataset/uploads_root/prod-svoe-vino-strapi/prod-svoe-vino/strapi/uploads/Generated_Image_February_06_2026_7_13_PM_e7943df049.webp,
dataset/uploads_root/prod-svoe-vino-strapi/prod-svoe-vino/strapi/uploads/Generated_Image_February_10_2026_8_10_PM_086e54e49e.webp,
dataset/uploads_root/prod-svoe-vino-strapi/prod-svoe-vino/strapi/uploads/Generated_Image_February_10_2026_8_10_PM_c0db4a99be.webp,
dataset/uploads_root/prod-svoe-vino-strapi/prod-svoe-vino/strapi/uploads/Generated_Image_February_10_2026_8_11_PM_f994122bff.webp,
dataset/uploads_root/prod-svoe-vino-strapi/prod-svoe-vino/strapi/uploads/Generated_Image_February_10_2026_8_13_PM_8cf9b8b768.webp,
dataset/uploads_root/prod-svoe-vino-strapi/prod-svoe-vino/strapi/uploads/Generated_Image_February_11_2026_9_26_PM_c0a96df15a.webp,
dataset/uploads_root/prod-svoe-vino-strapi/prod-svoe-vino/strapi/uploads/Generated_Image_February_11_2026_9_31_PM_a20ab91b7f.webp,
dataset/uploads_root/prod-svoe-vino-strapi/prod-svoe-vino/strapi/uploads/Generated_Image_February_16_2026_11_49_PM_693a087012.webp,
dataset/uploads_root/prod-svoe-vino-strapi/prod-svoe-vino/strapi/uploads/Generated_Image_February_16_2026_11_50_PM_8505f2cb9a.webp,
dataset/uploads_root/prod-svoe-vino-strapi/prod-svoe-vino/strapi/uploads/Generated_Image_February_16_2026_11_50_PM_cd1b8f9d39.webp,
dataset/uploads_root/prod-svoe-vino-strapi/prod-svoe-vino/strapi/uploads/Generated_Image_February_18_2026_3_44_PM_4204794ab7.webp,
dataset/uploads_root/prod-svoe-vino-strapi/prod-svoe-vino/strapi/uploads/Generated_Image_February_20_2026_9_12_PM_12b8938392.webp,
dataset/uploads_root/prod-svoe-vino-strapi/prod-svoe-vino/strapi/uploads/Generated_Image_February_20_2026_9_12_PM_f7d91335f0.webp,
dataset/uploads_root/prod-svoe-vino-strapi/prod-svoe-vino/strapi/uploads/Generated_Image_February_20_2026_9_14_PM_4351d17634.webp,
dataset/uploads_root/prod-svoe-vino-strapi/prod-svoe-vino/strapi/uploads/Generated_Image_February_22_2026_10_34_AM_7083be6c3f.webp,
dataset/uploads_root/prod-svoe-vino-strapi/prod-svoe-vino/strapi/uploads/Generated_Image_February_28_2026_12_30_PM_9b6116b5d9.webp,
dataset/uploads_root/prod-svoe-vino-strapi/prod-svoe-vino/strapi/uploads/Generated_Image_February_28_2026_12_32_PM_7e4f1cff40.webp,
dataset/uploads_root/prod-svoe-vino-strapi/prod-svoe-vino/strapi/uploads/Generated_Image_January_19_2026_11_29_PM_4c8d353fb9.webp,
dataset/uploads_root/prod-svoe-vino-strapi/prod-svoe-vino/strapi/uploads/Generated_Image_January_19_2026_11_30_PM_63c615c3f6.webp,
dataset/uploads_root/prod-svoe-vino-strapi/prod-svoe-vino/strapi/uploads/Generated_Image_July_08_2026_6_01_PM_1e2b4810ff.webp,
dataset/uploads_root/prod-svoe-vino-strapi/prod-svoe-vino/strapi/uploads/Generated_Image_July_08_2026_6_01_PM_5be4dc541b.webp,
dataset/uploads_root/prod-svoe-vino-strapi/prod-svoe-vino/strapi/uploads/Generated_Image_July_08_2026_6_01_PM_92142c98ea.webp,
dataset/uploads_root/prod-svoe-vino-strapi/prod-svoe-vino/strapi/uploads/Generated_Image_June_04_2026_2_51_PM_2e329bcc92.webp,
dataset/uploads_root/prod-svoe-vino-strapi/prod-svoe-vino/strapi/uploads/Generated_Image_June_05_2026_4_51_PM_88cc4afa34.webp,
dataset/uploads_root/prod-svoe-vino-strapi/prod-svoe-vino/strapi/uploads/Generated_Image_June_05_2026_4_52_PM_cc7554ba94.webp,
dataset/uploads_root/prod-svoe-vino-strapi/prod-svoe-vino/strapi/uploads/Generated_Image_June_05_2026_4_54_PM_747c1f345b.webp,
dataset/uploads_root/prod-svoe-vino-strapi/prod-svoe-vino/strapi/uploads/Generated_Image_June_05_2026_4_56_PM_2049d6e1c9.webp,
dataset/uploads_root/prod-svoe-vino-strapi/prod-svoe-vino/strapi/uploads/Generated_Image_June_05_2026_4_58_PM_0e9d397b73.webp,
dataset/uploads_root/prod-svoe-vino-strapi/prod-svoe-vino/strapi/uploads/Generated_Image_June_05_2026_5_00_PM_d05e52b129.webp,
dataset/uploads_root/prod-svoe-vino-strapi/prod-svoe-vino/strapi/uploads/Generated_Image_June_05_2026_5_03_PM_f27fd168bd.webp,
dataset/uploads_root/prod-svoe-vino-strapi/prod-svoe-vino/strapi/uploads/Generated_Image_June_05_2026_5_07_PM_c69a4f15ad.webp,
dataset/uploads_root/prod-svoe-vino-strapi/prod-svoe-vino/strapi/uploads/Generated_Image_June_09_2026_11_40_AM_257a77dc06.webp,
dataset/uploads_root/prod-svoe-vino-strapi/prod-svoe-vino/strapi/uploads/Generated_Image_June_09_2026_11_41_AM_d28f51b6e4.webp,
dataset/uploads_root/prod-svoe-vino-strapi/prod-svoe-vino/strapi/uploads/Generated_Image_June_10_2026_7_08_PM_fad54720b9.webp,
dataset/uploads_root/prod-svoe-vino-strapi/prod-svoe-vino/strapi/uploads/Generated_Image_June_10_2026_7_09_PM_png_da870514d0.webp,
dataset/uploads_root/prod-svoe-vino-strapi/prod-svoe-vino/strapi/uploads/Generated_Image_June_16_2026_10_14_AM_d28a3df56f.webp,
dataset/uploads_root/prod-svoe-vino-strapi/prod-svoe-vino/strapi/uploads/Generated_Image_June_16_2026_10_17_AM_7e119b6eb1.webp,
dataset/uploads_root/prod-svoe-vino-strapi/prod-svoe-vino/strapi/uploads/Generated_Image_June_18_2026_6_43_PM_7032e9db46.webp,
dataset/uploads_root/prod-svoe-vino-strapi/prod-svoe-vino/strapi/uploads/Generated_Image_June_18_2026_6_44_PM_1628551b3a.webp,
dataset/uploads_root/prod-svoe-vino-strapi/prod-svoe-vino/strapi/uploads/Generated_Image_June_18_2026_6_45_PM_1_9e3964dfe1.webp,
dataset/uploads_root/prod-svoe-vino-strapi/prod-svoe-vino/strapi/uploads/Generated_Image_June_18_2026_6_45_PM_9e0b7858b9.webp,
dataset/uploads_root/prod-svoe-vino-strapi/prod-svoe-vino/strapi/uploads/Generated_Image_June_21_2026_1_43_PM_afbf4ecffb.webp,
dataset/uploads_root/prod-svoe-vino-strapi/prod-svoe-vino/strapi/uploads/Generated_Image_June_22_2026_10_44_PM_1_6fd1a74a1b.webp,
dataset/uploads_root/prod-svoe-vino-strapi/prod-svoe-vino/strapi/uploads/Generated_Image_June_22_2026_10_44_PM_8cfe21d41e.webp,
dataset/uploads_root/prod-svoe-vino-strapi/prod-svoe-vino/strapi/uploads/Generated_Image_March_04_2026_1_01_AM_d2abb123f7.webp,
dataset/uploads_root/prod-svoe-vino-strapi/prod-svoe-vino/strapi/uploads/Generated_Image_March_04_2026_1_09_AM_c393139ee5.webp,
dataset/uploads_root/prod-svoe-vino-strapi/prod-svoe-vino/strapi/uploads/Generated_Image_March_04_2026_1_15_AM_63c8d2f4b7.webp,
dataset/uploads_root/prod-svoe-vino-strapi/prod-svoe-vino/strapi/uploads/Generated_Image_March_05_2026_2_58_PM_6bb551d305.webp,
dataset/uploads_root/prod-svoe-vino-strapi/prod-svoe-vino/strapi/uploads/Generated_Image_March_06_2026_12_38_AM_cb90848338.webp,
dataset/uploads_root/prod-svoe-vino-strapi/prod-svoe-vino/strapi/uploads/Generated_Image_March_06_2026_12_41_AM_74e5738ebb.webp,
dataset/uploads_root/prod-svoe-vino-strapi/prod-svoe-vino/strapi/uploads/Generated_Image_March_06_2026_12_41_AM_f9320bad6c.webp,
dataset/uploads_root/prod-svoe-vino-strapi/prod-svoe-vino/strapi/uploads/Generated_Image_March_06_2026_12_42_AM_f1d5a72950.webp,
dataset/uploads_root/prod-svoe-vino-strapi/prod-svoe-vino/strapi/uploads/Generated_Image_March_06_2026_12_44_AM_cc1cbf7949.webp,
dataset/uploads_root/prod-svoe-vino-strapi/prod-svoe-vino/strapi/uploads/Generated_Image_March_06_2026_4_07_PM_0025573a67.webp,
dataset/uploads_root/prod-svoe-vino-strapi/prod-svoe-vino/strapi/uploads/Generated_Image_March_06_2026_4_10_PM_2049805518.webp,
dataset/uploads_root/prod-svoe-vino-strapi/prod-svoe-vino/strapi/uploads/Generated_Image_March_11_2026_12_19_PM_62fa5714b9.webp,
dataset/uploads_root/prod-svoe-vino-strapi/prod-svoe-vino/strapi/uploads/Generated_Image_March_12_2026_7_20_PM_a1c3088a53.webp,
dataset/uploads_root/prod-svoe-vino-strapi/prod-svoe-vino/strapi/uploads/Generated_Image_March_12_2026_7_21_PM_0feb790656.webp,
dataset/uploads_root/prod-svoe-vino-strapi/prod-svoe-vino/strapi/uploads/Generated_Image_March_12_2026_7_22_PM_7d936dfa1d.webp,
dataset/uploads_root/prod-svoe-vino-strapi/prod-svoe-vino/strapi/uploads/Generated_Image_March_13_2026_8_26_PM_28bade8ce3.webp,
dataset/uploads_root/prod-svoe-vino-strapi/prod-svoe-vino/strapi/uploads/Generated_Image_March_16_2026_6_04_PM_e0c92b8990.webp,
dataset/uploads_root/prod-svoe-vino-strapi/prod-svoe-vino/strapi/uploads/Generated_Image_March_17_2026_6_26_PM_bce929acd4.webp,
dataset/uploads_root/prod-svoe-vino-strapi/prod-svoe-vino/strapi/uploads/Generated_Image_March_17_2026_8_06_PM_980745b04b.webp,
dataset/uploads_root/prod-svoe-vino-strapi/prod-svoe-vino/strapi/uploads/Generated_Image_March_17_2026_9_20_PM_0d856dc5e0.webp,
dataset/uploads_root/prod-svoe-vino-strapi/prod-svoe-vino/strapi/uploads/Generated_Image_March_17_2026_9_21_PM_c564c35cab.webp,
dataset/uploads_root/prod-svoe-vino-strapi/prod-svoe-vino/strapi/uploads/Generated_Image_March_20_2026_6_04_PM_1902417697.webp,
dataset/uploads_root/prod-svoe-vino-strapi/prod-svoe-vino/strapi/uploads/Generated_Image_March_20_2026_7_23_PM_e9325cd743.webp,
dataset/uploads_root/prod-svoe-vino-strapi/prod-svoe-vino/strapi/uploads/Generated_Image_March_20_2026_7_299_PM_2f506d52b4.webp,
dataset/uploads_root/prod-svoe-vino-strapi/prod-svoe-vino/strapi/uploads/Generated_Image_March_20_2026_7_29_PM_adc589b91c.webp,
dataset/uploads_root/prod-svoe-vino-strapi/prod-svoe-vino/strapi/uploads/Generated_Image_March_20_2026_7_30_PM_caabb6d709.webp,
dataset/uploads_root/prod-svoe-vino-strapi/prod-svoe-vino/strapi/uploads/Generated_Image_March_20_2026_7_311_PM_d4ced3497e.webp,
dataset/uploads_root/prod-svoe-vino-strapi/prod-svoe-vino/strapi/uploads/Generated_Image_March_20_2026_7_31_PM_ca329b7735.webp,
dataset/uploads_root/prod-svoe-vino-strapi/prod-svoe-vino/strapi/uploads/Generated_Image_March_23_2026_7_14_PM_33247a7852.webp,
dataset/uploads_root/prod-svoe-vino-strapi/prod-svoe-vino/strapi/uploads/Generated_Image_March_23_2026_7_20_PM_3978be76e8.webp,
dataset/uploads_root/prod-svoe-vino-strapi/prod-svoe-vino/strapi/uploads/Generated_Image_March_23_2026_7_22_PM_3140966ee7.webp,
dataset/uploads_root/prod-svoe-vino-strapi/prod-svoe-vino/strapi/uploads/Generated_Image_March_23_2026_7_23_PM_4f98b616d2.webp,
dataset/uploads_root/prod-svoe-vino-strapi/prod-svoe-vino/strapi/uploads/Generated_Image_March_23_2026_7_24_PM_43a757172a.webp,
dataset/uploads_root/prod-svoe-vino-strapi/prod-svoe-vino/strapi/uploads/Generated_Image_March_23_2026_7_35_PM_8d5d9c260f.webp,
dataset/uploads_root/prod-svoe-vino-strapi/prod-svoe-vino/strapi/uploads/Generated_Image_March_26_2026_10_05_PM_7b6537a161.webp,
dataset/uploads_root/prod-svoe-vino-strapi/prod-svoe-vino/strapi/uploads/Generated_Image_March_26_2026_10_06_PM_f4eb0fc0e1.webp,
dataset/uploads_root/prod-svoe-vino-strapi/prod-svoe-vino/strapi/uploads/Generated_Image_March_27_2026_1_04_PM_f12c6799fc.webp,
dataset/uploads_root/prod-svoe-vino-strapi/prod-svoe-vino/strapi/uploads/Generated_Image_March_27_2026_1_05_PM_4154318c48.webp,
dataset/uploads_root/prod-svoe-vino-strapi/prod-svoe-vino/strapi/uploads/Generated_Image_March_29_2026_3_59_PM_c3ee75e9bb.webp,
dataset/uploads_root/prod-svoe-vino-strapi/prod-svoe-vino/strapi/uploads/Generated_Image_March_29_2026_4_01_PM_0dc9d3eb1a.webp,
dataset/uploads_root/prod-svoe-vino-strapi/prod-svoe-vino/strapi/uploads/Generated_Image_March_29_2026_4_02_PM_80c06dda68.webp,
dataset/uploads_root/prod-svoe-vino-strapi/prod-svoe-vino/strapi/uploads/Generated_Image_March_29_2026_4_03_PM_ca0c11ca0a.webp,
dataset/uploads_root/prod-svoe-vino-strapi/prod-svoe-vino/strapi/uploads/Generated_Image_March_31_2026_8_26_PM_06c7c17f4b.webp,
dataset/uploads_root/prod-svoe-vino-strapi/prod-svoe-vino/strapi/uploads/Generated_Image_March_31_2026_8_30_PM_8cbb4be7d2.webp,
dataset/uploads_root/prod-svoe-vino-strapi/prod-svoe-vino/strapi/uploads/Generated_Image_March_31_2026_8_32_PM_0bb00dff8b.webp,
dataset/uploads_root/prod-svoe-vino-strapi/prod-svoe-vino/strapi/uploads/Generated_Image_May_28_2026_2_20_PM_a3a0213379.webp,
dataset/uploads_root/prod-svoe-vino-strapi/prod-svoe-vino/strapi/uploads/Generated_Image_May_28_2026_2_20_PM_ca54ce90cf.webp,
dataset/uploads_root/prod-svoe-vino-strapi/prod-svoe-vino/strapi/uploads/Generated_Image_May_28_2026_2_23_PM_1d00b2c421.webp,
dataset/uploads_root/prod-svoe-vino-strapi/prod-svoe-vino/strapi/uploads/Generated_Image_May_28_2026_2_25_PM_215f06f622.webp,
dataset/uploads_root/prod-svoe-vino-strapi/prod-svoe-vino/strapi/uploads/Generated_Image_May_28_2026_2_27_PM_c14ad8d014.webp,
dataset/uploads_root/prod-svoe-vino-strapi/prod-svoe-vino/strapi/uploads/Geraldine_39198b28a1.webp,
dataset/uploads_root/prod-svoe-vino-strapi/prod-svoe-vino/strapi/uploads/Gevyurcztraminer_0266e6c621.webp,
dataset/uploads_root/prod-svoe-vino-strapi/prod-svoe-vino/strapi/uploads/Gevyurcztraminer_1_fc521ee900.webp,
dataset/uploads_root/prod-svoe-vino-strapi/prod-svoe-vino/strapi/uploads/Gin1_9a3478d327.webp,
dataset/uploads_root/prod-svoe-vino-strapi/prod-svoe-vino/strapi/uploads/Glera2_7_073e1bc93b.webp,
dataset/uploads_root/prod-svoe-vino-strapi/prod-svoe-vino/strapi/uploads/Glera2_9e33eb5e65.webp,
dataset/uploads_root/prod-svoe-vino-strapi/prod-svoe-vino/strapi/uploads/Glera_0f17a1d0bf.webp,
dataset/uploads_root/prod-svoe-vino-strapi/prod-svoe-vino/strapi/uploads/Glu_Glu_Butch_16c03662bc.webp,glu-glu-butch
dataset/uploads_root/prod-svoe-vino-strapi/prod-svoe-vino/strapi/uploads/Glu_Glu_Samba_tif_1e45185066.webp,glu-glu-samba
dataset/uploads_root/prod-svoe-vino-strapi/prod-svoe-vino/strapi/uploads/God_Davydov_Photoroom_1_306caced45.webp,
dataset/uploads_root/prod-svoe-vino-strapi/prod-svoe-vino/strapi/uploads/Goldmuskateller_de93517aed.webp,
dataset/uploads_root/prod-svoe-vino-strapi/prod-svoe-vino/strapi/uploads/Golubiczkoe_2df363e1ed.webp,
dataset/uploads_root/prod-svoe-vino-strapi/prod-svoe-vino/strapi/uploads/Golubitskoe_Estate_Rose_84adcc1cea.webp,golubitskoe-rose
dataset/uploads_root/prod-svoe-vino-strapi/prod-svoe-vino/strapi/uploads/Good_Steak_Cabernet_d88ef34cad.webp,good-steak-cabernet
dataset/uploads_root/prod-svoe-vino-strapi/prod-svoe-vino/strapi/uploads/Good_Steak_Merlot_2fe4acd615.webp,good-steak-merlot
dataset/uploads_root/prod-svoe-vino-strapi/prod-svoe-vino/strapi/uploads/Gornye_tonneli_Abrau_Dyurso_2de3346c16.webp,
dataset/uploads_root/prod-svoe-vino-strapi/prod-svoe-vino/strapi/uploads/Gornye_tonneli_Abrau_Dyurso_3ce42e31fb.webp,
dataset/uploads_root/prod-svoe-vino-strapi/prod-svoe-vino/strapi/uploads/Gornye_tonneli_Abrau_Dyurso_7dc158abd7.webp,
dataset/uploads_root/prod-svoe-vino-strapi/prod-svoe-vino/strapi/uploads/Gornye_tonneli_Abrau_Dyurso_ef5254d048.webp,
dataset/uploads_root/prod-svoe-vino-strapi/prod-svoe-vino/strapi/uploads/Grand_trejn_d7967f484e.webp,
dataset/uploads_root/prod-svoe-vino-strapi/prod-svoe-vino/strapi/uploads/Graviti_abfbebd6c9.webp,
dataset/uploads_root/prod-svoe-vino-strapi/prod-svoe-vino/strapi/uploads/Grenash_Garnacha_a51104802e.webp,
dataset/uploads_root/prod-svoe-vino-strapi/prod-svoe-vino/strapi/uploads/Gryuner_Vetliner_6cd2ed5d11.webp,
dataset/uploads_root/prod-svoe-vino-strapi/prod-svoe-vino/strapi/uploads/Gryuner_Vetliner_878a5eb7a3.webp,
dataset/uploads_root/prod-svoe-vino-strapi/prod-svoe-vino/strapi/uploads/Gunko_Vajneri2_ea2cad0aae.webp,
dataset/uploads_root/prod-svoe-vino-strapi/prod-svoe-vino/strapi/uploads/Gunko_Vajneri_de325c23f0.webp,
dataset/uploads_root/prod-svoe-vino-strapi/prod-svoe-vino/strapi/uploads/Gunko_bf1bb0bb75.webp,
dataset/uploads_root/prod-svoe-vino-strapi/prod-svoe-vino/strapi/uploads/Gunko_vajneri_82c04e78f1.webp,
dataset/uploads_root/prod-svoe-vino-strapi/prod-svoe-vino/strapi/uploads/Gusev_2585fabcb9.webp,
dataset/uploads_root/prod-svoe-vino-strapi/prod-svoe-vino/strapi/uploads/Gusev_8bdef69e39.webp,
dataset/uploads_root/prod-svoe-vino-strapi/prod-svoe-vino/strapi/uploads/Gusev_vinod_d7c645dcea.webp,
dataset/uploads_root/prod-svoe-vino-strapi/prod-svoe-vino/strapi/uploads/Gyulbala_Zeidov_glavnyj_vinodel_Vinodelni_Vedernikov_8d77a44573.webp,
dataset/uploads_root/prod-svoe-vino-strapi/prod-svoe-vino/strapi/uploads/Harrikejn_d43b246ef5.webp,
dataset/uploads_root/prod-svoe-vino-strapi/prod-svoe-vino/strapi/uploads/Harslevelyu_88e8ba6498.webp,
dataset/uploads_root/prod-svoe-vino-strapi/prod-svoe-vino/strapi/uploads/IG_Yakovenko_6b77808e07.webp,
dataset/uploads_root/prod-svoe-vino-strapi/prod-svoe-vino/strapi/uploads/II_chili_5d77ebfdd3.webp,
dataset/uploads_root/prod-svoe-vino-strapi/prod-svoe-vino/strapi/uploads/II_chili_ec1aca3fd4.webp,
dataset/uploads_root/prod-svoe-vino-strapi/prod-svoe-vino/strapi/uploads/II_dlya_svidaniya_1eb6c1b24b.webp,
dataset/uploads_root/prod-svoe-vino-strapi/prod-svoe-vino/strapi/uploads/II_gliczerin_2f0c0cff4d.webp,
dataset/uploads_root/prod-svoe-vino-strapi/prod-svoe-vino/strapi/uploads/II_kalorii_v_bokale_f76e5295f6.webp,
dataset/uploads_root/prod-svoe-vino-strapi/prod-svoe-vino/strapi/uploads/II_plodovoe_vino2_a547213f81.webp,
dataset/uploads_root/prod-svoe-vino-strapi/prod-svoe-vino/strapi/uploads/II_plodovoe_vino_64c5bc8d70.webp,
dataset/uploads_root/prod-svoe-vino-strapi/prod-svoe-vino/strapi/uploads/II_starye_lozy_05ca51af9d.webp,
dataset/uploads_root/prod-svoe-vino-strapi/prod-svoe-vino/strapi/uploads/II_svidanie_d182cd58bf.webp,
dataset/uploads_root/prod-svoe-vino-strapi/prod-svoe-vino/strapi/uploads/IMG_0143_0d87a41688.webp,
dataset/uploads_root/prod-svoe-vino-strapi/prod-svoe-vino/strapi/uploads/IMG_0147_35e07f9376.webp,
dataset/uploads_root/prod-svoe-vino-strapi/prod-svoe-vino/strapi/uploads/IMG_0282_2ca6f54600.webp,
dataset/uploads_root/prod-svoe-vino-strapi/prod-svoe-vino/strapi/uploads/IMG_0325_42643d07fe.webp,
dataset/uploads_root/prod-svoe-vino-strapi/prod-svoe-vino/strapi/uploads/IMG_0380_002119e87f.webp,
dataset/uploads_root/prod-svoe-vino-strapi/prod-svoe-vino/strapi/uploads/IMG_0380_582f1b5533.webp,
dataset/uploads_root/prod-svoe-vino-strapi/prod-svoe-vino/strapi/uploads/IMG_0380_8e15249abe.webp,
dataset/uploads_root/prod-svoe-vino-strapi/prod-svoe-vino/strapi/uploads/IMG_0380_e1fc02dac7.webp,
dataset/uploads_root/prod-svoe-vino-strapi/prod-svoe-vino/strapi/uploads/IMG_0390_96bad36f6d.webp,
dataset/uploads_root/prod-svoe-vino-strapi/prod-svoe-vino/strapi/uploads/IMG_0471_d9ce2c43c4.webp,
dataset/uploads_root/prod-svoe-vino-strapi/prod-svoe-vino/strapi/uploads/IMG_0472_12eb6927c4.webp,
dataset/uploads_root/prod-svoe-vino-strapi/prod-svoe-vino/strapi/uploads/IMG_0592_91ff3d199b.webp,
dataset/uploads_root/prod-svoe-vino-strapi/prod-svoe-vino/strapi/uploads/IMG_0593_44c0be40a1.webp,
dataset/uploads_root/prod-svoe-vino-strapi/prod-svoe-vino/strapi/uploads/IMG_0596_5eb0093cc0.webp,
dataset/uploads_root/prod-svoe-vino-strapi/prod-svoe-vino/strapi/uploads/IMG_0599_330da1c456.webp,
dataset/uploads_root/prod-svoe-vino-strapi/prod-svoe-vino/strapi/uploads/IMG_0602_f9c4dbde46.webp,
dataset/uploads_root/prod-svoe-vino-strapi/prod-svoe-vino/strapi/uploads/IMG_0620_bf4c66cad6.webp,
dataset/uploads_root/prod-svoe-vino-strapi/prod-svoe-vino/strapi/uploads/IMG_0623_bc0e5bb687.webp,
dataset/uploads_root/prod-svoe-vino-strapi/prod-svoe-vino/strapi/uploads/IMG_0648_b5f9351bd4.webp,
dataset/uploads_root/prod-svoe-vino-strapi/prod-svoe-vino/strapi/uploads/IMG_0660_3c68f0759d.webp,
dataset/uploads_root/prod-svoe-vino-strapi/prod-svoe-vino/strapi/uploads/IMG_0760_f9eeacc791.webp,
dataset/uploads_root/prod-svoe-vino-strapi/prod-svoe-vino/strapi/uploads/IMG_0865_bfc203343c.webp,
dataset/uploads_root/prod-svoe-vino-strapi/prod-svoe-vino/strapi/uploads/IMG_0869_ce1f938cc5.webp,
dataset/uploads_root/prod-svoe-vino-strapi/prod-svoe-vino/strapi/uploads/IMG_0955_ffa4e87ca9.webp,
dataset/uploads_root/prod-svoe-vino-strapi/prod-svoe-vino/strapi/uploads/IMG_0956_2418c5c4c4.webp,
dataset/uploads_root/prod-svoe-vino-strapi/prod-svoe-vino/strapi/uploads/IMG_0958_4b191e6e4a.webp,
dataset/uploads_root/prod-svoe-vino-strapi/prod-svoe-vino/strapi/uploads/IMG_1007_e86ac49df7.webp,
dataset/uploads_root/prod-svoe-vino-strapi/prod-svoe-vino/strapi/uploads/IMG_1201_04cea054c0.webp,
dataset/uploads_root/prod-svoe-vino-strapi/prod-svoe-vino/strapi/uploads/IMG_1261_2fb4251d5d.webp,
dataset/uploads_root/prod-svoe-vino-strapi/prod-svoe-vino/strapi/uploads/IMG_1261_f685d23c37.webp,
dataset/uploads_root/prod-svoe-vino-strapi/prod-svoe-vino/strapi/uploads/IMG_1320_jpg_045841f155.webp,
dataset/uploads_root/prod-svoe-vino-strapi/prod-svoe-vino/strapi/uploads/IMG_1359_1_07521d6c3b.webp,
dataset/uploads_root/prod-svoe-vino-strapi/prod-svoe-vino/strapi/uploads/IMG_1360_a4fb1a61d2.webp,
dataset/uploads_root/prod-svoe-vino-strapi/prod-svoe-vino/strapi/uploads/IMG_1370_a88ed0a775.webp,
dataset/uploads_root/prod-svoe-vino-strapi/prod-svoe-vino/strapi/uploads/IMG_1504_ba2e1b6ecd.webp,
dataset/uploads_root/prod-svoe-vino-strapi/prod-svoe-vino/strapi/uploads/IMG_1528_95f6a95762.webp,
dataset/uploads_root/prod-svoe-vino-strapi/prod-svoe-vino/strapi/uploads/IMG_1643_2b78ff09a8.webp,
dataset/uploads_root/prod-svoe-vino-strapi/prod-svoe-vino/strapi/uploads/IMG_1643_fdc94ebebb.webp,
dataset/uploads_root/prod-svoe-vino-strapi/prod-svoe-vino/strapi/uploads/IMG_1672_b0e551dd36.webp,
dataset/uploads_root/prod-svoe-vino-strapi/prod-svoe-vino/strapi/uploads/IMG_1704_d3663d8996.webp,
dataset/uploads_root/prod-svoe-vino-strapi/prod-svoe-vino/strapi/uploads/IMG_1937_35b083a0f6.webp,
dataset/uploads_root/prod-svoe-vino-strapi/prod-svoe-vino/strapi/uploads/IMG_2002_59dd54b19a.webp,
dataset/uploads_root/prod-svoe-vino-strapi/prod-svoe-vino/strapi/uploads/IMG_20250829_WA_0033_1_aa1d35a672.webp,pinot-noir-2024-one-barrel-by-dmitry-maslov-pino-nuar-2024-uan-barrel-dmitrij-maslov
dataset/uploads_root/prod-svoe-vino-strapi/prod-svoe-vino/strapi/uploads/IMG_20260212_140842_775_1de27bf706.webp,
dataset/uploads_root/prod-svoe-vino-strapi/prod-svoe-vino/strapi/uploads/IMG_20260506_215607_123_69dedc3fbf.webp,
dataset/uploads_root/prod-svoe-vino-strapi/prod-svoe-vino/strapi/uploads/IMG_20260510_181622_971_7f872fd71c.webp,
dataset/uploads_root/prod-svoe-vino-strapi/prod-svoe-vino/strapi/uploads/IMG_20260514_191244_803_jpg_ac787d7256.webp,
dataset/uploads_root/prod-svoe-vino-strapi/prod-svoe-vino/strapi/uploads/IMG_20260612_120304_748_5c0a16d440.webp,
dataset/uploads_root/prod-svoe-vino-strapi/prod-svoe-vino/strapi/uploads/IMG_20260612_120315_802_d3a95e1322.webp,
dataset/uploads_root/prod-svoe-vino-strapi/prod-svoe-vino/strapi/uploads/IMG_20260612_195305_893_581db6d755.webp,
dataset/uploads_root/prod-svoe-vino-strapi/prod-svoe-vino/strapi/uploads/IMG_20260616_180129_6261_b9e6c1f51e.webp,
dataset/uploads_root/prod-svoe-vino-strapi/prod-svoe-vino/strapi/uploads/IMG_20260617_132401_890_e3ce77f247.webp,katharon-mezenka-risling-suhoe
dataset/uploads_root/prod-svoe-vino-strapi/prod-svoe-vino/strapi/uploads/IMG_20260617_132406_315_dc183ec137.webp,katharon-mezenka-risling-polusuhoe
dataset/uploads_root/prod-svoe-vino-strapi/prod-svoe-vino/strapi/uploads/IMG_20260618_130856_814_4c398a66bb.webp,
dataset/uploads_root/prod-svoe-vino-strapi/prod-svoe-vino/strapi/uploads/IMG_20260618_132138_8841_2f0540a3df.webp,
dataset/uploads_root/prod-svoe-vino-strapi/prod-svoe-vino/strapi/uploads/IMG_20260619_110705_027_71ba00ef93.webp,
dataset/uploads_root/prod-svoe-vino-strapi/prod-svoe-vino/strapi/uploads/IMG_20260622_122937_702_e4a8e61e43.webp,
dataset/uploads_root/prod-svoe-vino-strapi/prod-svoe-vino/strapi/uploads/IMG_20260628_154809_573_0aa0c4ed10.webp,
dataset/uploads_root/prod-svoe-vino-strapi/prod-svoe-vino/strapi/uploads/IMG_20260628_154809_695_3894856ac4.webp,
dataset/uploads_root/prod-svoe-vino-strapi/prod-svoe-vino/strapi/uploads/IMG_20260628_180034_769_acc3faa525.webp,
dataset/uploads_root/prod-svoe-vino-strapi/prod-svoe-vino/strapi/uploads/IMG_20260629_215557_413_7459483c16.webp,
dataset/uploads_root/prod-svoe-vino-strapi/prod-svoe-vino/strapi/uploads/IMG_20260704_143501_597_1baf2953aa.webp,
dataset/uploads_root/prod-svoe-vino-strapi/prod-svoe-vino/strapi/uploads/IMG_20260704_143813_022_37dd8a90a8.webp,
dataset/uploads_root/prod-svoe-vino-strapi/prod-svoe-vino/strapi/uploads/IMG_20260704_170234_738_37298b38ba.webp,
dataset/uploads_root/prod-svoe-vino-strapi/prod-svoe-vino/strapi/uploads/IMG_20260704_170256_108_ebc0861684.webp,
dataset/uploads_root/prod-svoe-vino-strapi/prod-svoe-vino/strapi/uploads/IMG_20260704_170609_451_a51f1a0747.webp,
dataset/uploads_root/prod-svoe-vino-strapi/prod-svoe-vino/strapi/uploads/IMG_20260708_093644_d5cae8f652.webp,
dataset/uploads_root/prod-svoe-vino-strapi/prod-svoe-vino/strapi/uploads/IMG_20260708_114310_e7cf478335.webp,
dataset/uploads_root/prod-svoe-vino-strapi/prod-svoe-vino/strapi/uploads/IMG_20260712_184820_824_9603102c74.webp,
dataset/uploads_root/prod-svoe-vino-strapi/prod-svoe-vino/strapi/uploads/IMG_20260717_193649_206_ce25cb680d.webp,
dataset/uploads_root/prod-svoe-vino-strapi/prod-svoe-vino/strapi/uploads/IMG_20260718_080858_7903aa6d8f.webp,
dataset/uploads_root/prod-svoe-vino-strapi/prod-svoe-vino/strapi/uploads/IMG_2046_3c858ca8e3.webp,
dataset/uploads_root/prod-svoe-vino-strapi/prod-svoe-vino/strapi/uploads/IMG_2062_21ebe14d73.webp,
dataset/uploads_root/prod-svoe-vino-strapi/prod-svoe-vino/strapi/uploads/IMG_2068_411ec2ea8a.webp,
dataset/uploads_root/prod-svoe-vino-strapi/prod-svoe-vino/strapi/uploads/IMG_2072_43b989705a.webp,
dataset/uploads_root/prod-svoe-vino-strapi/prod-svoe-vino/strapi/uploads/IMG_2077_4645b148df.webp,
dataset/uploads_root/prod-svoe-vino-strapi/prod-svoe-vino/strapi/uploads/IMG_2079_dbc4640763.webp,
dataset/uploads_root/prod-svoe-vino-strapi/prod-svoe-vino/strapi/uploads/IMG_2165_04a753cd67.webp,
dataset/uploads_root/prod-svoe-vino-strapi/prod-svoe-vino/strapi/uploads/IMG_2183_a569229bcb.webp,
dataset/uploads_root/prod-svoe-vino-strapi/prod-svoe-vino/strapi/uploads/IMG_2186_Myshako_9e051ecd01.webp,
dataset/uploads_root/prod-svoe-vino-strapi/prod-svoe-vino/strapi/uploads/IMG_2189_470f640644.webp,
dataset/uploads_root/prod-svoe-vino-strapi/prod-svoe-vino/strapi/uploads/IMG_2244_3727f0297b.webp,
dataset/uploads_root/prod-svoe-vino-strapi/prod-svoe-vino/strapi/uploads/IMG_2252_6dd9563992.webp,
dataset/uploads_root/prod-svoe-vino-strapi/prod-svoe-vino/strapi/uploads/IMG_2267_cd0116e50c.webp,
dataset/uploads_root/prod-svoe-vino-strapi/prod-svoe-vino/strapi/uploads/IMG_2324_17a2117906.webp,
dataset/uploads_root/prod-svoe-vino-strapi/prod-svoe-vino/strapi/uploads/IMG_2351_83a1205769.webp,
dataset/uploads_root/prod-svoe-vino-strapi/prod-svoe-vino/strapi/uploads/IMG_2355_8cb101635f.webp,
dataset/uploads_root/prod-svoe-vino-strapi/prod-svoe-vino/strapi/uploads/IMG_2464_78abaf441f.webp,
dataset/uploads_root/prod-svoe-vino-strapi/prod-svoe-vino/strapi/uploads/IMG_2495_9fe538bfb8.webp,
dataset/uploads_root/prod-svoe-vino-strapi/prod-svoe-vino/strapi/uploads/IMG_2496_6df095d295.webp,
dataset/uploads_root/prod-svoe-vino-strapi/prod-svoe-vino/strapi/uploads/IMG_2504_6dd1185845.webp,
dataset/uploads_root/prod-svoe-vino-strapi/prod-svoe-vino/strapi/uploads/IMG_2553_81861543dc.webp,
dataset/uploads_root/prod-svoe-vino-strapi/prod-svoe-vino/strapi/uploads/IMG_2566_7f2ec82e76.webp,
dataset/uploads_root/prod-svoe-vino-strapi/prod-svoe-vino/strapi/uploads/IMG_2610_0cde54c64e.webp,
dataset/uploads_root/prod-svoe-vino-strapi/prod-svoe-vino/strapi/uploads/IMG_2611_7b208a070d.webp,
dataset/uploads_root/prod-svoe-vino-strapi/prod-svoe-vino/strapi/uploads/IMG_2618_b1466dcd4d.webp,
dataset/uploads_root/prod-svoe-vino-strapi/prod-svoe-vino/strapi/uploads/IMG_2684_d0972b1e89.webp,
dataset/uploads_root/prod-svoe-vino-strapi/prod-svoe-vino/strapi/uploads/IMG_2706_e1608053528537_6276ed7eb9.webp,
dataset/uploads_root/prod-svoe-vino-strapi/prod-svoe-vino/strapi/uploads/IMG_2825_e3cf9487fa.WEBP,
dataset/uploads_root/prod-svoe-vino-strapi/prod-svoe-vino/strapi/uploads/IMG_2825_ec4e836505.WEBP,
dataset/uploads_root/prod-svoe-vino-strapi/prod-svoe-vino/strapi/uploads/IMG_2874_f428495847_16969c1d98.webp,
dataset/uploads_root/prod-svoe-vino-strapi/prod-svoe-vino/strapi/uploads/IMG_2883_fca257a859.webp,
dataset/uploads_root/prod-svoe-vino-strapi/prod-svoe-vino/strapi/uploads/IMG_2937_JPG_1a8346d58f.webp,
dataset/uploads_root/prod-svoe-vino-strapi/prod-svoe-vino/strapi/uploads/IMG_3100_22cf885205.webp,
dataset/uploads_root/prod-svoe-vino-strapi/prod-svoe-vino/strapi/uploads/IMG_3100_3cfb46038c.jpg,
dataset/uploads_root/prod-svoe-vino-strapi/prod-svoe-vino/strapi/uploads/IMG_3100_658e193305.webp,
dataset/uploads_root/prod-svoe-vino-strapi/prod-svoe-vino/strapi/uploads/IMG_3100_767dcc4a1a.jpg,
dataset/uploads_root/prod-svoe-vino-strapi/prod-svoe-vino/strapi/uploads/IMG_3133_3f0e31cbb0.webp,
dataset/uploads_root/prod-svoe-vino-strapi/prod-svoe-vino/strapi/uploads/IMG_3216_e482a772a2.webp,
dataset/uploads_root/prod-svoe-vino-strapi/prod-svoe-vino/strapi/uploads/IMG_3216_e482a772a2_e95d7ab696.webp,
dataset/uploads_root/prod-svoe-vino-strapi/prod-svoe-vino/strapi/uploads/IMG_3217_45ccc05270.webp,
dataset/uploads_root/prod-svoe-vino-strapi/prod-svoe-vino/strapi/uploads/IMG_3218_a4c0346446.webp,
dataset/uploads_root/prod-svoe-vino-strapi/prod-svoe-vino/strapi/uploads/IMG_3299_d80bc4f799.webp,
dataset/uploads_root/prod-svoe-vino-strapi/prod-svoe-vino/strapi/uploads/IMG_3355_a06c60a3e5.webp,
dataset/uploads_root/prod-svoe-vino-strapi/prod-svoe-vino/strapi/uploads/IMG_3412_217d1ae25c.webp,
dataset/uploads_root/prod-svoe-vino-strapi/prod-svoe-vino/strapi/uploads/IMG_3720_JPG_bc41d2c8c7.webp,
dataset/uploads_root/prod-svoe-vino-strapi/prod-svoe-vino/strapi/uploads/IMG_3770_9d3bee7218.webp,
dataset/uploads_root/prod-svoe-vino-strapi/prod-svoe-vino/strapi/uploads/IMG_3770_f742478238.webp,
dataset/uploads_root/prod-svoe-vino-strapi/prod-svoe-vino/strapi/uploads/IMG_3902_343beb00de.webp,
dataset/uploads_root/prod-svoe-vino-strapi/prod-svoe-vino/strapi/uploads/IMG_41823_8d184c8dec.webp,
dataset/uploads_root/prod-svoe-vino-strapi/prod-svoe-vino/strapi/uploads/IMG_4203_567027b6b6.webp,
dataset/uploads_root/prod-svoe-vino-strapi/prod-svoe-vino/strapi/uploads/IMG_4223_240c4a0613.webp,
dataset/uploads_root/prod-svoe-vino-strapi/prod-svoe-vino/strapi/uploads/IMG_4272_b6095b23d9.webp,
dataset/uploads_root/prod-svoe-vino-strapi/prod-svoe-vino/strapi/uploads/IMG_4321_2e72071243.webp,
dataset/uploads_root/prod-svoe-vino-strapi/prod-svoe-vino/strapi/uploads/IMG_4321_62379f7508.webp,
dataset/uploads_root/prod-svoe-vino-strapi/prod-svoe-vino/strapi/uploads/IMG_4322_982766792c.webp,
dataset/uploads_root/prod-svoe-vino-strapi/prod-svoe-vino/strapi/uploads/IMG_4323_e6e41516ae.webp,
dataset/uploads_root/prod-svoe-vino-strapi/prod-svoe-vino/strapi/uploads/IMG_4406_2_673dcf00d9.webp,
dataset/uploads_root/prod-svoe-vino-strapi/prod-svoe-vino/strapi/uploads/IMG_4406_2_866c60452a.webp,
dataset/uploads_root/prod-svoe-vino-strapi/prod-svoe-vino/strapi/uploads/IMG_4512_b0448f4d6b.webp,
dataset/uploads_root/prod-svoe-vino-strapi/prod-svoe-vino/strapi/uploads/IMG_4621_WEBP_3f93943ed4.webp,
dataset/uploads_root/prod-svoe-vino-strapi/prod-svoe-vino/strapi/uploads/IMG_4642_0833c1dc0f.webp,
dataset/uploads_root/prod-svoe-vino-strapi/prod-svoe-vino/strapi/uploads/IMG_4643_529c4b28e6.webp,
dataset/uploads_root/prod-svoe-vino-strapi/prod-svoe-vino/strapi/uploads/IMG_4644_1fd3a16733.webp,
dataset/uploads_root/prod-svoe-vino-strapi/prod-svoe-vino/strapi/uploads/IMG_4651_1_c0c23ace32.webp,
dataset/uploads_root/prod-svoe-vino-strapi/prod-svoe-vino/strapi/uploads/IMG_4698_2_2_181d830c37.jpg,
dataset/uploads_root/prod-svoe-vino-strapi/prod-svoe-vino/strapi/uploads/IMG_4782_2_f141862e0e.webp,
dataset/uploads_root/prod-svoe-vino-strapi/prod-svoe-vino/strapi/uploads/IMG_4804_3dfdeaefc2.webp,
dataset/uploads_root/prod-svoe-vino-strapi/prod-svoe-vino/strapi/uploads/IMG_4804_562804ffc7.webp,
dataset/uploads_root/prod-svoe-vino-strapi/prod-svoe-vino/strapi/uploads/IMG_4879_35a481fd0c.webp,
dataset/uploads_root/prod-svoe-vino-strapi/prod-svoe-vino/strapi/uploads/IMG_4898_da814ed3b6.webp,
dataset/uploads_root/prod-svoe-vino-strapi/prod-svoe-vino/strapi/uploads/IMG_4922_8bb670eda0.webp,
dataset/uploads_root/prod-svoe-vino-strapi/prod-svoe-vino/strapi/uploads/IMG_4930_1f7ecbba77.webp,
dataset/uploads_root/prod-svoe-vino-strapi/prod-svoe-vino/strapi/uploads/IMG_4934_2ad86385ef.webp,
dataset/uploads_root/prod-svoe-vino-strapi/prod-svoe-vino/strapi/uploads/IMG_4935_40247b3e40.webp,
dataset/uploads_root/prod-svoe-vino-strapi/prod-svoe-vino/strapi/uploads/IMG_4936_dec5f72678.webp,
dataset/uploads_root/prod-svoe-vino-strapi/prod-svoe-vino/strapi/uploads/IMG_4937_de3c704e31.webp,
dataset/uploads_root/prod-svoe-vino-strapi/prod-svoe-vino/strapi/uploads/IMG_4970_9831a3c4c4.webp,
dataset/uploads_root/prod-svoe-vino-strapi/prod-svoe-vino/strapi/uploads/IMG_5040_4cbac9d810.webp,
dataset/uploads_root/prod-svoe-vino-strapi/prod-svoe-vino/strapi/uploads/IMG_5206_ed924e3ae3.webp,
dataset/uploads_root/prod-svoe-vino-strapi/prod-svoe-vino/strapi/uploads/IMG_5336_278fdb3733.webp,
dataset/uploads_root/prod-svoe-vino-strapi/prod-svoe-vino/strapi/uploads/IMG_5435_874a519da3.webp,
dataset/uploads_root/prod-svoe-vino-strapi/prod-svoe-vino/strapi/uploads/IMG_5436_45886131ef.webp,
dataset/uploads_root/prod-svoe-vino-strapi/prod-svoe-vino/strapi/uploads/IMG_5755_89f884f40d.webp,
dataset/uploads_root/prod-svoe-vino-strapi/prod-svoe-vino/strapi/uploads/IMG_5792_a27150cf2c.webp,
dataset/uploads_root/prod-svoe-vino-strapi/prod-svoe-vino/strapi/uploads/IMG_5847_e89e059d06.webp,
dataset/uploads_root/prod-svoe-vino-strapi/prod-svoe-vino/strapi/uploads/IMG_5958_jpg_c1b1d18da9.webp,
dataset/uploads_root/prod-svoe-vino-strapi/prod-svoe-vino/strapi/uploads/IMG_5967_jpg_2300d89e34.webp,
dataset/uploads_root/prod-svoe-vino-strapi/prod-svoe-vino/strapi/uploads/IMG_5993_2_156bd0fc45.webp,
dataset/uploads_root/prod-svoe-vino-strapi/prod-svoe-vino/strapi/uploads/IMG_6036_jpg_aa90f89615.webp,
dataset/uploads_root/prod-svoe-vino-strapi/prod-svoe-vino/strapi/uploads/IMG_6040_jpg_a986b899d3.webp,
dataset/uploads_root/prod-svoe-vino-strapi/prod-svoe-vino/strapi/uploads/IMG_6121_f9bbb661ff.webp,
dataset/uploads_root/prod-svoe-vino-strapi/prod-svoe-vino/strapi/uploads/IMG_6171_cd663e0d41.webp,
dataset/uploads_root/prod-svoe-vino-strapi/prod-svoe-vino/strapi/uploads/IMG_6216_jpg_7afc78b8d5.webp,
dataset/uploads_root/prod-svoe-vino-strapi/prod-svoe-vino/strapi/uploads/IMG_6224_1_d4b4c719b0.webp,
dataset/uploads_root/prod-svoe-vino-strapi/prod-svoe-vino/strapi/uploads/IMG_6224_c392727149.webp,
dataset/uploads_root/prod-svoe-vino-strapi/prod-svoe-vino/strapi/uploads/IMG_6514_c4991fc61c.webp,
dataset/uploads_root/prod-svoe-vino-strapi/prod-svoe-vino/strapi/uploads/IMG_6520_31a162caf3.webp,
dataset/uploads_root/prod-svoe-vino-strapi/prod-svoe-vino/strapi/uploads/IMG_6569_3a54f73323.webp,
dataset/uploads_root/prod-svoe-vino-strapi/prod-svoe-vino/strapi/uploads/IMG_6656_006ce85c6e.webp,
dataset/uploads_root/prod-svoe-vino-strapi/prod-svoe-vino/strapi/uploads/IMG_6714_4c557ee1b9.webp,
dataset/uploads_root/prod-svoe-vino-strapi/prod-svoe-vino/strapi/uploads/IMG_6741_f7c6ec81e3.webp,
dataset/uploads_root/prod-svoe-vino-strapi/prod-svoe-vino/strapi/uploads/IMG_6769_a6efa08b1c.webp,
dataset/uploads_root/prod-svoe-vino-strapi/prod-svoe-vino/strapi/uploads/IMG_6773_b1eaacf7f3.webp,
dataset/uploads_root/prod-svoe-vino-strapi/prod-svoe-vino/strapi/uploads/IMG_6775_ffe045e0a2.webp,
dataset/uploads_root/prod-svoe-vino-strapi/prod-svoe-vino/strapi/uploads/IMG_6781_2abe44c140.webp,
dataset/uploads_root/prod-svoe-vino-strapi/prod-svoe-vino/strapi/uploads/IMG_6785_268015dfdb.webp,
dataset/uploads_root/prod-svoe-vino-strapi/prod-svoe-vino/strapi/uploads/IMG_6790_2be43b7d54.webp,
dataset/uploads_root/prod-svoe-vino-strapi/prod-svoe-vino/strapi/uploads/IMG_6793_160591c840.webp,
dataset/uploads_root/prod-svoe-vino-strapi/prod-svoe-vino/strapi/uploads/IMG_6797_7035ff834f.webp,
dataset/uploads_root/prod-svoe-vino-strapi/prod-svoe-vino/strapi/uploads/IMG_6810_5111e96f18.webp,
dataset/uploads_root/prod-svoe-vino-strapi/prod-svoe-vino/strapi/uploads/IMG_6815_418de8e8cb.webp,
dataset/uploads_root/prod-svoe-vino-strapi/prod-svoe-vino/strapi/uploads/IMG_6870_bd5b789432.webp,
dataset/uploads_root/prod-svoe-vino-strapi/prod-svoe-vino/strapi/uploads/IMG_6872_1_00912a0be2.webp,
dataset/uploads_root/prod-svoe-vino-strapi/prod-svoe-vino/strapi/uploads/IMG_6872_1_10a73b234f.webp,
dataset/uploads_root/prod-svoe-vino-strapi/prod-svoe-vino/strapi/uploads/IMG_6872_1_33a9cf2477.webp,
dataset/uploads_root/prod-svoe-vino-strapi/prod-svoe-vino/strapi/uploads/IMG_6872_1_6bff42bc26.webp,
dataset/uploads_root/prod-svoe-vino-strapi/prod-svoe-vino/strapi/uploads/IMG_6872_1_e50d66eb98.webp,
dataset/uploads_root/prod-svoe-vino-strapi/prod-svoe-vino/strapi/uploads/IMG_6876_fdef5441f1.webp,
dataset/uploads_root/prod-svoe-vino-strapi/prod-svoe-vino/strapi/uploads/IMG_6881_a6350768dc.webp,
dataset/uploads_root/prod-svoe-vino-strapi/prod-svoe-vino/strapi/uploads/IMG_6882_acac63e7a4.webp,
dataset/uploads_root/prod-svoe-vino-strapi/prod-svoe-vino/strapi/uploads/IMG_6883_3606b481fd.webp,
dataset/uploads_root/prod-svoe-vino-strapi/prod-svoe-vino/strapi/uploads/IMG_6929_33c5198181.webp,
dataset/uploads_root/prod-svoe-vino-strapi/prod-svoe-vino/strapi/uploads/IMG_7226_bbebfde745.webp,
dataset/uploads_root/prod-svoe-vino-strapi/prod-svoe-vino/strapi/uploads/IMG_7239_7e1c7c7ca7.webp,
dataset/uploads_root/prod-svoe-vino-strapi/prod-svoe-vino/strapi/uploads/IMG_7239_800af85552.webp,
dataset/uploads_root/prod-svoe-vino-strapi/prod-svoe-vino/strapi/uploads/IMG_7282_af6745c690.webp,
dataset/uploads_root/prod-svoe-vino-strapi/prod-svoe-vino/strapi/uploads/IMG_7292_2ea3f502e9.webp,
dataset/uploads_root/prod-svoe-vino-strapi/prod-svoe-vino/strapi/uploads/IMG_7300_c213a7bd5b.webp,
dataset/uploads_root/prod-svoe-vino-strapi/prod-svoe-vino/strapi/uploads/IMG_7400_c396290038.webp,
dataset/uploads_root/prod-svoe-vino-strapi/prod-svoe-vino/strapi/uploads/IMG_7499_f7b9c65163.webp,
dataset/uploads_root/prod-svoe-vino-strapi/prod-svoe-vino/strapi/uploads/IMG_7500_0229292d58.webp,
dataset/uploads_root/prod-svoe-vino-strapi/prod-svoe-vino/strapi/uploads/IMG_7501_ca5ef4bdf4.webp,
dataset/uploads_root/prod-svoe-vino-strapi/prod-svoe-vino/strapi/uploads/IMG_7508_89b5bba14a.webp,
dataset/uploads_root/prod-svoe-vino-strapi/prod-svoe-vino/strapi/uploads/IMG_7509_f037dbbe01.webp,
dataset/uploads_root/prod-svoe-vino-strapi/prod-svoe-vino/strapi/uploads/IMG_7515_b81f24b0f4.webp,
dataset/uploads_root/prod-svoe-vino-strapi/prod-svoe-vino/strapi/uploads/IMG_7595_c8b15a499a.webp,
dataset/uploads_root/prod-svoe-vino-strapi/prod-svoe-vino/strapi/uploads/IMG_7615_f5ec47ac14.webp,
dataset/uploads_root/prod-svoe-vino-strapi/prod-svoe-vino/strapi/uploads/IMG_7615_fbb78005fc.webp,
dataset/uploads_root/prod-svoe-vino-strapi/prod-svoe-vino/strapi/uploads/IMG_7627_8052dd5957.webp,
dataset/uploads_root/prod-svoe-vino-strapi/prod-svoe-vino/strapi/uploads/IMG_7631_77cf25371d.webp,
dataset/uploads_root/prod-svoe-vino-strapi/prod-svoe-vino/strapi/uploads/IMG_7752_bd5f9f2605.webp,
dataset/uploads_root/prod-svoe-vino-strapi/prod-svoe-vino/strapi/uploads/IMG_7824_2d06260aec.webp,
dataset/uploads_root/prod-svoe-vino-strapi/prod-svoe-vino/strapi/uploads/IMG_7842_11_50b34d8b96.webp,
dataset/uploads_root/prod-svoe-vino-strapi/prod-svoe-vino/strapi/uploads/IMG_7842_1_373e115ee8.webp,
dataset/uploads_root/prod-svoe-vino-strapi/prod-svoe-vino/strapi/uploads/IMG_7849_10bdd90280.webp,
dataset/uploads_root/prod-svoe-vino-strapi/prod-svoe-vino/strapi/uploads/IMG_7922_JPG_0aab33b536.webp,
dataset/uploads_root/prod-svoe-vino-strapi/prod-svoe-vino/strapi/uploads/IMG_7929_1be2a4da1b.webp,
dataset/uploads_root/prod-svoe-vino-strapi/prod-svoe-vino/strapi/uploads/IMG_7930_29ffed8e00.webp,
dataset/uploads_root/prod-svoe-vino-strapi/prod-svoe-vino/strapi/uploads/IMG_7942_922e9bbd40.webp,
dataset/uploads_root/prod-svoe-vino-strapi/prod-svoe-vino/strapi/uploads/IMG_7990_7488ef0a60.webp,
dataset/uploads_root/prod-svoe-vino-strapi/prod-svoe-vino/strapi/uploads/IMG_7999_53fcf8e621.webp,
dataset/uploads_root/prod-svoe-vino-strapi/prod-svoe-vino/strapi/uploads/IMG_8047_6fe45344c9.webp,
dataset/uploads_root/prod-svoe-vino-strapi/prod-svoe-vino/strapi/uploads/IMG_8047_f897141a96.webp,
dataset/uploads_root/prod-svoe-vino-strapi/prod-svoe-vino/strapi/uploads/IMG_8056_62a62bcdd7.webp,
dataset/uploads_root/prod-svoe-vino-strapi/prod-svoe-vino/strapi/uploads/IMG_8064_2cc6da14b6.webp,
dataset/uploads_root/prod-svoe-vino-strapi/prod-svoe-vino/strapi/uploads/IMG_8066_be9b3e15cd.webp,
dataset/uploads_root/prod-svoe-vino-strapi/prod-svoe-vino/strapi/uploads/IMG_8095_3d3b6fe5fa.webp,
dataset/uploads_root/prod-svoe-vino-strapi/prod-svoe-vino/strapi/uploads/IMG_8104_f587122e9d.webp,
dataset/uploads_root/prod-svoe-vino-strapi/prod-svoe-vino/strapi/uploads/IMG_8106_4d64ac9f6f.webp,
dataset/uploads_root/prod-svoe-vino-strapi/prod-svoe-vino/strapi/uploads/IMG_8108_5bbeda1709.webp,
dataset/uploads_root/prod-svoe-vino-strapi/prod-svoe-vino/strapi/uploads/IMG_8108_c1597e96e0.webp,
dataset/uploads_root/prod-svoe-vino-strapi/prod-svoe-vino/strapi/uploads/IMG_8110_6cfc36dcd0.webp,
dataset/uploads_root/prod-svoe-vino-strapi/prod-svoe-vino/strapi/uploads/IMG_8111_17b282fd5f.webp,
dataset/uploads_root/prod-svoe-vino-strapi/prod-svoe-vino/strapi/uploads/IMG_8117_33c2d7c315.webp,
dataset/uploads_root/prod-svoe-vino-strapi/prod-svoe-vino/strapi/uploads/IMG_8118_6ed53bbc2e.webp,
dataset/uploads_root/prod-svoe-vino-strapi/prod-svoe-vino/strapi/uploads/IMG_8122_9190009957.webp,
dataset/uploads_root/prod-svoe-vino-strapi/prod-svoe-vino/strapi/uploads/IMG_8123_799c96f55f.webp,
dataset/uploads_root/prod-svoe-vino-strapi/prod-svoe-vino/strapi/uploads/IMG_8183_7c2bfdbc7f.webp,
dataset/uploads_root/prod-svoe-vino-strapi/prod-svoe-vino/strapi/uploads/IMG_8215_1f907c6869.webp,
dataset/uploads_root/prod-svoe-vino-strapi/prod-svoe-vino/strapi/uploads/IMG_8216_1b443d1c6a.webp,
dataset/uploads_root/prod-svoe-vino-strapi/prod-svoe-vino/strapi/uploads/IMG_8216_4f36dd6cd4.PNG,
dataset/uploads_root/prod-svoe-vino-strapi/prod-svoe-vino/strapi/uploads/IMG_8217_3192a534ac.webp,
dataset/uploads_root/prod-svoe-vino-strapi/prod-svoe-vino/strapi/uploads/IMG_8245_9c1ea410ac.webp,
dataset/uploads_root/prod-svoe-vino-strapi/prod-svoe-vino/strapi/uploads/IMG_8269_8bd44662bb.webp,
dataset/uploads_root/prod-svoe-vino-strapi/prod-svoe-vino/strapi/uploads/IMG_8270_fcf9226997.webp,
dataset/uploads_root/prod-svoe-vino-strapi/prod-svoe-vino/strapi/uploads/IMG_8393_7348066550.webp,
dataset/uploads_root/prod-svoe-vino-strapi/prod-svoe-vino/strapi/uploads/IMG_8394_59f19cabfe.webp,
dataset/uploads_root/prod-svoe-vino-strapi/prod-svoe-vino/strapi/uploads/IMG_8394_c27e688c0d.webp,
dataset/uploads_root/prod-svoe-vino-strapi/prod-svoe-vino/strapi/uploads/IMG_8401_0122411a3b.webp,
dataset/uploads_root/prod-svoe-vino-strapi/prod-svoe-vino/strapi/uploads/IMG_8402_ab01005784.webp,
dataset/uploads_root/prod-svoe-vino-strapi/prod-svoe-vino/strapi/uploads/IMG_8485_529b555a2a.webp,
dataset/uploads_root/prod-svoe-vino-strapi/prod-svoe-vino/strapi/uploads/IMG_8543_9094221eb0.webp,
dataset/uploads_root/prod-svoe-vino-strapi/prod-svoe-vino/strapi/uploads/IMG_8546_20559195c4.webp,
dataset/uploads_root/prod-svoe-vino-strapi/prod-svoe-vino/strapi/uploads/IMG_8549_d828abb8e6.webp,
dataset/uploads_root/prod-svoe-vino-strapi/prod-svoe-vino/strapi/uploads/IMG_8574_80af189ed5.webp,
dataset/uploads_root/prod-svoe-vino-strapi/prod-svoe-vino/strapi/uploads/IMG_8575_fbdba0b40d.webp,
dataset/uploads_root/prod-svoe-vino-strapi/prod-svoe-vino/strapi/uploads/IMG_8583_e163cbd3d0.webp,
dataset/uploads_root/prod-svoe-vino-strapi/prod-svoe-vino/strapi/uploads/IMG_8583_e1debe2807.webp,
dataset/uploads_root/prod-svoe-vino-strapi/prod-svoe-vino/strapi/uploads/IMG_8609_b6a89ffb69.webp,
dataset/uploads_root/prod-svoe-vino-strapi/prod-svoe-vino/strapi/uploads/IMG_8610_6064364cf7.webp,
dataset/uploads_root/prod-svoe-vino-strapi/prod-svoe-vino/strapi/uploads/IMG_8628_70205618a2.webp,
dataset/uploads_root/prod-svoe-vino-strapi/prod-svoe-vino/strapi/uploads/IMG_8633_6f3f0f1eac.webp,
dataset/uploads_root/prod-svoe-vino-strapi/prod-svoe-vino/strapi/uploads/IMG_8634_acaf8d27f2.webp,
dataset/uploads_root/prod-svoe-vino-strapi/prod-svoe-vino/strapi/uploads/IMG_8635_ffaab56b10.webp,
dataset/uploads_root/prod-svoe-vino-strapi/prod-svoe-vino/strapi/uploads/IMG_8651_bd57a06950.webp,
dataset/uploads_root/prod-svoe-vino-strapi/prod-svoe-vino/strapi/uploads/IMG_8658_7a6c704726.webp,
dataset/uploads_root/prod-svoe-vino-strapi/prod-svoe-vino/strapi/uploads/IMG_8743_b13afa1691.webp,
dataset/uploads_root/prod-svoe-vino-strapi/prod-svoe-vino/strapi/uploads/IMG_8865_4f1343c421.webp,
dataset/uploads_root/prod-svoe-vino-strapi/prod-svoe-vino/strapi/uploads/IMG_8882_63f1b36ab4.webp,
dataset/uploads_root/prod-svoe-vino-strapi/prod-svoe-vino/strapi/uploads/IMG_8884_3276118600.webp,
dataset/uploads_root/prod-svoe-vino-strapi/prod-svoe-vino/strapi/uploads/IMG_8886_7e5242ded5.webp,
dataset/uploads_root/prod-svoe-vino-strapi/prod-svoe-vino/strapi/uploads/IMG_8888_c2f5aeafd3.webp,
dataset/uploads_root/prod-svoe-vino-strapi/prod-svoe-vino/strapi/uploads/IMG_8889_4ccea754ee.webp,
dataset/uploads_root/prod-svoe-vino-strapi/prod-svoe-vino/strapi/uploads/IMG_8890_acd534acdf.webp,
dataset/uploads_root/prod-svoe-vino-strapi/prod-svoe-vino/strapi/uploads/IMG_8950_ded052f3d9.webp,
dataset/uploads_root/prod-svoe-vino-strapi/prod-svoe-vino/strapi/uploads/IMG_8950_f7e53c8f03.webp,
dataset/uploads_root/prod-svoe-vino-strapi/prod-svoe-vino/strapi/uploads/IMG_8970_c777ee34e0.webp,
dataset/uploads_root/prod-svoe-vino-strapi/prod-svoe-vino/strapi/uploads/IMG_9073_ad5ba6dcea.webp,
dataset/uploads_root/prod-svoe-vino-strapi/prod-svoe-vino/strapi/uploads/IMG_9099_4f5a46befa.webp,
dataset/uploads_root/prod-svoe-vino-strapi/prod-svoe-vino/strapi/uploads/IMG_9398_da628ab3e6.webp,
dataset/uploads_root/prod-svoe-vino-strapi/prod-svoe-vino/strapi/uploads/IMG_9840_9079e4cb30.webp,
dataset/uploads_root/prod-svoe-vino-strapi/prod-svoe-vino/strapi/uploads/IROD_9132_6d391ff759.webp,
dataset/uploads_root/prod-svoe-vino-strapi/prod-svoe-vino/strapi/uploads/IROD_9221_25406ee41f.webp,
dataset/uploads_root/prod-svoe-vino-strapi/prod-svoe-vino/strapi/uploads/Igor_Rodin_96585e80cc.webp,
dataset/uploads_root/prod-svoe-vino-strapi/prod-svoe-vino/strapi/uploads/Igor_Rodin_b4f289fee7.webp,
dataset/uploads_root/prod-svoe-vino-strapi/prod-svoe-vino/strapi/uploads/Igor_i_Mariya_a37539bfa6.webp,
dataset/uploads_root/prod-svoe-vino-strapi/prod-svoe-vino/strapi/uploads/Igristoe_Beloe_iz_Belogo_Shardone_no_bg_preview_bez_fona_a1bca7bfd8.webp,lorio-bryut-belyj
dataset/uploads_root/prod-svoe-vino-strapi/prod-svoe-vino/strapi/uploads/Igristoe_Rozovoe_Pino_Nuar_bez_fona_0156c8af31.webp,lorio-bryut-rozovoe-igristoe
dataset/uploads_root/prod-svoe-vino-strapi/prod-svoe-vino/strapi/uploads/Igristoe_i_dolki_mandarina_debf0993d2.webp,
dataset/uploads_root/prod-svoe-vino-strapi/prod-svoe-vino/strapi/uploads/Igristoe_krasnoe_sladkoe_Czimlyanskoe_ea86054adf.webp,igristoe-krasnoe-sladkoe-czimlyanskoe
dataset/uploads_root/prod-svoe-vino-strapi/prod-svoe-vino/strapi/uploads/Igristye_58e852d0f2.webp,
dataset/uploads_root/prod-svoe-vino-strapi/prod-svoe-vino/strapi/uploads/Ilya_50_2b9857f2b5.webp,
dataset/uploads_root/prod-svoe-vino-strapi/prod-svoe-vino/strapi/uploads/Ilya_Miller_243_resized2_65e886c654.webp,
dataset/uploads_root/prod-svoe-vino-strapi/prod-svoe-vino/strapi/uploads/Image_1_fe5c9959ca.jpg,
dataset/uploads_root/prod-svoe-vino-strapi/prod-svoe-vino/strapi/uploads/Image_ad611828e7.webp,cantiani-saperavi-merlot
dataset/uploads_root/prod-svoe-vino-strapi/prod-svoe-vino/strapi/uploads/In_Shot_20260611_163612647_af3e5ba56d.webp,
dataset/uploads_root/prod-svoe-vino-strapi/prod-svoe-vino/strapi/uploads/Indejka_gorizont_9595d12f86.webp,
dataset/uploads_root/prod-svoe-vino-strapi/prod-svoe-vino/strapi/uploads/Inkerman_46616f6cb6.webp,
dataset/uploads_root/prod-svoe-vino-strapi/prod-svoe-vino/strapi/uploads/Inkerman_Shato_Blan_beloe_polusuhoe_526e6530b9.webp,inkerman-shato-blan
dataset/uploads_root/prod-svoe-vino-strapi/prod-svoe-vino/strapi/uploads/Inkerman_Shato_Ruzh_85fa6ee9ce.webp,inkerman-shato-ruzh
dataset/uploads_root/prod-svoe-vino-strapi/prod-svoe-vino/strapi/uploads/Inkerman_fc1e4bc5e7.webp,
dataset/uploads_root/prod-svoe-vino-strapi/prod-svoe-vino/strapi/uploads/Inkerman_muskatnoe_beloe_polusladkoe_092002be0d.webp,inkerman-muskatnoe-beloe
dataset/uploads_root/prod-svoe-vino-strapi/prod-svoe-vino/strapi/uploads/Inkerman_oblozhka_7aa85b5411.tif,
dataset/uploads_root/prod-svoe-vino-strapi/prod-svoe-vino/strapi/uploads/Installyacziya_v_konyachnom_czehu_290742d428.webp,
dataset/uploads_root/prod-svoe-vino-strapi/prod-svoe-vino/strapi/uploads/Irina_Goryacheva_2e7152e43c.webp,
dataset/uploads_root/prod-svoe-vino-strapi/prod-svoe-vino/strapi/uploads/Irina_Yakovenko_6027513d95.webp,
dataset/uploads_root/prod-svoe-vino-strapi/prod-svoe-vino/strapi/uploads/Izabella2_7f2bbc35c9.webp,
dataset/uploads_root/prod-svoe-vino-strapi/prod-svoe-vino/strapi/uploads/Izabella_0a3d8c6d20.webp,
dataset/uploads_root/prod-svoe-vino-strapi/prod-svoe-vino/strapi/uploads/Izabella_3_11c08b4491.webp,
dataset/uploads_root/prod-svoe-vino-strapi/prod-svoe-vino/strapi/uploads/Izobrazhenie_Whats_App_2025_03_05_v_16_19_23_501e37ab_2c1e6165cc.webp,
dataset/uploads_root/prod-svoe-vino-strapi/prod-svoe-vino/strapi/uploads/Izobrazhenie_Whats_App_2025_03_05_v_16_19_23_c9e4d6f0_ecbefabb5e.webp,
dataset/uploads_root/prod-svoe-vino-strapi/prod-svoe-vino/strapi/uploads/Izobrazhenie_Whats_App_2025_08_27_v_17_37_31_f4ecb7ba_7231595d79.webp,
dataset/uploads_root/prod-svoe-vino-strapi/prod-svoe-vino/strapi/uploads/Izobrazhenie_oficzialnyj_sajt_2_1db1d78b70.webp,
dataset/uploads_root/prod-svoe-vino-strapi/prod-svoe-vino/strapi/uploads/Izobrazhenie_soczseti_Ne_Vinnye_zabegi2_d8afdf3474.webp,
dataset/uploads_root/prod-svoe-vino-strapi/prod-svoe-vino/strapi/uploads/Izumrudnoe_ozero_Abrau_1da6ba138f.webp,
dataset/uploads_root/prod-svoe-vino-strapi/prod-svoe-vino/strapi/uploads/KMO_120929_08531_1_t250_152338_2e75067950.webp,
dataset/uploads_root/prod-svoe-vino-strapi/prod-svoe-vino/strapi/uploads/KV_Nadelin_957891fcc9.webp,
dataset/uploads_root/prod-svoe-vino-strapi/prod-svoe-vino/strapi/uploads/Kab_Fran_2020_no_bg_preview_carve_photos_467c50d49a.webp,vinodelnya-byurne-kaberne-fran-krasnoe-suhoe-135
dataset/uploads_root/prod-svoe-vino-strapi/prod-svoe-vino/strapi/uploads/Kab_Sov_2019_no_bg_preview_carve_photos_6680889d32.webp,vinodelnya-byurne-kaberne-sovinon-krasnoe-suhoe-135
dataset/uploads_root/prod-svoe-vino-strapi/prod-svoe-vino/strapi/uploads/Kab_Sov_21_5fe7e50b8a.webp,aratti-kaberne-sovinon-2021-krasnoe-suhoe
dataset/uploads_root/prod-svoe-vino-strapi/prod-svoe-vino/strapi/uploads/Kab_sov_20_0ec2d4acd2.webp,aratti-kaberne-sovinon-2020-krasnoe-suhoe
dataset/uploads_root/prod-svoe-vino-strapi/prod-svoe-vino/strapi/uploads/Kaberne_Fran2_fc0347f0c7.webp,
dataset/uploads_root/prod-svoe-vino-strapi/prod-svoe-vino/strapi/uploads/Kaberne_Fran_Uan_Barrel_2024_bec49ebb0d.webp,cabernet-franc-2024-one-barrel-by-dmitry-maslov-kaberne-fran-2024-uan-barrel-dmitrij-maslov
dataset/uploads_root/prod-svoe-vino-strapi/prod-svoe-vino/strapi/uploads/Kaberne_Fran_d71d65de5d.webp,
dataset/uploads_root/prod-svoe-vino-strapi/prod-svoe-vino/strapi/uploads/Kaberne_Fran_polusladkoe_a62c376c55.webp,leto-kaberne-fran-2024-polusladkoe-krasnoe
dataset/uploads_root/prod-svoe-vino-strapi/prod-svoe-vino/strapi/uploads/Kaberne_Fran_rezerv_2021_12ff9ab8f8.webp,leto-kaberne-fran-rezerv-2020-suhoe-krasnoe
dataset/uploads_root/prod-svoe-vino-strapi/prod-svoe-vino/strapi/uploads/Kaberne_Fran_rezerv_2de24730a4.webp,perovskih_kaberne_fran_reserve
dataset/uploads_root/prod-svoe-vino-strapi/prod-svoe-vino/strapi/uploads/Kaberne_Kortis1_32995353dc.webp,
dataset/uploads_root/prod-svoe-vino-strapi/prod-svoe-vino/strapi/uploads/Kaberne_Kortis2_038d271e64.webp,
dataset/uploads_root/prod-svoe-vino-strapi/prod-svoe-vino/strapi/uploads/Kaberne_Pino_Nuar_p_suh_43702e1e1a.webp,
dataset/uploads_root/prod-svoe-vino-strapi/prod-svoe-vino/strapi/uploads/Kaberne_Pino_Nuar_p_suh_fdc75b3e8a.webp,
dataset/uploads_root/prod-svoe-vino-strapi/prod-svoe-vino/strapi/uploads/Kaberne_Pino_Nuar_p_suh_fe5a6a54b9.webp,zhemchuzhnaya-9-kaberne-sovinon-pino-nuar
dataset/uploads_root/prod-svoe-vino-strapi/prod-svoe-vino/strapi/uploads/Kaberne_Pino_nuar_p_sl_ba5ed7824d.webp,zhemchuzhnaya-9-kaberne-sovinon-pino-nuar-1
dataset/uploads_root/prod-svoe-vino-strapi/prod-svoe-vino/strapi/uploads/Kaberne_Pino_suh_c057e6a035.webp,
dataset/uploads_root/prod-svoe-vino-strapi/prod-svoe-vino/strapi/uploads/Kaberne_Sovinon2_1f42789433.jpg,
dataset/uploads_root/prod-svoe-vino-strapi/prod-svoe-vino/strapi/uploads/Kaberne_Sovinon2_2b33e41092.webp,
dataset/uploads_root/prod-svoe-vino-strapi/prod-svoe-vino/strapi/uploads/Kaberne_Sovinon3_39f7936b80.webp,
dataset/uploads_root/prod-svoe-vino-strapi/prod-svoe-vino/strapi/uploads/Kaberne_Sovinon3_ab143a3542.webp,
dataset/uploads_root/prod-svoe-vino-strapi/prod-svoe-vino/strapi/uploads/Kaberne_Sovinon3_ef0e1a3b42.webp,
dataset/uploads_root/prod-svoe-vino-strapi/prod-svoe-vino/strapi/uploads/Kaberne_Sovinon4_cc150a647c.webp,
dataset/uploads_root/prod-svoe-vino-strapi/prod-svoe-vino/strapi/uploads/Kaberne_Sovinon4_f07ac24cd9.webp,
dataset/uploads_root/prod-svoe-vino-strapi/prod-svoe-vino/strapi/uploads/Kaberne_Sovinon_3_b1d2a0b1b4.webp,
dataset/uploads_root/prod-svoe-vino-strapi/prod-svoe-vino/strapi/uploads/Kaberne_Sovinon_7ae8f8b686.webp,
dataset/uploads_root/prod-svoe-vino-strapi/prod-svoe-vino/strapi/uploads/Kaberne_Sovinon_981ea8ff0c.webp,
dataset/uploads_root/prod-svoe-vino-strapi/prod-svoe-vino/strapi/uploads/Kaberne_Sovinon_Merkotan_39ee25f793.webp,dnk-kaberne-sovinon
dataset/uploads_root/prod-svoe-vino-strapi/prod-svoe-vino/strapi/uploads/Kaberne_Sovinon_Shiraz_RV_787984015e.webp,
dataset/uploads_root/prod-svoe-vino-strapi/prod-svoe-vino/strapi/uploads/Kaberne_Sovinon_cecaa1f694.webp,mancopia-kaberne-sovinon
dataset/uploads_root/prod-svoe-vino-strapi/prod-svoe-vino/strapi/uploads/Kaberne_Sovinon_terruarnoe_cebc6287a8.webp,agora-terruarnoe-kaberne-sovinon
dataset/uploads_root/prod-svoe-vino-strapi/prod-svoe-vino/strapi/uploads/Kaberne_d0c64468d7.webp,kaberne-avtorskoe-vino
dataset/uploads_root/prod-svoe-vino-strapi/prod-svoe-vino/strapi/uploads/Kaberne_po_bel_7f4d2143bf.webp,aratti-kaberne-po-belomu
dataset/uploads_root/prod-svoe-vino-strapi/prod-svoe-vino/strapi/uploads/Kaberne_po_bel_p_suh_6e9878c657.webp,aratti-kaberne-po-belomu-1
dataset/uploads_root/prod-svoe-vino-strapi/prod-svoe-vino/strapi/uploads/Kagor_32_no_bg_preview_145830c0b7.webp,
dataset/uploads_root/prod-svoe-vino-strapi/prod-svoe-vino/strapi/uploads/Kagor_fanagoriya_vintazh_3166635c39.webp,
dataset/uploads_root/prod-svoe-vino-strapi/prod-svoe-vino/strapi/uploads/Kagor_partenit_Massandra_no_bg_preview_b4bd008072.webp,
dataset/uploads_root/prod-svoe-vino-strapi/prod-svoe-vino/strapi/uploads/Kak_pravilno_hranit_vino_2_9abd9ce5f0.webp,
dataset/uploads_root/prod-svoe-vino-strapi/prod-svoe-vino/strapi/uploads/Kak_pravilno_hranit_vino_4_koravin_f2a2851fc5.webp,
dataset/uploads_root/prod-svoe-vino-strapi/prod-svoe-vino/strapi/uploads/Kak_pravilno_hranit_vino_7_8aa07b3a34.webp,
dataset/uploads_root/prod-svoe-vino-strapi/prod-svoe-vino/strapi/uploads/Kalos_Limen_23e6ead1e4.webp,
dataset/uploads_root/prod-svoe-vino-strapi/prod-svoe-vino/strapi/uploads/Kalos_Limen_e52a13b3a4.webp,
dataset/uploads_root/prod-svoe-vino-strapi/prod-svoe-vino/strapi/uploads/Kalos_liman_190793d421.webp,
dataset/uploads_root/prod-svoe-vino-strapi/prod-svoe-vino/strapi/uploads/Karmener2_2a5783afbc.webp,
dataset/uploads_root/prod-svoe-vino-strapi/prod-svoe-vino/strapi/uploads/Karmener_672e6748ad.webp,
dataset/uploads_root/prod-svoe-vino-strapi/prod-svoe-vino/strapi/uploads/Karmener_9c3f8c77ea.webp,
dataset/uploads_root/prod-svoe-vino-strapi/prod-svoe-vino/strapi/uploads/Karmener_d0ec838441.webp,
dataset/uploads_root/prod-svoe-vino-strapi/prod-svoe-vino/strapi/uploads/Karmener_listya_7ebb0fd9bd.webp,
dataset/uploads_root/prod-svoe-vino-strapi/prod-svoe-vino/strapi/uploads/Kartochka_Samye_dorogie_vina_mira_5c82d289fa.webp,
dataset/uploads_root/prod-svoe-vino-strapi/prod-svoe-vino/strapi/uploads/Kartochka_sorta_vinograda_dlya_novichkov_475e3cbb1d.webp,
dataset/uploads_root/prod-svoe-vino-strapi/prod-svoe-vino/strapi/uploads/Katalog_1b3ff622ca.webp,
dataset/uploads_root/prod-svoe-vino-strapi/prod-svoe-vino/strapi/uploads/Katharon_Brut_blanc_de_blan_d34e259ca2.webp,katharon-katharon-brut-blanc-de-blan
dataset/uploads_root/prod-svoe-vino-strapi/prod-svoe-vino/strapi/uploads/Katharon_Kab_Fran_suhoe_0ed5f19ec1.webp,katharon-katharon-kaberne-fran
dataset/uploads_root/prod-svoe-vino-strapi/prod-svoe-vino/strapi/uploads/Katharon_Merlo_suhoe_6947446370.webp,katharon-katharon-merlo
dataset/uploads_root/prod-svoe-vino-strapi/prod-svoe-vino/strapi/uploads/Katharon_Risling_2025_983f02b959.webp,katharon-katharon-risling-suhoe
dataset/uploads_root/prod-svoe-vino-strapi/prod-svoe-vino/strapi/uploads/Katharon_Shardone_2025_93baa2e60f.webp,katharon-katharon-shardone
dataset/uploads_root/prod-svoe-vino-strapi/prod-svoe-vino/strapi/uploads/Katharon_Sovinon_Blan_2025_d965fbe23c.webp,katharon-katharon-sovinon-blan
dataset/uploads_root/prod-svoe-vino-strapi/prod-svoe-vino/strapi/uploads/Katya_Belmas2_662b6c1bfd.webp,
dataset/uploads_root/prod-svoe-vino-strapi/prod-svoe-vino/strapi/uploads/Kejp_Koder_s_vodkoj_559bee2f2b.webp,
dataset/uploads_root/prod-svoe-vino-strapi/prod-svoe-vino/strapi/uploads/Kiparisy_Dolina_Lefkadiya_9c9eae8e35.webp,
dataset/uploads_root/prod-svoe-vino-strapi/prod-svoe-vino/strapi/uploads/Kira_Efimova_8f51803db5.webp,
dataset/uploads_root/prod-svoe-vino-strapi/prod-svoe-vino/strapi/uploads/Kira_osen_2024_na_kolombare_6a8132055f.webp,
dataset/uploads_root/prod-svoe-vino-strapi/prod-svoe-vino/strapi/uploads/Kirill_Bolotov3_44a47466c6.webp,
dataset/uploads_root/prod-svoe-vino-strapi/prod-svoe-vino/strapi/uploads/Kirill_Bolotov_f61a5a12fc.webp,
dataset/uploads_root/prod-svoe-vino-strapi/prod-svoe-vino/strapi/uploads/Klyukvennaya_nastojka_na_vodke_a4ae4030b9.webp,
dataset/uploads_root/prod-svoe-vino-strapi/prod-svoe-vino/strapi/uploads/Koktebel_85463d4a97.webp,
dataset/uploads_root/prod-svoe-vino-strapi/prod-svoe-vino/strapi/uploads/Koktebel_9e580266b7.webp,
dataset/uploads_root/prod-svoe-vino-strapi/prod-svoe-vino/strapi/uploads/Koktebel_Planerskoe_53dd64ed6e.webp,
dataset/uploads_root/prod-svoe-vino-strapi/prod-svoe-vino/strapi/uploads/Koktebel_Planerskoe_86c973b5cb.webp,
dataset/uploads_root/prod-svoe-vino-strapi/prod-svoe-vino/strapi/uploads/Koktejl_Dzhin_tonik_945b3ac983.webp,
dataset/uploads_root/prod-svoe-vino-strapi/prod-svoe-vino/strapi/uploads/Kokur_oranzh_7818d586b6.webp,perovskih_kokur_orange
dataset/uploads_root/prod-svoe-vino-strapi/prod-svoe-vino/strapi/uploads/Kol_fondo1_5b1f21796b.webp,
dataset/uploads_root/prod-svoe-vino-strapi/prod-svoe-vino/strapi/uploads/Koldun_belyj_cb86264c80.webp,koldun-beloe-suhoe
dataset/uploads_root/prod-svoe-vino-strapi/prod-svoe-vino/strapi/uploads/Kollekcziya_leta_beloe_2020_3bc15b4ff4.webp,leto-kollekcziya-leta-2020-suhoe-beloe
dataset/uploads_root/prod-svoe-vino-strapi/prod-svoe-vino/strapi/uploads/Kollekcziya_vinodela_e3dfd5dd5b.webp,leto-kollekcziya-vinodela-2020-suhoe-krasnoe
dataset/uploads_root/prod-svoe-vino-strapi/prod-svoe-vino/strapi/uploads/Koloski_d10e8e7577.webp,
dataset/uploads_root/prod-svoe-vino-strapi/prod-svoe-vino/strapi/uploads/Kompanon_9937c5d841.webp,
dataset/uploads_root/prod-svoe-vino-strapi/prod-svoe-vino/strapi/uploads/Komunalka2_kopiya_da166da15f.webp,
dataset/uploads_root/prod-svoe-vino-strapi/prod-svoe-vino/strapi/uploads/Komunalka_II_93b08ae46e.webp,
dataset/uploads_root/prod-svoe-vino-strapi/prod-svoe-vino/strapi/uploads/Koricza_358eee096a.webp,
dataset/uploads_root/prod-svoe-vino-strapi/prod-svoe-vino/strapi/uploads/Korn_n_Ojl_7ea289799b.webp,
dataset/uploads_root/prod-svoe-vino-strapi/prod-svoe-vino/strapi/uploads/Kosmetika_skrab_7f96840fb9.webp,
dataset/uploads_root/prod-svoe-vino-strapi/prod-svoe-vino/strapi/uploads/Kosmopoliten_s_vodkoj_5234524054.webp,
dataset/uploads_root/prod-svoe-vino-strapi/prod-svoe-vino/strapi/uploads/Krasnoe_polusladkoe_2024_f21c3df4d0.webp,perovskih_polusladkoe_krasnoe
dataset/uploads_root/prod-svoe-vino-strapi/prod-svoe-vino/strapi/uploads/Krasnoe_polusuhoe_2024_a4eadaac17.webp,perovskih_polusuhoe_krasnoe
dataset/uploads_root/prod-svoe-vino-strapi/prod-svoe-vino/strapi/uploads/Krasnostop2_d5ba2a32da.webp,
dataset/uploads_root/prod-svoe-vino-strapi/prod-svoe-vino/strapi/uploads/Krasnostop_2024_Classic_png_4f712da54f.webp,b-yu-rne-krasnostop-suhoe-krasnoe-classic
dataset/uploads_root/prod-svoe-vino-strapi/prod-svoe-vino/strapi/uploads/Krasnostop_2024_Classic_png_db4cbac97a.webp,
dataset/uploads_root/prod-svoe-vino-strapi/prod-svoe-vino/strapi/uploads/Krasnostop_876941a1ad.webp,
dataset/uploads_root/prod-svoe-vino-strapi/prod-svoe-vino/strapi/uploads/Krasnostop_Vinogradniki_Vinodelni_Vedernikov_b0076f8520.webp,
dataset/uploads_root/prod-svoe-vino-strapi/prod-svoe-vino/strapi/uploads/Krasnostop_Zolotovskij3_587732eaee.webp,
dataset/uploads_root/prod-svoe-vino-strapi/prod-svoe-vino/strapi/uploads/Krasnostop_Zolotovskij_0ef89793af.webp,
dataset/uploads_root/prod-svoe-vino-strapi/prod-svoe-vino/strapi/uploads/Krasnostop_Zolotovskij_1_f89cd2aee4.webp,
dataset/uploads_root/prod-svoe-vino-strapi/prod-svoe-vino/strapi/uploads/Krasnostop_Zolotovskij_b6c665c81d.webp,
dataset/uploads_root/prod-svoe-vino-strapi/prod-svoe-vino/strapi/uploads/Krasnostop_Zolotovskij_vyderzhannoe_v_dube_Vedernikov_48de7bfbf8.webp,
dataset/uploads_root/prod-svoe-vino-strapi/prod-svoe-vino/strapi/uploads/Krasnostop_Zolotovskij_vyderzhannoe_v_dube_Vedernikov_cb247d13dd.webp,
dataset/uploads_root/prod-svoe-vino-strapi/prod-svoe-vino/strapi/uploads/Krasnostop_surguch_59d9e248a7.webp,vinodelnya-byurne-krasnostop-krasnoe-suhoe-145
dataset/uploads_root/prod-svoe-vino-strapi/prod-svoe-vino/strapi/uploads/Krasnye_6da5c20b9b.webp,
dataset/uploads_root/prod-svoe-vino-strapi/prod-svoe-vino/strapi/uploads/Krinicza_3652f3191e.webp,
dataset/uploads_root/prod-svoe-vino-strapi/prod-svoe-vino/strapi/uploads/Krovavaya_Meri_s_vodkoj_c77ae77a5b.webp,
dataset/uploads_root/prod-svoe-vino-strapi/prod-svoe-vino/strapi/uploads/Kuba_libre_ba84d71b6f.webp,
dataset/uploads_root/prod-svoe-vino-strapi/prod-svoe-vino/strapi/uploads/Kuban_Vino0211_00156c5743.webp,
dataset/uploads_root/prod-svoe-vino-strapi/prod-svoe-vino/strapi/uploads/Kuban_Vino0247_e69b0f3399.webp,
dataset/uploads_root/prod-svoe-vino-strapi/prod-svoe-vino/strapi/uploads/Kuban_Vino_ec310b318d.webp,
dataset/uploads_root/prod-svoe-vino-strapi/prod-svoe-vino/strapi/uploads/Kuban_vino_342bd21f12.webp,
dataset/uploads_root/prod-svoe-vino-strapi/prod-svoe-vino/strapi/uploads/Kuban_vino_680abb6d3b.webp,
dataset/uploads_root/prod-svoe-vino-strapi/prod-svoe-vino/strapi/uploads/Kuins_Park_Svizzl_202f47a276.webp,
dataset/uploads_root/prod-svoe-vino-strapi/prod-svoe-vino/strapi/uploads/L1001344_df5ebbe822.webp,
dataset/uploads_root/prod-svoe-vino-strapi/prod-svoe-vino/strapi/uploads/L1001543_524438f080.webp,
dataset/uploads_root/prod-svoe-vino-strapi/prod-svoe-vino/strapi/uploads/L1001712_28092ac158.webp,
dataset/uploads_root/prod-svoe-vino-strapi/prod-svoe-vino/strapi/uploads/L1001995_99d0c3a592.webp,
dataset/uploads_root/prod-svoe-vino-strapi/prod-svoe-vino/strapi/uploads/L1001995_ae77764cfe.webp,
dataset/uploads_root/prod-svoe-vino-strapi/prod-svoe-vino/strapi/uploads/L1002049_1_097b16623e.webp,
dataset/uploads_root/prod-svoe-vino-strapi/prod-svoe-vino/strapi/uploads/L1002571_52425be5a7.webp,
dataset/uploads_root/prod-svoe-vino-strapi/prod-svoe-vino/strapi/uploads/L1005236_4c0d354e0e.webp,
dataset/uploads_root/prod-svoe-vino-strapi/prod-svoe-vino/strapi/uploads/L1005236_59314e86ee.webp,
dataset/uploads_root/prod-svoe-vino-strapi/prod-svoe-vino/strapi/uploads/L1005546_1_1aea15c5fa.webp,
dataset/uploads_root/prod-svoe-vino-strapi/prod-svoe-vino/strapi/uploads/L1005546_c1e0ca9fe0.webp,
dataset/uploads_root/prod-svoe-vino-strapi/prod-svoe-vino/strapi/uploads/L1005577_481dda7ff1.webp,
dataset/uploads_root/prod-svoe-vino-strapi/prod-svoe-vino/strapi/uploads/L1009019_f64027b8d5.webp,
dataset/uploads_root/prod-svoe-vino-strapi/prod-svoe-vino/strapi/uploads/LDPH_8578_102_b8491afeca.webp,
dataset/uploads_root/prod-svoe-vino-strapi/prod-svoe-vino/strapi/uploads/LDPH_8578_102_e1d538b57e.webp,
dataset/uploads_root/prod-svoe-vino-strapi/prod-svoe-vino/strapi/uploads/LEM_07147_45268c7aa9.webp,
dataset/uploads_root/prod-svoe-vino-strapi/prod-svoe-vino/strapi/uploads/LEM_07147_myshako_61423eb832.webp,
dataset/uploads_root/prod-svoe-vino-strapi/prod-svoe-vino/strapi/uploads/LORIOT_semejnaya_vinodelnya_Logunovyh_550065b5ed.webp,
dataset/uploads_root/prod-svoe-vino-strapi/prod-svoe-vino/strapi/uploads/LORIO_KRASNOE_3df5930953.webp,
dataset/uploads_root/prod-svoe-vino-strapi/prod-svoe-vino/strapi/uploads/LORIO_PINO_NUAR_dca3c3d9cf.webp,lorio-pino-nuar
dataset/uploads_root/prod-svoe-vino-strapi/prod-svoe-vino/strapi/uploads/LORIO_ROZOVOE_9e1be3c909.webp,lorio-rozovoe
dataset/uploads_root/prod-svoe-vino-strapi/prod-svoe-vino/strapi/uploads/LUK_6593_24ad8bfb22.webp,
dataset/uploads_root/prod-svoe-vino-strapi/prod-svoe-vino/strapi/uploads/Laboratoriya_Singenty_6b19604b72.webp,
dataset/uploads_root/prod-svoe-vino-strapi/prod-svoe-vino/strapi/uploads/Lavanda_Dolina_Lefkadiya_3e94c0b356.webp,
dataset/uploads_root/prod-svoe-vino-strapi/prod-svoe-vino/strapi/uploads/Lavry_21_26_09_resized_c38998098d.webp,
dataset/uploads_root/prod-svoe-vino-strapi/prod-svoe-vino/strapi/uploads/Lavry_21_31_15_resized_9bac227985.webp,
dataset/uploads_root/prod-svoe-vino-strapi/prod-svoe-vino/strapi/uploads/Le_K2_0ca4763793.webp,
dataset/uploads_root/prod-svoe-vino-strapi/prod-svoe-vino/strapi/uploads/Le_K2_6347d75eb4.webp,
dataset/uploads_root/prod-svoe-vino-strapi/prod-svoe-vino/strapi/uploads/Le_K2_f6beadba7a.webp,
dataset/uploads_root/prod-svoe-vino-strapi/prod-svoe-vino/strapi/uploads/Le_K2_vinogradniki2_a009cc9631.webp,
dataset/uploads_root/prod-svoe-vino-strapi/prod-svoe-vino/strapi/uploads/Le_Ka2_d8dd1a6cf3.webp,
dataset/uploads_root/prod-svoe-vino-strapi/prod-svoe-vino/strapi/uploads/Le_k2_6b06ed8536.webp,
dataset/uploads_root/prod-svoe-vino-strapi/prod-svoe-vino/strapi/uploads/Le_k2_8558a34ff1.webp,
dataset/uploads_root/prod-svoe-vino-strapi/prod-svoe-vino/strapi/uploads/Le_k2_f16f2c613c.webp,
dataset/uploads_root/prod-svoe-vino-strapi/prod-svoe-vino/strapi/uploads/Leksa_e048ecb006.webp,
dataset/uploads_root/prod-svoe-vino-strapi/prod-svoe-vino/strapi/uploads/Letnie_bezalkogolnye_koktejli_abffd16b37.webp,
dataset/uploads_root/prod-svoe-vino-strapi/prod-svoe-vino/strapi/uploads/Levkadiya_beloe_1_6e34dfade1.webp,lefkadiya-beloe
dataset/uploads_root/prod-svoe-vino-strapi/prod-svoe-vino/strapi/uploads/Levkadiya_krasnoe_1_bff42ff522.webp,lefkadiya-krasnoe
dataset/uploads_root/prod-svoe-vino-strapi/prod-svoe-vino/strapi/uploads/Levkadiya_rozovoe_1_fdd3f9f4fd.webp,roze-malbek
dataset/uploads_root/prod-svoe-vino-strapi/prod-svoe-vino/strapi/uploads/Loco_Cimbali_8c6f790fe2.webp,
dataset/uploads_root/prod-svoe-vino-strapi/prod-svoe-vino/strapi/uploads/Logo_green_3a93557979.webp,
dataset/uploads_root/prod-svoe-vino-strapi/prod-svoe-vino/strapi/uploads/Logunovy_II_ad7fdb0928.webp,
dataset/uploads_root/prod-svoe-vino-strapi/prod-svoe-vino/strapi/uploads/Long_Island_22e0866916.webp,
dataset/uploads_root/prod-svoe-vino-strapi/prod-svoe-vino/strapi/uploads/Long_Island_5cdb6b0a4b.webp,
dataset/uploads_root/prod-svoe-vino-strapi/prod-svoe-vino/strapi/uploads/Luchshie_koktejli_s_romomo_0feb7112ca.webp,
dataset/uploads_root/prod-svoe-vino-strapi/prod-svoe-vino/strapi/uploads/Lyublyu_bel_2025_vint_png_cb50263c81.webp,vinodelnya-byurne-lyublyu-beloe-shardone-suhoe-135
dataset/uploads_root/prod-svoe-vino-strapi/prod-svoe-vino/strapi/uploads/Lyublyu_krasn_2024_vint_png_a3e9f450b2.webp,vinodelnya-byurne-lyublyu-krasnoe-kaberne-fran-suhoe-135
dataset/uploads_root/prod-svoe-vino-strapi/prod-svoe-vino/strapi/uploads/Lyublyu_roz_2025_vint_png_d28b7dba5d.webp,b-yu-rne-l-yu-bl-yu-suhoe-rozovoe
dataset/uploads_root/prod-svoe-vino-strapi/prod-svoe-vino/strapi/uploads/MAX_02132_bc370b1776.webp,
dataset/uploads_root/prod-svoe-vino-strapi/prod-svoe-vino/strapi/uploads/MB_igrist_Blanc_vid_032026_kopiya_5c6680d1ef.webp,mont-blanc-blanc-de-blancs
dataset/uploads_root/prod-svoe-vino-strapi/prod-svoe-vino/strapi/uploads/MB_igrist_Cuvee_vid_032026_kopiya_8bb830fcc2.webp,mont-blanc-cuvee
dataset/uploads_root/prod-svoe-vino-strapi/prod-svoe-vino/strapi/uploads/MERLO_Photoroom_86d1e59354.webp,orlov_merlo
dataset/uploads_root/prod-svoe-vino-strapi/prod-svoe-vino/strapi/uploads/MEZYB_nizhnee_pole_899977d023.webp,
dataset/uploads_root/prod-svoe-vino-strapi/prod-svoe-vino/strapi/uploads/MEZYB_nizhnee_pole_e43889c3d4.webp,
dataset/uploads_root/prod-svoe-vino-strapi/prod-svoe-vino/strapi/uploads/MG_0852_1_1ba0aecf8a.webp,
dataset/uploads_root/prod-svoe-vino-strapi/prod-svoe-vino/strapi/uploads/MG_4869_ae9fdc588a.webp,
dataset/uploads_root/prod-svoe-vino-strapi/prod-svoe-vino/strapi/uploads/MG_4873_b51409fd59.webp,
dataset/uploads_root/prod-svoe-vino-strapi/prod-svoe-vino/strapi/uploads/MUR_62b8bf526e.webp,
dataset/uploads_root/prod-svoe-vino-strapi/prod-svoe-vino/strapi/uploads/Mai_Tai_405f3d8a2c.webp,
dataset/uploads_root/prod-svoe-vino-strapi/prod-svoe-vino/strapi/uploads/Mai_Tai_9d8e0d25ee.webp,
dataset/uploads_root/prod-svoe-vino-strapi/prod-svoe-vino/strapi/uploads/Majya_Leviczkaya_e4157da1c9.webp,
dataset/uploads_root/prod-svoe-vino-strapi/prod-svoe-vino/strapi/uploads/Makabeo2_8d30670a08.webp,
dataset/uploads_root/prod-svoe-vino-strapi/prod-svoe-vino/strapi/uploads/Makabeo_a0f84d3897.webp,
dataset/uploads_root/prod-svoe-vino-strapi/prod-svoe-vino/strapi/uploads/Makitra_Selection_Shardone_7f42730601.webp,makitra-selection
dataset/uploads_root/prod-svoe-vino-strapi/prod-svoe-vino/strapi/uploads/Maksim_Dyachenko_09a58d492a.webp,
dataset/uploads_root/prod-svoe-vino-strapi/prod-svoe-vino/strapi/uploads/Malbek2_20377afe87.webp,
dataset/uploads_root/prod-svoe-vino-strapi/prod-svoe-vino/strapi/uploads/Malbek_0e79a2dd99.webp,
dataset/uploads_root/prod-svoe-vino-strapi/prod-svoe-vino/strapi/uploads/Malbek_2023_png_56930e5abf.webp,b-yu-rne-malbek-krasnoe-suhoe
dataset/uploads_root/prod-svoe-vino-strapi/prod-svoe-vino/strapi/uploads/Malvaziya_2_6fa1f30062.webp,
dataset/uploads_root/prod-svoe-vino-strapi/prod-svoe-vino/strapi/uploads/Manhattan_70b6b52fd0.webp,
dataset/uploads_root/prod-svoe-vino-strapi/prod-svoe-vino/strapi/uploads/Manhattan_9b3a030854.webp,
dataset/uploads_root/prod-svoe-vino-strapi/prod-svoe-vino/strapi/uploads/Mantra_estet_debd351910.webp,
dataset/uploads_root/prod-svoe-vino-strapi/prod-svoe-vino/strapi/uploads/Marchenko_6ac1fcd2fc.webp,
dataset/uploads_root/prod-svoe-vino-strapi/prod-svoe-vino/strapi/uploads/Marchenko_bez_fona_63411fbb4f.webp,
dataset/uploads_root/prod-svoe-vino-strapi/prod-svoe-vino/strapi/uploads/Margarita_2023_47752d294f.webp,margarita
dataset/uploads_root/prod-svoe-vino-strapi/prod-svoe-vino/strapi/uploads/Margarita_22_49dd66061b.webp,wine-1
dataset/uploads_root/prod-svoe-vino-strapi/prod-svoe-vino/strapi/uploads/Marko_3_copy_15d824a27e.webp,
dataset/uploads_root/prod-svoe-vino-strapi/prod-svoe-vino/strapi/uploads/Marsan2_63527d80b2.webp,
dataset/uploads_root/prod-svoe-vino-strapi/prod-svoe-vino/strapi/uploads/Marsan3_97291c74a8.webp,
dataset/uploads_root/prod-svoe-vino-strapi/prod-svoe-vino/strapi/uploads/Marselan10_1_f2e81b75b1.webp,
dataset/uploads_root/prod-svoe-vino-strapi/prod-svoe-vino/strapi/uploads/Marselan10_56ac777350.webp,
dataset/uploads_root/prod-svoe-vino-strapi/prod-svoe-vino/strapi/uploads/Marselan10_b607b8c545.webp,
dataset/uploads_root/prod-svoe-vino-strapi/prod-svoe-vino/strapi/uploads/Marselan_1858bd3d4e.webp,
dataset/uploads_root/prod-svoe-vino-strapi/prod-svoe-vino/strapi/uploads/Martini1_18c8fffc89.webp,
dataset/uploads_root/prod-svoe-vino-strapi/prod-svoe-vino/strapi/uploads/Martini1_674002cd9e.webp,
dataset/uploads_root/prod-svoe-vino-strapi/prod-svoe-vino/strapi/uploads/Martini2_with_orange_juice_be2e98e055.webp,
dataset/uploads_root/prod-svoe-vino-strapi/prod-svoe-vino/strapi/uploads/Maskaga_ca4d94c3ec.webp,
dataset/uploads_root/prod-svoe-vino-strapi/prod-svoe-vino/strapi/uploads/Maslenicza_s_redakcziej_Svoyo_Vino_970c5ee27a.webp,
dataset/uploads_root/prod-svoe-vino-strapi/prod-svoe-vino/strapi/uploads/Massandra2_05319333e2.webp,
dataset/uploads_root/prod-svoe-vino-strapi/prod-svoe-vino/strapi/uploads/Massandra_Heres_f281a9d608.webp,massandra-heres
dataset/uploads_root/prod-svoe-vino-strapi/prod-svoe-vino/strapi/uploads/Massandra_Kokur_1fa858a17c.webp,massandra-kokur
dataset/uploads_root/prod-svoe-vino-strapi/prod-svoe-vino/strapi/uploads/Massandra_Madera_Krymskaya_42f85c120a.webp,madera-krymskaya
dataset/uploads_root/prod-svoe-vino-strapi/prod-svoe-vino/strapi/uploads/Massandra_Muskat_94b702fe3b.webp,massandra-muskat
dataset/uploads_root/prod-svoe-vino-strapi/prod-svoe-vino/strapi/uploads/Massandra_Portvejn_belyj_Surozh_5476f24b50.webp,portvejn-surozh
dataset/uploads_root/prod-svoe-vino-strapi/prod-svoe-vino/strapi/uploads/Massandra_d2b180bbb2.webp,
dataset/uploads_root/prod-svoe-vino-strapi/prod-svoe-vino/strapi/uploads/Massandra_muskat_pozdnego_sbora_032faff0e3.webp,
dataset/uploads_root/prod-svoe-vino-strapi/prod-svoe-vino/strapi/uploads/Massandra_muskat_pozdnego_sbora_cb83a9e76d.webp,
dataset/uploads_root/prod-svoe-vino-strapi/prod-svoe-vino/strapi/uploads/Massandra_rsk2_84539d8311.webp,
dataset/uploads_root/prod-svoe-vino-strapi/prod-svoe-vino/strapi/uploads/Massandra_rsk3_4739ebdc3e.webp,
dataset/uploads_root/prod-svoe-vino-strapi/prod-svoe-vino/strapi/uploads/Massandra_rsk_d9cc3fc151.webp,
dataset/uploads_root/prod-svoe-vino-strapi/prod-svoe-vino/strapi/uploads/Massandra_suhoe_rozovoe_218d80e12d.webp,massandra-rozovoe-suhoe
dataset/uploads_root/prod-svoe-vino-strapi/prod-svoe-vino/strapi/uploads/Meritazh_80196a1ff6.webp,mancopia-meritazh
dataset/uploads_root/prod-svoe-vino-strapi/prod-svoe-vino/strapi/uploads/Merlo2_354df76975.webp,
dataset/uploads_root/prod-svoe-vino-strapi/prod-svoe-vino/strapi/uploads/Merlo2_3772c937cb.webp,
dataset/uploads_root/prod-svoe-vino-strapi/prod-svoe-vino/strapi/uploads/Merlo2_92c9fc8a90.webp,
dataset/uploads_root/prod-svoe-vino-strapi/prod-svoe-vino/strapi/uploads/Merlo_14_f0e42dbdb6.webp,
dataset/uploads_root/prod-svoe-vino-strapi/prod-svoe-vino/strapi/uploads/Merlo_2022_255392430a.webp,perovskih_merlo
dataset/uploads_root/prod-svoe-vino-strapi/prod-svoe-vino/strapi/uploads/Merlo_2022_no_bg_preview_carve_photos_36278cfc22.webp,vinodelnya-byurne-merlo-krasnoe-suhoe-14
dataset/uploads_root/prod-svoe-vino-strapi/prod-svoe-vino/strapi/uploads/Merlo_6_75114f5a00.jpg,
dataset/uploads_root/prod-svoe-vino-strapi/prod-svoe-vino/strapi/uploads/Merlo_Abrau_Dyurso_907ebb85f7.webp,
dataset/uploads_root/prod-svoe-vino-strapi/prod-svoe-vino/strapi/uploads/Mezenka_Kaberne_Fran_33fd19b800.webp,katharon-mezenka-kaberne-fran
dataset/uploads_root/prod-svoe-vino-strapi/prod-svoe-vino/strapi/uploads/Mezenka_Kaberne_Fran_Merlo_roze_7c0d7f9e13.webp,katharon-mezenka-kaberne-fran-merlo
dataset/uploads_root/prod-svoe-vino-strapi/prod-svoe-vino/strapi/uploads/Mezenka_Merlo_a57948ccce.webp,katharon-mezenka-merlo
dataset/uploads_root/prod-svoe-vino-strapi/prod-svoe-vino/strapi/uploads/Mezenka_Sira_29468a4464.webp,katharon-mezenka-sira
dataset/uploads_root/prod-svoe-vino-strapi/prod-svoe-vino/strapi/uploads/Mezenka_Sovinon_blan_d042166bd2.webp,katharon-mezenka-sovinon-blan
dataset/uploads_root/prod-svoe-vino-strapi/prod-svoe-vino/strapi/uploads/Mezhdu_prostynyami_c111cedd81.webp,
dataset/uploads_root/prod-svoe-vino-strapi/prod-svoe-vino/strapi/uploads/Mihail_Nikolaev_31b3ca29e7.webp,
dataset/uploads_root/prod-svoe-vino-strapi/prod-svoe-vino/strapi/uploads/Mihail_Nikolaev_7a11e43846.webp,
dataset/uploads_root/prod-svoe-vino-strapi/prod-svoe-vino/strapi/uploads/Milstrim_2_9113560a31.webp,
dataset/uploads_root/prod-svoe-vino-strapi/prod-svoe-vino/strapi/uploads/Milstrim_Sellar_Cellar_BLANC_DE_BLANCS_Ekstra_bryut_5f039ba36e.webp,millstream-cellar-blanc-de-blanc-ekstra-bryut-beloe
dataset/uploads_root/prod-svoe-vino-strapi/prod-svoe-vino/strapi/uploads/Milstrim_Sellar_Cellar_Blend_4_suhoe_krasnoe_b6bf6ca178.webp,millstream-cellar-rezerv-blend-4
dataset/uploads_root/prod-svoe-vino-strapi/prod-svoe-vino/strapi/uploads/Milstrim_Sellar_Cellar_Selekt_Blend_Avtohtonov_e81e864b68.webp,millstream-cellar-select-blend-avtohtonov
dataset/uploads_root/prod-svoe-vino-strapi/prod-svoe-vino/strapi/uploads/Milstrim_Sellar_Cellar_Selekt_KABERNE_SOVINON_b985f964b3.webp,millstream-cellar-select-kaberne-sovinon
dataset/uploads_root/prod-svoe-vino-strapi/prod-svoe-vino/strapi/uploads/Milstrim_Sellar_Cellar_Selekt_Krasnostop_zolotovskij_226fd9ead3.webp,millstream-cellar-select-krasnostop-zolotovskij
dataset/uploads_root/prod-svoe-vino-strapi/prod-svoe-vino/strapi/uploads/Milstrim_Sellar_Cellar_Selekt_SAPERAVI_suhoe_krasnoe_b3fd335b8d.webp,millstream-cellar-select-saperavi
dataset/uploads_root/prod-svoe-vino-strapi/prod-svoe-vino/strapi/uploads/Milstrim_Sellar_Cellar_klassicheskoe_beloe_polusuhoe_a72226a735.webp,millstream-cellar-vyderzhannoe-igristoe-polusuhoe-beloe
dataset/uploads_root/prod-svoe-vino-strapi/prod-svoe-vino/strapi/uploads/Mimoza_aea479cbe1.webp,
dataset/uploads_root/prod-svoe-vino-strapi/prod-svoe-vino/strapi/uploads/Miroir_De_Talu_Krasnostop_35f7acf3cd.webp,miroir-de-talu-merlot-krasnostop
dataset/uploads_root/prod-svoe-vino-strapi/prod-svoe-vino/strapi/uploads/Miroir_De_Talu_Merlot_Cabernet_Sauvignon_477ed75989.webp,miroir-de-talu-merlot-cabernet-sauvignon
dataset/uploads_root/prod-svoe-vino-strapi/prod-svoe-vino/strapi/uploads/Mojito_2bb0ef4b42.webp,
dataset/uploads_root/prod-svoe-vino-strapi/prod-svoe-vino/strapi/uploads/Mojito_e435630d93.webp,
dataset/uploads_root/prod-svoe-vino-strapi/prod-svoe-vino/strapi/uploads/Mokap_shardone_2023_af03bb23ca.webp,shardone-barrel-2023
dataset/uploads_root/prod-svoe-vino-strapi/prod-svoe-vino/strapi/uploads/Molchanov_2_ed6f29a8d5.webp,
dataset/uploads_root/prod-svoe-vino-strapi/prod-svoe-vino/strapi/uploads/Molchanov_69ace68bf9.webp,
dataset/uploads_root/prod-svoe-vino-strapi/prod-svoe-vino/strapi/uploads/Molchanovy2_f0e1064f3d.webp,
dataset/uploads_root/prod-svoe-vino-strapi/prod-svoe-vino/strapi/uploads/Molodoe_Atlas_2025_Normal_Beloe_da0ba8a14a.webp,molodoe-shato-taman
dataset/uploads_root/prod-svoe-vino-strapi/prod-svoe-vino/strapi/uploads/Molodoe_Atlas_2025_Normal_Krasnoe_748e72dcb7.webp,molodoe-shato-taman-1
dataset/uploads_root/prod-svoe-vino-strapi/prod-svoe-vino/strapi/uploads/Montepulciano_Cabernet_Franc_Petit_Verdot_2022_8dbdbb9a91.webp,
dataset/uploads_root/prod-svoe-vino-strapi/prod-svoe-vino/strapi/uploads/Montepulciano_Cabernet_Franc_Petit_Verdot_2022_a0287de27c.webp,vibes-montepulchano-kaberne-fran-pti-verdo
dataset/uploads_root/prod-svoe-vino-strapi/prod-svoe-vino/strapi/uploads/Morskoj_briz_s_vodkoj_92f76ac313.webp,
dataset/uploads_root/prod-svoe-vino-strapi/prod-svoe-vino/strapi/uploads/Moskato_Rozovyj_11e3beb581.webp,
dataset/uploads_root/prod-svoe-vino-strapi/prod-svoe-vino/strapi/uploads/Moskato_beloe_polusladkoe_bce522a309.webp,zb-vajn-moskato-polusladkoe-beloe
dataset/uploads_root/prod-svoe-vino-strapi/prod-svoe-vino/strapi/uploads/Murvedr1_aae468ff3e.webp,
dataset/uploads_root/prod-svoe-vino-strapi/prod-svoe-vino/strapi/uploads/Muskat_1_43b8a5b667.jpg,
dataset/uploads_root/prod-svoe-vino-strapi/prod-svoe-vino/strapi/uploads/Muskat_2024_ff79889a1b.webp,perovskih_muskat
dataset/uploads_root/prod-svoe-vino-strapi/prod-svoe-vino/strapi/uploads/Muskat_308550f676.webp,
dataset/uploads_root/prod-svoe-vino-strapi/prod-svoe-vino/strapi/uploads/Muskat_4_40612545b8.jpeg,
dataset/uploads_root/prod-svoe-vino-strapi/prod-svoe-vino/strapi/uploads/Muskat_4b2f12e649.webp,balaklava-muskat
dataset/uploads_root/prod-svoe-vino-strapi/prod-svoe-vino/strapi/uploads/Muskat_648c0fbc3f.webp,
dataset/uploads_root/prod-svoe-vino-strapi/prod-svoe-vino/strapi/uploads/Muskat_89840cce92.webp,
dataset/uploads_root/prod-svoe-vino-strapi/prod-svoe-vino/strapi/uploads/Muskat_Kaberne_p_sl_7faf5a7173.webp,zhemchuzhnaya-9-muskat-rozovyj-kaberne-sovinon
dataset/uploads_root/prod-svoe-vino-strapi/prod-svoe-vino/strapi/uploads/Muskat_Oranzh_ca7932fac1.webp,leto-muskat-oranzh-2024-suhoe-vino
dataset/uploads_root/prod-svoe-vino-strapi/prod-svoe-vino/strapi/uploads/Muskat_Ott_kavirgis2_0f416d61ab.webp,
dataset/uploads_root/prod-svoe-vino-strapi/prod-svoe-vino/strapi/uploads/Muskat_Pino_Gri_suh_bbbbbf5ff9.webp,zhemchuzhnaya-9-muskat-rozovyj-pino-gri
dataset/uploads_root/prod-svoe-vino-strapi/prod-svoe-vino/strapi/uploads/Muskat_RV_e126ac7dc7.webp,
dataset/uploads_root/prod-svoe-vino-strapi/prod-svoe-vino/strapi/uploads/Muskat_bel_suh_ac5bd6022d.webp,aratti-muskat-belyj-suhoe
dataset/uploads_root/prod-svoe-vino-strapi/prod-svoe-vino/strapi/uploads/Muskat_d58579a0e1.webp,
dataset/uploads_root/prod-svoe-vino-strapi/prod-svoe-vino/strapi/uploads/Muskat_oranzh_2024_55882c1c4d.webp,perovskih_muskat_orange
dataset/uploads_root/prod-svoe-vino-strapi/prod-svoe-vino/strapi/uploads/Muskat_p_suh_342e91568f.webp,aratti-muskat-belyj-polusuhoe
dataset/uploads_root/prod-svoe-vino-strapi/prod-svoe-vino/strapi/uploads/Muzejno_istoricheskij_kompleks_Abrau_Dyurso_1ae8f5123d.webp,
dataset/uploads_root/prod-svoe-vino-strapi/prod-svoe-vino/strapi/uploads/Muzejno_istoricheskij_kompleks_Abrau_Dyurso_56de34791a.webp,
dataset/uploads_root/prod-svoe-vino-strapi/prod-svoe-vino/strapi/uploads/Myshako_6afe2926cb.webp,
dataset/uploads_root/prod-svoe-vino-strapi/prod-svoe-vino/strapi/uploads/Myshako_80885eb73a.webp,
dataset/uploads_root/prod-svoe-vino-strapi/prod-svoe-vino/strapi/uploads/Myshako_92d8655444.webp,
dataset/uploads_root/prod-svoe-vino-strapi/prod-svoe-vino/strapi/uploads/Myshako_Green_Cape_Sovinon_Blan_beloe_suhoe_cfddcfd9d5.webp,green-cape-sovinon-blan
dataset/uploads_root/prod-svoe-vino-strapi/prod-svoe-vino/strapi/uploads/Myshako_Grin_Kejp_Risling_db31ed429d.webp,green-cape-risling
dataset/uploads_root/prod-svoe-vino-strapi/prod-svoe-vino/strapi/uploads/Myshako_e4ad33f1ac.webp,
dataset/uploads_root/prod-svoe-vino-strapi/prod-svoe-vino/strapi/uploads/Myshako_grin_kejp_shardone_e8511bbe5d.webp,myshako-green-cape-shardone-beloe-bryut
dataset/uploads_root/prod-svoe-vino-strapi/prod-svoe-vino/strapi/uploads/Myshako_igristoe_bryut_beloe_d8ba526bcc.webp,myshako-igristoe-beloe-bryut
dataset/uploads_root/prod-svoe-vino-strapi/prod-svoe-vino/strapi/uploads/Myshako_igristoe_polusladkoe_beloe_846a405f2a.webp,myshako-igristoe-beloe-polusladkoe
dataset/uploads_root/prod-svoe-vino-strapi/prod-svoe-vino/strapi/uploads/Myshako_obrezka2_d44eea405c.webp,
dataset/uploads_root/prod-svoe-vino-strapi/prod-svoe-vino/strapi/uploads/Myshako_obrezka_154f88dca5.webp,
dataset/uploads_root/prod-svoe-vino-strapi/prod-svoe-vino/strapi/uploads/Myskako_wine1_935955a8a2_66e3e79d00.webp,
dataset/uploads_root/prod-svoe-vino-strapi/prod-svoe-vino/strapi/uploads/Myuller_Turgau2t_f93964af39.webp,
dataset/uploads_root/prod-svoe-vino-strapi/prod-svoe-vino/strapi/uploads/Myuller_Turgau_1_a27c963015.webp,
dataset/uploads_root/prod-svoe-vino-strapi/prod-svoe-vino/strapi/uploads/Naomi_22_61d7c5eeff.webp,naomi-2022
dataset/uploads_root/prod-svoe-vino-strapi/prod-svoe-vino/strapi/uploads/Naomi_23_206944817c.webp,naomi-2023
dataset/uploads_root/prod-svoe-vino-strapi/prod-svoe-vino/strapi/uploads/Nastojki_na_vodke_2c4d5d987f.webp,
dataset/uploads_root/prod-svoe-vino-strapi/prod-svoe-vino/strapi/uploads/Nebbiolo2_4d0ba59b1e.webp,
dataset/uploads_root/prod-svoe-vino-strapi/prod-svoe-vino/strapi/uploads/Nebbiolo3_3595beb1b9.webp,
dataset/uploads_root/prod-svoe-vino-strapi/prod-svoe-vino/strapi/uploads/Nebbiolo3_ba24b1abe3.webp,
dataset/uploads_root/prod-svoe-vino-strapi/prod-svoe-vino/strapi/uploads/Negroni_51a7727913.webp,
dataset/uploads_root/prod-svoe-vino-strapi/prod-svoe-vino/strapi/uploads/Negroni_ffad1c321e.webp,
dataset/uploads_root/prod-svoe-vino-strapi/prod-svoe-vino/strapi/uploads/Nero_Davola_487419e45c.jpeg,
dataset/uploads_root/prod-svoe-vino-strapi/prod-svoe-vino/strapi/uploads/Nero_Davola_b264db7e63.webp,
dataset/uploads_root/prod-svoe-vino-strapi/prod-svoe-vino/strapi/uploads/Nesterov_2_b5c99d1f58.webp,
dataset/uploads_root/prod-svoe-vino-strapi/prod-svoe-vino/strapi/uploads/Nesterovy_3448bbcee7.webp,
dataset/uploads_root/prod-svoe-vino-strapi/prod-svoe-vino/strapi/uploads/Nevi_Grog_f3867a4d78.webp,
dataset/uploads_root/prod-svoe-vino-strapi/prod-svoe-vino/strapi/uploads/Nikita_Dubinin_3feb4adf35.webp,
dataset/uploads_root/prod-svoe-vino-strapi/prod-svoe-vino/strapi/uploads/Nikolaev_i_synovya3_06837f92d8.webp,
dataset/uploads_root/prod-svoe-vino-strapi/prod-svoe-vino/strapi/uploads/Nikolaev_i_synovya_103c21d18c.webp,
dataset/uploads_root/prod-svoe-vino-strapi/prod-svoe-vino/strapi/uploads/Nikolaev_i_synovya_285f86ef4e.webp,
dataset/uploads_root/prod-svoe-vino-strapi/prod-svoe-vino/strapi/uploads/Nikolaev_i_synovya_2_0504058be2.webp,
dataset/uploads_root/prod-svoe-vino-strapi/prod-svoe-vino/strapi/uploads/Nikolaev_i_synovya_3dc4659d69.webp,
dataset/uploads_root/prod-svoe-vino-strapi/prod-svoe-vino/strapi/uploads/Nikolaev_i_synovya_4a7e0d4aa2.webp,
dataset/uploads_root/prod-svoe-vino-strapi/prod-svoe-vino/strapi/uploads/Nikolaev_i_synovya_559f0a3fe1.webp,
dataset/uploads_root/prod-svoe-vino-strapi/prod-svoe-vino/strapi/uploads/Nikolaev_i_synovya_8d8a91fe49.webp,
dataset/uploads_root/prod-svoe-vino-strapi/prod-svoe-vino/strapi/uploads/Nikolaev_i_synovya_98d8da9e3b.webp,
dataset/uploads_root/prod-svoe-vino-strapi/prod-svoe-vino/strapi/uploads/Nikolaev_i_synovya_ca7777bc01.webp,
dataset/uploads_root/prod-svoe-vino-strapi/prod-svoe-vino/strapi/uploads/Nikolaev_i_synovya_list_72b41566a8.webp,
dataset/uploads_root/prod-svoe-vino-strapi/prod-svoe-vino/strapi/uploads/Nikolaj_Polisskij_07d96ddf1a.webp,
dataset/uploads_root/prod-svoe-vino-strapi/prod-svoe-vino/strapi/uploads/Nikolaj_Polisskij_e47b2adbcb.webp,
dataset/uploads_root/prod-svoe-vino-strapi/prod-svoe-vino/strapi/uploads/Nosorog_noch_bdcfc8be7f.webp,nosorog-night
dataset/uploads_root/prod-svoe-vino-strapi/prod-svoe-vino/strapi/uploads/Nosorog_zolotoj_17ef77cf25.webp,nosorog-gold
dataset/uploads_root/prod-svoe-vino-strapi/prod-svoe-vino/strapi/uploads/Novaya_liniya_rozliva_igristyh_Fanagoriya_1413b4d729.webp,
dataset/uploads_root/prod-svoe-vino-strapi/prod-svoe-vino/strapi/uploads/Novinka_Igristyj_chaj_Abrau_Dyurso_a84d1f2ec9.webp,
dataset/uploads_root/prod-svoe-vino-strapi/prod-svoe-vino/strapi/uploads/Novoe_russkoe_vino_gastronomicheskie_vina_a2678bcb47.webp,
dataset/uploads_root/prod-svoe-vino-strapi/prod-svoe-vino/strapi/uploads/Novyj_Svet_Koronaczionnoe_883afb2ab5.webp,
dataset/uploads_root/prod-svoe-vino-strapi/prod-svoe-vino/strapi/uploads/Novyj_soyuz_vinodelov_i_stilej_proekt_Dva_h_Dva_fc85cab887.webp,
dataset/uploads_root/prod-svoe-vino-strapi/prod-svoe-vino/strapi/uploads/Nozhki_indejki_49752e7e88.webp,
dataset/uploads_root/prod-svoe-vino-strapi/prod-svoe-vino/strapi/uploads/O4nl0_Y_Wdgyo6_H_Nd_1775200002_52181b7f44.webp,agora-rosa-viva-beloe-bryut
dataset/uploads_root/prod-svoe-vino-strapi/prod-svoe-vino/strapi/uploads/OTR_02174_61c80c4911.webp,
dataset/uploads_root/prod-svoe-vino-strapi/prod-svoe-vino/strapi/uploads/OTR_04564_64eee1d2c7.webp,
dataset/uploads_root/prod-svoe-vino-strapi/prod-svoe-vino/strapi/uploads/OTR_04960_4779b046bf.webp,
dataset/uploads_root/prod-svoe-vino-strapi/prod-svoe-vino/strapi/uploads/OTR_06182_1_d0ae69b057.jpg,
dataset/uploads_root/prod-svoe-vino-strapi/prod-svoe-vino/strapi/uploads/OTR_06962_1_33874961f7.jpg,
dataset/uploads_root/prod-svoe-vino-strapi/prod-svoe-vino/strapi/uploads/OTR_07785_cf80e1d3b2.webp,
dataset/uploads_root/prod-svoe-vino-strapi/prod-svoe-vino/strapi/uploads/OTR_07798_c5a637c5a0.webp,
dataset/uploads_root/prod-svoe-vino-strapi/prod-svoe-vino/strapi/uploads/OTR_07959_501e67817a.webp,
dataset/uploads_root/prod-svoe-vino-strapi/prod-svoe-vino/strapi/uploads/OTR_08030_9bb3812192.webp,
dataset/uploads_root/prod-svoe-vino-strapi/prod-svoe-vino/strapi/uploads/OTR_08192_464dd59d52.webp,
dataset/uploads_root/prod-svoe-vino-strapi/prod-svoe-vino/strapi/uploads/OTR_08294_a96b1f501a.webp,
dataset/uploads_root/prod-svoe-vino-strapi/prod-svoe-vino/strapi/uploads/OTR_08364_8ca00449c5.webp,
dataset/uploads_root/prod-svoe-vino-strapi/prod-svoe-vino/strapi/uploads/OTR_08388_e766a0e0a7.webp,
dataset/uploads_root/prod-svoe-vino-strapi/prod-svoe-vino/strapi/uploads/OTR_08943_322223569f.webp,
dataset/uploads_root/prod-svoe-vino-strapi/prod-svoe-vino/strapi/uploads/Oblozhka_nano_banana_pro_image_2026_03_21_14_27_02_f9f135d977.webp,
dataset/uploads_root/prod-svoe-vino-strapi/prod-svoe-vino/strapi/uploads/Obshhee_foto_dlya_glavnoj_1f996eb9b4.webp,
dataset/uploads_root/prod-svoe-vino-strapi/prod-svoe-vino/strapi/uploads/Obshhee_foto_dlya_glavnoj_d6c9535bd8.webp,
dataset/uploads_root/prod-svoe-vino-strapi/prod-svoe-vino/strapi/uploads/Obshhee_foto_dlya_glavnoj_d6ef657c5a.webp,
dataset/uploads_root/prod-svoe-vino-strapi/prod-svoe-vino/strapi/uploads/Odesskij_chernyj_limitirovannaya_52bc844aa1.webp,perovskih_odesskiy_chernyi
dataset/uploads_root/prod-svoe-vino-strapi/prod-svoe-vino/strapi/uploads/Oleg2_cba5464997.webp,
dataset/uploads_root/prod-svoe-vino-strapi/prod-svoe-vino/strapi/uploads/Oleg_2fec6ef914.webp,
dataset/uploads_root/prod-svoe-vino-strapi/prod-svoe-vino/strapi/uploads/Oleg_Repin_9fe28009f4.webp,
dataset/uploads_root/prod-svoe-vino-strapi/prod-svoe-vino/strapi/uploads/Olga_Fedorenko_72f6cde3d4.WEBP,
dataset/uploads_root/prod-svoe-vino-strapi/prod-svoe-vino/strapi/uploads/Olya_ava_5b8ba894b5.webp,
dataset/uploads_root/prod-svoe-vino-strapi/prod-svoe-vino/strapi/uploads/Opium_68e7c19bd9.webp,opium
dataset/uploads_root/prod-svoe-vino-strapi/prod-svoe-vino/strapi/uploads/Orange_b3f73ad1d2.webp,orange
dataset/uploads_root/prod-svoe-vino-strapi/prod-svoe-vino/strapi/uploads/Osennij_krasnyj_vinograd_6469036477.webp,
dataset/uploads_root/prod-svoe-vino-strapi/prod-svoe-vino/strapi/uploads/Osnovnoe_1_8cf8b89041.webp,
dataset/uploads_root/prod-svoe-vino-strapi/prod-svoe-vino/strapi/uploads/Osvezhayushhij_klassicheskij_limonad_a3186f64b3.webp,
dataset/uploads_root/prod-svoe-vino-strapi/prod-svoe-vino/strapi/uploads/Osvezhayushhij_ogurechno_myatnyj_kuler_b007c52925.webp,
dataset/uploads_root/prod-svoe-vino-strapi/prod-svoe-vino/strapi/uploads/Otel_Nasonal_e27622652f.webp,
dataset/uploads_root/prod-svoe-vino-strapi/prod-svoe-vino/strapi/uploads/Otvertka_7c9e0c6867.webp,
dataset/uploads_root/prod-svoe-vino-strapi/prod-svoe-vino/strapi/uploads/Ozero_Abrau_1_a09e2d0975.webp,
dataset/uploads_root/prod-svoe-vino-strapi/prod-svoe-vino/strapi/uploads/Ozero_Abrau_506f91b4f9.webp,
dataset/uploads_root/prod-svoe-vino-strapi/prod-svoe-vino/strapi/uploads/Ozero_Abrau_67fdecc1d4.webp,
dataset/uploads_root/prod-svoe-vino-strapi/prod-svoe-vino/strapi/uploads/Ozero_Abrau_8e9f36579e.webp,
dataset/uploads_root/prod-svoe-vino-strapi/prod-svoe-vino/strapi/uploads/P5102415_1fcdfe3160.webp,
dataset/uploads_root/prod-svoe-vino-strapi/prod-svoe-vino/strapi/uploads/P5112488_2ee45b1227_0fc96dcc28.webp,
dataset/uploads_root/prod-svoe-vino-strapi/prod-svoe-vino/strapi/uploads/PDN_00952_8ed0cf500e.webp,
dataset/uploads_root/prod-svoe-vino-strapi/prod-svoe-vino/strapi/uploads/PDN_2730_67d8f5f152.webp,
dataset/uploads_root/prod-svoe-vino-strapi/prod-svoe-vino/strapi/uploads/PETNAT_Czitron_Rkacziteli_prozrachnaya_2_2a66431961.webp,denisov_pet_nat_citron_rkaciteli
dataset/uploads_root/prod-svoe-vino-strapi/prod-svoe-vino/strapi/uploads/PETNAT_Rubin_prozrachnaya_3964ed9fec.webp,denisov_pet_nat_rubin
dataset/uploads_root/prod-svoe-vino-strapi/prod-svoe-vino/strapi/uploads/PKP_0482_c0f0a4caf3.webp,
dataset/uploads_root/prod-svoe-vino-strapi/prod-svoe-vino/strapi/uploads/PKP_0498_6f9162a526.webp,
dataset/uploads_root/prod-svoe-vino-strapi/prod-svoe-vino/strapi/uploads/PKP_0507_ad738a25d2.webp,
dataset/uploads_root/prod-svoe-vino-strapi/prod-svoe-vino/strapi/uploads/PKP_0906_85f92a131e.JPG,
dataset/uploads_root/prod-svoe-vino-strapi/prod-svoe-vino/strapi/uploads/PKP_1377_aff804fd71.webp,
dataset/uploads_root/prod-svoe-vino-strapi/prod-svoe-vino/strapi/uploads/PKP_1786_cca74fbdb1.webp,
dataset/uploads_root/prod-svoe-vino-strapi/prod-svoe-vino/strapi/uploads/PKP_2670_db784e1ab5.webp,
dataset/uploads_root/prod-svoe-vino-strapi/prod-svoe-vino/strapi/uploads/PKP_3122_7bb299382b.webp,
dataset/uploads_root/prod-svoe-vino-strapi/prod-svoe-vino/strapi/uploads/PKP_3214_909b242544.webp,
dataset/uploads_root/prod-svoe-vino-strapi/prod-svoe-vino/strapi/uploads/PKP_3216_53b522641b.webp,
dataset/uploads_root/prod-svoe-vino-strapi/prod-svoe-vino/strapi/uploads/PKP_3233_a367b983ae.webp,
dataset/uploads_root/prod-svoe-vino-strapi/prod-svoe-vino/strapi/uploads/PKP_4265_454753c832.JPG,
dataset/uploads_root/prod-svoe-vino-strapi/prod-svoe-vino/strapi/uploads/PKP_5957_ed39e13fef.webp,
dataset/uploads_root/prod-svoe-vino-strapi/prod-svoe-vino/strapi/uploads/PKP_5973_6b975af00c.webp,
dataset/uploads_root/prod-svoe-vino-strapi/prod-svoe-vino/strapi/uploads/PKP_7282_48f8f2d86b.webp,
dataset/uploads_root/prod-svoe-vino-strapi/prod-svoe-vino/strapi/uploads/PKP_8389_e4475ad9d8.JPG,
dataset/uploads_root/prod-svoe-vino-strapi/prod-svoe-vino/strapi/uploads/PKP_8410_2afa4e13ee.JPG,
dataset/uploads_root/prod-svoe-vino-strapi/prod-svoe-vino/strapi/uploads/PKP_8528_0b4d167b83.webp,
dataset/uploads_root/prod-svoe-vino-strapi/prod-svoe-vino/strapi/uploads/PKP_8528_a72a6c9281.webp,
dataset/uploads_root/prod-svoe-vino-strapi/prod-svoe-vino/strapi/uploads/PKP_9414_Polina_2a623e0c21.webp,
dataset/uploads_root/prod-svoe-vino-strapi/prod-svoe-vino/strapi/uploads/PURITY_Chenin_Blanc_no_bg_preview_carve_photos_7cc1a42466.webp,aya-organic-wine-vineyards-purity-in-chenin-blanc-shenen-blan-beloe-suhoe-11
dataset/uploads_root/prod-svoe-vino-strapi/prod-svoe-vino/strapi/uploads/PU_Sjv7dn_M_Nil_H25_TO_9_Bcb_Am_GBET_cm_W_Ma_Cxit_V_l_m_G_Tr_RJ_KWX_9ci_Ui_Eg_Js_HYWY_2_Kt2y_Ed_Ew_Mm_XQTL_4_M_Eq_K3w_1a4256a4fa.webp,beloe-suhoe
dataset/uploads_root/prod-svoe-vino-strapi/prod-svoe-vino/strapi/uploads/PU_Sjv7dn_M_Nil_H25_TO_9_Bcb_B_f_Zx_Nza_Xse9_Yvayfomyz45k_B47omg8pj9_DLYV_Wx_OE_Jy_AZ_Vfga_W_Ht2_Sel_D_Ifwt_Ne_Q_d24c827e0c.webp,aristov-anima-millesimato
dataset/uploads_root/prod-svoe-vino-strapi/prod-svoe-vino/strapi/uploads/PU_Sjv7dn_M_Nil_H25_TO_9_Bcb_Bjo_R8u_Zy_Sbk_V5_WTE_Jjg3_C_Ky_5_U_v_Ue_Qv_P6o_l_XGG_5q_NED_Mtd_Ztu_Uj_Etjwa_Qrt_TX_Ag_c31d9f8afc.webp,aya-khrustaleva-76-merlot-organik
dataset/uploads_root/prod-svoe-vino-strapi/prod-svoe-vino/strapi/uploads/PU_Sjv7dn_M_Nil_H25_TO_9_Bcb_D_v_EZB_Mijp_NGR_Wvy6u_Ifxk_Fr_Yqzmn_Hkb_TDN_Sql_Q_Sk_M5nnryrf3_Sd_Jnv_NIRGZKU_e_Q_03b44d8031.webp,rozovoe-polusladkoe-1
dataset/uploads_root/prod-svoe-vino-strapi/prod-svoe-vino/strapi/uploads/PU_Sjv7dn_M_Nil_H25_TO_9_Bcb_E_Hx_Fs_Vdacxiw9g14_S_j_Nls_QH_Uw8_Gotsf9_O_Tvh_VAM_2_MP_Fez_WL_9o66c_Kdh_RE_Gsm_Uq_A_d6dd6cde3c.webp,kokur-suhoe
dataset/uploads_root/prod-svoe-vino-strapi/prod-svoe-vino/strapi/uploads/PU_Sjv7dn_M_Nil_H25_TO_9_Bcb_En9_PK_Fsvhom_YYP_8_Jj3i0i_W_Vq_QI_0_rk_Ndc_Yu_Xgsc_T6_Rd_VKB_Qs_Wg_R2u7_Opn2_Pybli1_A_b0cf4df1eb.webp,cru-lermont-risling
dataset/uploads_root/prod-svoe-vino-strapi/prod-svoe-vino/strapi/uploads/PU_Sjv7dn_M_Nil_H25_TO_9_Bcb_FBPZSZMWHW_C96_w_Sl_B_Ivm4j7_Som_Vif_Cn_Wb_Cxb_VPT_4yr_DB_1uyf_ORJ_Yphzw_KV_Ywj_Q_f45fac7d4e.webp,rozovoe-bryut-1
dataset/uploads_root/prod-svoe-vino-strapi/prod-svoe-vino/strapi/uploads/PU_Sjv7dn_M_Nil_H25_TO_9_Bcb_FN_55l_Pr_Hs_K4e_S_Lja8tm9_Ur62n50_Pyxhl_RO_1_RU_4s3e_N_Zb1_Yq_GT_4_HJPD_77_Qg_W_Tf3_Ng_e4a467fffd.webp,avtohtonnoe-vino-kryma-beloe-suhoe
dataset/uploads_root/prod-svoe-vino-strapi/prod-svoe-vino/strapi/uploads/PU_Sjv7dn_M_Nil_H25_TO_9_Bcb_FVF_44_K64e2g_ZN_Sf1_Dla_R91_I_Bz4igu_F_Sby3dv31_Ew0g_Cz_Asn_No_G_SX_Bvl9_U3t_P7_B_Dw_12f081f20b.webp,
dataset/uploads_root/prod-svoe-vino-strapi/prod-svoe-vino/strapi/uploads/PU_Sjv7dn_M_Nil_H25_TO_9_Bcb_FVF_44_K64e2g_ZN_Sf1_Dla_R91_I_Bz4igu_F_Sby3dv31_Ew0g_Cz_Asn_No_G_SX_Bvl9_U3t_P7_B_Dw_c987270183.webp,
dataset/uploads_root/prod-svoe-vino-strapi/prod-svoe-vino/strapi/uploads/PU_Sjv7dn_M_Nil_H25_TO_9_Bcb_Fq_WE_Fmk_HJ_5_O_Xnj_Got_CN_vax_0croyl_P_3x_Y_Xp_E34_B238k_V_Muxth_JLK_Hv_6_IW_4_L_Ig_0e234892f1.webp,rozovoe-polusladkoe
dataset/uploads_root/prod-svoe-vino-strapi/prod-svoe-vino/strapi/uploads/PU_Sjv7dn_M_Nil_H25_TO_9_Bcb_G_Lfwi_SE_8_H5cq_Xo_T_Ec1_yac_Fq_C67_G_Bdpq_E3_H_Xb_Aj_Cyq73a90_Q8_Kp_BC_64_Bcw_S_Wo_Q_a100d7b92b.webp,rozovoe-bryut
dataset/uploads_root/prod-svoe-vino-strapi/prod-svoe-vino/strapi/uploads/PU_Sjv7dn_M_Nil_H25_TO_9_Bcb_HX_Ipy_m_U_Tr_Wd50_Scq_Gjhv_Z2m_AVX_4zqqc_ETZ_Rz075dvr_A_Xeagyogp_Hml_Zh_I3_IH_Jb_Q_3b5c66876c.webp,rkacziteli-beloe-suhoe
dataset/uploads_root/prod-svoe-vino-strapi/prod-svoe-vino/strapi/uploads/PU_Sjv7dn_M_Nil_H25_TO_9_Bcb_Hkhy9_G_Pz_I7_Uik_Trjq_Au_OFZ_YN_4_SE_Pto_I_Mm_Biu_J5iq0y_In803bn9p7xk_Fdrk_Wgmf5_A_229f378cb8.webp,shardone-rezerv
dataset/uploads_root/prod-svoe-vino-strapi/prod-svoe-vino/strapi/uploads/PU_Sjv7dn_M_Nil_H25_TO_9_Bcb_Ibf_SU_67q_XP_Tkd6_Y5_OIE_T_Oc_QS_Ua_S_2_C_87ope9zes_Jn82p4_L47_By9_VO_Gsbunuo_Ug_9aa6ca9ebe.webp,shardone-1
dataset/uploads_root/prod-svoe-vino-strapi/prod-svoe-vino/strapi/uploads/PU_Sjv7dn_M_Nil_H25_TO_9_Bcb_Ldza_JNH_1_Hv9_W_Or_Hokzv1ehc6k_Ky_O_Sa_NL_81_Blk2_Wzh_W9_BBPU_9ky_PHC_Zl_Df_I0_Sstz_Q_7a31558363.webp,rozovoe-bryut-spumante
dataset/uploads_root/prod-svoe-vino-strapi/prod-svoe-vino/strapi/uploads/PU_Sjv7dn_M_Nil_H25_TO_9_Bcb_M8_AKD_4_B2_Y2_Z_Siq4lp0vl_NDQ_1_Im_Kjlu_Vnc_Wpupc0tii_Ai_C0_S_Jlrf_F34yl_QF_Vb_Wx_BQ_6bf5975f02.webp,winemaker-selection
dataset/uploads_root/prod-svoe-vino-strapi/prod-svoe-vino/strapi/uploads/PU_Sjv7dn_M_Nil_H25_TO_9_Bcb_Pd_Yfu_Vd_Fztw_O_Jbguw7qrtonw_KE_4g_Yx_Kvy_Gu7_XT_Uol_KPA_Hgei_CO_Qicppgq_Kd_Ef_Gg_030a72f094.webp,aristov-anima-pinot-grigio-blush
dataset/uploads_root/prod-svoe-vino-strapi/prod-svoe-vino/strapi/uploads/PU_Sjv7dn_M_Nil_H25_TO_9_Bcb_Pv_EK_1_Fhd_Y8_N_Chl65_03i_I_Rbe662_P_Itcwol_Ea035_C3g_Q_Vz_Ms_L6_Qa_Ptitt_N_Ij_G_Pfq_Ow_6227b012ea.webp,di-caspico-rozovoe-bryut
dataset/uploads_root/prod-svoe-vino-strapi/prod-svoe-vino/strapi/uploads/PY_7_A0034_Edit_1_4300e31f7f.webp,
dataset/uploads_root/prod-svoe-vino-strapi/prod-svoe-vino/strapi/uploads/PY_7_A0034_Edit_1_ad85f88381.webp,
dataset/uploads_root/prod-svoe-vino-strapi/prod-svoe-vino/strapi/uploads/PY_7_A0888_Edit_9d485d9041.webp,
dataset/uploads_root/prod-svoe-vino-strapi/prod-svoe-vino/strapi/uploads/PY_7_A9822_Edit_2_4c222e52fe.webp,
dataset/uploads_root/prod-svoe-vino-strapi/prod-svoe-vino/strapi/uploads/PY_7_A9877_bfea762165.webp,
dataset/uploads_root/prod-svoe-vino-strapi/prod-svoe-vino/strapi/uploads/Papaugaj_a_3563685fd8.jpg,
dataset/uploads_root/prod-svoe-vino-strapi/prod-svoe-vino/strapi/uploads/Pavel_Peppershtejn_4918187f16.webp,
dataset/uploads_root/prod-svoe-vino-strapi/prod-svoe-vino/strapi/uploads/Pavel_Peppershtejn_5badf766fe.webp,
dataset/uploads_root/prod-svoe-vino-strapi/prod-svoe-vino/strapi/uploads/Pavel_Titov_prezident_Gruppy_kompanij_Abrau_Dyurso_s_nagradoj_rejtinga_Top100_Wines_757bb56b8f_6a505b02ae_9bd5075d9d.webp,
dataset/uploads_root/prod-svoe-vino-strapi/prod-svoe-vino/strapi/uploads/Pavel_Titov_prezident_Gruppy_kompanij_Abrau_Dyurso_s_nagradoj_rejtinga_Top100_Wines_757bb56b8f_6a505b02ae_b8c0b78c88.webp,
dataset/uploads_root/prod-svoe-vino-strapi/prod-svoe-vino/strapi/uploads/Pazori_Risling_e5de844d95.webp,denisov_pazori_risling
dataset/uploads_root/prod-svoe-vino-strapi/prod-svoe-vino/strapi/uploads/Pedro_Himenes1_2e24dbe5bb.webp,
dataset/uploads_root/prod-svoe-vino-strapi/prod-svoe-vino/strapi/uploads/Pedro_Himenes2f_497ad5dca1.webp,
dataset/uploads_root/prod-svoe-vino-strapi/prod-svoe-vino/strapi/uploads/Pejnkiller_8aa80407e0.webp,
dataset/uploads_root/prod-svoe-vino-strapi/prod-svoe-vino/strapi/uploads/Pervoe_avtorskoe_vino_Alekseya_Chernegi_ae3b26a7d8.webp,
dataset/uploads_root/prod-svoe-vino-strapi/prod-svoe-vino/strapi/uploads/Photo_84_290e86698b.webp,
dataset/uploads_root/prod-svoe-vino-strapi/prod-svoe-vino/strapi/uploads/Photo_Gubrenko_ru_095_4f52f53d81.webp,
dataset/uploads_root/prod-svoe-vino-strapi/prod-svoe-vino/strapi/uploads/Photo_Gubrenko_ru_121_ff68c35ce4.webp,
dataset/uploads_root/prod-svoe-vino-strapi/prod-svoe-vino/strapi/uploads/Pina_Colada_799b0a740c.webp,
dataset/uploads_root/prod-svoe-vino-strapi/prod-svoe-vino/strapi/uploads/Pina_Colada_ac2a1d0ec3.webp,
dataset/uploads_root/prod-svoe-vino-strapi/prod-svoe-vino/strapi/uploads/Pineau_des_Charentes_Vieux_360b0250f9.webp,
dataset/uploads_root/prod-svoe-vino-strapi/prod-svoe-vino/strapi/uploads/Pino_Blan2_2e1cacc40f.webp,
dataset/uploads_root/prod-svoe-vino-strapi/prod-svoe-vino/strapi/uploads/Pino_Blan_2024_png_90e045b51f.webp,
dataset/uploads_root/prod-svoe-vino-strapi/prod-svoe-vino/strapi/uploads/Pino_Blan_263b04165c.webp,
dataset/uploads_root/prod-svoe-vino-strapi/prod-svoe-vino/strapi/uploads/Pino_Blan_3_816116f51b.webp,
dataset/uploads_root/prod-svoe-vino-strapi/prod-svoe-vino/strapi/uploads/Pino_Blan_4f2900e7cb.webp,
dataset/uploads_root/prod-svoe-vino-strapi/prod-svoe-vino/strapi/uploads/Pino_Gri2_4fc806861d.webp,
dataset/uploads_root/prod-svoe-vino-strapi/prod-svoe-vino/strapi/uploads/Pino_Gri_2024_png_075e66412a.webp,
dataset/uploads_root/prod-svoe-vino-strapi/prod-svoe-vino/strapi/uploads/Pino_Gri_2024_png_dfdc226332.webp,b-yu-rne-pino-gri-beloe-suhoe
dataset/uploads_root/prod-svoe-vino-strapi/prod-svoe-vino/strapi/uploads/Pino_Gri_2025_pozdnij_sbor_png_4dc63be6e9.webp,b-yu-rne-pino-gri-pozdnij-sbor-sladkoe-beloe
dataset/uploads_root/prod-svoe-vino-strapi/prod-svoe-vino/strapi/uploads/Pino_Gri_76fc8e544f.webp,
dataset/uploads_root/prod-svoe-vino-strapi/prod-svoe-vino/strapi/uploads/Pino_Gri_Pino_Nuar_suh_9c75ca2f52.webp,zhemchuzhnaya-9-pino-gri-pino-nuar
dataset/uploads_root/prod-svoe-vino-strapi/prod-svoe-vino/strapi/uploads/Pino_Nuar2_2_6dcadabd22.jpg,
dataset/uploads_root/prod-svoe-vino-strapi/prod-svoe-vino/strapi/uploads/Pino_Nuar2_6c049e4c48.webp,
dataset/uploads_root/prod-svoe-vino-strapi/prod-svoe-vino/strapi/uploads/Pino_Nuar3_8f666dc69e.webp,
dataset/uploads_root/prod-svoe-vino-strapi/prod-svoe-vino/strapi/uploads/Pino_Nuar_9d44253b83.webp,
dataset/uploads_root/prod-svoe-vino-strapi/prod-svoe-vino/strapi/uploads/Pino_Nuar_Muskat_p_sl_7adf03cd48.webp,zhemchuzhnaya-9-pino-nuar-muskat-rozovyj-2
dataset/uploads_root/prod-svoe-vino-strapi/prod-svoe-vino/strapi/uploads/Pino_Nuar_Muskat_p_suh_6f84a398e4.webp,zhemchuzhnaya-9-pino-nuar-muskat-rozovyj-1
dataset/uploads_root/prod-svoe-vino-strapi/prod-svoe-vino/strapi/uploads/Pino_Nuar_Muskat_suh_82108c8383.webp,zhemchuzhnaya-9-pino-nuar-muskat-rozovyj
dataset/uploads_root/prod-svoe-vino-strapi/prod-svoe-vino/strapi/uploads/Pino_Nuar_c7e769ab8f.webp,balaklava-pino-nuar
dataset/uploads_root/prod-svoe-vino-strapi/prod-svoe-vino/strapi/uploads/Pino_Nuar_f61fab92af.webp,
dataset/uploads_root/prod-svoe-vino-strapi/prod-svoe-vino/strapi/uploads/Pino_Nuar_fca6ba49ed.webp,
dataset/uploads_root/prod-svoe-vino-strapi/prod-svoe-vino/strapi/uploads/Pixar_img_6a0af0c62c.webp,
dataset/uploads_root/prod-svoe-vino-strapi/prod-svoe-vino/strapi/uploads/Pjzijc_Tq_X_Qz_JBU_Jz8658b_s53_Gm20vc_F8d_A_Xy_A46e5_BJ_Uc_N_Yffx_F3co_T_Vgmw6i_Q_Tm4_G8_KAW_Nb_Mv25_ZT_5_Yr_OUANJG_92ce4c2ebf.webp,
dataset/uploads_root/prod-svoe-vino-strapi/prod-svoe-vino/strapi/uploads/Planters_Panch_cee9a99e30.webp,
dataset/uploads_root/prod-svoe-vino-strapi/prod-svoe-vino/strapi/uploads/Pligoriya_4cc671f2a5.webp,
dataset/uploads_root/prod-svoe-vino-strapi/prod-svoe-vino/strapi/uploads/Pliogoriya_0c5e458255.webp,
dataset/uploads_root/prod-svoe-vino-strapi/prod-svoe-vino/strapi/uploads/Pliogoriya_3433d3d8cb.webp,
dataset/uploads_root/prod-svoe-vino-strapi/prod-svoe-vino/strapi/uploads/Podval_3_11d17a58ee.webp,
dataset/uploads_root/prod-svoe-vino-strapi/prod-svoe-vino/strapi/uploads/Podval_3_6805d93bc3.webp,
dataset/uploads_root/prod-svoe-vino-strapi/prod-svoe-vino/strapi/uploads/Polet_shmelya_c10d63a72d.webp,
dataset/uploads_root/prod-svoe-vino-strapi/prod-svoe-vino/strapi/uploads/Polina_Kapelyush7_7b7ef57e67.webp,
dataset/uploads_root/prod-svoe-vino-strapi/prod-svoe-vino/strapi/uploads/Polina_Kapelyush_2_5e6e36ab0d.webp,
dataset/uploads_root/prod-svoe-vino-strapi/prod-svoe-vino/strapi/uploads/Polina_Kapelyush_352259524e.webp,
dataset/uploads_root/prod-svoe-vino-strapi/prod-svoe-vino/strapi/uploads/Polina_Kapelyush_Ch_05460822f7.webp,
dataset/uploads_root/prod-svoe-vino-strapi/prod-svoe-vino/strapi/uploads/Polina_Kapelyush_K_e918047686.webp,
dataset/uploads_root/prod-svoe-vino-strapi/prod-svoe-vino/strapi/uploads/Polina_na_lefkadii_69222ec77f.webp,
dataset/uploads_root/prod-svoe-vino-strapi/prod-svoe-vino/strapi/uploads/Polina_na_lefkadii_fb51fd993f.webp,
dataset/uploads_root/prod-svoe-vino-strapi/prod-svoe-vino/strapi/uploads/Polusladkoe_beloe_323cec4f4f.webp,
dataset/uploads_root/prod-svoe-vino-strapi/prod-svoe-vino/strapi/uploads/Polusladkoe_beloe_7d49885ec0.webp,polusladkoe-beloe-zolotaya-balka
dataset/uploads_root/prod-svoe-vino-strapi/prod-svoe-vino/strapi/uploads/Polusladkoe_krasnoe_09d1ac765c.webp,
dataset/uploads_root/prod-svoe-vino-strapi/prod-svoe-vino/strapi/uploads/Polusladkoe_krasnoe_b2776e879a.webp,polusladkoe-krasnoe-zolotaya-balka
dataset/uploads_root/prod-svoe-vino-strapi/prod-svoe-vino/strapi/uploads/Polusladkoe_rozovoe_12bf4534e4.webp,
dataset/uploads_root/prod-svoe-vino-strapi/prod-svoe-vino/strapi/uploads/Polusladkoe_rozovoe_1_48c22903f2.webp,
dataset/uploads_root/prod-svoe-vino-strapi/prod-svoe-vino/strapi/uploads/Polusladkoe_rozovoe_1_4e172ca56c.webp,
dataset/uploads_root/prod-svoe-vino-strapi/prod-svoe-vino/strapi/uploads/Polusladkoe_rozovoe_1_69bf5dc971.webp,polusladkoe-rozovoe-zolotaya-balka
dataset/uploads_root/prod-svoe-vino-strapi/prod-svoe-vino/strapi/uploads/Polusladkoe_rozovoe_1_984981ba39.webp,
dataset/uploads_root/prod-svoe-vino-strapi/prod-svoe-vino/strapi/uploads/Polusladkoe_rozovoe_1_9f836eeea0.webp,
dataset/uploads_root/prod-svoe-vino-strapi/prod-svoe-vino/strapi/uploads/Polusladkoe_rozovoe_594b95aeb6.webp,
dataset/uploads_root/prod-svoe-vino-strapi/prod-svoe-vino/strapi/uploads/Polusuhoe_beloe_2e5a2512bf.webp,
dataset/uploads_root/prod-svoe-vino-strapi/prod-svoe-vino/strapi/uploads/Polusuhoe_beloe_781e36506e.webp,
dataset/uploads_root/prod-svoe-vino-strapi/prod-svoe-vino/strapi/uploads/Polusuhoe_beloe_b1d39f3c20.webp,polusuhoe-beloe-zolotaya-balka
dataset/uploads_root/prod-svoe-vino-strapi/prod-svoe-vino/strapi/uploads/Pomeste_Golubiczkoe_Chardonnay_fc05cb08e0.webp,golubitskoe-estate-chardonnay
dataset/uploads_root/prod-svoe-vino-strapi/prod-svoe-vino/strapi/uploads/Pomeste_Golubiczkoe_Risling_02c2e84311.webp,golubitskoe-estate-risling
dataset/uploads_root/prod-svoe-vino-strapi/prod-svoe-vino/strapi/uploads/Pomidor_ba59c1f9bd.webp,
dataset/uploads_root/prod-svoe-vino-strapi/prod-svoe-vino/strapi/uploads/Potenczial_672c03625e.webp,potenczial-2026
dataset/uploads_root/prod-svoe-vino-strapi/prod-svoe-vino/strapi/uploads/Press_sluzhba_Fanagoriya_100_ottenkov_957a5505d6.webp,
dataset/uploads_root/prod-svoe-vino-strapi/prod-svoe-vino/strapi/uploads/Priroda_Dolina_Lefkadiya_37628895c7.webp,
dataset/uploads_root/prod-svoe-vino-strapi/prod-svoe-vino/strapi/uploads/Priroda_Dolina_Lefkadiya_c04f2bac4f.webp,
dataset/uploads_root/prod-svoe-vino-strapi/prod-svoe-vino/strapi/uploads/Priroda_Dolina_Lefkadiya_fc1a2a20d4.webp,
dataset/uploads_root/prod-svoe-vino-strapi/prod-svoe-vino/strapi/uploads/Pti_Verdo2_1_17bced0147.webp,
dataset/uploads_root/prod-svoe-vino-strapi/prod-svoe-vino/strapi/uploads/Pti_Verdo2_5ac28c37af.webp,
dataset/uploads_root/prod-svoe-vino-strapi/prod-svoe-vino/strapi/uploads/Pti_Verdo_498595541a.webp,
dataset/uploads_root/prod-svoe-vino-strapi/prod-svoe-vino/strapi/uploads/Puhlyakovskij1_e05737eb77.webp,
dataset/uploads_root/prod-svoe-vino-strapi/prod-svoe-vino/strapi/uploads/Puhlyakovskij2_662b894b45.webp,
dataset/uploads_root/prod-svoe-vino-strapi/prod-svoe-vino/strapi/uploads/Pulsar_16_of_277_resized_c3782b8ce4.webp,
dataset/uploads_root/prod-svoe-vino-strapi/prod-svoe-vino/strapi/uploads/Pulsar_43_of_277_resized_6723ae81cc.webp,
dataset/uploads_root/prod-svoe-vino-strapi/prod-svoe-vino/strapi/uploads/Pulsar_91_of_277_resized_dfa51932e8.webp,
dataset/uploads_root/prod-svoe-vino-strapi/prod-svoe-vino/strapi/uploads/RHA_REST_2_063bdf78ac.webp,
dataset/uploads_root/prod-svoe-vino-strapi/prod-svoe-vino/strapi/uploads/RI_4_5583_A_1937d9b89d.webp,
dataset/uploads_root/prod-svoe-vino-strapi/prod-svoe-vino/strapi/uploads/RI_4_5884_77ba503d3f.webp,
dataset/uploads_root/prod-svoe-vino-strapi/prod-svoe-vino/strapi/uploads/Raevskoe2_444562edea.webp,
dataset/uploads_root/prod-svoe-vino-strapi/prod-svoe-vino/strapi/uploads/Raevskoe3_9ec8312e9d.webp,
dataset/uploads_root/prod-svoe-vino-strapi/prod-svoe-vino/strapi/uploads/Raevskoe_87e441f9f6.webp,
dataset/uploads_root/prod-svoe-vino-strapi/prod-svoe-vino/strapi/uploads/Rebo_2023_b68e39eaee.webp,rebo
dataset/uploads_root/prod-svoe-vino-strapi/prod-svoe-vino/strapi/uploads/Rebo_reserve_2023_2f54a334ff.webp,rebo-rezerv
dataset/uploads_root/prod-svoe-vino-strapi/prod-svoe-vino/strapi/uploads/Rectangle_2_3_a3cc38ffa3.webp,
dataset/uploads_root/prod-svoe-vino-strapi/prod-svoe-vino/strapi/uploads/Rectangle_2_3_ed7119c2e5.webp,
dataset/uploads_root/prod-svoe-vino-strapi/prod-svoe-vino/strapi/uploads/Rectangle_2_4_e3e4e31aea.webp,
dataset/uploads_root/prod-svoe-vino-strapi/prod-svoe-vino/strapi/uploads/Relikta_Logo_TIFF_1e1ee94190.tiff,
dataset/uploads_root/prod-svoe-vino-strapi/prod-svoe-vino/strapi/uploads/Rem_Akchurin_6930d14f77.webp,
dataset/uploads_root/prod-svoe-vino-strapi/prod-svoe-vino/strapi/uploads/Restoran_Amfora_9182f987dd.webp,
dataset/uploads_root/prod-svoe-vino-strapi/prod-svoe-vino/strapi/uploads/Ribolla_Gialla_770x444_943165bead.webp,
dataset/uploads_root/prod-svoe-vino-strapi/prod-svoe-vino/strapi/uploads/Riesling_2024_562c7e3226.webp,riesling
dataset/uploads_root/prod-svoe-vino-strapi/prod-svoe-vino/strapi/uploads/Rislaner_6d81eeefaa.webp,
dataset/uploads_root/prod-svoe-vino-strapi/prod-svoe-vino/strapi/uploads/Risling2_11_a4cc9fd9fb.webp,
dataset/uploads_root/prod-svoe-vino-strapi/prod-svoe-vino/strapi/uploads/Risling2_aa74a50607.webp,
dataset/uploads_root/prod-svoe-vino-strapi/prod-svoe-vino/strapi/uploads/Risling2_c6fa370506.webp,
dataset/uploads_root/prod-svoe-vino-strapi/prod-svoe-vino/strapi/uploads/Risling_2024_068199ad02.webp,leto-risling-2024
dataset/uploads_root/prod-svoe-vino-strapi/prod-svoe-vino/strapi/uploads/Risling_2024_polusuhoe_cfdd46fd1d.webp,leto-risling-2024-polusuhoe-vino
dataset/uploads_root/prod-svoe-vino-strapi/prod-svoe-vino/strapi/uploads/Risling_5a37344384.webp,
dataset/uploads_root/prod-svoe-vino-strapi/prod-svoe-vino/strapi/uploads/Risling_6d778a7d72.webp,
dataset/uploads_root/prod-svoe-vino-strapi/prod-svoe-vino/strapi/uploads/Risling_Bryut_natyur_1920h1080_belyj_fon_6355962cf0.webp,
dataset/uploads_root/prod-svoe-vino-strapi/prod-svoe-vino/strapi/uploads/Risling_PS_b749fa858c.webp,
dataset/uploads_root/prod-svoe-vino-strapi/prod-svoe-vino/strapi/uploads/Risling_RV_6802a58671.webp,
dataset/uploads_root/prod-svoe-vino-strapi/prod-svoe-vino/strapi/uploads/Risling_Sovinon_p_suh_2e0b39c41e.webp,zhemchuzhnaya-9-risling-sovinon-blan
dataset/uploads_root/prod-svoe-vino-strapi/prod-svoe-vino/strapi/uploads/Risling_bez_goda_56021b947e.webp,
dataset/uploads_root/prod-svoe-vino-strapi/prod-svoe-vino/strapi/uploads/Risling_italyanskij2_333c424f25.webp,
dataset/uploads_root/prod-svoe-vino-strapi/prod-svoe-vino/strapi/uploads/Risling_italyanskij_4e67ea2141.webp,
dataset/uploads_root/prod-svoe-vino-strapi/prod-svoe-vino/strapi/uploads/Risling_no_bg_preview_carve_photos_d50334312b.webp,
dataset/uploads_root/prod-svoe-vino-strapi/prod-svoe-vino/strapi/uploads/Risling_p_suh_57fb737010.webp,aratti-risling-beloe-polusuhoe
dataset/uploads_root/prod-svoe-vino-strapi/prod-svoe-vino/strapi/uploads/Risling_suh_23d397debe.webp,aratti-risling-suhoe
dataset/uploads_root/prod-svoe-vino-strapi/prod-svoe-vino/strapi/uploads/Risunok11_a641f8d3e0.webp,cantiani-cabernet-sauvignon-merlot
dataset/uploads_root/prod-svoe-vino-strapi/prod-svoe-vino/strapi/uploads/Risunok1_no_bg_preview_carve_photos_c618e10c44.webp,ya-jla-risling
dataset/uploads_root/prod-svoe-vino-strapi/prod-svoe-vino/strapi/uploads/Ritmo_2ebaac8758.webp,
dataset/uploads_root/prod-svoe-vino-strapi/prod-svoe-vino/strapi/uploads/Rkacziteli1_5fa00630c0.webp,
dataset/uploads_root/prod-svoe-vino-strapi/prod-svoe-vino/strapi/uploads/Rkacziteli1_f7d162c8c4.webp,
dataset/uploads_root/prod-svoe-vino-strapi/prod-svoe-vino/strapi/uploads/Rkacziteli2_a6dd4baca5.webp,
dataset/uploads_root/prod-svoe-vino-strapi/prod-svoe-vino/strapi/uploads/Rkacziteli_oranzh_2024_ddce7657ea.webp,perovskih_rkaciteli_orange
dataset/uploads_root/prod-svoe-vino-strapi/prod-svoe-vino/strapi/uploads/Rodnoe_gnezdo_c8258e6058.webp,
dataset/uploads_root/prod-svoe-vino-strapi/prod-svoe-vino/strapi/uploads/Rom_Old_Feshn_5b7f75d5c5.webp,
dataset/uploads_root/prod-svoe-vino-strapi/prod-svoe-vino/strapi/uploads/Rom_Ranner_191b0a258f.webp,
dataset/uploads_root/prod-svoe-vino-strapi/prod-svoe-vino/strapi/uploads/Rom_Sauer_d707fdf86e.webp,
dataset/uploads_root/prod-svoe-vino-strapi/prod-svoe-vino/strapi/uploads/Roman_Logunov1_d0db6601d5.webp,
dataset/uploads_root/prod-svoe-vino-strapi/prod-svoe-vino/strapi/uploads/Roman_Neborskij_c93d14b37e.webp,
dataset/uploads_root/prod-svoe-vino-strapi/prod-svoe-vino/strapi/uploads/Romovyj_punsh_3e9089fcf7.webp,
dataset/uploads_root/prod-svoe-vino-strapi/prod-svoe-vino/strapi/uploads/Rossiyskie_vina_v_Kitae_4025a23186_15b326120e.webp,
dataset/uploads_root/prod-svoe-vino-strapi/prod-svoe-vino/strapi/uploads/Roz_Pantera_becb2c2b2a.webp,rozovaya-pantera
dataset/uploads_root/prod-svoe-vino-strapi/prod-svoe-vino/strapi/uploads/Roze_Semiray_4b0a8686a0.webp,roze
dataset/uploads_root/prod-svoe-vino-strapi/prod-svoe-vino/strapi/uploads/Rozovoe_Polusladkoe_44f6f05597.webp,perovskih_polusladkoe_rosovoe
dataset/uploads_root/prod-svoe-vino-strapi/prod-svoe-vino/strapi/uploads/Rtl_d54be0931a.webp,
dataset/uploads_root/prod-svoe-vino-strapi/prod-svoe-vino/strapi/uploads/Rubin_0286343855.webp,
dataset/uploads_root/prod-svoe-vino-strapi/prod-svoe-vino/strapi/uploads/Rubin_3_5209b4d933.webp,
dataset/uploads_root/prod-svoe-vino-strapi/prod-svoe-vino/strapi/uploads/Ruby_b440528e42.webp,ruby
dataset/uploads_root/prod-svoe-vino-strapi/prod-svoe-vino/strapi/uploads/Russkij_Vinnyj_dom_Abrau_Dyurso_5d0489e3b6.webp,
dataset/uploads_root/prod-svoe-vino-strapi/prod-svoe-vino/strapi/uploads/Rusty_rat_bd0d8b44a3.webp,
dataset/uploads_root/prod-svoe-vino-strapi/prod-svoe-vino/strapi/uploads/SAI_7378_0d9843b107.webp,
dataset/uploads_root/prod-svoe-vino-strapi/prod-svoe-vino/strapi/uploads/SD_Krasnoe_2022_7621c43a51.jpg,
dataset/uploads_root/prod-svoe-vino-strapi/prod-svoe-vino/strapi/uploads/SE_1_A4482_9450e13927.webp,
dataset/uploads_root/prod-svoe-vino-strapi/prod-svoe-vino/strapi/uploads/SE_1_A5091_a3e9b936ef.webp,
dataset/uploads_root/prod-svoe-vino-strapi/prod-svoe-vino/strapi/uploads/SOPVPIKA_25_217_6101d48cc7.webp,
dataset/uploads_root/prod-svoe-vino-strapi/prod-svoe-vino/strapi/uploads/SOPVPIKA_25_217_6101d48cc7_a265bc78d4.webp,
dataset/uploads_root/prod-svoe-vino-strapi/prod-svoe-vino/strapi/uploads/SOPVPIKA_25_217_6101d48cc7_ab0fa87b2e.webp,
dataset/uploads_root/prod-svoe-vino-strapi/prod-svoe-vino/strapi/uploads/SOPVPIKA_25_221_def38d2491.webp,
dataset/uploads_root/prod-svoe-vino-strapi/prod-svoe-vino/strapi/uploads/SOVINON_BLAN_Photoroom_2b8f44157c.webp,orlov_sauvignon_blan
dataset/uploads_root/prod-svoe-vino-strapi/prod-svoe-vino/strapi/uploads/SP_page_0001_9ce037378d.webp,
dataset/uploads_root/prod-svoe-vino-strapi/prod-svoe-vino/strapi/uploads/SP_page_0001_Photoroom_1b2eff7540.webp,
dataset/uploads_root/prod-svoe-vino-strapi/prod-svoe-vino/strapi/uploads/STR_1777_093f7a64bb.webp,
dataset/uploads_root/prod-svoe-vino-strapi/prod-svoe-vino/strapi/uploads/STR_2205_f490fa6716.webp,
dataset/uploads_root/prod-svoe-vino-strapi/prod-svoe-vino/strapi/uploads/STR_2281_779286df96.webp,
dataset/uploads_root/prod-svoe-vino-strapi/prod-svoe-vino/strapi/uploads/STR_2281_d3fb07c7b5.webp,
dataset/uploads_root/prod-svoe-vino-strapi/prod-svoe-vino/strapi/uploads/STR_2282_8feca3a0d1.webp,
dataset/uploads_root/prod-svoe-vino-strapi/prod-svoe-vino/strapi/uploads/STR_4214_1_cce94ae9c0.jpg,
dataset/uploads_root/prod-svoe-vino-strapi/prod-svoe-vino/strapi/uploads/SVOEVINO_32ebcc73f5.webp,
dataset/uploads_root/prod-svoe-vino-strapi/prod-svoe-vino/strapi/uploads/Sabrazh_f0eeb4c86c.webp,
dataset/uploads_root/prod-svoe-vino-strapi/prod-svoe-vino/strapi/uploads/Sacrum_belyj_bryut_c4c2d14bf4.webp,sacrum-bryut-beloe
dataset/uploads_root/prod-svoe-vino-strapi/prod-svoe-vino/strapi/uploads/Salahova2_7d8a2e4a93.webp,
dataset/uploads_root/prod-svoe-vino-strapi/prod-svoe-vino/strapi/uploads/Sambuka_55047f5dab.webp,
dataset/uploads_root/prod-svoe-vino-strapi/prod-svoe-vino/strapi/uploads/Sambuka_8b6b2e99c7.webp,
dataset/uploads_root/prod-svoe-vino-strapi/prod-svoe-vino/strapi/uploads/Samye_dorogie_vina_mira_1945_MOUTONROTHSCHILD_wineconsigners_com_ab94cd3a39.webp,
dataset/uploads_root/prod-svoe-vino-strapi/prod-svoe-vino/strapi/uploads/Samye_dorogie_vina_mira_DRC_1945_d60bd13799.webp,
dataset/uploads_root/prod-svoe-vino-strapi/prod-svoe-vino/strapi/uploads/Samye_dorogie_vina_mira_Petryus_2000_s_sajta_oldwineclub_ru_346a734938.webp,
dataset/uploads_root/prod-svoe-vino-strapi/prod-svoe-vino/strapi/uploads/Samye_dorogie_vina_mira_penfolds_21cc53b40e.webp,
dataset/uploads_root/prod-svoe-vino-strapi/prod-svoe-vino/strapi/uploads/Samye_dorogie_vina_mira_shato_ikem_962c624861.webp,
dataset/uploads_root/prod-svoe-vino-strapi/prod-svoe-vino/strapi/uploads/Samye_dorogie_vina_mira_skriming_igl_1992_2bd1196b2d.webp,
dataset/uploads_root/prod-svoe-vino-strapi/prod-svoe-vino/strapi/uploads/Sandzhoveze2_77b3b7694e.webp,
dataset/uploads_root/prod-svoe-vino-strapi/prod-svoe-vino/strapi/uploads/Sandzhoveze_92a9e9abe2.webp,
dataset/uploads_root/prod-svoe-vino-strapi/prod-svoe-vino/strapi/uploads/Sandzhoveze_reserve_2023_9c8ad3555e.webp,
dataset/uploads_root/prod-svoe-vino-strapi/prod-svoe-vino/strapi/uploads/Saperavi3_59c062bea8.webp,
dataset/uploads_root/prod-svoe-vino-strapi/prod-svoe-vino/strapi/uploads/Saperavi3_973cb28f6e.webp,
dataset/uploads_root/prod-svoe-vino-strapi/prod-svoe-vino/strapi/uploads/Saperavi_1fe8cca7fc.webp,
dataset/uploads_root/prod-svoe-vino-strapi/prod-svoe-vino/strapi/uploads/Saperavi_2020_surguch_no_bg_preview_carve_photos_9a5471d201.webp,vinodelnya-byurne-saperavi-krasnoe-suhoe-135
dataset/uploads_root/prod-svoe-vino-strapi/prod-svoe-vino/strapi/uploads/Saperavi_Leto_78b6bb387a.webp,aratti-vremena-goda-saperavi-leto
dataset/uploads_root/prod-svoe-vino-strapi/prod-svoe-vino/strapi/uploads/Saperavi_Merlo_VESNA_cc54c9749f.webp,aratti-vremena-goda-saperavi-merlo-vesna
dataset/uploads_root/prod-svoe-vino-strapi/prod-svoe-vino/strapi/uploads/Saperavi_severnyj_e91216eac7.webp,
dataset/uploads_root/prod-svoe-vino-strapi/prod-svoe-vino/strapi/uploads/Saperavi_vyderzhannoe_ZIMA_3bceff4456.webp,aratti-vremena-goda-saperavi-vyderzhannyj-zima
dataset/uploads_root/prod-svoe-vino-strapi/prod-svoe-vino/strapi/uploads/Sarkel_2_09266f3b41.webp,
dataset/uploads_root/prod-svoe-vino-strapi/prod-svoe-vino/strapi/uploads/Sarmat_2_5d73bf797d.webp,
dataset/uploads_root/prod-svoe-vino-strapi/prod-svoe-vino/strapi/uploads/Sary_Pandas_Polina_Kapelyush_4f3523d322.webp,
dataset/uploads_root/prod-svoe-vino-strapi/prod-svoe-vino/strapi/uploads/Sbor_urozhaya_ac9771fc44.webp,
dataset/uploads_root/prod-svoe-vino-strapi/prod-svoe-vino/strapi/uploads/Sbor_vinograda_e14baf28e0.webp,
dataset/uploads_root/prod-svoe-vino-strapi/prod-svoe-vino/strapi/uploads/Screenshot_10_0cc940095c.webp,
dataset/uploads_root/prod-svoe-vino-strapi/prod-svoe-vino/strapi/uploads/Screenshot_10_a566dcdabb.webp,bukovinka
dataset/uploads_root/prod-svoe-vino-strapi/prod-svoe-vino/strapi/uploads/Screenshot_11_a9d7c8f8df.webp,risling-1
dataset/uploads_root/prod-svoe-vino-strapi/prod-svoe-vino/strapi/uploads/Screenshot_11_bd7b16fc60.webp,
dataset/uploads_root/prod-svoe-vino-strapi/prod-svoe-vino/strapi/uploads/Screenshot_11_d409ad32af.webp,
dataset/uploads_root/prod-svoe-vino-strapi/prod-svoe-vino/strapi/uploads/Screenshot_12_a3fb1257a2.webp,
dataset/uploads_root/prod-svoe-vino-strapi/prod-svoe-vino/strapi/uploads/Screenshot_12_b6cf0e4aaf.webp,
dataset/uploads_root/prod-svoe-vino-strapi/prod-svoe-vino/strapi/uploads/Screenshot_13_1e7bfb4b10.webp,
dataset/uploads_root/prod-svoe-vino-strapi/prod-svoe-vino/strapi/uploads/Screenshot_13_93df6247f7.webp,
dataset/uploads_root/prod-svoe-vino-strapi/prod-svoe-vino/strapi/uploads/Screenshot_14_c7844b15e3.webp,
dataset/uploads_root/prod-svoe-vino-strapi/prod-svoe-vino/strapi/uploads/Screenshot_15_86d0593885.webp,
dataset/uploads_root/prod-svoe-vino-strapi/prod-svoe-vino/strapi/uploads/Screenshot_16_a237793391.webp,rozovoe-zoloto
dataset/uploads_root/prod-svoe-vino-strapi/prod-svoe-vino/strapi/uploads/Screenshot_16_eb1475108e.webp,
dataset/uploads_root/prod-svoe-vino-strapi/prod-svoe-vino/strapi/uploads/Screenshot_16_fotor_bg_remover_20260714153549_d6a93eabf2.webp,blan-de-blan
dataset/uploads_root/prod-svoe-vino-strapi/prod-svoe-vino/strapi/uploads/Screenshot_17_6d600742f0.webp,roze-2
dataset/uploads_root/prod-svoe-vino-strapi/prod-svoe-vino/strapi/uploads/Screenshot_17_949d72d743.webp,
dataset/uploads_root/prod-svoe-vino-strapi/prod-svoe-vino/strapi/uploads/Screenshot_17_f963c072a9.webp,
dataset/uploads_root/prod-svoe-vino-strapi/prod-svoe-vino/strapi/uploads/Screenshot_18_1109114bb0.webp,rubin-golodrigi
dataset/uploads_root/prod-svoe-vino-strapi/prod-svoe-vino/strapi/uploads/Screenshot_18_1e1b1280b4.webp,
dataset/uploads_root/prod-svoe-vino-strapi/prod-svoe-vino/strapi/uploads/Screenshot_18_8aa9d1a53b.webp,
dataset/uploads_root/prod-svoe-vino-strapi/prod-svoe-vino/strapi/uploads/Screenshot_19_081d41ebac.webp,kaberne-sovinon-2
dataset/uploads_root/prod-svoe-vino-strapi/prod-svoe-vino/strapi/uploads/Screenshot_19_14834413ce.webp,
dataset/uploads_root/prod-svoe-vino-strapi/prod-svoe-vino/strapi/uploads/Screenshot_19_1d89a8eca3.webp,
dataset/uploads_root/prod-svoe-vino-strapi/prod-svoe-vino/strapi/uploads/Screenshot_20260614_192947_Telegram_efb5704396.webp,
dataset/uploads_root/prod-svoe-vino-strapi/prod-svoe-vino/strapi/uploads/Screenshot_20_47de2b4b32.webp,
dataset/uploads_root/prod-svoe-vino-strapi/prod-svoe-vino/strapi/uploads/Screenshot_20_74ce4e5bae.webp,czitronnyj-magaracha
dataset/uploads_root/prod-svoe-vino-strapi/prod-svoe-vino/strapi/uploads/Screenshot_21_049bbb796f.webp,
dataset/uploads_root/prod-svoe-vino-strapi/prod-svoe-vino/strapi/uploads/Screenshot_21_2f4c3173b1.webp,pozdnij-sbor-beloe
dataset/uploads_root/prod-svoe-vino-strapi/prod-svoe-vino/strapi/uploads/Screenshot_21_f11962bfff.webp,
dataset/uploads_root/prod-svoe-vino-strapi/prod-svoe-vino/strapi/uploads/Screenshot_22_1b291bec0e.webp,pozdnij-sbor-krasnoe
dataset/uploads_root/prod-svoe-vino-strapi/prod-svoe-vino/strapi/uploads/Screenshot_22_1e27891221.webp,
dataset/uploads_root/prod-svoe-vino-strapi/prod-svoe-vino/strapi/uploads/Screenshot_23_d5379a0c76.webp,
dataset/uploads_root/prod-svoe-vino-strapi/prod-svoe-vino/strapi/uploads/Screenshot_24_c38ca52fac.webp,roze-premium
dataset/uploads_root/prod-svoe-vino-strapi/prod-svoe-vino/strapi/uploads/Screenshot_25_e7771a3f2d.webp,muskat-premium
dataset/uploads_root/prod-svoe-vino-strapi/prod-svoe-vino/strapi/uploads/Screenshot_26_006b22d9cf.webp,vintazh-premium
dataset/uploads_root/prod-svoe-vino-strapi/prod-svoe-vino/strapi/uploads/Screenshot_26_e93e60541c.webp,saperavi-premium
dataset/uploads_root/prod-svoe-vino-strapi/prod-svoe-vino/strapi/uploads/Screenshot_28_0955570164.webp,shardone-premium
dataset/uploads_root/prod-svoe-vino-strapi/prod-svoe-vino/strapi/uploads/Screenshot_29_c14fcdaf9d.webp,pino-nuar-premium
dataset/uploads_root/prod-svoe-vino-strapi/prod-svoe-vino/strapi/uploads/Screenshot_2_66036870aa.webp,glera-manno
dataset/uploads_root/prod-svoe-vino-strapi/prod-svoe-vino/strapi/uploads/Screenshot_2_7a088f6625.webp,
dataset/uploads_root/prod-svoe-vino-strapi/prod-svoe-vino/strapi/uploads/Screenshot_2_c1e7435e43.webp,
dataset/uploads_root/prod-svoe-vino-strapi/prod-svoe-vino/strapi/uploads/Screenshot_2_e04d3c3927.webp,
dataset/uploads_root/prod-svoe-vino-strapi/prod-svoe-vino/strapi/uploads/Screenshot_2_fotor_bg_remover_202607141683_5f9e4ecf95.webp,grand-kyuve
dataset/uploads_root/prod-svoe-vino-strapi/prod-svoe-vino/strapi/uploads/Screenshot_30_32461c6908.webp,rubin-premium
dataset/uploads_root/prod-svoe-vino-strapi/prod-svoe-vino/strapi/uploads/Screenshot_32_464d6c9150.webp,
dataset/uploads_root/prod-svoe-vino-strapi/prod-svoe-vino/strapi/uploads/Screenshot_32_f48904d758.webp,
dataset/uploads_root/prod-svoe-vino-strapi/prod-svoe-vino/strapi/uploads/Screenshot_33_a92c242104.webp,
dataset/uploads_root/prod-svoe-vino-strapi/prod-svoe-vino/strapi/uploads/Screenshot_35_b0b9229428.webp,
dataset/uploads_root/prod-svoe-vino-strapi/prod-svoe-vino/strapi/uploads/Screenshot_36_1b25b9d5c3.webp,
dataset/uploads_root/prod-svoe-vino-strapi/prod-svoe-vino/strapi/uploads/Screenshot_3_0b340e79eb.webp,
dataset/uploads_root/prod-svoe-vino-strapi/prod-svoe-vino/strapi/uploads/Screenshot_3_b86a2ad451.webp,
dataset/uploads_root/prod-svoe-vino-strapi/prod-svoe-vino/strapi/uploads/Screenshot_3_dce2afc6e1.webp,rustok-glera-ru-140
dataset/uploads_root/prod-svoe-vino-strapi/prod-svoe-vino/strapi/uploads/Screenshot_4_0408c34a16.webp,
dataset/uploads_root/prod-svoe-vino-strapi/prod-svoe-vino/strapi/uploads/Screenshot_4_7c7945f9a9.webp,lesnaya-proseka
dataset/uploads_root/prod-svoe-vino-strapi/prod-svoe-vino/strapi/uploads/Screenshot_4_ea058c57cd.webp,
dataset/uploads_root/prod-svoe-vino-strapi/prod-svoe-vino/strapi/uploads/Screenshot_5_14a720d18c.webp,
dataset/uploads_root/prod-svoe-vino-strapi/prod-svoe-vino/strapi/uploads/Screenshot_5_67e5878502.webp,
dataset/uploads_root/prod-svoe-vino-strapi/prod-svoe-vino/strapi/uploads/Screenshot_5_726b129d8b.webp,
dataset/uploads_root/prod-svoe-vino-strapi/prod-svoe-vino/strapi/uploads/Screenshot_6_Photoroom_b5b45ec3f4.webp,nebo-rossii-glera
dataset/uploads_root/prod-svoe-vino-strapi/prod-svoe-vino/strapi/uploads/Screenshot_6_a779860ce0.webp,
dataset/uploads_root/prod-svoe-vino-strapi/prod-svoe-vino/strapi/uploads/Screenshot_6_f4346244b3.webp,
dataset/uploads_root/prod-svoe-vino-strapi/prod-svoe-vino/strapi/uploads/Screenshot_6_f99d288e28.webp,
dataset/uploads_root/prod-svoe-vino-strapi/prod-svoe-vino/strapi/uploads/Screenshot_7_15aa119884.webp,
dataset/uploads_root/prod-svoe-vino-strapi/prod-svoe-vino/strapi/uploads/Screenshot_7_2fd0b3eda1.webp,
dataset/uploads_root/prod-svoe-vino-strapi/prod-svoe-vino/strapi/uploads/Screenshot_7_53531eb2bc.webp,pobeda
dataset/uploads_root/prod-svoe-vino-strapi/prod-svoe-vino/strapi/uploads/Screenshot_7_659c6e38df.webp,
dataset/uploads_root/prod-svoe-vino-strapi/prod-svoe-vino/strapi/uploads/Screenshot_8_1339374d58.webp,
dataset/uploads_root/prod-svoe-vino-strapi/prod-svoe-vino/strapi/uploads/Screenshot_8_ce36295665.webp,
dataset/uploads_root/prod-svoe-vino-strapi/prod-svoe-vino/strapi/uploads/Screenshot_9_384533e54c.webp,
dataset/uploads_root/prod-svoe-vino-strapi/prod-svoe-vino/strapi/uploads/Screenshot_9_4bd676918f.webp,
dataset/uploads_root/prod-svoe-vino-strapi/prod-svoe-vino/strapi/uploads/Screenshot_9_78adaf4455.webp,oleg
dataset/uploads_root/prod-svoe-vino-strapi/prod-svoe-vino/strapi/uploads/Screenshot_9_7d27b4ab94.webp,
dataset/uploads_root/prod-svoe-vino-strapi/prod-svoe-vino/strapi/uploads/Select_19_78d44eb2c8.webp,
dataset/uploads_root/prod-svoe-vino-strapi/prod-svoe-vino/strapi/uploads/Select_516_4cd558692f.webp,
dataset/uploads_root/prod-svoe-vino-strapi/prod-svoe-vino/strapi/uploads/Select_524_1_2fd221cf8a.webp,
dataset/uploads_root/prod-svoe-vino-strapi/prod-svoe-vino/strapi/uploads/Select_72_2bd0cb3d50.webp,
dataset/uploads_root/prod-svoe-vino-strapi/prod-svoe-vino/strapi/uploads/Select_72_9587dd88db.webp,
dataset/uploads_root/prod-svoe-vino-strapi/prod-svoe-vino/strapi/uploads/Semejnaya_vinodelnya_GRIMBOR_05f01921a8.webp,
dataset/uploads_root/prod-svoe-vino-strapi/prod-svoe-vino/strapi/uploads/Semilon_rezerv_376b6f0b84.webp,perovskih_semilion_reserv
dataset/uploads_root/prod-svoe-vino-strapi/prod-svoe-vino/strapi/uploads/Semiray_6b270f4300.webp,
dataset/uploads_root/prod-svoe-vino-strapi/prod-svoe-vino/strapi/uploads/Senso1_6c2712495b.webp,
dataset/uploads_root/prod-svoe-vino-strapi/prod-svoe-vino/strapi/uploads/Senso2_542d12d126.webp,
dataset/uploads_root/prod-svoe-vino-strapi/prod-svoe-vino/strapi/uploads/Senso2_6fa8d0a0ec.webp,
dataset/uploads_root/prod-svoe-vino-strapi/prod-svoe-vino/strapi/uploads/Sergej_Beskorovajnyj_jpg_df376b538a.webp,
dataset/uploads_root/prod-svoe-vino-strapi/prod-svoe-vino/strapi/uploads/Sergej_Galiczkij_starshij_74d13b1655.webp,
dataset/uploads_root/prod-svoe-vino-strapi/prod-svoe-vino/strapi/uploads/Sergej_Ivanovich_Serdyuk_starshij_b799611aa7.webp,
dataset/uploads_root/prod-svoe-vino-strapi/prod-svoe-vino/strapi/uploads/Sergej_Korotkov_Gunko_Winery_e58565641c.webp,
dataset/uploads_root/prod-svoe-vino-strapi/prod-svoe-vino/strapi/uploads/Sergej_Kupriyanov_bf8a6ea3a5.webp,
dataset/uploads_root/prod-svoe-vino-strapi/prod-svoe-vino/strapi/uploads/Sergej_Serdyuk_mladshij_f1ce77a0a7.webp,
dataset/uploads_root/prod-svoe-vino-strapi/prod-svoe-vino/strapi/uploads/Sergej_dafa7153df.webp,
dataset/uploads_root/prod-svoe-vino-strapi/prod-svoe-vino/strapi/uploads/Sersial_340d8d3112.webp,
dataset/uploads_root/prod-svoe-vino-strapi/prod-svoe-vino/strapi/uploads/Set_pod_vina_novyj_1_c338fe411c.webp,
dataset/uploads_root/prod-svoe-vino-strapi/prod-svoe-vino/strapi/uploads/Sex_on_the_beach_323476a6db.webp,
dataset/uploads_root/prod-svoe-vino-strapi/prod-svoe-vino/strapi/uploads/Sex_on_the_beach_9b289ed1e1.webp,
dataset/uploads_root/prod-svoe-vino-strapi/prod-svoe-vino/strapi/uploads/Sgenerirovannoe_izobrazhenie_1_5_99278b55d0.webp,
dataset/uploads_root/prod-svoe-vino-strapi/prod-svoe-vino/strapi/uploads/Sh_T_Grape_Dance_blanc_2021_fadfb6ea87.webp,shato-taman-grape-dance
dataset/uploads_root/prod-svoe-vino-strapi/prod-svoe-vino/strapi/uploads/Sh_T_Grape_Dance_rose_2021_284abe2f5b.webp,shato-taman-grape-dance-1
dataset/uploads_root/prod-svoe-vino-strapi/prod-svoe-vino/strapi/uploads/Sh_T_Igristoe_0_75_l_2024gu_Normal_Beloe_Polusl_59c8d1f2c5.webp,shato-taman-polusladkoe
dataset/uploads_root/prod-svoe-vino-strapi/prod-svoe-vino/strapi/uploads/Sh_T_Igristoe_0_75_l_2024gu_Normal_Bryut_Beloe_1312c070e0.webp,shato-taman-bryut
dataset/uploads_root/prod-svoe-vino-strapi/prod-svoe-vino/strapi/uploads/Sh_T_Igristoe_0_75_l_2024gu_Normal_Bryut_Rozvoe_aa44c75092.webp,shato-taman-bryut-1
dataset/uploads_root/prod-svoe-vino-strapi/prod-svoe-vino/strapi/uploads/Sh_T_Molodoe_2025_igristoe_Normal_Krasnostop_22827aa941.webp,krasnostop-shato-taman
dataset/uploads_root/prod-svoe-vino-strapi/prod-svoe-vino/strapi/uploads/Sh_T_Molodoe_2025_igristoe_Normal_Muskat_24e7ba1069.webp,muskatnoe-shato-taman
dataset/uploads_root/prod-svoe-vino-strapi/prod-svoe-vino/strapi/uploads/Sh_T_Molodoe_2025_igristoe_Normal_Risling_42217577a3.webp,risling-shato-taman
dataset/uploads_root/prod-svoe-vino-strapi/prod-svoe-vino/strapi/uploads/Sh_T_NATURE_0_75_2024gu_Normal_Orange_88fb104a59.webp,chateau-tamagne-nature-orange
dataset/uploads_root/prod-svoe-vino-strapi/prod-svoe-vino/strapi/uploads/Sh_T_NATURE_ROSE_58220fcdfe.webp,
dataset/uploads_root/prod-svoe-vino-strapi/prod-svoe-vino/strapi/uploads/Sh_T_Par_La_Mer_Beloe_suh_2024_GU_Normal_717117b640.webp,shato-taman-par-la-mer-sovinon
dataset/uploads_root/prod-svoe-vino-strapi/prod-svoe-vino/strapi/uploads/Sh_T_Par_La_Mer_Roze_suh_2024_GU_Normal_83f76a1685.webp,shato-taman-par-la-mer-korall
dataset/uploads_root/prod-svoe-vino-strapi/prod-svoe-vino/strapi/uploads/Sh_T_Par_La_Mer_igristoe_brut_5ff54a7dda.webp,shato-taman-par-la-mer-pino-blan
dataset/uploads_root/prod-svoe-vino-strapi/prod-svoe-vino/strapi/uploads/Sh_T_Par_La_Mer_igristoe_brut_rose_9659a53999.webp,shato-taman-par-la-mer-pino-nuar
dataset/uploads_root/prod-svoe-vino-strapi/prod-svoe-vino/strapi/uploads/Sh_T_Par_La_Mer_kras_suh_2024_GU_Normal_5e97b7a0a0.webp,shato-taman-par-la-mer-czvajgelt
dataset/uploads_root/prod-svoe-vino-strapi/prod-svoe-vino/strapi/uploads/Sh_T_Signature_Cabernet_23_7c2ad72860.webp,chateau-tamagne-signature-kaberne
dataset/uploads_root/prod-svoe-vino-strapi/prod-svoe-vino/strapi/uploads/Sh_T_Signature_Chardonnay_22_4d8da6984e.webp,
dataset/uploads_root/prod-svoe-vino-strapi/prod-svoe-vino/strapi/uploads/Sh_T_Signature_Chardonnay_23_6422e66a6f.webp,chateau-tamagne-signature-shardone
dataset/uploads_root/prod-svoe-vino-strapi/prod-svoe-vino/strapi/uploads/Sh_T_Signature_Saperavi_23_417cbfd691.webp,chateau-tamagne-signature-saperavi
dataset/uploads_root/prod-svoe-vino-strapi/prod-svoe-vino/strapi/uploads/Sh_T_Vert_295ed64be6.webp,chateau-tamagne-nature-vert
dataset/uploads_root/prod-svoe-vino-strapi/prod-svoe-vino/strapi/uploads/Sh_T_nature_violet_2024_23f9567ec8.webp,
dataset/uploads_root/prod-svoe-vino-strapi/prod-svoe-vino/strapi/uploads/Shamil_Aliev_3_cb94c3f704.webp,
dataset/uploads_root/prod-svoe-vino-strapi/prod-svoe-vino/strapi/uploads/Shaptalizacziya_Raevskoe_ede77d4516.webp,
dataset/uploads_root/prod-svoe-vino-strapi/prod-svoe-vino/strapi/uploads/Shardone_056d86321c.webp,
dataset/uploads_root/prod-svoe-vino-strapi/prod-svoe-vino/strapi/uploads/Shardone_2024_png_1bfb0893db.webp,b-yu-rne-sh-ardone-suhoe-beloe
dataset/uploads_root/prod-svoe-vino-strapi/prod-svoe-vino/strapi/uploads/Shardone_2_03e3197a65.webp,
dataset/uploads_root/prod-svoe-vino-strapi/prod-svoe-vino/strapi/uploads/Shardone_54bbd4df90.webp,
dataset/uploads_root/prod-svoe-vino-strapi/prod-svoe-vino/strapi/uploads/Shardone_7979eae973.webp,
dataset/uploads_root/prod-svoe-vino-strapi/prod-svoe-vino/strapi/uploads/Shardone_9b98fc620c.webp,
dataset/uploads_root/prod-svoe-vino-strapi/prod-svoe-vino/strapi/uploads/Shardone_LORIO_4c8459cbe4.webp,
dataset/uploads_root/prod-svoe-vino-strapi/prod-svoe-vino/strapi/uploads/Shardone_Semiray_1_0b975120a9.webp,shardone
dataset/uploads_root/prod-svoe-vino-strapi/prod-svoe-vino/strapi/uploads/Shardone_ada18c9eae.webp,shardone-balaklava
dataset/uploads_root/prod-svoe-vino-strapi/prod-svoe-vino/strapi/uploads/Shardone_bc7a5932e5.webp,
dataset/uploads_root/prod-svoe-vino-strapi/prod-svoe-vino/strapi/uploads/Shardone_dc6ec8d1cb.webp,aratti-shardone-beloe-suhoe
dataset/uploads_root/prod-svoe-vino-strapi/prod-svoe-vino/strapi/uploads/Shardone_dd063700d2.webp,
dataset/uploads_root/prod-svoe-vino-strapi/prod-svoe-vino/strapi/uploads/Shardone_no_bg_preview_carve_photos_807a0bdba0.webp,riesling-dva-petra-2022
dataset/uploads_root/prod-svoe-vino-strapi/prod-svoe-vino/strapi/uploads/Shardone_uan_barrel_2024_e4ec3db7cd.webp,one-barrel-uan-barrel
dataset/uploads_root/prod-svoe-vino-strapi/prod-svoe-vino/strapi/uploads/Sharello1_4238e7b92f.webp,
dataset/uploads_root/prod-svoe-vino-strapi/prod-svoe-vino/strapi/uploads/Shato_Andre_3ef644235f.webp,
dataset/uploads_root/prod-svoe-vino-strapi/prod-svoe-vino/strapi/uploads/Shato_Pino_Klassika_Sauvignon_Blanc_ab7c633382.webp,shato-pino-klassika-sauvignon-blanc
dataset/uploads_root/prod-svoe-vino-strapi/prod-svoe-vino/strapi/uploads/Shato_Pino_pino_nuar_4e505cd8b3.webp,
dataset/uploads_root/prod-svoe-vino-strapi/prod-svoe-vino/strapi/uploads/Shato_Taman_Eno_Amber_e41353a6c1.webp,chateau-tamagne-eno-amber
dataset/uploads_root/prod-svoe-vino-strapi/prod-svoe-vino/strapi/uploads/Shato_Taman_rezerv_muskat_desertnyj_vyderzhannyj_fcef49a1a7.webp,chateau-tamagne-grand-dessert-muscat
dataset/uploads_root/prod-svoe-vino-strapi/prod-svoe-vino/strapi/uploads/Shato_Taman_rezerv_nektar_desertnyj_vyderzhannyj_36d8cd6fae.webp,chateau-tamagne-grand-dessert-nectar
dataset/uploads_root/prod-svoe-vino-strapi/prod-svoe-vino/strapi/uploads/Shato_aj_danil_7208e25400.webp,
dataset/uploads_root/prod-svoe-vino-strapi/prod-svoe-vino/strapi/uploads/Shato_aj_danil_c909196cc5.webp,
dataset/uploads_root/prod-svoe-vino-strapi/prod-svoe-vino/strapi/uploads/Shato_de_Talyu2_86d52078ef.webp,
dataset/uploads_root/prod-svoe-vino-strapi/prod-svoe-vino/strapi/uploads/Shato_de_Talyu_1_2917a94b42.webp,
dataset/uploads_root/prod-svoe-vino-strapi/prod-svoe-vino/strapi/uploads/Shato_de_Talyu_2_7319535afe.webp,
dataset/uploads_root/prod-svoe-vino-strapi/prod-svoe-vino/strapi/uploads/Shato_de_Talyu_835d729270.webp,
dataset/uploads_root/prod-svoe-vino-strapi/prod-svoe-vino/strapi/uploads/Shato_de_Talyu_b216fac04b.webp,
dataset/uploads_root/prod-svoe-vino-strapi/prod-svoe-vino/strapi/uploads/Shato_de_Talyu_c3dbab533e.webp,
dataset/uploads_root/prod-svoe-vino-strapi/prod-svoe-vino/strapi/uploads/Shato_de_Talyu_c606260ff7.webp,
dataset/uploads_root/prod-svoe-vino-strapi/prod-svoe-vino/strapi/uploads/Shef_Aleksej_Nechaev_Foto_press_sluzhba_ASI_fdbaab9212.webp,
dataset/uploads_root/prod-svoe-vino-strapi/prod-svoe-vino/strapi/uploads/Shef_Andrej_Vinogradov_Foto_press_sluzhba_ASI_5a9a1e9d4b.webp,
dataset/uploads_root/prod-svoe-vino-strapi/prod-svoe-vino/strapi/uploads/Shelkovskij_eb2c0aac1b.webp,
dataset/uploads_root/prod-svoe-vino-strapi/prod-svoe-vino/strapi/uploads/Shenen_Blan_0914f145a9.webp,
dataset/uploads_root/prod-svoe-vino-strapi/prod-svoe-vino/strapi/uploads/Shiraz_Sira2_bc5babc4a3.webp,
dataset/uploads_root/prod-svoe-vino-strapi/prod-svoe-vino/strapi/uploads/Shiraz_Sira3_ac5d95b730.webp,
dataset/uploads_root/prod-svoe-vino-strapi/prod-svoe-vino/strapi/uploads/Shiraz_Sira3_f8d3c7d71a.webp,
dataset/uploads_root/prod-svoe-vino-strapi/prod-svoe-vino/strapi/uploads/Shirli_Templ_bezalkogolnyj_65a45c181f.webp,
dataset/uploads_root/prod-svoe-vino-strapi/prod-svoe-vino/strapi/uploads/Shumrinka_7d918e90c0.webp,
dataset/uploads_root/prod-svoe-vino-strapi/prod-svoe-vino/strapi/uploads/Shumrinka_logotip_5530b0ba0c.webp,
dataset/uploads_root/prod-svoe-vino-strapi/prod-svoe-vino/strapi/uploads/Sikory2_26cdf83505.webp,
dataset/uploads_root/prod-svoe-vino-strapi/prod-svoe-vino/strapi/uploads/Sikory_1_ecffeb5881_789ce75e26.webp,
dataset/uploads_root/prod-svoe-vino-strapi/prod-svoe-vino/strapi/uploads/Sikory_2_018e4766fe_a10e8a90a5.webp,
dataset/uploads_root/prod-svoe-vino-strapi/prod-svoe-vino/strapi/uploads/Sikory_2_e05a462685.webp,
dataset/uploads_root/prod-svoe-vino-strapi/prod-svoe-vino/strapi/uploads/Sikory_3_b7b545dc3d_503760dcf1.webp,
dataset/uploads_root/prod-svoe-vino-strapi/prod-svoe-vino/strapi/uploads/Sikory_4_7cf992240a_eb125475bf.webp,
dataset/uploads_root/prod-svoe-vino-strapi/prod-svoe-vino/strapi/uploads/Sikory_4_ed4315eea1.webp,
dataset/uploads_root/prod-svoe-vino-strapi/prod-svoe-vino/strapi/uploads/Sikory_5_9e538cea6d.webp,
dataset/uploads_root/prod-svoe-vino-strapi/prod-svoe-vino/strapi/uploads/Sikory_6_8c7456b685.webp,
dataset/uploads_root/prod-svoe-vino-strapi/prod-svoe-vino/strapi/uploads/Sira_2019_surguch_528ada047c.webp,vinodelnya-byurne-sira-krasnoe-suhoe-135
dataset/uploads_root/prod-svoe-vino-strapi/prod-svoe-vino/strapi/uploads/Sira_2024_Classic_png_ea46e81e69.webp,b-yu-rne-sira-krasnoe-suhoe-classic
dataset/uploads_root/prod-svoe-vino-strapi/prod-svoe-vino/strapi/uploads/Skalistiy_Bereg2_556d0439bd.webp,
dataset/uploads_root/prod-svoe-vino-strapi/prod-svoe-vino/strapi/uploads/Skalistiy_Bereg_b91bd7f026.webp,
dataset/uploads_root/prod-svoe-vino-strapi/prod-svoe-vino/strapi/uploads/Skalistyj_bereg2_929e882654.webp,
dataset/uploads_root/prod-svoe-vino-strapi/prod-svoe-vino/strapi/uploads/Skalistyj_bereg_2_9d0ef3ee56.webp,
dataset/uploads_root/prod-svoe-vino-strapi/prod-svoe-vino/strapi/uploads/Skalistyj_bereg_bb6c72f07e.webp,
dataset/uploads_root/prod-svoe-vino-strapi/prod-svoe-vino/strapi/uploads/Skalistyj_bereg_shepot_czvetov_belyj_e9d550f01e.webp,skalistyj-bereg-shepot-czvetov
dataset/uploads_root/prod-svoe-vino-strapi/prod-svoe-vino/strapi/uploads/Skorpion_a62e3754f5.webp,
dataset/uploads_root/prod-svoe-vino-strapi/prod-svoe-vino/strapi/uploads/Skrinshot_02_02_2026_17_06_57_9438d3a030.webp,
dataset/uploads_root/prod-svoe-vino-strapi/prod-svoe-vino/strapi/uploads/Snimok_0d89493b84.webp,
dataset/uploads_root/prod-svoe-vino-strapi/prod-svoe-vino/strapi/uploads/Snimok_155439052d.webp,
dataset/uploads_root/prod-svoe-vino-strapi/prod-svoe-vino/strapi/uploads/Snimok_2a44e9bcea.webp,
dataset/uploads_root/prod-svoe-vino-strapi/prod-svoe-vino/strapi/uploads/Snimok_507d876252.webp,
dataset/uploads_root/prod-svoe-vino-strapi/prod-svoe-vino/strapi/uploads/Snimok_6338a091ee.webp,
dataset/uploads_root/prod-svoe-vino-strapi/prod-svoe-vino/strapi/uploads/Snimok_93bf87ac98.webp,
dataset/uploads_root/prod-svoe-vino-strapi/prod-svoe-vino/strapi/uploads/Snimok_c2ba5ea6dd.webp,
dataset/uploads_root/prod-svoe-vino-strapi/prod-svoe-vino/strapi/uploads/Snimok_c7b073c6c5.webp,
dataset/uploads_root/prod-svoe-vino-strapi/prod-svoe-vino/strapi/uploads/Snimok_ekrana_2024_01_28_155447_Photoroom_866202aa0c.webp,
dataset/uploads_root/prod-svoe-vino-strapi/prod-svoe-vino/strapi/uploads/Snimok_ekrana_2024_01_28_155447_d6893d110c.webp,
dataset/uploads_root/prod-svoe-vino-strapi/prod-svoe-vino/strapi/uploads/Snimok_faa2c77483.webp,
dataset/uploads_root/prod-svoe-vino-strapi/prod-svoe-vino/strapi/uploads/Snipppmok_7842f39b76.webp,
dataset/uploads_root/prod-svoe-vino-strapi/prod-svoe-vino/strapi/uploads/Sober_Bash2_dc385bdaf1.webp,
dataset/uploads_root/prod-svoe-vino-strapi/prod-svoe-vino/strapi/uploads/Sober_Bash3_a00f4c1f04.webp,
dataset/uploads_root/prod-svoe-vino-strapi/prod-svoe-vino/strapi/uploads/Sober_Bash_40c15d56ef.webp,
dataset/uploads_root/prod-svoe-vino-strapi/prod-svoe-vino/strapi/uploads/Sober_Bash_a4292a4d10.webp,
dataset/uploads_root/prod-svoe-vino-strapi/prod-svoe-vino/strapi/uploads/Solnechnaya_Dolina_Sary_Pandas_vyderzhannoe_c056d7120c.webp,sary-pandas-vyderzhannoe
dataset/uploads_root/prod-svoe-vino-strapi/prod-svoe-vino/strapi/uploads/Solnechnaya_Dolina_meganom_kokur_0084a50e59.webp,solnechnaya-dolina-meganom-kokur-beloe-bryut
dataset/uploads_root/prod-svoe-vino-strapi/prod-svoe-vino/strapi/uploads/Solnechnaya_Dolina_soczseti2_6f566c400e.webp,
dataset/uploads_root/prod-svoe-vino-strapi/prod-svoe-vino/strapi/uploads/Solnechnaya_dolina2_422a5d31da.webp,
dataset/uploads_root/prod-svoe-vino-strapi/prod-svoe-vino/strapi/uploads/Solnechnaya_dolina_Privat_e29e2f450a.webp,privat
dataset/uploads_root/prod-svoe-vino-strapi/prod-svoe-vino/strapi/uploads/Solnechnaya_dolina_portvejn_krymskij_e3f225c04e.webp,portvejn-krymskij
dataset/uploads_root/prod-svoe-vino-strapi/prod-svoe-vino/strapi/uploads/Sorta_vinograda_Raevskoe_eec82e5b88_12d293c988.webp,
dataset/uploads_root/prod-svoe-vino-strapi/prod-svoe-vino/strapi/uploads/Sovinon_Aligote_suh_f405e4e033.webp,zhemchuzhnaya-9-sovinon-blan-aligote
dataset/uploads_root/prod-svoe-vino-strapi/prod-svoe-vino/strapi/uploads/Sovinon_Blan2_2_88203bf599.jpeg,
dataset/uploads_root/prod-svoe-vino-strapi/prod-svoe-vino/strapi/uploads/Sovinon_Blan2_64c30a0af4.webp,
dataset/uploads_root/prod-svoe-vino-strapi/prod-svoe-vino/strapi/uploads/Sovinon_Blan_4_fe562894e9.webp,
dataset/uploads_root/prod-svoe-vino-strapi/prod-svoe-vino/strapi/uploads/Sovinon_Blan_LORIO_0723f6f81d.webp,lorio-sovinon-blan-2025
dataset/uploads_root/prod-svoe-vino-strapi/prod-svoe-vino/strapi/uploads/Sovinon_Blan_e82f684de6.webp,
dataset/uploads_root/prod-svoe-vino-strapi/prod-svoe-vino/strapi/uploads/Sovion_p_suh_e5467c856b.webp,aratti-sovinon-blan-beloe-polusuhoe
dataset/uploads_root/prod-svoe-vino-strapi/prod-svoe-vino/strapi/uploads/Spumante_beloe_polusuhoe_761f7504ed.webp,
dataset/uploads_root/prod-svoe-vino-strapi/prod-svoe-vino/strapi/uploads/Spumante_beloe_polusuhoe_d8b5b76db4.webp,zb-vajn-spumante-polusuhoe-beloe
dataset/uploads_root/prod-svoe-vino-strapi/prod-svoe-vino/strapi/uploads/Spumante_belyj_bryut_d34e854a7b.webp,
dataset/uploads_root/prod-svoe-vino-strapi/prod-svoe-vino/strapi/uploads/Spumante_rozovyj_bryut_3e35043a8d.webp,
dataset/uploads_root/prod-svoe-vino-strapi/prod-svoe-vino/strapi/uploads/Srok_godnosti_otkrytogo_vina_5618b9a3f9.webp,
dataset/uploads_root/prod-svoe-vino-strapi/prod-svoe-vino/strapi/uploads/Starye_lozy_Karmenera_4045a80cfe.webp,
dataset/uploads_root/prod-svoe-vino-strapi/prod-svoe-vino/strapi/uploads/Stefaniya_eda215aa62.webp,
dataset/uploads_root/prod-svoe-vino-strapi/prod-svoe-vino/strapi/uploads/Sumenkova_b71a102502.webp,
dataset/uploads_root/prod-svoe-vino-strapi/prod-svoe-vino/strapi/uploads/Sumenkova_d219fa9f55.webp,
dataset/uploads_root/prod-svoe-vino-strapi/prod-svoe-vino/strapi/uploads/Sun_Valley1881_Kapelyush_118_a8d4d5668c.webp,
dataset/uploads_root/prod-svoe-vino-strapi/prod-svoe-vino/strapi/uploads/Sun_Valley1881_Kapelyush_122_cddd4aa4ca.webp,
dataset/uploads_root/prod-svoe-vino-strapi/prod-svoe-vino/strapi/uploads/Sustainable_wine_Focus_Fill_Wz_E5_Mj_As_N_Tc1_LCJ_5_Iiwz_MT_Nd1_5fadd3f812.webp,
dataset/uploads_root/prod-svoe-vino-strapi/prod-svoe-vino/strapi/uploads/Svoyo_vino_6091b7ec18.webp,
dataset/uploads_root/prod-svoe-vino-strapi/prod-svoe-vino/strapi/uploads/Svoyo_vino_cf44f750ee.webp,
dataset/uploads_root/prod-svoe-vino-strapi/prod-svoe-vino/strapi/uploads/TV_Endemy_Kaberne_Sovinon_roz_da300d3d2e.webp,vino-suhoe-rozovoe-endemy-kaberne-sovinon
dataset/uploads_root/prod-svoe-vino-strapi/prod-svoe-vino/strapi/uploads/TV_Endemy_Saperavi_588c1f136e.webp,vino-suhoe-krasnoe-endemy-saperavi
dataset/uploads_root/prod-svoe-vino-strapi/prod-svoe-vino/strapi/uploads/TV_Endemy_Shardone_67f5af65c9.webp,vino-suhoe-beloe-endemy-shardone
dataset/uploads_root/prod-svoe-vino-strapi/prod-svoe-vino/strapi/uploads/TV_Endemy_Sovinon_5c280667ff.webp,vino-suhoe-beloe-endemy-sovinon
dataset/uploads_root/prod-svoe-vino-strapi/prod-svoe-vino/strapi/uploads/Tamara_22_9ef262fd0c.webp,tamara-2022
dataset/uploads_root/prod-svoe-vino-strapi/prod-svoe-vino/strapi/uploads/Tamara_23_6f3b7dd41c.webp,tamara
dataset/uploads_root/prod-svoe-vino-strapi/prod-svoe-vino/strapi/uploads/Taniny_1_vinodelnya_ELPA_65e02d0f05.webp,
dataset/uploads_root/prod-svoe-vino-strapi/prod-svoe-vino/strapi/uploads/Taniny_II_1_ee707cc1a5.webp,
dataset/uploads_root/prod-svoe-vino-strapi/prod-svoe-vino/strapi/uploads/Tannat_7602a0d44c.webp,
dataset/uploads_root/prod-svoe-vino-strapi/prod-svoe-vino/strapi/uploads/Tema_10_edc028f318.webp,
dataset/uploads_root/prod-svoe-vino-strapi/prod-svoe-vino/strapi/uploads/Tema_11_51516dd3fc.webp,
dataset/uploads_root/prod-svoe-vino-strapi/prod-svoe-vino/strapi/uploads/Tema_12_799c287175.webp,
dataset/uploads_root/prod-svoe-vino-strapi/prod-svoe-vino/strapi/uploads/Tema_13_d988013ce1.webp,
dataset/uploads_root/prod-svoe-vino-strapi/prod-svoe-vino/strapi/uploads/Tema_14_3b0daf13f4.webp,
dataset/uploads_root/prod-svoe-vino-strapi/prod-svoe-vino/strapi/uploads/Tema_15_3f3b554537.webp,
dataset/uploads_root/prod-svoe-vino-strapi/prod-svoe-vino/strapi/uploads/Tema_16_aa23cbf6e1.webp,
dataset/uploads_root/prod-svoe-vino-strapi/prod-svoe-vino/strapi/uploads/Tema_1_36dffb4843.webp,
dataset/uploads_root/prod-svoe-vino-strapi/prod-svoe-vino/strapi/uploads/Tema_2_0fc483e63a.webp,
dataset/uploads_root/prod-svoe-vino-strapi/prod-svoe-vino/strapi/uploads/Tema_3_b0792450b7.webp,
dataset/uploads_root/prod-svoe-vino-strapi/prod-svoe-vino/strapi/uploads/Tema_4_0cfcf241e6.webp,
dataset/uploads_root/prod-svoe-vino-strapi/prod-svoe-vino/strapi/uploads/Tema_5_388ba67cf7.webp,
dataset/uploads_root/prod-svoe-vino-strapi/prod-svoe-vino/strapi/uploads/Tema_6_8464a5a14e.webp,
dataset/uploads_root/prod-svoe-vino-strapi/prod-svoe-vino/strapi/uploads/Tema_7_3a47dacab3.webp,
dataset/uploads_root/prod-svoe-vino-strapi/prod-svoe-vino/strapi/uploads/Tema_8_18c391be28.webp,
dataset/uploads_root/prod-svoe-vino-strapi/prod-svoe-vino/strapi/uploads/Tema_9_74811c3415.webp,
dataset/uploads_root/prod-svoe-vino-strapi/prod-svoe-vino/strapi/uploads/Temelion_Blan_de_blan_1_bce05cbf71.webp,temelion-blanc-de-blancs
dataset/uploads_root/prod-svoe-vino-strapi/prod-svoe-vino/strapi/uploads/Temelion_Bryut_1_a8d14c7360.webp,avtorskij-gid-artura-sarkisyana
dataset/uploads_root/prod-svoe-vino-strapi/prod-svoe-vino/strapi/uploads/Temelion_Bryut_roze_1_a6d6d4234d.webp,temelion-bryut-roze
dataset/uploads_root/prod-svoe-vino-strapi/prod-svoe-vino/strapi/uploads/Temerinda_868bea6396.webp,
dataset/uploads_root/prod-svoe-vino-strapi/prod-svoe-vino/strapi/uploads/Temerinda_II_a06fa8cf6f.webp,
dataset/uploads_root/prod-svoe-vino-strapi/prod-svoe-vino/strapi/uploads/Tempranilo2_212ee605c0.webp,
dataset/uploads_root/prod-svoe-vino-strapi/prod-svoe-vino/strapi/uploads/Tempranilo_d9644cf2b9.webp,
dataset/uploads_root/prod-svoe-vino-strapi/prod-svoe-vino/strapi/uploads/Tequila_Sunrise_4a26571f40.webp,
dataset/uploads_root/prod-svoe-vino-strapi/prod-svoe-vino/strapi/uploads/Tequila_Sunrise_e0bdcd8a39.webp,
dataset/uploads_root/prod-svoe-vino-strapi/prod-svoe-vino/strapi/uploads/Terruarnoe_vino_02_5488492298.webp,
dataset/uploads_root/prod-svoe-vino-strapi/prod-svoe-vino/strapi/uploads/Ti_Punsh_5709fda673.webp,
dataset/uploads_root/prod-svoe-vino-strapi/prod-svoe-vino/strapi/uploads/Tihoe_Barynya_2025_cb29b43230.webp,denisov_barynya_kurmyshi
dataset/uploads_root/prod-svoe-vino-strapi/prod-svoe-vino/strapi/uploads/Tihoe_Krasnaya_strelka_Pino_Nuar_1_19fde8fd23.webp,denisov_pino_noir_klaret
dataset/uploads_root/prod-svoe-vino-strapi/prod-svoe-vino/strapi/uploads/Tihoe_Pereplyas_2025_2090756472.webp,denisov_pereplyas_kurmyshi
dataset/uploads_root/prod-svoe-vino-strapi/prod-svoe-vino/strapi/uploads/Top100_Wines_270324_2_fa6a091920.jpg,
dataset/uploads_root/prod-svoe-vino-strapi/prod-svoe-vino/strapi/uploads/Traminer2_2_fc6466817b.webp,
dataset/uploads_root/prod-svoe-vino-strapi/prod-svoe-vino/strapi/uploads/Traminer2_cccd4a978c.webp,
dataset/uploads_root/prod-svoe-vino-strapi/prod-svoe-vino/strapi/uploads/Traminer_rozovyj_1b5cafd2a9.webp,
dataset/uploads_root/prod-svoe-vino-strapi/prod-svoe-vino/strapi/uploads/Trendy_1_42c6a29e50.webp,
dataset/uploads_root/prod-svoe-vino-strapi/prod-svoe-vino/strapi/uploads/Trendy_goda_734ba51657.webp,
dataset/uploads_root/prod-svoe-vino-strapi/prod-svoe-vino/strapi/uploads/Tri_vina_v_top_5_0f0eafbae8.webp,
dataset/uploads_root/prod-svoe-vino-strapi/prod-svoe-vino/strapi/uploads/Tristoriya_50099bd77b.webp,
dataset/uploads_root/prod-svoe-vino-strapi/prod-svoe-vino/strapi/uploads/ULC_1111_c8d1b2b70b.webp,
dataset/uploads_root/prod-svoe-vino-strapi/prod-svoe-vino/strapi/uploads/ULC_4913_1_a46d5bcf56.webp,
dataset/uploads_root/prod-svoe-vino-strapi/prod-svoe-vino/strapi/uploads/ULC_6722_bb0934aefe.webp,
dataset/uploads_root/prod-svoe-vino-strapi/prod-svoe-vino/strapi/uploads/ULC_6810_bda205a067.webp,
dataset/uploads_root/prod-svoe-vino-strapi/prod-svoe-vino/strapi/uploads/ULC_6855_fc952e02a2.tif,
dataset/uploads_root/prod-svoe-vino-strapi/prod-svoe-vino/strapi/uploads/ULC_7137_5feeb9596d.webp,
dataset/uploads_root/prod-svoe-vino-strapi/prod-svoe-vino/strapi/uploads/ULC_7182_1_f88350d55e.webp,
dataset/uploads_root/prod-svoe-vino-strapi/prod-svoe-vino/strapi/uploads/ULC_7182_69b72e173d.webp,
dataset/uploads_root/prod-svoe-vino-strapi/prod-svoe-vino/strapi/uploads/ULC_7398_3f1be568bb.webp,
dataset/uploads_root/prod-svoe-vino-strapi/prod-svoe-vino/strapi/uploads/ULC_7612_a764edc71b.webp,
dataset/uploads_root/prod-svoe-vino-strapi/prod-svoe-vino/strapi/uploads/ULC_7727_cf22846b39.webp,
dataset/uploads_root/prod-svoe-vino-strapi/prod-svoe-vino/strapi/uploads/ULC_7830_63f587dcb5.webp,
dataset/uploads_root/prod-svoe-vino-strapi/prod-svoe-vino/strapi/uploads/ULC_8067_3b9f36ce8d.webp,
dataset/uploads_root/prod-svoe-vino-strapi/prod-svoe-vino/strapi/uploads/ULC_8067_aea9f269aa.webp,
dataset/uploads_root/prod-svoe-vino-strapi/prod-svoe-vino/strapi/uploads/UPA_Winery_7374faea8f.webp,
dataset/uploads_root/prod-svoe-vino-strapi/prod-svoe-vino/strapi/uploads/UPA_Winery_Photoroom_e2d8468b37.webp,
dataset/uploads_root/prod-svoe-vino-strapi/prod-svoe-vino/strapi/uploads/USADBA_MERKOTAN_Logotip_copy_22898f24b1.webp,
dataset/uploads_root/prod-svoe-vino-strapi/prod-svoe-vino/strapi/uploads/Uchastniki_Pro_Edu_po_Rossii_iz_Sevastopolya_Foto_press_sluzhba_ASI_c17596b1a7.webp,
dataset/uploads_root/prod-svoe-vino-strapi/prod-svoe-vino/strapi/uploads/Urban_Vajneri_ebde4f2d7c.webp,
dataset/uploads_root/prod-svoe-vino-strapi/prod-svoe-vino/strapi/uploads/Urban_Winery_9e3a01831c.webp,
dataset/uploads_root/prod-svoe-vino-strapi/prod-svoe-vino/strapi/uploads/Urban_Winery_f50050b446.webp,
dataset/uploads_root/prod-svoe-vino-strapi/prod-svoe-vino/strapi/uploads/Usadba_Ammonit_993c73032b.webp,
dataset/uploads_root/prod-svoe-vino-strapi/prod-svoe-vino/strapi/uploads/Usadba_Divnomorskaya2_d2d6b3d306.webp,
dataset/uploads_root/prod-svoe-vino-strapi/prod-svoe-vino/strapi/uploads/Usadba_Markoth_7d287de8d8.webp,
dataset/uploads_root/prod-svoe-vino-strapi/prod-svoe-vino/strapi/uploads/Usadba_Markoth_obl_5db50982b9.webp,
dataset/uploads_root/prod-svoe-vino-strapi/prod-svoe-vino/strapi/uploads/Usadba_Maskaga_9b57354c41.webp,
dataset/uploads_root/prod-svoe-vino-strapi/prod-svoe-vino/strapi/uploads/Usadba_Perovskih_aa3ed7b31e.webp,
dataset/uploads_root/prod-svoe-vino-strapi/prod-svoe-vino/strapi/uploads/Usadba_Sarkel2_1ce25be896.webp,
dataset/uploads_root/prod-svoe-vino-strapi/prod-svoe-vino/strapi/uploads/Usadba_Sarkel3_764d8d4692.webp,
dataset/uploads_root/prod-svoe-vino-strapi/prod-svoe-vino/strapi/uploads/Uzunovy_II_e3473ecc96.webp,
dataset/uploads_root/prod-svoe-vino-strapi/prod-svoe-vino/strapi/uploads/Uzunovy_df6a5ce995.webp,
dataset/uploads_root/prod-svoe-vino-strapi/prod-svoe-vino/strapi/uploads/Uzunovy_dlya_portala_281a20f04f.webp,
dataset/uploads_root/prod-svoe-vino-strapi/prod-svoe-vino/strapi/uploads/VB_Risling_vyderzhannoe_ekstrabryut_0_75_l_2022_30cc340906.webp,vysokij-bereg-risling-zelenaya-seriya-2
dataset/uploads_root/prod-svoe-vino-strapi/prod-svoe-vino/strapi/uploads/VB_ZS_Igristoe_Monro_075_Normal_100b782b23.webp,vysokij-bereg-risling-zelenaya-seriya-1
dataset/uploads_root/prod-svoe-vino-strapi/prod-svoe-vino/strapi/uploads/VB_ZS_Igristoe_Monro_075_Normal_ef873526c4.webp,
dataset/uploads_root/prod-svoe-vino-strapi/prod-svoe-vino/strapi/uploads/VB_ZS_Risling_pod_probku_03_2025_Normal_46bfcfa636.webp,vysokij-bereg-risling-zelenaya-seriya
dataset/uploads_root/prod-svoe-vino-strapi/prod-svoe-vino/strapi/uploads/VB_ZS_Traminer_2024gu_Normal_cf39758420.webp,vysokij-bereg-traminer-zelenaya-seriya
dataset/uploads_root/prod-svoe-vino-strapi/prod-svoe-vino/strapi/uploads/VINO_suhoe_rozovoe_KOLLEK_Cz_I_Ya_LETA_05a35835db.webp,leto-kollekcziya-leta-2020-suhoe-beloe-1
dataset/uploads_root/prod-svoe-vino-strapi/prod-svoe-vino/strapi/uploads/VP_Serdyukova_ca481ded07.webp,
dataset/uploads_root/prod-svoe-vino-strapi/prod-svoe-vino/strapi/uploads/VT_page_0001_Photoroom_09c11818c7.webp,
dataset/uploads_root/prod-svoe-vino-strapi/prod-svoe-vino/strapi/uploads/Valerij_Zaharin_Kokur_i_Ko_igristoe_beloe_bryut_127fa85774.webp,valerij-zaharin-kokur-i-ko-beloe-bryut
dataset/uploads_root/prod-svoe-vino-strapi/prod-svoe-vino/strapi/uploads/Valerij_Zaharin_Kokur_i_Ko_igristoe_beloe_polusladkoe_1334dee26c.webp,valerij-zaharin-kokur-i-ko-beloe-polusladkoe
dataset/uploads_root/prod-svoe-vino-strapi/prod-svoe-vino/strapi/uploads/Varvara_Balandina_rol_verandist_1_ekspert_v_sfere_nedvizhimosti_ad18f93acc.webp,
dataset/uploads_root/prod-svoe-vino-strapi/prod-svoe-vino/strapi/uploads/Vedernikov_enogastronomy_0c4b43152a_4dfe276c39.webp,
dataset/uploads_root/prod-svoe-vino-strapi/prod-svoe-vino/strapi/uploads/Vena_II_2039840857.webp,
dataset/uploads_root/prod-svoe-vino-strapi/prod-svoe-vino/strapi/uploads/Vermentino_Viognier_2022_6e8111c2c8.webp,
dataset/uploads_root/prod-svoe-vino-strapi/prod-svoe-vino/strapi/uploads/Vermentino_Viognier_2022_d30e645c2d.webp,vermentino-viognier-2022
dataset/uploads_root/prod-svoe-vino-strapi/prod-svoe-vino/strapi/uploads/Vid_iz_restorana_Amfora_17ecb9dfca.webp,
dataset/uploads_root/prod-svoe-vino-strapi/prod-svoe-vino/strapi/uploads/Vidy_Dolina_Lefkadiya_0cc73e3201.webp,
dataset/uploads_root/prod-svoe-vino-strapi/prod-svoe-vino/strapi/uploads/Vidy_Dolina_Lefkadiya_1ecfb0dfd3.webp,
dataset/uploads_root/prod-svoe-vino-strapi/prod-svoe-vino/strapi/uploads/Vidy_Dolina_Lefkadiya_5705db4835.webp,
dataset/uploads_root/prod-svoe-vino-strapi/prod-svoe-vino/strapi/uploads/Vidy_Dolina_Lefkadiya_ed210d0a28.webp,
dataset/uploads_root/prod-svoe-vino-strapi/prod-svoe-vino/strapi/uploads/Villa_Urkusta_196_3d99eb743a.webp,
dataset/uploads_root/prod-svoe-vino-strapi/prod-svoe-vino/strapi/uploads/Villa_Urkusta_stal_df93b7a5b2.webp,
dataset/uploads_root/prod-svoe-vino-strapi/prod-svoe-vino/strapi/uploads/Villa_di_Alma2_obl_fa0a0cf176.webp,
dataset/uploads_root/prod-svoe-vino-strapi/prod-svoe-vino/strapi/uploads/Vina_Arpachina_81239ee6c5.webp,
dataset/uploads_root/prod-svoe-vino-strapi/prod-svoe-vino/strapi/uploads/Vina_Predgorya_ee0717310d.webp,
dataset/uploads_root/prod-svoe-vino-strapi/prod-svoe-vino/strapi/uploads/Vinisazh_bel_71a4e27f0b.webp,b-yu-rne-vinisa-zh-suhoe-beloe
dataset/uploads_root/prod-svoe-vino-strapi/prod-svoe-vino/strapi/uploads/Vinisazh_krasn_dba1e92eae.webp,b-yu-rne-vinisa-zh-suhoe-krasnoe
dataset/uploads_root/prod-svoe-vino-strapi/prod-svoe-vino/strapi/uploads/Vinisazh_roz_3d60ae3f01.webp,b-yu-rne-vinisa-zh-suhoe-rozovoe
dataset/uploads_root/prod-svoe-vino-strapi/prod-svoe-vino/strapi/uploads/Vinnaya_lavka_Dikij_Barin_Foto_Dikij_Barin_b3a17a217e.webp,
dataset/uploads_root/prod-svoe-vino-strapi/prod-svoe-vino/strapi/uploads/Vinnye_pazly_05ef19ccf1.webp,
dataset/uploads_root/prod-svoe-vino-strapi/prod-svoe-vino/strapi/uploads/Vino_ab3493a64d.webp,
dataset/uploads_root/prod-svoe-vino-strapi/prod-svoe-vino/strapi/uploads/Vino_beloe_suhoe_Sh_ARDONE_ae4ca974c5.webp,leto-shardone-2023-suhoe-beloe
dataset/uploads_root/prod-svoe-vino-strapi/prod-svoe-vino/strapi/uploads/Vino_i_deserty_beb71f7c9b.webp,
dataset/uploads_root/prod-svoe-vino-strapi/prod-svoe-vino/strapi/uploads/Vino_i_lyudi_a9edd3b049.webp,
dataset/uploads_root/prod-svoe-vino-strapi/prod-svoe-vino/strapi/uploads/Vino_krasnoe_Kr_Strelka_3_7c02276274.webp,denisov_rubin_klaret_krasnaya_strelka
dataset/uploads_root/prod-svoe-vino-strapi/prod-svoe-vino/strapi/uploads/Vino_polusuhoe_krasnoe_KABERNE_SOVINON_cfd594e5f6.webp,leto-kaberne-sovinon-2023-polusuhoe-krasnoe
dataset/uploads_root/prod-svoe-vino-strapi/prod-svoe-vino/strapi/uploads/Vino_polusuhoe_krasnoe_kaberne_fran_e17d863e68.webp,
dataset/uploads_root/prod-svoe-vino-strapi/prod-svoe-vino/strapi/uploads/Vino_suhoe_beloe_KOLLEK_Cz_I_Ya_LETA_KUPA_Zh_0ee86a0a33.webp,leto-kollekcziya-leta-kupazh-2021-suhoe-beloe
dataset/uploads_root/prod-svoe-vino-strapi/prod-svoe-vino/strapi/uploads/Vino_suhoe_krasnoe_KABERNE_FRAN_3c69650ca3.webp,leto-kaberne-fran-2021-suhoe-krasnoe
dataset/uploads_root/prod-svoe-vino-strapi/prod-svoe-vino/strapi/uploads/Vino_suhoe_krasnoe_KABERNE_FRAN_REZERV_2f6ac9d296.webp,leto-kaberne-fran-rezerv-2021-suhoe-krasnoe
dataset/uploads_root/prod-svoe-vino-strapi/prod-svoe-vino/strapi/uploads/Vino_suhoe_krasnoe_KOLLEK_Cz_I_Ya_LETA_KUPA_Zh_46f3db9eb1.webp,leto-kollekcziya-leta-kupazh-2023-suhoe-krasnoe
dataset/uploads_root/prod-svoe-vino-strapi/prod-svoe-vino/strapi/uploads/Vino_v_butylke_e96fff6abb.webp,
dataset/uploads_root/prod-svoe-vino-strapi/prod-svoe-vino/strapi/uploads/Vinodelnya_1_c5cf3fb612.webp,
dataset/uploads_root/prod-svoe-vino-strapi/prod-svoe-vino/strapi/uploads/Vinodelnya_1b8f50cd7d.webp,
dataset/uploads_root/prod-svoe-vino-strapi/prod-svoe-vino/strapi/uploads/Vinodelnya_Gavras2_253e978c36.webp,
dataset/uploads_root/prod-svoe-vino-strapi/prod-svoe-vino/strapi/uploads/Vinodelnya_Gavras3_29cedcaf1f.webp,
dataset/uploads_root/prod-svoe-vino-strapi/prod-svoe-vino/strapi/uploads/Vinodelnya_Gavras_5c42bd9bca.webp,
dataset/uploads_root/prod-svoe-vino-strapi/prod-svoe-vino/strapi/uploads/Vinodelnya_Philisophy_by_T_V_I_2_791886a2f6.webp,
dataset/uploads_root/prod-svoe-vino-strapi/prod-svoe-vino/strapi/uploads/Vinodelnya_Philisophy_by_T_V_I_b6649dfacc.webp,
dataset/uploads_root/prod-svoe-vino-strapi/prod-svoe-vino/strapi/uploads/Vinodelnya_Rema_Akchurina_257d6f44c3.webp,
dataset/uploads_root/prod-svoe-vino-strapi/prod-svoe-vino/strapi/uploads/Vinodelnya_Rema_Akchurina_29ac2fbf1d.webp,
dataset/uploads_root/prod-svoe-vino-strapi/prod-svoe-vino/strapi/uploads/Vinodelnya_Vedernikov_f7dfb6cd55.webp,
dataset/uploads_root/prod-svoe-vino-strapi/prod-svoe-vino/strapi/uploads/Vinodelnya_degustaczionnyj_zal_Urkusta_e1974b42ba.webp,
dataset/uploads_root/prod-svoe-vino-strapi/prod-svoe-vino/strapi/uploads/Vinograd_kishmish_3eef5b11ec.webp,
dataset/uploads_root/prod-svoe-vino-strapi/prod-svoe-vino/strapi/uploads/Vinogradnaya_loza_647c465003_47d77d5dad.webp,
dataset/uploads_root/prod-svoe-vino-strapi/prod-svoe-vino/strapi/uploads/Vinogradnik_3_scaled_69335a6db3.webp,
dataset/uploads_root/prod-svoe-vino-strapi/prod-svoe-vino/strapi/uploads/Vinogradniki_2_6f2fb03b8d.webp,
dataset/uploads_root/prod-svoe-vino-strapi/prod-svoe-vino/strapi/uploads/Vinogradniki_2_Abrau_7771c1dc88.webp,
dataset/uploads_root/prod-svoe-vino-strapi/prod-svoe-vino/strapi/uploads/Vinogradniki_2_d24361af73.webp,
dataset/uploads_root/prod-svoe-vino-strapi/prod-svoe-vino/strapi/uploads/Vinogradniki_Dolina_Lefkadiya_0f9169fd40.webp,
dataset/uploads_root/prod-svoe-vino-strapi/prod-svoe-vino/strapi/uploads/Vinogradniki_Doliny_Lefkadiya_17abfb3aa2.webp,
dataset/uploads_root/prod-svoe-vino-strapi/prod-svoe-vino/strapi/uploads/Vinogradniki_Doliny_Lefkadiya_6197fa85e1.webp,
dataset/uploads_root/prod-svoe-vino-strapi/prod-svoe-vino/strapi/uploads/Vinogradniki_Doliny_Lefkadiya_78fcdcef6a.webp,
dataset/uploads_root/prod-svoe-vino-strapi/prod-svoe-vino/strapi/uploads/Vinogradniki_Doliny_Lefkadiya_950ebe8862.webp,
dataset/uploads_root/prod-svoe-vino-strapi/prod-svoe-vino/strapi/uploads/Vinogradniki_Doliny_Lefkadiya_aa8781b5c2.webp,
dataset/uploads_root/prod-svoe-vino-strapi/prod-svoe-vino/strapi/uploads/Vinogradniki_Doliny_Lefkadiya_f086ed671c.webp,
dataset/uploads_root/prod-svoe-vino-strapi/prod-svoe-vino/strapi/uploads/Vinogradniki_Doliny_Lefkadiya_ff025e9bce.webp,
dataset/uploads_root/prod-svoe-vino-strapi/prod-svoe-vino/strapi/uploads/Vinogradniki_Le_K2_22_c3dd745ef3.webp,
dataset/uploads_root/prod-svoe-vino-strapi/prod-svoe-vino/strapi/uploads/Vinogradniki_Vinodelni_Vedernikov_Dolina_Dona_6ef9dab088.webp,
dataset/uploads_root/prod-svoe-vino-strapi/prod-svoe-vino/strapi/uploads/Vinogradniki_Vinodelni_Vedernikov_Dolina_Dona_fd1b26a674.webp,
dataset/uploads_root/prod-svoe-vino-strapi/prod-svoe-vino/strapi/uploads/Vinogradniki_Vinodelni_Vedernikov_Rostovskaya_oblast_dolina_Dona_159a89ab19.webp,
dataset/uploads_root/prod-svoe-vino-strapi/prod-svoe-vino/strapi/uploads/Vinogradniki_zimoj_d3d9651ae8.webp,
dataset/uploads_root/prod-svoe-vino-strapi/prod-svoe-vino/strapi/uploads/Vione_2023_13d6c1ebf6.webp,vinodelnya-byurne-vione-beloe-suhoe-135
dataset/uploads_root/prod-svoe-vino-strapi/prod-svoe-vino/strapi/uploads/Vione_47efa643ea.webp,
dataset/uploads_root/prod-svoe-vino-strapi/prod-svoe-vino/strapi/uploads/Vione_c375fd2982.webp,
dataset/uploads_root/prod-svoe-vino-strapi/prod-svoe-vino/strapi/uploads/Vione_i_Verdeho_1_46fdd7f8d6.jpg,
dataset/uploads_root/prod-svoe-vino-strapi/prod-svoe-vino/strapi/uploads/Vione_i_Verdeho_3502efff14.webp,
dataset/uploads_root/prod-svoe-vino-strapi/prod-svoe-vino/strapi/uploads/Vitmer_belyj_bryut_1_840eb810c0.webp,cuvee-de-vitmer-brut
dataset/uploads_root/prod-svoe-vino-strapi/prod-svoe-vino/strapi/uploads/Vitmer_belyj_bryut_3c829e08d2.webp,
dataset/uploads_root/prod-svoe-vino-strapi/prod-svoe-vino/strapi/uploads/Vlad_Shherbina_252a6c44f0.webp,
dataset/uploads_root/prod-svoe-vino-strapi/prod-svoe-vino/strapi/uploads/Vladimir_Puchkov_ad90840e3e.webp,
dataset/uploads_root/prod-svoe-vino-strapi/prod-svoe-vino/strapi/uploads/Vysokij_bereg_Czvajgelt_8c439c9f75.webp,vysokij-bereg-czvajgelt
dataset/uploads_root/prod-svoe-vino-strapi/prod-svoe-vino/strapi/uploads/WINEPARK_6966d97190.webp,
dataset/uploads_root/prod-svoe-vino-strapi/prod-svoe-vino/strapi/uploads/WINE_FEST_328_3e9715aa9c.webp,
dataset/uploads_root/prod-svoe-vino-strapi/prod-svoe-vino/strapi/uploads/WINE_FEST_352_2a7d1349d0.webp,
dataset/uploads_root/prod-svoe-vino-strapi/prod-svoe-vino/strapi/uploads/Whats_App_Image_2025_jpeg_f3f323ad75.webp,
dataset/uploads_root/prod-svoe-vino-strapi/prod-svoe-vino/strapi/uploads/X_Tv_CKK_8_YZQ_Afh0_AJB_2dw_Uu_Gii_IX_3_Vgdsl_Qhdsv6kzkrey_6_Ow_KI_6_L0_M1_Qh8_LUP_Ig_W_6_Xx_LG_LN_Wusxu_UF_1e1_X_Ibo_968d273f90.webp,
dataset/uploads_root/prod-svoe-vino-strapi/prod-svoe-vino/strapi/uploads/Xyw_Lw_M9g_Aj_IZT_Wr_1775202863_a3366cb4a9.webp,blush-mirage-risling
dataset/uploads_root/prod-svoe-vino-strapi/prod-svoe-vino/strapi/uploads/Yagodnyj_spritcz_bez_alkogolya_c961c0c5be.webp,
dataset/uploads_root/prod-svoe-vino-strapi/prod-svoe-vino/strapi/uploads/Yuliya_Uzunova_2_a18425696d.webp,
dataset/uploads_root/prod-svoe-vino-strapi/prod-svoe-vino/strapi/uploads/Yuzhnoberezhnyj_massandra_no_bg_preview_0375b58e0b.webp,
dataset/uploads_root/prod-svoe-vino-strapi/prod-svoe-vino/strapi/uploads/Z63_7506_dd18d4f9fe.webp,
dataset/uploads_root/prod-svoe-vino-strapi/prod-svoe-vino/strapi/uploads/Z63_9689_resized_1b8d05a0a0.webp,
dataset/uploads_root/prod-svoe-vino-strapi/prod-svoe-vino/strapi/uploads/ZB_Frizzante_Rose_Semidry_7ffea30caf.webp,
dataset/uploads_root/prod-svoe-vino-strapi/prod-svoe-vino/strapi/uploads/ZB_Frizzante_Rose_Semidry_813124d39d.webp,polusuhoe-rozovoe-zb-vajn-frizzante
dataset/uploads_root/prod-svoe-vino-strapi/prod-svoe-vino/strapi/uploads/ZB_VAJN_Moskato_beloe_polusladkoe_68f4d64b83.webp,zb-wine-moscato-beloe-polusladkoe
dataset/uploads_root/prod-svoe-vino-strapi/prod-svoe-vino/strapi/uploads/ZMV_Koktebel_Kaza_belyj_kupazh_251c6cd270.webp,koktebel-casa-belyj-kupazh
dataset/uploads_root/prod-svoe-vino-strapi/prod-svoe-vino/strapi/uploads/Zastavka_Ivanovo_1f69155cd2.webp,
dataset/uploads_root/prod-svoe-vino-strapi/prod-svoe-vino/strapi/uploads/Zavod_marochnyh_vin_Koktebel_74a94697fa.webp,
dataset/uploads_root/prod-svoe-vino-strapi/prod-svoe-vino/strapi/uploads/Zelenye_shhi_3283df509d.webp,
dataset/uploads_root/prod-svoe-vino-strapi/prod-svoe-vino/strapi/uploads/Zhakov_Winery_logo_6eb79d4842.webp,
dataset/uploads_root/prod-svoe-vino-strapi/prod-svoe-vino/strapi/uploads/Zinfandel2_a2c6816dbc.webp,
dataset/uploads_root/prod-svoe-vino-strapi/prod-svoe-vino/strapi/uploads/Zinfandel2_d211663dbc.webp,
dataset/uploads_root/prod-svoe-vino-strapi/prod-svoe-vino/strapi/uploads/Zinfandel3_3e322cf812.webp,
dataset/uploads_root/prod-svoe-vino-strapi/prod-svoe-vino/strapi/uploads/Zinfandel4_357230241e.webp,
dataset/uploads_root/prod-svoe-vino-strapi/prod-svoe-vino/strapi/uploads/Zinfandel4_6f2e887f0a.webp,
dataset/uploads_root/prod-svoe-vino-strapi/prod-svoe-vino/strapi/uploads/Zinfandel_1_1_333fb495c6.webp,
dataset/uploads_root/prod-svoe-vino-strapi/prod-svoe-vino/strapi/uploads/Zinfandel_1_a1bb30dc29.webp,
dataset/uploads_root/prod-svoe-vino-strapi/prod-svoe-vino/strapi/uploads/Znoj_denisov_vajneri_no_bg_preview_carve_photos_0452c989d8.webp,
dataset/uploads_root/prod-svoe-vino-strapi/prod-svoe-vino/strapi/uploads/Zolotaya_Balka_7d7ab5b81d.webp,
dataset/uploads_root/prod-svoe-vino-strapi/prod-svoe-vino/strapi/uploads/Zolotaya_Balka_igristoe_krasnoe_polusladkoe_8604608e59.webp,zolotaya-balka-igristoe-krasnoe-polusladkoe
dataset/uploads_root/prod-svoe-vino-strapi/prod-svoe-vino/strapi/uploads/Zunkarskie_vina_caf4dba0ae.webp,
dataset/uploads_root/prod-svoe-vino-strapi/prod-svoe-vino/strapi/uploads/_5ac9949aff.webp,
dataset/uploads_root/prod-svoe-vino-strapi/prod-svoe-vino/strapi/uploads/_adbf5f3bdc.webp,
dataset/uploads_root/prod-svoe-vino-strapi/prod-svoe-vino/strapi/uploads/_aee68f7604.webp,
dataset/uploads_root/prod-svoe-vino-strapi/prod-svoe-vino/strapi/uploads/_ca755d7ac5.webp,
dataset/uploads_root/prod-svoe-vino-strapi/prod-svoe-vino/strapi/uploads/a0b769fc5cda0d40accd057f143031ca_d6c57849b5.webp,
dataset/uploads_root/prod-svoe-vino-strapi/prod-svoe-vino/strapi/uploads/a26481da_611b_41b8_a0d9_276871f17b96_784ac313c1.webp,
dataset/uploads_root/prod-svoe-vino-strapi/prod-svoe-vino/strapi/uploads/a67lh4ee2gyk8ku4fkisybhc6v7v9gqo_4693521bd7.webp,
dataset/uploads_root/prod-svoe-vino-strapi/prod-svoe-vino/strapi/uploads/a_gordienko_m_nikolaev_pino_nuar_krasnoe_suhoe_135_660d8a5012.webp,a-gordienko-m-nikolaev-pino-nuar-krasnoe-suhoe-135
dataset/uploads_root/prod-svoe-vino-strapi/prod-svoe-vino/strapi/uploads/a_gordienko_m_nikolaev_sira_nuvo_krasnoe_suhoe_115_3eff431cec.webp,a-gordienko-m-nikolaev-sira-nuvo-krasnoe-suhoe-115
dataset/uploads_root/prod-svoe-vino-strapi/prod-svoe-vino/strapi/uploads/about_river_vineyards_Bbsdy_Q_Mz_03bac2d70e.webp,
dataset/uploads_root/prod-svoe-vino-strapi/prod-svoe-vino/strapi/uploads/abrau_dyurso_abrau_durso_brut_rose_reserve_pino_nuar_beloe_bryut_12_bb364de705.webp,abrau-dyurso-abrau-durso-brut-rose-reserve-pino-nuar-beloe-bryut-12
dataset/uploads_root/prod-svoe-vino-strapi/prod-svoe-vino/strapi/uploads/abrau_dyurso_abrau_durso_reserve_brut_shardone_beloe_bryut_115_c2d789063b.webp,abrau-dyurso-abrau-durso-reserve-brut-shardone-beloe-bryut-115
dataset/uploads_root/prod-svoe-vino-strapi/prod-svoe-vino/strapi/uploads/abrau_dyurso_abrau_dyurso_pino_nuar_krasnoe_suhoe_13_2c1e6330fe.webp,abrau-dyurso-abrau-dyurso-pino-nuar-krasnoe-suhoe-13
dataset/uploads_root/prod-svoe-vino-strapi/prod-svoe-vino/strapi/uploads/abrau_dyurso_abrau_estates_amurskiy_potapenko_krasnoe_suhoe_105_a70c9cabe2.webp,abrau-dyurso-abrau-estates-amurskiy-potapenko-krasnoe-suhoe-105
dataset/uploads_root/prod-svoe-vino-strapi/prod-svoe-vino/strapi/uploads/abrau_dyurso_abrau_estates_beloe_shardone_suhoe_12_6c1aeb2039.webp,abrau-dyurso-abrau-estates-beloe-shardone-suhoe-12
dataset/uploads_root/prod-svoe-vino-strapi/prod-svoe-vino/strapi/uploads/abrau_dyurso_abrau_estates_dostoynyy_krasnoe_suhoe_135_a2b9e120e4.webp,abrau-dyurso-abrau-estates-dostoynyy-krasnoe-suhoe-135
dataset/uploads_root/prod-svoe-vino-strapi/prod-svoe-vino/strapi/uploads/abrau_dyurso_abrau_estates_kaberne_po_belomu_kaberne_sovinon_beloe_suhoe_105_a340de7dd3.webp,abrau-dyurso-abrau-estates-kaberne-po-belomu-kaberne-sovinon-beloe-suhoe-105
dataset/uploads_root/prod-svoe-vino-strapi/prod-svoe-vino/strapi/uploads/abrau_dyurso_abrau_estates_krasnoe_kaberne_sovinon_suhoe_13_1770f5150f.webp,abrau-dyurso-abrau-estates-krasnoe-kaberne-sovinon-suhoe-13
dataset/uploads_root/prod-svoe-vino-strapi/prod-svoe-vino/strapi/uploads/abrau_dyurso_abrau_estates_oranzh_tsitronnyy_magaracha_oranzhevoe_suhoe_105_95e00a834b.webp,abrau-dyurso-abrau-estates-oranzh-tsitronnyy-magaracha-oranzhevoe-suhoe-105
dataset/uploads_root/prod-svoe-vino-strapi/prod-svoe-vino/strapi/uploads/abrau_dyurso_abrau_estates_roze_kaberne_sovinon_rozovoe_suhoe_12_416c8f123b.webp,abrau-dyurso-abrau-estates-roze-kaberne-sovinon-rozovoe-suhoe-12
dataset/uploads_root/prod-svoe-vino-strapi/prod-svoe-vino/strapi/uploads/abrau_dyurso_abrau_kupazh_krasnyy_polsusladkoe_kaberne_sovinon_krasnoe_polusladkoe_11_291e93ae8d.webp,abrau-dyurso-abrau-kupazh-krasnyy-polsusladkoe-kaberne-sovinon-krasnoe-polusladkoe-11
dataset/uploads_root/prod-svoe-vino-strapi/prod-svoe-vino/strapi/uploads/abrau_dyurso_abrau_kupazh_svetlyy_suhoe_shardone_beloe_125_b60d4bb639.webp,abrau-dyurso-abrau-kupazh-svetlyy-suhoe-shardone-beloe-125
dataset/uploads_root/prod-svoe-vino-strapi/prod-svoe-vino/strapi/uploads/abrau_dyurso_abrau_kupazh_tyomnyy_suhoe_kaberne_sovinon_krasnoe_13_a9c6a97e9b.webp,abrau-dyurso-abrau-kupazh-tyomnyy-suhoe-kaberne-sovinon-krasnoe-13
dataset/uploads_root/prod-svoe-vino-strapi/prod-svoe-vino/strapi/uploads/abrau_dyurso_aleksandr_ii_magnum_shardone_beloe_bryut_125_256840c1d1.webp,abrau-dyurso-aleksandr-ii-magnum-shardone-beloe-bryut-125
dataset/uploads_root/prod-svoe-vino-strapi/prod-svoe-vino/strapi/uploads/abrau_dyurso_az_abrau_bayanshira_beloe_suhoe_12_50e16ea5d5.webp,abrau-dyurso-az-abrau-bayanshira-beloe-suhoe-12
dataset/uploads_root/prod-svoe-vino-strapi/prod-svoe-vino/strapi/uploads/abrau_dyurso_az_abrau_madrasa_krasnoe_suhoe_14_a2a0b9e8a3.webp,abrau-dyurso-az-abrau-madrasa-krasnoe-suhoe-14
dataset/uploads_root/prod-svoe-vino-strapi/prod-svoe-vino/strapi/uploads/abrau_dyurso_brut_dor_blanc_de_blancs_shardone_beloe_bryut_125_cf97076f41.webp,abrau-dyurso-brut-dor-blanc-de-blancs-shardone-beloe-bryut-125
dataset/uploads_root/prod-svoe-vino-strapi/prod-svoe-vino/strapi/uploads/abrau_dyurso_brut_dor_blanc_de_blancs_shardone_igristoe_bryut_beloe_12_792f571be3.webp,abrau-dyurso-brut-dor-blanc-de-blancs-shardone-beloe-bryut-12
dataset/uploads_root/prod-svoe-vino-strapi/prod-svoe-vino/strapi/uploads/abrau_dyurso_brut_dor_blanc_de_noirs_pino_nuar_beloe_bryut_125_2d16522a48.webp,abrau-dyurso-brut-dor-blanc-de-noirs-pino-nuar-beloe-bryut-125
dataset/uploads_root/prod-svoe-vino-strapi/prod-svoe-vino/strapi/uploads/abrau_dyurso_brut_dor_blanc_de_noirs_pino_nuar_igristoe_bryut_beloe_115_d3fbb6965d.webp,abrau-dyurso-brut-dor-blanc-de-noirs-pino-nuar-beloe-bryut-115
dataset/uploads_root/prod-svoe-vino-strapi/prod-svoe-vino/strapi/uploads/abrau_dyurso_brut_dor_riesling_risling_beloe_bryut_12_45b9c81ea5.webp,abrau-dyurso-brut-dor-riesling-risling-beloe-bryut-12
dataset/uploads_root/prod-svoe-vino-strapi/prod-svoe-vino/strapi/uploads/abrau_dyurso_brut_dor_rose_pino_nuar_rozovoe_bryut_12_8b5bd155e6.webp,abrau-dyurso-brut-dor-rose-pino-nuar-rozovoe-bryut-12
dataset/uploads_root/prod-svoe-vino-strapi/prod-svoe-vino/strapi/uploads/abrau_dyurso_femme_dabrau_amurskiy_potapenko_krasnoe_suhoe_107_d599cb8a22.webp,abrau-dyurso-femme-dabrau-amurskiy-potapenko-krasnoe-suhoe-107
dataset/uploads_root/prod-svoe-vino-strapi/prod-svoe-vino/strapi/uploads/abrau_dyurso_imperatorskoe_bryut_shardone_beloe_12_d6c7ebb073.webp,abrau-dyurso-imperatorskoe-bryut-shardone-beloe-12
dataset/uploads_root/prod-svoe-vino-strapi/prod-svoe-vino/strapi/uploads/abrau_dyurso_imperatorskoe_polusladkoe_shardone_beloe_12_956aaee80d.webp,abrau-dyurso-imperatorskoe-polusladkoe-shardone-beloe-12
dataset/uploads_root/prod-svoe-vino-strapi/prod-svoe-vino/strapi/uploads/abrau_dyurso_imperatorskoe_polusuhoe_shardone_beloe_12_51385573f2.webp,abrau-dyurso-imperatorskoe-polusuhoe-shardone-beloe-12
dataset/uploads_root/prod-svoe-vino-strapi/prod-svoe-vino/strapi/uploads/abrau_dyurso_imperial_brut_lart_nouveau_shardone_beloe_bryut_105_71076b0053.webp,abrau-dyurso-imperial-brut-lart-nouveau-shardone-beloe-bryut-105
dataset/uploads_root/prod-svoe-vino-strapi/prod-svoe-vino/strapi/uploads/abrau_dyurso_imperial_brut_rose_pino_nuar_rozovoe_bryut_12_3eafe20e40.webp,abrau-dyurso-imperial-brut-rose-pino-nuar-rozovoe-bryut-12
dataset/uploads_root/prod-svoe-vino-strapi/prod-svoe-vino/strapi/uploads/abrau_dyurso_imperial_brut_vintage_shardone_beloe_bryut_12_8f6dbe7a71.webp,abrau-dyurso-imperial-brut-vintage-shardone-beloe-bryut-12
dataset/uploads_root/prod-svoe-vino-strapi/prod-svoe-vino/strapi/uploads/abrau_dyurso_imperial_kyuve_pino_nuar_igristoe_bryut_rozovoe_125_99fe198335.webp,abrau-dyurso-imperial-kyuve-pino-nuar-rozovoe-bryut-125
dataset/uploads_root/prod-svoe-vino-strapi/prod-svoe-vino/strapi/uploads/abrau_dyurso_kaberne_sovinon_krasnoe_suhoe_vyderzhannoe_125_b9410efa7a.webp,abrau-dyurso-kaberne-sovinon-krasnoe-suhoe-125
dataset/uploads_root/prod-svoe-vino-strapi/prod-svoe-vino/strapi/uploads/abrau_dyurso_pino_nuar_krasnoe_suhoe_125_529987dabf.webp,abrau-dyurso-pino-nuar-krasnoe-suhoe-125
dataset/uploads_root/prod-svoe-vino-strapi/prod-svoe-vino/strapi/uploads/abrau_dyurso_pino_nuar_krasnoe_suhoe_vyderzhannoe_12_e7055f24aa.webp,abrau-dyurso-pino-nuar-krasnoe-suhoe-12
dataset/uploads_root/prod-svoe-vino-strapi/prod-svoe-vino/strapi/uploads/abrau_dyurso_risling_beloe_suhoe_12_dea6af4677.webp,abrau-dyurso-risling-beloe-suhoe-12
dataset/uploads_root/prod-svoe-vino-strapi/prod-svoe-vino/strapi/uploads/abrau_dyurso_risling_beloe_suhoe_vyderzhannoe_13_3d81416050.webp,abrau-dyurso-risling-beloe-suhoe-13
dataset/uploads_root/prod-svoe-vino-strapi/prod-svoe-vino/strapi/uploads/abrau_dyurso_russkoe_igristoe_koshernoe_bryut_shardone_beloe_13_8b9ee7f9fe.webp,abrau-dyurso-russkoe-igristoe-koshernoe-bryut-shardone-beloe-13
dataset/uploads_root/prod-svoe-vino-strapi/prod-svoe-vino/strapi/uploads/abrau_dyurso_russkoe_igristoe_koshernoe_polusladkoe_shardone_beloe_12_cce09fd580.webp,abrau-dyurso-russkoe-igristoe-koshernoe-polusladkoe-shardone-beloe-12
dataset/uploads_root/prod-svoe-vino-strapi/prod-svoe-vino/strapi/uploads/abrau_dyurso_russkoe_igristoe_polusladkoe_krasnoe_kaberne_sovinon_12_d7c8d1c042.webp,abrau-dyurso-russkoe-igristoe-polusladkoe-krasnoe-kaberne-sovinon-12
dataset/uploads_root/prod-svoe-vino-strapi/prod-svoe-vino/strapi/uploads/abrau_dyurso_russkoe_igristoe_polusladkoe_shardone_beloe_12_a8752d67f6.webp,abrau-dyurso-russkoe-igristoe-polusladkoe-shardone-beloe-12
dataset/uploads_root/prod-svoe-vino-strapi/prod-svoe-vino/strapi/uploads/abrau_dyurso_russkoe_igristoe_polusuhoe_rozovoe_pino_nuar_12_dafb6d988e.webp,abrau-dyurso-russkoe-igristoe-polusuhoe-rozovoe-pino-nuar-12
dataset/uploads_root/prod-svoe-vino-strapi/prod-svoe-vino/strapi/uploads/abrau_dyurso_russkoe_igristoe_polusuhoe_shardone_beloe_12_1dd99a0a33.webp,abrau-dyurso-russkoe-igristoe-polusuhoe-shardone-beloe-12
dataset/uploads_root/prod-svoe-vino-strapi/prod-svoe-vino/strapi/uploads/abrau_dyurso_shardone_beloe_suhoe_12_9e3d40dd34.webp,abrau-dyurso-shardone-beloe-suhoe-12
dataset/uploads_root/prod-svoe-vino-strapi/prod-svoe-vino/strapi/uploads/abrau_dyurso_shardone_beloe_suhoe_vyderzhannoe_13_3fdd6c2c92.webp,abrau-dyurso-shardone-beloe-suhoe-13
dataset/uploads_root/prod-svoe-vino-strapi/prod-svoe-vino/strapi/uploads/abrau_dyurso_spumante_bryut_roze_shardone_igristoe_bryut_rozovoe_12_36f26aa26f.webp,abrau-dyurso-spumante-bryut-roze-shardone-rozovoe-12
dataset/uploads_root/prod-svoe-vino-strapi/prod-svoe-vino/strapi/uploads/abrau_dyurso_victor_dravigny_brut_rose_pino_nuar_rozovoe_bryut_12_c7199512eb.webp,abrau-dyurso-victor-dravigny-brut-rose-pino-nuar-rozovoe-bryut-12
dataset/uploads_root/prod-svoe-vino-strapi/prod-svoe-vino/strapi/uploads/abrau_dyurso_victor_dravigny_brut_shardone_beloe_bryut_12_4ab7b05e3d.webp,abrau-dyurso-victor-dravigny-brut-shardone-beloe-bryut-12
dataset/uploads_root/prod-svoe-vino-strapi/prod-svoe-vino/strapi/uploads/abrau_dyurso_victor_dravigny_extra_brut_shardone_beloe_bryut_125_86dc223df3.webp,abrau-dyurso-victor-dravigny-extra-brut-shardone-beloe-bryut-125
dataset/uploads_root/prod-svoe-vino-strapi/prod-svoe-vino/strapi/uploads/abrau_dyurso_victor_dravigny_koshernoe_bryut_shardone_beloe_125_662e4e2b51.webp,abrau-dyurso-victor-dravigny-koshernoe-bryut-shardone-beloe-125
dataset/uploads_root/prod-svoe-vino-strapi/prod-svoe-vino/strapi/uploads/abrau_dyurso_victor_dravigny_krasnoe_polusladkoe_kaberne_sovinon_125_f0e4d2775c.webp,abrau-dyurso-victor-dravigny-krasnoe-polusladkoe-kaberne-sovinon-125
dataset/uploads_root/prod-svoe-vino-strapi/prod-svoe-vino/strapi/uploads/abrau_dyurso_victor_dravigny_polusladkoe_sovinon_blan_beloe_12_ec087df76c.webp,abrau-dyurso-victor-dravigny-polusladkoe-sovinon-blan-beloe-12
dataset/uploads_root/prod-svoe-vino-strapi/prod-svoe-vino/strapi/uploads/abrau_dyurso_victor_dravigny_polusuhoe_pino_blan_beloe_12_7b6de7aca6.webp,abrau-dyurso-victor-dravigny-polusuhoe-pino-blan-beloe-12
dataset/uploads_root/prod-svoe-vino-strapi/prod-svoe-vino/strapi/uploads/ad690a88_3703_4f75_a2da_9056a569fdf7_fdd99609d0.webp,
dataset/uploads_root/prod-svoe-vino-strapi/prod-svoe-vino/strapi/uploads/ad69d06d_bc89_4d3b_b06d_52e0288879b0_bd0744377d.webp,
dataset/uploads_root/prod-svoe-vino-strapi/prod-svoe-vino/strapi/uploads/adygeya_0b055528d4.webp,
dataset/uploads_root/prod-svoe-vino-strapi/prod-svoe-vino/strapi/uploads/adygeya_faedd0c291.webp,
dataset/uploads_root/prod-svoe-vino-strapi/prod-svoe-vino/strapi/uploads/agora_9c528e1318.webp,
dataset/uploads_root/prod-svoe-vino-strapi/prod-svoe-vino/strapi/uploads/agora_team_c42d29d683.webp,
dataset/uploads_root/prod-svoe-vino-strapi/prod-svoe-vino/strapi/uploads/agora_winery_cuvee_pino_gridzhio_shardone_bryut_beloe_igristoe_bryut_beloe_125_16b20c89df.webp,agora-winery-cuvee-pino-gridzhio-shardone-bryut-beloe-125
dataset/uploads_root/prod-svoe-vino-strapi/prod-svoe-vino/strapi/uploads/agora_winery_cuvee_pino_nuar_shardone_bryut_rozovoe_igristoe_bryut_rozovoe_125_c2b30c8f55.webp,agora-winery-cuvee-pino-nuar-shardone-bryut-rozovoe-125
dataset/uploads_root/prod-svoe-vino-strapi/prod-svoe-vino/strapi/uploads/agoratr_498b945d59.webp,
dataset/uploads_root/prod-svoe-vino-strapi/prod-svoe-vino/strapi/uploads/agrolajn_43c6a38831.webp,
dataset/uploads_root/prod-svoe-vino-strapi/prod-svoe-vino/strapi/uploads/agrolayn_heritage_dg_skin_contact_red_saperavi_krasnoe_suhoe_13_88fc4bc8a1.webp,agrolayn-heritage-dg-skin-contact-red-saperavi-krasnoe-suhoe-13
dataset/uploads_root/prod-svoe-vino-strapi/prod-svoe-vino/strapi/uploads/agrolayn_heritage_dg_skin_contact_rkatsiteli_rkatsiteli_beloe_suhoe_12_3e44c13a6f.webp,agrolayn-heritage-dg-skin-contact-rkatsiteli-rkatsiteli-beloe-suhoe-12
dataset/uploads_root/prod-svoe-vino-strapi/prod-svoe-vino/strapi/uploads/agrolayn_heritage_dg_skin_contact_rkatsiteli_rkatsiteli_krasnoe_suhoe_12_a5576a9dd5.webp,agrolayn-heritage-dg-skin-contact-rkatsiteli-rkatsiteli-krasnoe-suhoe-12
dataset/uploads_root/prod-svoe-vino-strapi/prod-svoe-vino/strapi/uploads/agrolayn_lame_du_vin_saperavi_krasnoe_suhoe_13_5ede20a1fd.webp,agrolayn-lame-du-vin-saperavi-krasnoe-suhoe-13
dataset/uploads_root/prod-svoe-vino-strapi/prod-svoe-vino/strapi/uploads/agrolayn_mountain_eagle_aleatico_rose_aleatiko_rozovoe_suhoe_125_2fca230608.webp,agrolayn-mountain-eagle-aleatico-rose-aleatiko-rozovoe-suhoe-125
dataset/uploads_root/prod-svoe-vino-strapi/prod-svoe-vino/strapi/uploads/agrolayn_mountain_eagle_cabernet_sauvignon_kaberne_sovinon_krasnoe_suhoe_135_c2ea2996ff.webp,agrolayn-mountain-eagle-cabernet-sauvignon-kaberne-sovinon-krasnoe-suhoe-135
dataset/uploads_root/prod-svoe-vino-strapi/prod-svoe-vino/strapi/uploads/agrolayn_mountain_eagle_chardonnay_shardone_beloe_suhoe_12_787345e979.webp,agrolayn-mountain-eagle-chardonnay-shardone-beloe-suhoe-12
dataset/uploads_root/prod-svoe-vino-strapi/prod-svoe-vino/strapi/uploads/agrolayn_mountain_eagle_marselan_marselan_krasnoe_suhoe_13_918dcc5044.webp,agrolayn-mountain-eagle-marselan-marselan-krasnoe-suhoe-13
dataset/uploads_root/prod-svoe-vino-strapi/prod-svoe-vino/strapi/uploads/agrolayn_mountain_eagle_muscat_muskat_beloe_suhoe_125_1592a7a3e1.webp,agrolayn-mountain-eagle-muscat-muskat-beloe-suhoe-125
dataset/uploads_root/prod-svoe-vino-strapi/prod-svoe-vino/strapi/uploads/agrolayn_mountain_eagle_pedro_ximenez_pedro_himenes_beloe_suhoe_11_f778a838b5.webp,agrolayn-mountain-eagle-pedro-ximenez-pedro-himenes-beloe-suhoe-11
dataset/uploads_root/prod-svoe-vino-strapi/prod-svoe-vino/strapi/uploads/agrolayn_mountain_eagle_saperavi_saperavi_krasnoe_suhoe_135_6d3f5cfe1e.webp,agrolayn-mountain-eagle-saperavi-saperavi-krasnoe-suhoe-135
dataset/uploads_root/prod-svoe-vino-strapi/prod-svoe-vino/strapi/uploads/agrolayn_mountain_eagle_sauvignon_blanc_sovinon_blan_beloe_suhoe_125_4e32ec4820.webp,agrolayn-mountain-eagle-sauvignon-blanc-sovinon-blan-beloe-suhoe-125
dataset/uploads_root/prod-svoe-vino-strapi/prod-svoe-vino/strapi/uploads/agrolayn_mountain_eagle_semillon_semilon_beloe_suhoe_11_6f41e3735a.webp,agrolayn-mountain-eagle-semillon-semilon-beloe-suhoe-11
dataset/uploads_root/prod-svoe-vino-strapi/prod-svoe-vino/strapi/uploads/agrolayn_mountain_eagle_traminer_traminer_beloe_suhoe_12_15d07ae704.webp,agrolayn-mountain-eagle-traminer-traminer-beloe-suhoe-12
dataset/uploads_root/prod-svoe-vino-strapi/prod-svoe-vino/strapi/uploads/agrolayn_mountain_eagle_viognier_vione_beloe_suhoe_115_841c23d57a.webp,agrolayn-mountain-eagle-viognier-vione-beloe-suhoe-115
dataset/uploads_root/prod-svoe-vino-strapi/prod-svoe-vino/strapi/uploads/agrolayn_mountain_eagle_white_blend_vione_beloe_suhoe_115_30af9f7827.webp,agrolayn-mountain-eagle-white-blend-vione-beloe-suhoe-115
dataset/uploads_root/prod-svoe-vino-strapi/prod-svoe-vino/strapi/uploads/agrolayn_vexillum_blanc_de_blancs_shardone_igristoe_bryut_beloe_115_95d59e344a.webp,agrolayn-vexillum-blanc-de-blancs-shardone-beloe-bryut-115
dataset/uploads_root/prod-svoe-vino-strapi/prod-svoe-vino/strapi/uploads/agrolayn_vexillum_blanc_de_noirs_pino_nuar_igristoe_bryut_beloe_12_82c19c7b32.webp,agrolayn-vexillum-blanc-de-noirs-pino-nuar-beloe-bryut-12
dataset/uploads_root/prod-svoe-vino-strapi/prod-svoe-vino/strapi/uploads/aj_danil_102e3b150d.webp,
dataset/uploads_root/prod-svoe-vino-strapi/prod-svoe-vino/strapi/uploads/aj_danil_2_1f951c55a5.webp,
dataset/uploads_root/prod-svoe-vino-strapi/prod-svoe-vino/strapi/uploads/aj_danil_adab3654e5.webp,
dataset/uploads_root/prod-svoe-vino-strapi/prod-svoe-vino/strapi/uploads/aj_danil_c6361a18d9.webp,
dataset/uploads_root/prod-svoe-vino-strapi/prod-svoe-vino/strapi/uploads/alma_foto_cd77e3af34.webp,
dataset/uploads_root/prod-svoe-vino-strapi/prod-svoe-vino/strapi/uploads/alma_img_005_2201cd9966.webp,
dataset/uploads_root/prod-svoe-vino-strapi/prod-svoe-vino/strapi/uploads/alma_img_005_6e8490cae3.webp,
dataset/uploads_root/prod-svoe-vino-strapi/prod-svoe-vino/strapi/uploads/alma_logo_1438f7bf42.webp,
dataset/uploads_root/prod-svoe-vino-strapi/prod-svoe-vino/strapi/uploads/alma_logo_9f6a20d7e2.webp,
dataset/uploads_root/prod-svoe-vino-strapi/prod-svoe-vino/strapi/uploads/alma_valley_alma_graviti_pino_nuar_merlo_kaberne_sovinon_krasnoe_suhoe_14_aed5a84143.webp,alma-valley-alma-graviti-pino-nuar-merlo-kaberne-sovinon-krasnoe-suhoe-14
dataset/uploads_root/prod-svoe-vino-strapi/prod-svoe-vino/strapi/uploads/alma_valley_graviti_kaberne_sovinon_krasnoe_suhoe_15_018520df79.webp,alma-valley-graviti-kaberne-sovinon-krasnoe-suhoe-15
dataset/uploads_root/prod-svoe-vino-strapi/prod-svoe-vino/strapi/uploads/alma_valley_graviti_pino_blan_beloe_suhoe_135_78180c873a.webp,alma-valley-graviti-pino-blan-beloe-suhoe-135
dataset/uploads_root/prod-svoe-vino-strapi/prod-svoe-vino/strapi/uploads/alma_valley_kaberne_fran_krasnoe_suhoe_145_f987d71edd.webp,alma-valley-kaberne-fran-krasnoe-suhoe-145
dataset/uploads_root/prod-svoe-vino-strapi/prod-svoe-vino/strapi/uploads/alma_valley_kaberne_fran_rezerv_krasnoe_suhoe_15_6ef14d79ec.webp,alma-valley-kaberne-fran-rezerv-krasnoe-suhoe-15
dataset/uploads_root/prod-svoe-vino-strapi/prod-svoe-vino/strapi/uploads/alma_valley_kaberne_sovinon_rezerv_krasnoe_suhoe_15_58f5256504.webp,alma-valley-kaberne-sovinon-rezerv-krasnoe-suhoe-15
dataset/uploads_root/prod-svoe-vino-strapi/prod-svoe-vino/strapi/uploads/alma_valley_kokur_beloe_suhoe_14_b8bafe9cd7.webp,alma-valley-kokur-beloe-suhoe-14
dataset/uploads_root/prod-svoe-vino-strapi/prod-svoe-vino/strapi/uploads/alma_valley_kolombar_beloe_polusuhoe_135_c5b227e252.webp,alma-valley-kolombar-beloe-polusuhoe-135
dataset/uploads_root/prod-svoe-vino-strapi/prod-svoe-vino/strapi/uploads/alma_valley_merlo_krasnoe_suhoe_13_51d2488815.webp,alma-valley-merlo-krasnoe-suhoe-13
dataset/uploads_root/prod-svoe-vino-strapi/prod-svoe-vino/strapi/uploads/alma_valley_merlo_rezerv_krasnoe_suhoe_15_6f1a4e1e17.webp,alma-valley-merlo-rezerv-krasnoe-suhoe-15
dataset/uploads_root/prod-svoe-vino-strapi/prod-svoe-vino/strapi/uploads/alma_valley_merlo_rezerv_krasnoe_suhoe_vyderzhannoe_14_ea3e8292cb.webp,alma-valley-merlo-rezerv-krasnoe-suhoe-14
dataset/uploads_root/prod-svoe-vino-strapi/prod-svoe-vino/strapi/uploads/alma_valley_petit_arvin_beloe_suhoe_13_863e81595b.webp,alma-valley-petit-arvin-beloe-suhoe-13
dataset/uploads_root/prod-svoe-vino-strapi/prod-svoe-vino/strapi/uploads/alma_valley_pino_blan_beloe_suhoe_14_8798dea7ca.webp,alma-valley-pino-blan-beloe-suhoe-14
dataset/uploads_root/prod-svoe-vino-strapi/prod-svoe-vino/strapi/uploads/alma_valley_pino_blan_rezerv_beloe_suhoe_14_1be9ab6c2a.webp,alma-valley-pino-blan-rezerv-beloe-suhoe-14
dataset/uploads_root/prod-svoe-vino-strapi/prod-svoe-vino/strapi/uploads/alma_valley_pino_gri_beloe_polusuhoe_15_4e288bc898.webp,alma-valley-pino-gri-beloe-polusuhoe-15
dataset/uploads_root/prod-svoe-vino-strapi/prod-svoe-vino/strapi/uploads/alma_valley_pino_nuar_beloe_ekstra_bryut_115_e3cb51cf8f.webp,alma-valley-pino-nuar-beloe-ekstra-bryut-115
dataset/uploads_root/prod-svoe-vino-strapi/prod-svoe-vino/strapi/uploads/alma_valley_pino_nuar_krasnoe_suhoe_13_a898042e38.webp,alma-valley-pino-nuar-krasnoe-suhoe-13
dataset/uploads_root/prod-svoe-vino-strapi/prod-svoe-vino/strapi/uploads/alma_valley_pino_nuar_rezerv_krasnoe_suhoe_14_c3c0dc1cc6.webp,alma-valley-pino-nuar-rezerv-krasnoe-suhoe-14
dataset/uploads_root/prod-svoe-vino-strapi/prod-svoe-vino/strapi/uploads/alma_valley_rislaner_beloe_polusladkoe_125_01d472fe7c.webp,alma-valley-rislaner-beloe-polusladkoe-125
dataset/uploads_root/prod-svoe-vino-strapi/prod-svoe-vino/strapi/uploads/alma_valley_risling_beloe_polusuhoe_125_88fc981d53.webp,alma-valley-risling-beloe-polusuhoe-125
dataset/uploads_root/prod-svoe-vino-strapi/prod-svoe-vino/strapi/uploads/alma_valley_semilon_beloe_suhoe_135_12953499e0.webp,alma-valley-semilon-beloe-suhoe-135
dataset/uploads_root/prod-svoe-vino-strapi/prod-svoe-vino/strapi/uploads/alma_valley_shardone_beloe_suhoe_135_c577ccd0a1.webp,alma-valley-shardone-beloe-suhoe-135
dataset/uploads_root/prod-svoe-vino-strapi/prod-svoe-vino/strapi/uploads/alma_valley_shardone_rezerv_beloe_suhoe_14_e93f9dbbf9.webp,alma-valley-shardone-rezerv-beloe-suhoe-14
dataset/uploads_root/prod-svoe-vino-strapi/prod-svoe-vino/strapi/uploads/alma_valley_shardone_rezerv_beloe_suhoe_vyderzhannoe_135_3c92719654.webp,alma-valley-shardone-rezerv-beloe-suhoe-135
dataset/uploads_root/prod-svoe-vino-strapi/prod-svoe-vino/strapi/uploads/alma_valley_shiraz_krasnoe_suhoe_13_cac190e3fc.webp,alma-valley-shiraz-krasnoe-suhoe-13
dataset/uploads_root/prod-svoe-vino-strapi/prod-svoe-vino/strapi/uploads/alma_valley_shiraz_sira_rezerv_krasnoe_suhoe_14_8929b4c449.webp,alma-valley-shiraz-sira-rezerv-krasnoe-suhoe-14
dataset/uploads_root/prod-svoe-vino-strapi/prod-svoe-vino/strapi/uploads/alma_valley_solntse_vozduh_vinograd_kokur_beloe_polusladkoe_13_e1b2a15be1.webp,alma-valley-solntse-vozduh-vinograd-kokur-beloe-polusladkoe-13
dataset/uploads_root/prod-svoe-vino-strapi/prod-svoe-vino/strapi/uploads/alma_valley_solntse_vozduh_vinograd_merlo_krasnoe_polusladkoe_14_6111b648a4.webp,alma-valley-solntse-vozduh-vinograd-merlo-krasnoe-polusladkoe-14
dataset/uploads_root/prod-svoe-vino-strapi/prod-svoe-vino/strapi/uploads/alma_valley_solntse_vozduh_vinograd_shardone_beloe_polusuhoe_13_532db72561.webp,alma-valley-solntse-vozduh-vinograd-shardone-beloe-polusuhoe-13
dataset/uploads_root/prod-svoe-vino-strapi/prod-svoe-vino/strapi/uploads/alma_valley_solntse_vozduh_vinograd_sira_shiraz_krasnoe_polusuhoe_135_7cd3395fb2.webp,alma-valley-solntse-vozduh-vinograd-sira-shiraz-krasnoe-polusuhoe-135
dataset/uploads_root/prod-svoe-vino-strapi/prod-svoe-vino/strapi/uploads/alma_valley_solntse_vozduh_vinograd_sira_shiraz_rozovoe_polusladkoe_12_ace425804f.webp,alma-valley-solntse-vozduh-vinograd-sira-shiraz-rozovoe-polusladkoe-12
dataset/uploads_root/prod-svoe-vino-strapi/prod-svoe-vino/strapi/uploads/alma_valley_sovinon_blan_beloe_suhoe_14_a30a0144ff.webp,alma-valley-sovinon-blan-beloe-suhoe-14
dataset/uploads_root/prod-svoe-vino-strapi/prod-svoe-vino/strapi/uploads/alma_valley_sovinon_blan_rezerv_beloe_suhoe_14_67049e90d5.webp,alma-valley-sovinon-blan-rezerv-beloe-suhoe-14
dataset/uploads_root/prod-svoe-vino-strapi/prod-svoe-vino/strapi/uploads/alma_valley_tba_sovinon_sovinon_blan_beloe_sladkoe_75_571c20333f.webp,alma-valley-tba-sovinon-sovinon-blan-beloe-sladkoe-75
dataset/uploads_root/prod-svoe-vino-strapi/prod-svoe-vino/strapi/uploads/alma_valley_tempranilo_krasnoe_suhoe_13_9f66826c6d.webp,alma-valley-tempranilo-krasnoe-suhoe-13
dataset/uploads_root/prod-svoe-vino-strapi/prod-svoe-vino/strapi/uploads/alma_valley_tempranilo_rezerv_krasnoe_suhoe_14_36d4dbc6c0.webp,alma-valley-tempranilo-rezerv-krasnoe-suhoe-14
dataset/uploads_root/prod-svoe-vino-strapi/prod-svoe-vino/strapi/uploads/alma_valley_traminer_beloe_suhoe_125_535f55a570.webp,alma-valley-traminer-beloe-suhoe-125
dataset/uploads_root/prod-svoe-vino-strapi/prod-svoe-vino/strapi/uploads/amfora_c017f9f546.webp,
dataset/uploads_root/prod-svoe-vino-strapi/prod-svoe-vino/strapi/uploads/amfory_0d8712b115.webp,
dataset/uploads_root/prod-svoe-vino-strapi/prod-svoe-vino/strapi/uploads/amfory_c73341839f.webp,
dataset/uploads_root/prod-svoe-vino-strapi/prod-svoe-vino/strapi/uploads/andryus_yuczis_1f349081f7.webp,
dataset/uploads_root/prod-svoe-vino-strapi/prod-svoe-vino/strapi/uploads/andryus_yutsis_muscat_blanc_muskat_beloe_suhoe_112_efea231a5f.webp,andryus-yutsis-muscat-blanc-muskat-beloe-suhoe-112
dataset/uploads_root/prod-svoe-vino-strapi/prod-svoe-vino/strapi/uploads/andryus_yutsis_muskat_blan_vione_beloe_suhoe_117_67d4906ed6.webp,andryus-yutsis-muskat-blan-vione-beloe-suhoe-117
dataset/uploads_root/prod-svoe-vino-strapi/prod-svoe-vino/strapi/uploads/andryus_yutsis_orange_vermentino_beloe_suhoe_112_656c4e7348.webp,andryus-yutsis-orange-vermentino-beloe-suhoe-112
dataset/uploads_root/prod-svoe-vino-strapi/prod-svoe-vino/strapi/uploads/andryus_yutsis_organic_syrah_sira_krasnoe_suhoe_135_7e2b3955da.webp,andryus-yutsis-organic-syrah-sira-krasnoe-suhoe-135
dataset/uploads_root/prod-svoe-vino-strapi/prod-svoe-vino/strapi/uploads/andryus_yutsis_organik_risling_beloe_suhoe_115_6eb74add89.webp,andryus-yutsis-organik-risling-beloe-suhoe-115
dataset/uploads_root/prod-svoe-vino-strapi/prod-svoe-vino/strapi/uploads/andryus_yutsis_pino_nuar_krasnoe_suhoe_12_bf6b9d813b.webp,andryus-yutsis-pino-nuar-krasnoe-suhoe-12
dataset/uploads_root/prod-svoe-vino-strapi/prod-svoe-vino/strapi/uploads/andryus_yutsis_pinot_grigio_pino_gri_beloe_suhoe_125_62e4b88fbe.webp,andryus-yutsis-pinot-grigio-pino-gri-beloe-suhoe-125
dataset/uploads_root/prod-svoe-vino-strapi/prod-svoe-vino/strapi/uploads/andryus_yutsis_risling_beloe_suhoe_12_a00be531c0.webp,andryus-yutsis-risling-beloe-suhoe-12
dataset/uploads_root/prod-svoe-vino-strapi/prod-svoe-vino/strapi/uploads/andryus_yutsis_shenen_blan_beloe_suhoe_12_88fa29c996.webp,andryus-yutsis-shenen-blan-beloe-suhoe-12
dataset/uploads_root/prod-svoe-vino-strapi/prod-svoe-vino/strapi/uploads/andryus_yutsis_vione_beloe_suhoe_112_3dcc463d21.webp,andryus-yutsis-vione-beloe-suhoe-112
dataset/uploads_root/prod-svoe-vino-strapi/prod-svoe-vino/strapi/uploads/anglo_ii_a9aad23aed.webp,
dataset/uploads_root/prod-svoe-vino-strapi/prod-svoe-vino/strapi/uploads/anna2_2585dba64a.webp,
dataset/uploads_root/prod-svoe-vino-strapi/prod-svoe-vino/strapi/uploads/anna_cf5aff2dec.webp,
dataset/uploads_root/prod-svoe-vino-strapi/prod-svoe-vino/strapi/uploads/aperitiv_f8d0ca7e90.webp,
dataset/uploads_root/prod-svoe-vino-strapi/prod-svoe-vino/strapi/uploads/aperol_spritz_88f2d1bd27.webp,
dataset/uploads_root/prod-svoe-vino-strapi/prod-svoe-vino/strapi/uploads/arattii_d242abfd7a.webp,
dataset/uploads_root/prod-svoe-vino-strapi/prod-svoe-vino/strapi/uploads/arhitektura_2_bdf30a1fdc.webp,
dataset/uploads_root/prod-svoe-vino-strapi/prod-svoe-vino/strapi/uploads/aromatnoe_malbek_rezerv_krasnoe_suhoe_vyderzhannoe_125_d2e32af939.webp,aromatnoe-malbek-rezerv-krasnoe-suhoe-125
dataset/uploads_root/prod-svoe-vino-strapi/prod-svoe-vino/strapi/uploads/aromatnoe_shenen_blan_beloe_suhoe_13_292ec223ed.webp,aromatnoe-shenen-blan-beloe-suhoe-13
dataset/uploads_root/prod-svoe-vino-strapi/prod-svoe-vino/strapi/uploads/arsrpf15bi1c2utgmdfnfrq1c2mbxqgc_95bb053c71.webp,
dataset/uploads_root/prod-svoe-vino-strapi/prod-svoe-vino/strapi/uploads/art_obekty_festival_Noch_Zavodov_Derbent_2023_ce87f35ea9.webp,
dataset/uploads_root/prod-svoe-vino-strapi/prod-svoe-vino/strapi/uploads/article_2166788_13_D9_ACC_1000005_DC_880_634x422_0c19bb252d.jpg,
dataset/uploads_root/prod-svoe-vino-strapi/prod-svoe-vino/strapi/uploads/artvin_kaberne_sovinon_grand_rezerv_krasnoe_suhoe_13_501fa25679.webp,artvin-kaberne-sovinon-grand-rezerv-krasnoe-suhoe-13
dataset/uploads_root/prod-svoe-vino-strapi/prod-svoe-vino/strapi/uploads/artvin_odesskiy_chernyy_rezerv_krasnoe_suhoe_13_4531c8f1c7.webp,artvin-odesskiy-chernyy-rezerv-krasnoe-suhoe-13
dataset/uploads_root/prod-svoe-vino-strapi/prod-svoe-vino/strapi/uploads/attachment_0654e45bc8_f057effac5_3012af5c0b.webp,
dataset/uploads_root/prod-svoe-vino-strapi/prod-svoe-vino/strapi/uploads/attachment_1_108b8f8727.webp,
dataset/uploads_root/prod-svoe-vino-strapi/prod-svoe-vino/strapi/uploads/attachment_1_6beccf5073.webp,
dataset/uploads_root/prod-svoe-vino-strapi/prod-svoe-vino/strapi/uploads/attachment_1_8625f070c1_bb35100d7b_ce074828ed.webp,
dataset/uploads_root/prod-svoe-vino-strapi/prod-svoe-vino/strapi/uploads/attachment_fc339b97a0.webp,
dataset/uploads_root/prod-svoe-vino-strapi/prod-svoe-vino/strapi/uploads/avtoklyuchi_vino_8e8a98f5b1.webp,
dataset/uploads_root/prod-svoe-vino-strapi/prod-svoe-vino/strapi/uploads/aya_organic_wine_vineyards_blush_1_sira_petnat_ekstra_bryut_rozovyy_135_33ab300ffe.webp,aya-organic-wine-vineyards-blush-1-sira-rozovoe-ekstra-bryut-135
dataset/uploads_root/prod-svoe-vino-strapi/prod-svoe-vino/strapi/uploads/aya_organic_wine_vineyards_blush_2_merlo_petnat_ekstra_bryut_rozovyy_135_ed87f553c8.webp,aya-organic-wine-vineyards-blush-2-merlo-rozovoe-ekstra-bryut-135
dataset/uploads_root/prod-svoe-vino-strapi/prod-svoe-vino/strapi/uploads/aya_organic_wine_vineyards_blush_3_kaberne_fran_petnat_ekstra_bryut_rozovyy_132_a094099a22.webp,aya-organic-wine-vineyards-blush-3-kaberne-fran-rozovoe-ekstra-bryut-132
dataset/uploads_root/prod-svoe-vino-strapi/prod-svoe-vino/strapi/uploads/aya_organic_wine_vineyards_blush_4_pino_nuar_petnat_ekstra_bryut_krasnyy_129_26041a124c.webp,aya-organic-wine-vineyards-blush-4-pino-nuar-krasnoe-ekstra-bryut-129
dataset/uploads_root/prod-svoe-vino-strapi/prod-svoe-vino/strapi/uploads/aya_organic_wine_vineyards_evolution_chardonnay_shardone_beloe_suhoe_124_e03dd6e444.webp,aya-organic-wine-vineyards-evolution-chardonnay-shardone-beloe-suhoe-124
dataset/uploads_root/prod-svoe-vino-strapi/prod-svoe-vino/strapi/uploads/aya_organic_wine_vineyards_evolution_pinot_noir_pino_nuar_krasnoe_suhoe_125_b0f9aa751e.webp,aya-organic-wine-vineyards-evolution-pinot-noir-pino-nuar-krasnoe-suhoe-125
dataset/uploads_root/prod-svoe-vino-strapi/prod-svoe-vino/strapi/uploads/aya_organic_wine_vineyards_purity_in_chenin_blanc_shenen_blan_beloe_suhoe_11_94c7a67051.webp,
dataset/uploads_root/prod-svoe-vino-strapi/prod-svoe-vino/strapi/uploads/aya_organic_wine_vineyards_purity_in_merlot_merlo_rozovoe_suhoe_134_9e5858ac67.webp,aya-organic-wine-vineyards-purity-in-merlot-merlo-rozovoe-suhoe-134
dataset/uploads_root/prod-svoe-vino-strapi/prod-svoe-vino/strapi/uploads/aya_organic_wine_vineyards_purity_in_syrah_sira_krasnoe_suhoe_146_1d4164b8db.webp,aya-organic-wine-vineyards-purity-in-syrah-sira-krasnoe-suhoe-146
dataset/uploads_root/prod-svoe-vino-strapi/prod-svoe-vino/strapi/uploads/aya_organic_wine_vineyards_purity_in_syrah_sira_rozovoe_suhoe_132_56159ed421.webp,aya-organic-wine-vineyards-purity-in-syrah-sira-rozovoe-suhoe-132
dataset/uploads_root/prod-svoe-vino-strapi/prod-svoe-vino/strapi/uploads/aya_organic_wine_vineyards_purity_in_trinity_pino_nuar_rozovoe_suhoe_13_a16516170d.webp,aya-organic-wine-vineyards-purity-in-trinity-pino-nuar-rozovoe-suhoe-13
dataset/uploads_root/prod-svoe-vino-strapi/prod-svoe-vino/strapi/uploads/azerbajdzhan_46fbaed136.webp,
dataset/uploads_root/prod-svoe-vino-strapi/prod-svoe-vino/strapi/uploads/b2178485_c1dd_49e9_bb68_61196bacfe04_bae59d4e7c.webp,
dataset/uploads_root/prod-svoe-vino-strapi/prod-svoe-vino/strapi/uploads/b47c5ad8_4ea4_457e_8225_44139f170834_5727757_65fde44c74.webp,
dataset/uploads_root/prod-svoe-vino-strapi/prod-svoe-vino/strapi/uploads/b47c5ad8_4ea4_457e_8225_44139f170834_5727757_83e1216575.webp,
dataset/uploads_root/prod-svoe-vino-strapi/prod-svoe-vino/strapi/uploads/b6a8d577_364f_4df0_bcdf_02afec10186a_1751c9c8bf.webp,
dataset/uploads_root/prod-svoe-vino-strapi/prod-svoe-vino/strapi/uploads/bakla_vines_kaberne_fran_krasnoe_suhoe_143_eb045e6d5d.webp,bakla-vines-kaberne-fran-krasnoe-suhoe-143
dataset/uploads_root/prod-svoe-vino-strapi/prod-svoe-vino/strapi/uploads/bakla_vines_kangun_beloe_suhoe_12_6f20bb8dda.webp,bakla-vines-kangun-beloe-suhoe-12
dataset/uploads_root/prod-svoe-vino-strapi/prod-svoe-vino/strapi/uploads/bakla_vines_kangun_oranzh_beloe_suhoe_119_f52f04331a.webp,bakla-vines-kangun-oranzh-beloe-suhoe-119
dataset/uploads_root/prod-svoe-vino-strapi/prod-svoe-vino/strapi/uploads/bakla_vines_kangun_ps_beloe_suhoe_128_213dcbb9eb.webp,bakla-vines-kangun-ps-beloe-suhoe-128
dataset/uploads_root/prod-svoe-vino-strapi/prod-svoe-vino/strapi/uploads/bakla_vines_pino_nuar_krasnoe_suhoe_125_da1c7fdac6.webp,bakla-vines-pino-nuar-krasnoe-suhoe-125
dataset/uploads_root/prod-svoe-vino-strapi/prod-svoe-vino/strapi/uploads/bakla_vines_risling_beloe_polusuhoe_125_1b541a1b1c.webp,bakla-vines-risling-beloe-polusuhoe-125
dataset/uploads_root/prod-svoe-vino-strapi/prod-svoe-vino/strapi/uploads/bakla_vines_sira_krasnoe_suhoe_135_1d09e35f1b.webp,bakla-vines-sira-krasnoe-suhoe-135
dataset/uploads_root/prod-svoe-vino-strapi/prod-svoe-vino/strapi/uploads/bakla_vines_tsitron_krymskiy_tsitronnyy_magaracha_beloe_suhoe_118_3e272f0bb2.webp,bakla-vines-tsitron-krymskiy-tsitronnyy-magaracha-beloe-suhoe-118
dataset/uploads_root/prod-svoe-vino-strapi/prod-svoe-vino/strapi/uploads/balaklava_bryut_roze_rezerv_16e6367bc5.webp,
dataset/uploads_root/prod-svoe-vino-strapi/prod-svoe-vino/strapi/uploads/balaklava_bryut_roze_rezerv_731e5eba68.webp,
dataset/uploads_root/prod-svoe-vino-strapi/prod-svoe-vino/strapi/uploads/balet_blan_7c53c7fcdb.webp,ballet-blanc
dataset/uploads_root/prod-svoe-vino-strapi/prod-svoe-vino/strapi/uploads/banket_ac8c6c10e9.webp,
dataset/uploads_root/prod-svoe-vino-strapi/prod-svoe-vino/strapi/uploads/barbera_1_b75cfdb118.jpg,
dataset/uploads_root/prod-svoe-vino-strapi/prod-svoe-vino/strapi/uploads/barbera_6c9595cc2c.webp,
dataset/uploads_root/prod-svoe-vino-strapi/prod-svoe-vino/strapi/uploads/barbera_978ec2fc19.webp,
dataset/uploads_root/prod-svoe-vino-strapi/prod-svoe-vino/strapi/uploads/barometr_6cc1023814.webp,
dataset/uploads_root/prod-svoe-vino-strapi/prod-svoe-vino/strapi/uploads/bastardo_3f676d5e85.webp,
dataset/uploads_root/prod-svoe-vino-strapi/prod-svoe-vino/strapi/uploads/bazoyan_7d09486b00.webp,
dataset/uploads_root/prod-svoe-vino-strapi/prod-svoe-vino/strapi/uploads/bazoyan_7d7748a64b.webp,
dataset/uploads_root/prod-svoe-vino-strapi/prod-svoe-vino/strapi/uploads/be6f9174_8b30_4e3f_8f14_9c3bbdaf6e14_f337ef5916.webp,
dataset/uploads_root/prod-svoe-vino-strapi/prod-svoe-vino/strapi/uploads/bel_plsl_16457d7b78.webp,igristoe-zhemchuzhnoe-vino-polusladkoe-beloe-di-kaspiko-fiori-di-mare-di-caspico-fiori-di-mare
dataset/uploads_root/prod-svoe-vino-strapi/prod-svoe-vino/strapi/uploads/belbek_1504eb2f9a.webp,
dataset/uploads_root/prod-svoe-vino-strapi/prod-svoe-vino/strapi/uploads/belbek_aligote_beloe_suhoe_125_3994f84c11.webp,belbek-aligote-beloe-suhoe-125
dataset/uploads_root/prod-svoe-vino-strapi/prod-svoe-vino/strapi/uploads/belbek_belbek_fiolent_muskat_beloe_polusladkoe_125_a8f84e49d2.webp,belbek-belbek-fiolent-muskat-beloe-polusladkoe-125
dataset/uploads_root/prod-svoe-vino-strapi/prod-svoe-vino/strapi/uploads/belbek_belbek_kaberne_fran_krasnoe_suhoe_13_1dc81c94ac.webp,belbek-belbek-kaberne-fran-krasnoe-suhoe-13
dataset/uploads_root/prod-svoe-vino-strapi/prod-svoe-vino/strapi/uploads/belbek_belbek_meritazh_kaberne_sovinon_krasnoe_suhoe_135_3ac532f36b.webp,belbek-belbek-meritazh-kaberne-sovinon-krasnoe-suhoe-135
dataset/uploads_root/prod-svoe-vino-strapi/prod-svoe-vino/strapi/uploads/belbek_belbek_merlo_krasnoe_suhoe_129_721da2ee04.webp,belbek-belbek-merlo-krasnoe-suhoe-129
dataset/uploads_root/prod-svoe-vino-strapi/prod-svoe-vino/strapi/uploads/belbek_belbek_muskat_beloe_suhoe_128_630defdbb3.webp,belbek-belbek-muskat-beloe-suhoe-128
dataset/uploads_root/prod-svoe-vino-strapi/prod-svoe-vino/strapi/uploads/belbek_belbek_pino_nuar_krasnoe_suhoe_13_f1519564c9.webp,belbek-belbek-pino-nuar-krasnoe-suhoe-13
dataset/uploads_root/prod-svoe-vino-strapi/prod-svoe-vino/strapi/uploads/belbek_belbek_pti_verdo_krasnoe_suhoe_121_40c032fb64.webp,belbek-belbek-pti-verdo-krasnoe-suhoe-121
dataset/uploads_root/prod-svoe-vino-strapi/prod-svoe-vino/strapi/uploads/belbek_belbek_risling_beloe_suhoe_128_cb6f66781a.webp,belbek-belbek-risling-beloe-suhoe-128
dataset/uploads_root/prod-svoe-vino-strapi/prod-svoe-vino/strapi/uploads/belbek_belbek_risling_rezerv_beloe_suhoe_13_618fbe6775.webp,belbek-belbek-risling-rezerv-beloe-suhoe-13
dataset/uploads_root/prod-svoe-vino-strapi/prod-svoe-vino/strapi/uploads/belbek_belbek_rkatsiteli_barrik_beloe_suhoe_13_44d3a11b2f.webp,belbek-belbek-rkatsiteli-barrik-beloe-suhoe-13
dataset/uploads_root/prod-svoe-vino-strapi/prod-svoe-vino/strapi/uploads/belbek_belbek_roze_pino_nuar_rozovoe_suhoe_129_051d90b1ff.webp,belbek-belbek-roze-pino-nuar-rozovoe-suhoe-129
dataset/uploads_root/prod-svoe-vino-strapi/prod-svoe-vino/strapi/uploads/belbek_belbek_sandzhoveze_krasnoe_suhoe_138_9bf09c1a82.webp,belbek-belbek-sandzhoveze-krasnoe-suhoe-138
dataset/uploads_root/prod-svoe-vino-strapi/prod-svoe-vino/strapi/uploads/belbek_belbek_saperavi_rezerv_krasnoe_suhoe_14_d920558ff2.webp,belbek-belbek-saperavi-rezerv-krasnoe-suhoe-14
dataset/uploads_root/prod-svoe-vino-strapi/prod-svoe-vino/strapi/uploads/belbek_belbek_sira_krasnoe_suhoe_132_e2a205e856.webp,belbek-belbek-sira-krasnoe-suhoe-132
dataset/uploads_root/prod-svoe-vino-strapi/prod-svoe-vino/strapi/uploads/belbek_beloe_suhoe_kaberne_sovinon_9a6955db4c.webp,
dataset/uploads_root/prod-svoe-vino-strapi/prod-svoe-vino/strapi/uploads/belbek_beloe_suhoe_kaberne_sovinon_krasnoe_suhoe_14_82f8b0eda2.webp,belbek-beloe-suhoe-kaberne-sovinon-krasnoe-14
dataset/uploads_root/prod-svoe-vino-strapi/prod-svoe-vino/strapi/uploads/belbek_kaberne_fran_krasnoe_suhoe_134_bb8ab4763e.webp,belbek-kaberne-fran-krasnoe-suhoe-134
dataset/uploads_root/prod-svoe-vino-strapi/prod-svoe-vino/strapi/uploads/belbek_kaberne_sovinon_krasnoe_suhoe_138_96f7db37a0.webp,belbek-kaberne-sovinon-krasnoe-suhoe-138
dataset/uploads_root/prod-svoe-vino-strapi/prod-svoe-vino/strapi/uploads/belbek_kokur_kokur_belyy_beloe_suhoe_13_ac497b5531.webp,belbek-kokur-kokur-belyy-beloe-suhoe-13
dataset/uploads_root/prod-svoe-vino-strapi/prod-svoe-vino/strapi/uploads/belbek_meritazh_kaberne_sovinon_krasnoe_suhoe_136_b0152ba5c6.webp,belbek-meritazh-kaberne-sovinon-krasnoe-suhoe-136
dataset/uploads_root/prod-svoe-vino-strapi/prod-svoe-vino/strapi/uploads/belbek_merlo_krasnoe_suhoe_13_62ef7bfee8.webp,belbek-merlo-krasnoe-suhoe-13
dataset/uploads_root/prod-svoe-vino-strapi/prod-svoe-vino/strapi/uploads/belbek_muskat_muskat_belyy_beloe_suhoe_127_d8229478b6.webp,belbek-muskat-muskat-belyy-beloe-suhoe-127
dataset/uploads_root/prod-svoe-vino-strapi/prod-svoe-vino/strapi/uploads/belbek_muskat_oranzh_muskat_belyy_oranzhevoe_suhoe_125_15ac5f6bc6.webp,belbek-muskat-oranzh-muskat-belyy-oranzhevoe-suhoe-125
dataset/uploads_root/prod-svoe-vino-strapi/prod-svoe-vino/strapi/uploads/belbek_pino_mene_krasnoe_suhoe_128_e2f0538eec.webp,belbek-pino-mene-krasnoe-suhoe-128
dataset/uploads_root/prod-svoe-vino-strapi/prod-svoe-vino/strapi/uploads/belbek_pino_nuar_krasnoe_suhoe_133_a2cb505435.webp,belbek-pino-nuar-krasnoe-suhoe-133
dataset/uploads_root/prod-svoe-vino-strapi/prod-svoe-vino/strapi/uploads/belbek_pino_nuar_rezerv_krasnoe_suhoe_135_7e9ad8a8e2.webp,belbek-pino-nuar-rezerv-krasnoe-suhoe-135
dataset/uploads_root/prod-svoe-vino-strapi/prod-svoe-vino/strapi/uploads/belbek_pino_nuar_roze_rozovoe_suhoe_115_19d98fb390.webp,belbek-pino-nuar-roze-rozovoe-suhoe-115
dataset/uploads_root/prod-svoe-vino-strapi/prod-svoe-vino/strapi/uploads/belbek_risling_pozdniy_sbor_risling_reynskiy_beloe_sladkoe_117_02352777b6.webp,belbek-risling-pozdniy-sbor-risling-reynskiy-beloe-sladkoe-117
dataset/uploads_root/prod-svoe-vino-strapi/prod-svoe-vino/strapi/uploads/belbek_risling_risling_reynskiy_beloe_suhoe_12_8eaeddd994.webp,belbek-risling-risling-reynskiy-beloe-suhoe-12
dataset/uploads_root/prod-svoe-vino-strapi/prod-svoe-vino/strapi/uploads/belbek_rkatsiteli_barrik_beloe_suhoe_13_42076e5365.webp,belbek-rkatsiteli-barrik-beloe-suhoe-13
dataset/uploads_root/prod-svoe-vino-strapi/prod-svoe-vino/strapi/uploads/belbek_rkatsiteli_beloe_suhoe_13_72dc1f9029.webp,belbek-rkatsiteli-beloe-suhoe-13
dataset/uploads_root/prod-svoe-vino-strapi/prod-svoe-vino/strapi/uploads/belbek_roze_sira_rozovoe_suhoe_125_2131a8be30.webp,belbek-roze-sira-rozovoe-suhoe-125
dataset/uploads_root/prod-svoe-vino-strapi/prod-svoe-vino/strapi/uploads/belbek_sandzhoveze_krasnoe_suhoe_14_a0ba68a6c3.webp,belbek-sandzhoveze-krasnoe-suhoe-14
dataset/uploads_root/prod-svoe-vino-strapi/prod-svoe-vino/strapi/uploads/belbek_saperavi_krasnoe_suhoe_137_469b436cb9.webp,belbek-saperavi-krasnoe-suhoe-137
dataset/uploads_root/prod-svoe-vino-strapi/prod-svoe-vino/strapi/uploads/belbek_saperavi_rezerv_krasnoe_suhoe_14_c9a3cc2e46.webp,belbek-saperavi-rezerv-krasnoe-suhoe-14
dataset/uploads_root/prod-svoe-vino-strapi/prod-svoe-vino/strapi/uploads/belbek_semilon_rezerv_beloe_suhoe_127_64909a173d.webp,belbek-semilon-rezerv-beloe-suhoe-127
dataset/uploads_root/prod-svoe-vino-strapi/prod-svoe-vino/strapi/uploads/belbek_sira_rezerv_krasnoe_suhoe_132_ad3192b478.webp,belbek-sira-rezerv-krasnoe-suhoe-132
dataset/uploads_root/prod-svoe-vino-strapi/prod-svoe-vino/strapi/uploads/belbek_sovinon_blan_beloe_suhoe_12_f6ebdcced9.webp,belbek-sovinon-blan-beloe-suhoe-12
dataset/uploads_root/prod-svoe-vino-strapi/prod-svoe-vino/strapi/uploads/belbek_zakat_merlo_sira_krasnoe_suhoe_132_1a2112ceb7.webp,belbek-zakat-merlo-sira-krasnoe-suhoe-132
dataset/uploads_root/prod-svoe-vino-strapi/prod-svoe-vino/strapi/uploads/bellini_168f4a5586.webp,
dataset/uploads_root/prod-svoe-vino-strapi/prod-svoe-vino/strapi/uploads/belmas_ab36f56df2.webp,
dataset/uploads_root/prod-svoe-vino-strapi/prod-svoe-vino/strapi/uploads/belmas_eae3660148.webp,
dataset/uploads_root/prod-svoe-vino-strapi/prod-svoe-vino/strapi/uploads/belmas_winery_a6815ce1dc.webp,
dataset/uploads_root/prod-svoe-vino-strapi/prod-svoe-vino/strapi/uploads/belmas_winery_cabernet_franc_belmas_kaberne_fran_krasnoe_suhoe_14_ce15b611a1.webp,belmas-winery-cabernet-franc-belmas-kaberne-fran-krasnoe-suhoe-14
dataset/uploads_root/prod-svoe-vino-strapi/prod-svoe-vino/strapi/uploads/belmas_winery_cabernet_sauvignon_rose_belmas_kaberne_sovinon_rozovoe_suhoe_13_d837f5aa21.webp,belmas-winery-cabernet-sauvignon-rose-belmas-kaberne-sovinon-rozovoe-suhoe-13
dataset/uploads_root/prod-svoe-vino-strapi/prod-svoe-vino/strapi/uploads/belmas_winery_cf_kaberne_fran_krasnoe_suhoe_14_b3b0ea3baf.webp,belmas-winery-cf-kaberne-fran-krasnoe-suhoe-14
dataset/uploads_root/prod-svoe-vino-strapi/prod-svoe-vino/strapi/uploads/belmas_winery_malbec_katya_belmas_malbek_rozovoe_suhoe_11_77522b0de4.webp,belmas-winery-malbec-katya-belmas-malbek-rozovoe-suhoe-11
dataset/uploads_root/prod-svoe-vino-strapi/prod-svoe-vino/strapi/uploads/belmas_winery_malbec_katya_malbek_rozovoe_suhoe_129_a3e291a903.webp,belmas-winery-malbec-katya-malbek-rozovoe-suhoe-129
dataset/uploads_root/prod-svoe-vino-strapi/prod-svoe-vino/strapi/uploads/belmas_winery_pg_pino_gri_beloe_suhoe_125_8b94234880.webp,belmas-winery-pg-pino-gri-beloe-suhoe-125
dataset/uploads_root/prod-svoe-vino-strapi/prod-svoe-vino/strapi/uploads/belmas_winery_pino_nuar_krasnoe_suhoe_135_ea70d5c59b.webp,belmas-winery-pino-nuar-krasnoe-suhoe-135
dataset/uploads_root/prod-svoe-vino-strapi/prod-svoe-vino/strapi/uploads/belmas_winery_pinot_gris_belmas_pino_gri_beloe_suhoe_122_1fe1641b7c.webp,belmas-winery-pinot-gris-belmas-pino-gri-beloe-suhoe-122
dataset/uploads_root/prod-svoe-vino-strapi/prod-svoe-vino/strapi/uploads/belmas_winery_pn_pino_nuar_krasnoe_suhoe_135_f23c819c6d.webp,belmas-winery-pn-pino-nuar-krasnoe-suhoe-135
dataset/uploads_root/prod-svoe-vino-strapi/prod-svoe-vino/strapi/uploads/belmas_winery_riesling_belmas_risling_beloe_suhoe_135_f64f3944b9.webp,belmas-winery-riesling-belmas-risling-beloe-suhoe-135
dataset/uploads_root/prod-svoe-vino-strapi/prod-svoe-vino/strapi/uploads/belmas_winery_riesling_katya_belmas_risling_beloe_suhoe_125_43237968a1.webp,belmas-winery-riesling-katya-belmas-risling-beloe-suhoe-125
dataset/uploads_root/prod-svoe-vino-strapi/prod-svoe-vino/strapi/uploads/belmas_winery_riesling_katya_risling_beloe_suhoe_12_f09b143381.webp,belmas-winery-riesling-katya-risling-beloe-suhoe-12
dataset/uploads_root/prod-svoe-vino-strapi/prod-svoe-vino/strapi/uploads/belmas_winery_risling_beloe_suhoe_135_50cbb379a8.webp,belmas-winery-risling-beloe-suhoe-135
dataset/uploads_root/prod-svoe-vino-strapi/prod-svoe-vino/strapi/uploads/belmas_winery_sauvignon_blanc_belmas_sovinon_blan_beloe_suhoe_13_8043c6c433.webp,belmas-winery-sauvignon-blanc-belmas-sovinon-blan-beloe-suhoe-13
dataset/uploads_root/prod-svoe-vino-strapi/prod-svoe-vino/strapi/uploads/belmas_winery_sauvignon_blanc_katya_belmas_sovinon_blan_beloe_suhoe_115_0d366fd128.webp,belmas-winery-sauvignon-blanc-katya-belmas-sovinon-blan-beloe-suhoe-115
dataset/uploads_root/prod-svoe-vino-strapi/prod-svoe-vino/strapi/uploads/belmas_winery_sauvignon_blanc_katya_sovinon_blan_beloe_suhoe_115_f45cba05c3.webp,belmas-winery-sauvignon-blanc-katya-sovinon-blan-beloe-suhoe-115
dataset/uploads_root/prod-svoe-vino-strapi/prod-svoe-vino/strapi/uploads/belmas_winery_syrah_katya_belmas_sira_krasnoe_suhoe_125_53ec9045d4.webp,belmas-winery-syrah-katya-belmas-sira-krasnoe-suhoe-125
dataset/uploads_root/prod-svoe-vino-strapi/prod-svoe-vino/strapi/uploads/belmas_winery_syrah_katya_sira_krasnoe_suhoe_125_63523e8e71.webp,belmas-winery-syrah-katya-sira-krasnoe-suhoe-125
dataset/uploads_root/prod-svoe-vino-strapi/prod-svoe-vino/strapi/uploads/belmas_winery_vi_vione_beloe_suhoe_122_30cc36164c.webp,belmas-winery-vi-vione-beloe-suhoe-122
dataset/uploads_root/prod-svoe-vino-strapi/prod-svoe-vino/strapi/uploads/belmas_winery_viogner_katya_vione_beloe_suhoe_135_400b1034b7.webp,belmas-winery-viogner-katya-vione-beloe-suhoe-135
dataset/uploads_root/prod-svoe-vino-strapi/prod-svoe-vino/strapi/uploads/belmas_winery_viognier_belmas_vione_beloe_suhoe_122_555561eab4.webp,belmas-winery-viognier-belmas-vione-beloe-suhoe-122
dataset/uploads_root/prod-svoe-vino-strapi/prod-svoe-vino/strapi/uploads/belmas_winery_viognier_katya_belmas_vione_beloe_suhoe_135_9ae123fee2.webp,belmas-winery-viognier-katya-belmas-vione-beloe-suhoe-135
dataset/uploads_root/prod-svoe-vino-strapi/prod-svoe-vino/strapi/uploads/beloe_i_krasnoe_vino_9867596659_bee6216af2.webp,
dataset/uploads_root/prod-svoe-vino-strapi/prod-svoe-vino/strapi/uploads/belye_2_0be80781af.webp,
dataset/uploads_root/prod-svoe-vino-strapi/prod-svoe-vino/strapi/uploads/berry_pavlova_3c746d8fa3.webp,
dataset/uploads_root/prod-svoe-vino-strapi/prod-svoe-vino/strapi/uploads/bez_fona_no_bg_preview_carve_photos_d1b6f3d608.webp,aligote-shato-pino
dataset/uploads_root/prod-svoe-vino-strapi/prod-svoe-vino/strapi/uploads/bg_1_c4a0bf6146.png,
dataset/uploads_root/prod-svoe-vino-strapi/prod-svoe-vino/strapi/uploads/big_1920_IMG_8537_25583e3e5d.webp,
dataset/uploads_root/prod-svoe-vino-strapi/prod-svoe-vino/strapi/uploads/blagolyubov_muskat_ottonel_beloe_suhoe_125_32dd0cb4e6.webp,blagolyubov-muskat-ottonel-beloe-suhoe-125
dataset/uploads_root/prod-svoe-vino-strapi/prod-svoe-vino/strapi/uploads/blagolyubov_sibirkovyy_beloe_suhoe_115_9194769ec7.webp,blagolyubov-sibirkovyy-beloe-suhoe-115
dataset/uploads_root/prod-svoe-vino-strapi/prod-svoe-vino/strapi/uploads/blagolyubov_sovinon_blan_beloe_suhoe_125_c0d0a71248.webp,blagolyubov-sovinon-blan-beloe-suhoe-125
dataset/uploads_root/prod-svoe-vino-strapi/prod-svoe-vino/strapi/uploads/blagolyubov_stanichnoe_stanichnyy_beloe_suhoe_12_eef92e6059.webp,blagolyubov-stanichnoe-stanichnyy-beloe-suhoe-12
dataset/uploads_root/prod-svoe-vino-strapi/prod-svoe-vino/strapi/uploads/bochka_i_but_II_9d9f932f20.webp,
dataset/uploads_root/prod-svoe-vino-strapi/prod-svoe-vino/strapi/uploads/bochki_3932ff17fe.webp,
dataset/uploads_root/prod-svoe-vino-strapi/prod-svoe-vino/strapi/uploads/bogovich_wine_vineyard_faina_sovinon_zelenyy_beloe_suhoe_113_8384005071.webp,bogovich-wine-vineyard-faina-sovinon-zelenyy-beloe-suhoe-113
dataset/uploads_root/prod-svoe-vino-strapi/prod-svoe-vino/strapi/uploads/bogovich_wine_vineyard_kaberne_fran_krasnoe_suhoe_135_5882f6ad55.webp,bogovich-wine-vineyard-kaberne-fran-krasnoe-suhoe-135
dataset/uploads_root/prod-svoe-vino-strapi/prod-svoe-vino/strapi/uploads/bogovich_wine_vineyard_kaberne_sovinon_6114f007ac.webp,
dataset/uploads_root/prod-svoe-vino-strapi/prod-svoe-vino/strapi/uploads/bogovich_wine_vineyard_kaberne_sovinon_krasnoe_suhoe_125_9316654ea1.webp,bogovich-wine-vineyard-kaberne-sovinon-krasnoe-suhoe-125
dataset/uploads_root/prod-svoe-vino-strapi/prod-svoe-vino/strapi/uploads/bogovich_wine_vineyard_klaret_pino_nuar_krasnoe_suhoe_119_77d8d4b842.webp,bogovich-wine-vineyard-klaret-pino-nuar-krasnoe-suhoe-119
dataset/uploads_root/prod-svoe-vino-strapi/prod-svoe-vino/strapi/uploads/bogovich_wine_vineyard_klassika_pino_nuar_krasnoe_suhoe_125_5e73a1cf19.webp,bogovich-wine-vineyard-klassika-pino-nuar-krasnoe-suhoe-125
dataset/uploads_root/prod-svoe-vino-strapi/prod-svoe-vino/strapi/uploads/bogovich_wine_vineyard_merlo_krasnoe_suhoe_14_6e030dc0f1.webp,bogovich-wine-vineyard-merlo-krasnoe-suhoe-14
dataset/uploads_root/prod-svoe-vino-strapi/prod-svoe-vino/strapi/uploads/bogovich_wine_vineyard_muskat_oranzh_muskat_belyy_beloe_suhoe_125_959036a2e8.webp,bogovich-wine-vineyard-muskat-oranzh-muskat-belyy-beloe-suhoe-125
dataset/uploads_root/prod-svoe-vino-strapi/prod-svoe-vino/strapi/uploads/bogovich_wine_vineyard_pino_nuar_2_krasnoe_suhoe_12_ddfd0f7952.webp,bogovich-wine-vineyard-pino-nuar-2-krasnoe-suhoe-12
dataset/uploads_root/prod-svoe-vino-strapi/prod-svoe-vino/strapi/uploads/bogovich_wine_vineyard_pino_nuar_krasnoe_suhoe_125_1146574e01.webp,bogovich-wine-vineyard-pino-nuar-krasnoe-suhoe-125
dataset/uploads_root/prod-svoe-vino-strapi/prod-svoe-vino/strapi/uploads/bogovich_wine_vineyard_rkatsiteli_oranzh_beloe_suhoe_125_451f042270.webp,bogovich-wine-vineyard-rkatsiteli-oranzh-beloe-suhoe-125
dataset/uploads_root/prod-svoe-vino-strapi/prod-svoe-vino/strapi/uploads/bottle_01_Chardonnay_3f2618d7aa.webp,vibes-chardonnay-barrel-fermented-2021
dataset/uploads_root/prod-svoe-vino-strapi/prod-svoe-vino/strapi/uploads/bottle_02_Cabernet_Franc_ec42fb71c4.webp,cabernet-franc-pinot-noir-2021
dataset/uploads_root/prod-svoe-vino-strapi/prod-svoe-vino/strapi/uploads/bottle_04_Pinot_Grigio_746de452f7.webp,vibes-pinot-grigio-2021
dataset/uploads_root/prod-svoe-vino-strapi/prod-svoe-vino/strapi/uploads/bottle_06_Silvaner_a23d302323.webp,silvaner-pet-nat-2022
dataset/uploads_root/prod-svoe-vino-strapi/prod-svoe-vino/strapi/uploads/bottle_07_Glera_c501ac35b9.webp,vibes-glera-col-fondo-2022
dataset/uploads_root/prod-svoe-vino-strapi/prod-svoe-vino/strapi/uploads/brusnika_f22d804e01.webp,
dataset/uploads_root/prod-svoe-vino-strapi/prod-svoe-vino/strapi/uploads/bukovs_ii_d837a2f9d6.webp,
dataset/uploads_root/prod-svoe-vino-strapi/prod-svoe-vino/strapi/uploads/burgund_0e145a6036.webp,
dataset/uploads_root/prod-svoe-vino-strapi/prod-svoe-vino/strapi/uploads/butylki_II_adc89ed08e.webp,
dataset/uploads_root/prod-svoe-vino-strapi/prod-svoe-vino/strapi/uploads/butylki_II_glav_4b89ce0818.webp,
dataset/uploads_root/prod-svoe-vino-strapi/prod-svoe-vino/strapi/uploads/by_Anton_Galkin_nehaltura_0650_a9070007e4_95d2e859f2.jpg,
dataset/uploads_root/prod-svoe-vino-strapi/prod-svoe-vino/strapi/uploads/by_Anton_Galkin_nehaltura_0831_0ae66ef2c0_d8153ffe02.jpg,
dataset/uploads_root/prod-svoe-vino-strapi/prod-svoe-vino/strapi/uploads/by_Anton_Galkin_nehaltura_0942_34abb784f3_361baf33a5.jpg,
dataset/uploads_root/prod-svoe-vino-strapi/prod-svoe-vino/strapi/uploads/c453bff4403e78ccec898c37132f4d03_54f8a29089.webp,
dataset/uploads_root/prod-svoe-vino-strapi/prod-svoe-vino/strapi/uploads/c5391852_0ff9_45cb_a216_c5bf88d4e34d_f8c97d87cc.webp,
dataset/uploads_root/prod-svoe-vino-strapi/prod-svoe-vino/strapi/uploads/c6831ad2_1542_4e09_8810_60a6eb2fdd84_25b8e6ef35.webp,
dataset/uploads_root/prod-svoe-vino-strapi/prod-svoe-vino/strapi/uploads/c7c7f072_839c_45ae_9abb_b19ac6135e8e_aca858a78f.webp,
dataset/uploads_root/prod-svoe-vino-strapi/prod-svoe-vino/strapi/uploads/c7xxhimszkl34gq43uugl6atisgs1nm4_e1bdd684b2.webp,
dataset/uploads_root/prod-svoe-vino-strapi/prod-svoe-vino/strapi/uploads/c875ec11_e1e0_4b38_a03c_94163011737c_a043aeabf3.webp,
dataset/uploads_root/prod-svoe-vino-strapi/prod-svoe-vino/strapi/uploads/cbb017ca_3298_4e3a_a227_86c053da8ee8_8a6f7abf4e.webp,
dataset/uploads_root/prod-svoe-vino-strapi/prod-svoe-vino/strapi/uploads/cd31969002bb632e9d9ace6b0e402420eca2de31_fa25416a61.png,
dataset/uploads_root/prod-svoe-vino-strapi/prod-svoe-vino/strapi/uploads/cd3690e22dc2df799a4db8b857e74d37_9ca346a575.webp,mantra-blanc-de-blancs
dataset/uploads_root/prod-svoe-vino-strapi/prod-svoe-vino/strapi/uploads/cee09e178bf3136031f31beec65b5103_914cb685ec.webp,
dataset/uploads_root/prod-svoe-vino-strapi/prod-svoe-vino/strapi/uploads/cellar_master_malvaziya_beloe_suhoe_13_3214f361ad.webp,cellar-master-malvaziya-beloe-suhoe-13
dataset/uploads_root/prod-svoe-vino-strapi/prod-svoe-vino/strapi/uploads/cellar_master_sandzhoveze_krasnoe_suhoe_125_3851d0eaae.webp,cellar-master-sandzhoveze-krasnoe-suhoe-125
dataset/uploads_root/prod-svoe-vino-strapi/prod-svoe-vino/strapi/uploads/chateau2_0a7328d407.webp,
dataset/uploads_root/prod-svoe-vino-strapi/prod-svoe-vino/strapi/uploads/chateau_andre_aligote_beloe_suhoe_13_c3d34b9641.webp,chateau-andre-aligote-beloe-suhoe-13
dataset/uploads_root/prod-svoe-vino-strapi/prod-svoe-vino/strapi/uploads/chateau_andre_gryuner_beloe_suhoe_13_c15d8162b2.webp,chateau-andre-gryuner-beloe-suhoe-13
dataset/uploads_root/prod-svoe-vino-strapi/prod-svoe-vino/strapi/uploads/chateau_andre_kaberne_fran_krasnoe_suhoe_14_e070a8fb44.webp,chateau-andre-kaberne-fran-krasnoe-suhoe-14
dataset/uploads_root/prod-svoe-vino-strapi/prod-svoe-vino/strapi/uploads/chateau_andre_kaberne_sovinon_krasnoe_suhoe_13_38b93a343b.webp,chateau-andre-kaberne-sovinon-krasnoe-suhoe-13
dataset/uploads_root/prod-svoe-vino-strapi/prod-svoe-vino/strapi/uploads/chateau_andre_mado_pino_nuar_rozovoe_suhoe_13_6412ac00e9.webp,chateau-andre-mado-pino-nuar-rozovoe-suhoe-13
dataset/uploads_root/prod-svoe-vino-strapi/prod-svoe-vino/strapi/uploads/chateau_andre_merlo_krasnoe_suhoe_14_ac531c264e.webp,chateau-andre-merlo-krasnoe-suhoe-14
dataset/uploads_root/prod-svoe-vino-strapi/prod-svoe-vino/strapi/uploads/chateau_andre_pino_gri_beloe_suhoe_14_6dc42ba55b.webp,chateau-andre-pino-gri-beloe-suhoe-14
dataset/uploads_root/prod-svoe-vino-strapi/prod-svoe-vino/strapi/uploads/chateau_andre_pino_nuar_krasnoe_suhoe_14_2f54e79838.webp,chateau-andre-pino-nuar-krasnoe-suhoe-14
dataset/uploads_root/prod-svoe-vino-strapi/prod-svoe-vino/strapi/uploads/chateau_andre_pino_nuar_roze_rozovoe_suhoe_13_d662df99bd.webp,chateau-andre-pino-nuar-roze-rozovoe-suhoe-13
dataset/uploads_root/prod-svoe-vino-strapi/prod-svoe-vino/strapi/uploads/chateau_andre_risling_beloe_suhoe_13_cacac269cf.webp,chateau-andre-risling-beloe-suhoe-13
dataset/uploads_root/prod-svoe-vino-strapi/prod-svoe-vino/strapi/uploads/chateau_andre_shardone_beloe_suhoe_13_daddc9dfbf.webp,chateau-andre-shardone-beloe-suhoe-13
dataset/uploads_root/prod-svoe-vino-strapi/prod-svoe-vino/strapi/uploads/chateau_andre_sovinon_blan_beloe_suhoe_13_fb031c925c.webp,chateau-andre-sovinon-blan-beloe-suhoe-13
dataset/uploads_root/prod-svoe-vino-strapi/prod-svoe-vino/strapi/uploads/chateau_andre_traminer_beloe_suhoe_135_56ed4fb5e5.webp,chateau-andre-traminer-beloe-suhoe-135
dataset/uploads_root/prod-svoe-vino-strapi/prod-svoe-vino/strapi/uploads/chateau_andre_tsvaygelt_roze_rozovoe_suhoe_13_f31bcaba87.webp,chateau-andre-tsvaygelt-roze-rozovoe-suhoe-13
dataset/uploads_root/prod-svoe-vino-strapi/prod-svoe-vino/strapi/uploads/chateau_andre_tsvaygelt_tsvaygelt_tamanskiy_rozovoe_suhoe_13_43d1400cf7.webp,chateau-andre-tsvaygelt-tsvaygelt-tamanskiy-rozovoe-suhoe-13
dataset/uploads_root/prod-svoe-vino-strapi/prod-svoe-vino/strapi/uploads/chateau_cachalot_muskat_blan_muskat_belyy_beloe_suhoe_117_d2969be524.webp,chateau-cachalot-muskat-blan-muskat-belyy-beloe-suhoe-117
dataset/uploads_root/prod-svoe-vino-strapi/prod-svoe-vino/strapi/uploads/chateau_cachalot_pino_nuar_krasnoe_suhoe_12_baf40bf4e8.webp,chateau-cachalot-pino-nuar-krasnoe-suhoe-12
dataset/uploads_root/prod-svoe-vino-strapi/prod-svoe-vino/strapi/uploads/chateau_cachalot_risling_beloe_suhoe_115_f258cd3856.webp,chateau-cachalot-risling-beloe-suhoe-115
dataset/uploads_root/prod-svoe-vino-strapi/prod-svoe-vino/strapi/uploads/chateau_cachalot_shenen_blan_beloe_suhoe_113_f51452cd7b.webp,chateau-cachalot-shenen-blan-beloe-suhoe-113
dataset/uploads_root/prod-svoe-vino-strapi/prod-svoe-vino/strapi/uploads/chateau_cachalot_sira_krasnoe_suhoe_12_dce15be016.webp,chateau-cachalot-sira-krasnoe-suhoe-12
dataset/uploads_root/prod-svoe-vino-strapi/prod-svoe-vino/strapi/uploads/chateau_cachalot_vione_beloe_suhoe_112_fe94c08087.webp,chateau-cachalot-vione-beloe-suhoe-112
dataset/uploads_root/prod-svoe-vino-strapi/prod-svoe-vino/strapi/uploads/chateau_de_talu_262_1_c263184f2e.webp,
dataset/uploads_root/prod-svoe-vino-strapi/prod-svoe-vino/strapi/uploads/chateau_de_talu_blan_semilon_beloe_suhoe_127_93430db9c7.webp,chateau-de-talu-blan-semilon-beloe-suhoe-127
dataset/uploads_root/prod-svoe-vino-strapi/prod-svoe-vino/strapi/uploads/chateau_de_talu_enolog_kaberne_sovinon_krasnoe_suhoe_15_a5c6b551a6.webp,chateau-de-talu-enolog-kaberne-sovinon-krasnoe-suhoe-15
dataset/uploads_root/prod-svoe-vino-strapi/prod-svoe-vino/strapi/uploads/chateau_de_talu_kaberne_fran_rezerv_krasnoe_suhoe_13_6dc8dcf2ec.webp,chateau-de-talu-kaberne-fran-rezerv-krasnoe-suhoe-13
dataset/uploads_root/prod-svoe-vino-strapi/prod-svoe-vino/strapi/uploads/chateau_de_talu_kaberne_sovinon_rezerv_krasnoe_suhoe_14_6106a6f6b0.webp,chateau-de-talu-kaberne-sovinon-rezerv-krasnoe-suhoe-14
dataset/uploads_root/prod-svoe-vino-strapi/prod-svoe-vino/strapi/uploads/chateau_de_talu_klere_sira_rozovoe_suhoe_136_2bf038e641.webp,chateau-de-talu-klere-sira-rozovoe-suhoe-136
dataset/uploads_root/prod-svoe-vino-strapi/prod-svoe-vino/strapi/uploads/chateau_de_talu_krasnostop_rezerv_krasnostop_anapskiy_krasnoe_suhoe_137_bcb15093c2.webp,chateau-de-talu-krasnostop-rezerv-krasnostop-anapskiy-krasnoe-suhoe-137
dataset/uploads_root/prod-svoe-vino-strapi/prod-svoe-vino/strapi/uploads/chateau_de_talu_kupazh_132_kaberne_sovinon_krasnoe_suhoe_146_d0f33c3c98.webp,chateau-de-talu-kupazh-132-kaberne-sovinon-krasnoe-suhoe-146
dataset/uploads_root/prod-svoe-vino-strapi/prod-svoe-vino/strapi/uploads/chateau_de_talu_merlo_rezerv_krasnoe_suhoe_14_d84b50e282.webp,chateau-de-talu-merlo-rezerv-krasnoe-suhoe-14
dataset/uploads_root/prod-svoe-vino-strapi/prod-svoe-vino/strapi/uploads/chateau_de_talu_muskat_beloe_suhoe_13_c31a9ba7de.webp,chateau-de-talu-muskat-beloe-suhoe-13
dataset/uploads_root/prod-svoe-vino-strapi/prod-svoe-vino/strapi/uploads/chateau_de_talu_roze_kaberne_sovinon_rozovoe_suhoe_14_034e61a253.webp,chateau-de-talu-roze-kaberne-sovinon-rozovoe-suhoe-14
dataset/uploads_root/prod-svoe-vino-strapi/prod-svoe-vino/strapi/uploads/chateau_de_talu_ruzh_kaberne_sovinon_krasnoe_suhoe_14_4bdd4b0a4f.webp,chateau-de-talu-ruzh-kaberne-sovinon-krasnoe-suhoe-14
dataset/uploads_root/prod-svoe-vino-strapi/prod-svoe-vino/strapi/uploads/chateau_de_talu_shardone_rezerv_beloe_suhoe_13_d15ce11b77.webp,chateau-de-talu-shardone-rezerv-beloe-suhoe-13
dataset/uploads_root/prod-svoe-vino-strapi/prod-svoe-vino/strapi/uploads/chateau_de_talu_shiraz_rezerv_sira_krasnoe_suhoe_14_86dc2c7da7.webp,chateau-de-talu-shiraz-rezerv-sira-krasnoe-suhoe-14
dataset/uploads_root/prod-svoe-vino-strapi/prod-svoe-vino/strapi/uploads/chateau_de_talu_uroki_frantsuzskogo_kaberne_fran_krasnoe_suhoe_14_742f3fe735.webp,chateau-de-talu-uroki-frantsuzskogo-kaberne-fran-krasnoe-suhoe-14
dataset/uploads_root/prod-svoe-vino-strapi/prod-svoe-vino/strapi/uploads/chateau_de_talu_uroki_frantsuzskogo_kaberne_sovinon_krasnoe_suhoe_14_026f1c021d.webp,chateau-de-talu-uroki-frantsuzskogo-kaberne-sovinon-krasnoe-suhoe-14
dataset/uploads_root/prod-svoe-vino-strapi/prod-svoe-vino/strapi/uploads/chateau_de_talu_uroki_frantsuzskogo_krasnostop_krasnostop_anapskiy_krasnoe_suhoe_145_a9d5ec3ff6.webp,chateau-de-talu-uroki-frantsuzskogo-krasnostop-krasnostop-anapskiy-krasnoe-suhoe-145
dataset/uploads_root/prod-svoe-vino-strapi/prod-svoe-vino/strapi/uploads/chateau_de_talu_uroki_frantsuzskogo_merlo_krasnoe_suhoe_147_2d728f9e11.webp,chateau-de-talu-uroki-frantsuzskogo-merlo-krasnoe-suhoe-147
dataset/uploads_root/prod-svoe-vino-strapi/prod-svoe-vino/strapi/uploads/chateau_de_talu_uroki_frantsuzskogo_shardone_beloe_suhoe_124_70debdc553.webp,chateau-de-talu-uroki-frantsuzskogo-shardone-beloe-suhoe-124
dataset/uploads_root/prod-svoe-vino-strapi/prod-svoe-vino/strapi/uploads/chateau_de_talu_uroki_frantsuzskogo_sira_krasnoe_suhoe_13_333740f907.webp,chateau-de-talu-uroki-frantsuzskogo-sira-krasnoe-suhoe-13
dataset/uploads_root/prod-svoe-vino-strapi/prod-svoe-vino/strapi/uploads/chateau_de_talu_uroki_frantsuzskogo_sovinon_blan_beloe_suhoe_115_19393490fe.webp,chateau-de-talu-uroki-frantsuzskogo-sovinon-blan-beloe-suhoe-115
dataset/uploads_root/prod-svoe-vino-strapi/prod-svoe-vino/strapi/uploads/chateau_de_talu_yuzhnaya_vertikal_kaberne_fran_krasnoe_suhoe_142_eb282f09b8.webp,chateau-de-talu-yuzhnaya-vertikal-kaberne-fran-krasnoe-suhoe-142
dataset/uploads_root/prod-svoe-vino-strapi/prod-svoe-vino/strapi/uploads/chateau_de_talu_yuzhnaya_vertikal_kaberne_fran_premium_krasnoe_suhoe_143_fe11f85d85.webp,chateau-de-talu-yuzhnaya-vertikal-kaberne-fran-premium-krasnoe-suhoe-143
dataset/uploads_root/prod-svoe-vino-strapi/prod-svoe-vino/strapi/uploads/chateau_de_talu_yuzhnaya_vertikal_kaberne_fran_rezerv_krasnoe_suhoe_146_9ed8edf81c.webp,chateau-de-talu-yuzhnaya-vertikal-kaberne-fran-rezerv-krasnoe-suhoe-146
dataset/uploads_root/prod-svoe-vino-strapi/prod-svoe-vino/strapi/uploads/chateau_le_grand_vostock_krasnostop_rezerv_krasnoe_suhoe_vyderzhannoe_145_a04e866765.webp,chateau-le-grand-vostock-krasnostop-rezerv-krasnoe-suhoe-145
dataset/uploads_root/prod-svoe-vino-strapi/prod-svoe-vino/strapi/uploads/chateau_le_grand_vostock_kyuve_karsov_rezerv_shardone_beloe_suhoe_14_ff996271bf.webp,chateau-le-grand-vostock-kyuve-karsov-rezerv-shardone-beloe-suhoe-14
dataset/uploads_root/prod-svoe-vino-strapi/prod-svoe-vino/strapi/uploads/chateau_le_grand_vostock_pino_nuar_rezerv_krasnoe_suhoe_vyderzhannoe_14_16df8a8740.webp,chateau-le-grand-vostock-pino-nuar-rezerv-krasnoe-suhoe-14
dataset/uploads_root/prod-svoe-vino-strapi/prod-svoe-vino/strapi/uploads/chili_2_ii_3db3e014d7.webp,
dataset/uploads_root/prod-svoe-vino-strapi/prod-svoe-vino/strapi/uploads/chili_2_ii_4137b25511.webp,
dataset/uploads_root/prod-svoe-vino-strapi/prod-svoe-vino/strapi/uploads/chili_3_ii_44b9b69653.webp,
dataset/uploads_root/prod-svoe-vino-strapi/prod-svoe-vino/strapi/uploads/chili_3_ii_d7fda44eef.webp,
dataset/uploads_root/prod-svoe-vino-strapi/prod-svoe-vino/strapi/uploads/chin_d9bb73ef8b.webp,
dataset/uploads_root/prod-svoe-vino-strapi/prod-svoe-vino/strapi/uploads/chteau_le_grand_vostock_aligote_aligote_beloe_suhoe_125_77b160f87a.webp,chteau-le-grand-vostock-aligote-aligote-beloe-suhoe-125
dataset/uploads_root/prod-svoe-vino-strapi/prod-svoe-vino/strapi/uploads/chteau_le_grand_vostock_aligote_reserve_aligote_beloe_suhoe_13_bd611c7154.webp,chteau-le-grand-vostock-aligote-reserve-aligote-beloe-suhoe-13
dataset/uploads_root/prod-svoe-vino-strapi/prod-svoe-vino/strapi/uploads/chteau_le_grand_vostock_cabernet_franc_reserve_kaberne_fran_krasnoe_suhoe_14_dc58d3d0de.webp,chteau-le-grand-vostock-cabernet-franc-reserve-kaberne-fran-krasnoe-suhoe-14
dataset/uploads_root/prod-svoe-vino-strapi/prod-svoe-vino/strapi/uploads/chteau_le_grand_vostock_cabernet_sauvignon_kaberne_sovinon_krasnoe_suhoe_14_1006ebb20a.webp,chteau-le-grand-vostock-cabernet-sauvignon-kaberne-sovinon-krasnoe-suhoe-14
dataset/uploads_root/prod-svoe-vino-strapi/prod-svoe-vino/strapi/uploads/chteau_le_grand_vostock_cabernet_sauvignon_reserve_kaberne_sovinon_krasnoe_suhoe_14_f13c051af7.webp,chteau-le-grand-vostock-cabernet-sauvignon-reserve-kaberne-sovinon-krasnoe-suhoe-14
dataset/uploads_root/prod-svoe-vino-strapi/prod-svoe-vino/strapi/uploads/chteau_le_grand_vostock_cadet_karsov_shardone_beloe_suhoe_135_e1a7aa1ea3.webp,chteau-le-grand-vostock-cadet-karsov-shardone-beloe-suhoe-135
dataset/uploads_root/prod-svoe-vino-strapi/prod-svoe-vino/strapi/uploads/chteau_le_grand_vostock_chardonnay_reserve_shardone_beloe_suhoe_14_ba03055c10.webp,chteau-le-grand-vostock-chardonnay-reserve-shardone-beloe-suhoe-14
dataset/uploads_root/prod-svoe-vino-strapi/prod-svoe-vino/strapi/uploads/chteau_le_grand_vostock_chardonnay_shardone_beloe_suhoe_14_42eb2dde28.webp,chteau-le-grand-vostock-chardonnay-shardone-beloe-suhoe-14
dataset/uploads_root/prod-svoe-vino-strapi/prod-svoe-vino/strapi/uploads/chteau_le_grand_vostock_cuvee_karsov_reserve_shardone_beloe_suhoe_14_d5479420dd.webp,chteau-le-grand-vostock-cuvee-karsov-reserve-shardone-beloe-suhoe-14
dataset/uploads_root/prod-svoe-vino-strapi/prod-svoe-vino/strapi/uploads/chteau_le_grand_vostock_fagotine_pino_gri_beloe_polusladkoe_105_03a77419a2.webp,chteau-le-grand-vostock-fagotine-pino-gri-beloe-polusladkoe-105
dataset/uploads_root/prod-svoe-vino-strapi/prod-svoe-vino/strapi/uploads/chteau_le_grand_vostock_fagotine_pino_gri_rozovoe_polusladkoe_11_674bd59659.webp,chteau-le-grand-vostock-fagotine-pino-gri-rozovoe-polusladkoe-11
dataset/uploads_root/prod-svoe-vino-strapi/prod-svoe-vino/strapi/uploads/chteau_le_grand_vostock_grand_karsov_shardone_beloe_suhoe_14_89c8c2d86d.webp,chteau-le-grand-vostock-grand-karsov-shardone-beloe-suhoe-14
dataset/uploads_root/prod-svoe-vino-strapi/prod-svoe-vino/strapi/uploads/chteau_le_grand_vostock_krasnostop_reserve_krasnostop_krasnoe_suhoe_14_6f2c655629.webp,chteau-le-grand-vostock-krasnostop-reserve-krasnostop-krasnoe-suhoe-14
dataset/uploads_root/prod-svoe-vino-strapi/prod-svoe-vino/strapi/uploads/chteau_le_grand_vostock_le_chene_royal_reserve_merlo_krasnoe_suhoe_145_3a1ec8fdfa.webp,chteau-le-grand-vostock-le-chene-royal-reserve-merlo-krasnoe-suhoe-145
dataset/uploads_root/prod-svoe-vino-strapi/prod-svoe-vino/strapi/uploads/chteau_le_grand_vostock_merlot_merlo_krasnoe_suhoe_14_b7ff8ad6c4.webp,chteau-le-grand-vostock-merlot-merlo-krasnoe-suhoe-14
dataset/uploads_root/prod-svoe-vino-strapi/prod-svoe-vino/strapi/uploads/chteau_le_grand_vostock_merlot_reserve_merlo_krasnoe_suhoe_145_56be446fbd.webp,chteau-le-grand-vostock-merlot-reserve-merlo-krasnoe-suhoe-145
dataset/uploads_root/prod-svoe-vino-strapi/prod-svoe-vino/strapi/uploads/chteau_le_grand_vostock_pinot_gris_reserve_pino_gri_beloe_suhoe_135_92e725d8d8.webp,chteau-le-grand-vostock-pinot-gris-reserve-pino-gri-beloe-suhoe-135
dataset/uploads_root/prod-svoe-vino-strapi/prod-svoe-vino/strapi/uploads/chteau_le_grand_vostock_pinot_gris_rose_reserve_pino_gri_rozovoe_suhoe_14_7accd7f3e7.webp,chteau-le-grand-vostock-pinot-gris-rose-reserve-pino-gri-rozovoe-suhoe-14
dataset/uploads_root/prod-svoe-vino-strapi/prod-svoe-vino/strapi/uploads/chteau_le_grand_vostock_pinot_noir_reserve_pino_nuar_krasnoe_suhoe_135_06d37ba366.webp,chteau-le-grand-vostock-pinot-noir-reserve-pino-nuar-krasnoe-suhoe-135
dataset/uploads_root/prod-svoe-vino-strapi/prod-svoe-vino/strapi/uploads/chteau_le_grand_vostock_sauvignon_blanc_reserve_sovinon_blan_beloe_suhoe_14_76f3ec9fa3.webp,chteau-le-grand-vostock-sauvignon-blanc-reserve-sovinon-blan-beloe-suhoe-14
dataset/uploads_root/prod-svoe-vino-strapi/prod-svoe-vino/strapi/uploads/chteau_le_grand_vostock_sauvignon_blanc_sovinon_blan_beloe_suhoe_14_1d0d531b62.webp,chteau-le-grand-vostock-sauvignon-blanc-sovinon-blan-beloe-suhoe-14
dataset/uploads_root/prod-svoe-vino-strapi/prod-svoe-vino/strapi/uploads/chteau_le_grand_vostock_vostock_blanc_sovinon_blan_beloe_suhoe_135_5964579dc4.webp,chteau-le-grand-vostock-vostock-blanc-sovinon-blan-beloe-suhoe-135
dataset/uploads_root/prod-svoe-vino-strapi/prod-svoe-vino/strapi/uploads/cloudy_winery_dubrovskiy_bordeaux_blend_kaberne_fran_krasnoe_suhoe_14_f6e9762007.webp,cloudy-winery-dubrovskiy-bordeaux-blend-kaberne-fran-krasnoe-suhoe-14
dataset/uploads_root/prod-svoe-vino-strapi/prod-svoe-vino/strapi/uploads/cloudy_winery_dubrovskiy_orange_rkatsiteli_beloe_suhoe_125_4f9572c38b.webp,cloudy-winery-dubrovskiy-orange-rkatsiteli-beloe-suhoe-125
dataset/uploads_root/prod-svoe-vino-strapi/prod-svoe-vino/strapi/uploads/cloudy_winery_krash_cabernet_sauvignon_kaberne_sovinon_krasnoe_suhoe_14_7de40e47b0.webp,cloudy-winery-krash-cabernet-sauvignon-kaberne-sovinon-krasnoe-suhoe-14
dataset/uploads_root/prod-svoe-vino-strapi/prod-svoe-vino/strapi/uploads/cloudy_winery_krash_super_bryut_shardone_beloe_ekstra_bryut_85_82cb8d2e04.webp,cloudy-winery-krash-super-bryut-shardone-beloe-ekstra-bryut-85
dataset/uploads_root/prod-svoe-vino-strapi/prod-svoe-vino/strapi/uploads/cloudy_winery_plohaya_devochka_pryanyy_blend_byanka_beloe_suhoe_125_ee12b511d9.webp,cloudy-winery-plohaya-devochka-pryanyy-blend-byanka-beloe-suhoe-125
dataset/uploads_root/prod-svoe-vino-strapi/prod-svoe-vino/strapi/uploads/cloudy_winery_plohaya_devochka_pryanyy_traminer_traminer_beloe_suhoe_12_3160b1b322.webp,cloudy-winery-plohaya-devochka-pryanyy-traminer-traminer-beloe-suhoe-12
dataset/uploads_root/prod-svoe-vino-strapi/prod-svoe-vino/strapi/uploads/cloudy_winery_plohaya_devochka_sochnyy_pino_noir_pino_nuar_krasnoe_suhoe_12_60e37c5c3b.webp,cloudy-winery-plohaya-devochka-sochnyy-pino-noir-pino-nuar-krasnoe-suhoe-12
dataset/uploads_root/prod-svoe-vino-strapi/prod-svoe-vino/strapi/uploads/cm_J7_Rk_C_fk_E_Oko_Vgh4s3_0_Fhw_Rr_CIX_3f_S5_Ua_Ti_JE_Scvr_YV_Udxk_P3_Fxe_Cp_G1_MDUV_0rkh_H6w_Ute_Kd_B0_SA_Yv_Lbq651_Q_44de9ae772.webp,
dataset/uploads_root/prod-svoe-vino-strapi/prod-svoe-vino/strapi/uploads/cock_test_belle_kyuve_1_blanc_de_blancs_shardone_igristoe_ekstra_bryut_beloe_12_ca089c6b08.webp,cock-test-belle-kyuve-1-blanc-de-blancs-shardone-beloe-ekstra-bryut-12
dataset/uploads_root/prod-svoe-vino-strapi/prod-svoe-vino/strapi/uploads/cock_test_belle_kyuve_2_blan_de_nuar_pino_mene_igristoe_ekstra_bryut_beloe_12_8d6ef280c1.webp,cock-test-belle-kyuve-2-blan-de-nuar-pino-mene-beloe-ekstra-bryut-12
dataset/uploads_root/prod-svoe-vino-strapi/prod-svoe-vino/strapi/uploads/cock_test_belle_kyuve_5_roze_shardone_igristoe_ekstra_bryut_rozovoe_12_98ac397fd8.webp,cock-test-belle-kyuve-5-roze-shardone-rozovoe-ekstra-bryut-12
dataset/uploads_root/prod-svoe-vino-strapi/prod-svoe-vino/strapi/uploads/collage_1787307177090_c3b945fb02.webp,
dataset/uploads_root/prod-svoe-vino-strapi/prod-svoe-vino/strapi/uploads/convertio_in_L1002571_8cf9459a5e.webp,zb-vajn-vajt-suhoe-beloe
dataset/uploads_root/prod-svoe-vino-strapi/prod-svoe-vino/strapi/uploads/convertio_in_L1002577_1_5c9f9c2c38.webp,
dataset/uploads_root/prod-svoe-vino-strapi/prod-svoe-vino/strapi/uploads/convertio_in_L1002577_1_8ca44facec.webp,
dataset/uploads_root/prod-svoe-vino-strapi/prod-svoe-vino/strapi/uploads/convertio_in_Risling_vint_a2d3227b38.webp,
dataset/uploads_root/prod-svoe-vino-strapi/prod-svoe-vino/strapi/uploads/convertio_in_Risling_vint_eeb3d3e63c.webp,zb-vajn-risling-polusuhoe-beloe
dataset/uploads_root/prod-svoe-vino-strapi/prod-svoe-vino/strapi/uploads/cqa2wmj48ib4mddq2m0d7s8pwlegtijh_bcf3f36138.webp,
dataset/uploads_root/prod-svoe-vino-strapi/prod-svoe-vino/strapi/uploads/crimea_kuban_ahead_b0d63f9047.webp,
dataset/uploads_root/prod-svoe-vino-strapi/prod-svoe-vino/strapi/uploads/cu3xjk4e93p2zxvazyl9c3jlidfny9ub_cf6ed0e9b3.webp,uva-vallis-risling
dataset/uploads_root/prod-svoe-vino-strapi/prod-svoe-vino/strapi/uploads/d0bb5ca7_b91a_42f2_ae76_1074b40765da_e5d6f46ad7.webp,
dataset/uploads_root/prod-svoe-vino-strapi/prod-svoe-vino/strapi/uploads/d3247313_5969_44c4_b188_d04d59224177_ccc5b2b30a.webp,
dataset/uploads_root/prod-svoe-vino-strapi/prod-svoe-vino/strapi/uploads/d4d830e7_07ae_4678_9cdd_d0de019fe472_1f82c80f1c.webp,
dataset/uploads_root/prod-svoe-vino-strapi/prod-svoe-vino/strapi/uploads/d4r5_D_Od_P_Tc8okf5_1775202663_1519904964.webp,blush-mirage-rkacziteli-shiraz
dataset/uploads_root/prod-svoe-vino-strapi/prod-svoe-vino/strapi/uploads/d_pernet_c26928c2ab.webp,
dataset/uploads_root/prod-svoe-vino-strapi/prod-svoe-vino/strapi/uploads/dacha_serdyuka_kazache_krasnostop_zolotovskiy_krasnoe_suhoe_135_4d9bef956f.webp,dacha-serdyuka-kazache-krasnostop-zolotovskiy-krasnoe-suhoe-135
dataset/uploads_root/prod-svoe-vino-strapi/prod-svoe-vino/strapi/uploads/dacha_serdyuka_porechnoe_kaberne_sovinon_krasnoe_suhoe_13_da7ab3daa7.webp,dacha-serdyuka-porechnoe-kaberne-sovinon-krasnoe-suhoe-13
dataset/uploads_root/prod-svoe-vino-strapi/prod-svoe-vino/strapi/uploads/dacha_serdyuka_saperavi_saperavi_severnyy_krasnoe_suhoe_14_f1b30ba078.webp,dacha-serdyuka-saperavi-saperavi-severnyy-krasnoe-suhoe-14
dataset/uploads_root/prod-svoe-vino-strapi/prod-svoe-vino/strapi/uploads/dacha_serdyuka_sibirkovyy_beloe_suhoe_135_c7ad6452b8.webp,dacha-serdyuka-sibirkovyy-beloe-suhoe-135
dataset/uploads_root/prod-svoe-vino-strapi/prod-svoe-vino/strapi/uploads/dacha_serdyuka_sibirkovyy_oranzh_beloe_suhoe_135_5f7489325e.webp,dacha-serdyuka-sibirkovyy-oranzh-beloe-suhoe-135
dataset/uploads_root/prod-svoe-vino-strapi/prod-svoe-vino/strapi/uploads/dagestan_bb35548f71.webp,
dataset/uploads_root/prod-svoe-vino-strapi/prod-svoe-vino/strapi/uploads/dagestan_ef05d42186.webp,
dataset/uploads_root/prod-svoe-vino-strapi/prod-svoe-vino/strapi/uploads/dajkiri_143109ac6f.webp,
dataset/uploads_root/prod-svoe-vino-strapi/prod-svoe-vino/strapi/uploads/dajkiri_f9bdeb01ed.webp,
dataset/uploads_root/prod-svoe-vino-strapi/prod-svoe-vino/strapi/uploads/daniel_21_5adfb4086e.webp,daniel-2021
dataset/uploads_root/prod-svoe-vino-strapi/prod-svoe-vino/strapi/uploads/db4b3355_6e76_4616_b07a_c948e49dbd65_ef1e6378fe.webp,
dataset/uploads_root/prod-svoe-vino-strapi/prod-svoe-vino/strapi/uploads/dd447c3d_dfec_11ec_9bf4_001517de1403_e35724f5_e899_293d7c59ec.webp,
dataset/uploads_root/prod-svoe-vino-strapi/prod-svoe-vino/strapi/uploads/dega_5c0060703f.webp,
dataset/uploads_root/prod-svoe-vino-strapi/prod-svoe-vino/strapi/uploads/degustaczionnyj_zal_ab09930065.webp,
dataset/uploads_root/prod-svoe-vino-strapi/prod-svoe-vino/strapi/uploads/degustacziya_Soloveva_Ratingtelling_cb429c7806.webp,
dataset/uploads_root/prod-svoe-vino-strapi/prod-svoe-vino/strapi/uploads/denisov_winery_assamblyazh_rubin_golodrigi_rozovoe_suhoe_12_0cb8d3dedd.webp,denisov-winery-assamblyazh-rubin-golodrigi-rozovoe-suhoe-12
dataset/uploads_root/prod-svoe-vino-strapi/prod-svoe-vino/strapi/uploads/denisov_winery_petnat_risling_petnat_ekstra_bryut_belyy_10_8ac6c27fa7.webp,denisov-winery-petnat-risling-beloe-ekstra-bryut-10
dataset/uploads_root/prod-svoe-vino-strapi/prod-svoe-vino/strapi/uploads/denisov_winery_petnat_rkatsiteli_petnat_ekstra_bryut_belyy_107_5da935c18a.webp,denisov-winery-petnat-rkatsiteli-beloe-ekstra-bryut-107
dataset/uploads_root/prod-svoe-vino-strapi/prod-svoe-vino/strapi/uploads/denisov_winery_petnat_saperavi_severnyy_petnat_ekstra_bryut_rozovyy_105_4689f0cb14.webp,denisov-winery-petnat-saperavi-severnyy-rozovoe-ekstra-bryut-105
dataset/uploads_root/prod-svoe-vino-strapi/prod-svoe-vino/strapi/uploads/denisov_winery_petnat_tsitron_risling_tsitronnyy_magaracha_petnat_ekstra_bryut_belyy_102_8f425093ef.webp,denisov-winery-petnat-tsitron-risling-tsitronnyy-magaracha-beloe-ekstra-bryut-102
dataset/uploads_root/prod-svoe-vino-strapi/prod-svoe-vino/strapi/uploads/denisov_winery_pino_nuar_rozovoe_suhoe_125_ad6a3633ed.webp,denisov-winery-pino-nuar-rozovoe-suhoe-125
dataset/uploads_root/prod-svoe-vino-strapi/prod-svoe-vino/strapi/uploads/denisov_winery_pino_nuar_shardone_ekstra_bryut_igristoe_ekstra_bryut_beloe_125_43d45643b9.webp,denisov-winery-pino-nuar-shardone-ekstra-bryut-beloe-125
dataset/uploads_root/prod-svoe-vino-strapi/prod-svoe-vino/strapi/uploads/denisov_winery_risling_beloe_suhoe_115_3963e7c359.webp,denisov-winery-risling-beloe-suhoe-115
dataset/uploads_root/prod-svoe-vino-strapi/prod-svoe-vino/strapi/uploads/denisov_winery_rkatsiteli_beloe_suhoe_112_ed8e9acfcd.webp,denisov-winery-rkatsiteli-beloe-suhoe-112
dataset/uploads_root/prod-svoe-vino-strapi/prod-svoe-vino/strapi/uploads/denisov_winery_sovinon_blan_beloe_suhoe_115_7ed31606ab.webp,denisov-winery-sovinon-blan-beloe-suhoe-115
dataset/uploads_root/prod-svoe-vino-strapi/prod-svoe-vino/strapi/uploads/denisov_winery_tsitron_oranzh_tsitronnyy_magaracha_oranzhevoe_suhoe_105_3d8bed58d0.webp,denisov-winery-tsitron-oranzh-tsitronnyy-magaracha-oranzhevoe-suhoe-105
dataset/uploads_root/prod-svoe-vino-strapi/prod-svoe-vino/strapi/uploads/denisov_winery_tsitron_tsitronnyy_magaracha_beloe_suhoe_112_6a56776856.webp,denisov-winery-tsitron-tsitronnyy-magaracha-beloe-suhoe-112
dataset/uploads_root/prod-svoe-vino-strapi/prod-svoe-vino/strapi/uploads/derbent_1f7cdb30b8.webp,
dataset/uploads_root/prod-svoe-vino-strapi/prod-svoe-vino/strapi/uploads/derbent_2_b199a2a919.webp,
dataset/uploads_root/prod-svoe-vino-strapi/prod-svoe-vino/strapi/uploads/derbent_vino_desono_kaberne_fran_krasnoe_suhoe_125_226a36c17f.webp,
dataset/uploads_root/prod-svoe-vino-strapi/prod-svoe-vino/strapi/uploads/derbent_vino_desono_kaberne_sovinon_krasnoe_suhoe_125_6c0917a7d2.webp,
dataset/uploads_root/prod-svoe-vino-strapi/prod-svoe-vino/strapi/uploads/derbent_vino_desono_merlo_krasnoe_suhoe_125_1527abfea6.webp,
dataset/uploads_root/prod-svoe-vino-strapi/prod-svoe-vino/strapi/uploads/derbent_vino_desono_risling_beloe_suhoe_125_90c6a4a233.webp,
dataset/uploads_root/prod-svoe-vino-strapi/prod-svoe-vino/strapi/uploads/derbent_vino_desono_risling_ekstra_bryut_beloe_105_125_724cf52ff8.webp,derbent-vino-desono-risling-ekstra-bryut-beloe-105-125
dataset/uploads_root/prod-svoe-vino-strapi/prod-svoe-vino/strapi/uploads/derbent_vino_desono_rkatsiteli_oranzh_beloe_suhoe_125_a2217801d9.webp,
dataset/uploads_root/prod-svoe-vino-strapi/prod-svoe-vino/strapi/uploads/derbent_vino_desono_saperavi_krasnoe_suhoe_125_113d89a542.webp,
dataset/uploads_root/prod-svoe-vino-strapi/prod-svoe-vino/strapi/uploads/derbent_vino_desono_saperavi_roze_rozovoe_suhoe_125_ba34b6b78b.webp,
dataset/uploads_root/prod-svoe-vino-strapi/prod-svoe-vino/strapi/uploads/derbent_vino_desono_shardone_beloe_suhoe_125_ff762a888e.webp,
dataset/uploads_root/prod-svoe-vino-strapi/prod-svoe-vino/strapi/uploads/derbent_vino_desono_sovinon_ekstra_bryut_sovinon_blan_beloe_105_125_756134dcb1.webp,derbent-vino-desono-sovinon-ekstra-bryut-sovinon-blan-beloe-105-125
dataset/uploads_root/prod-svoe-vino-strapi/prod-svoe-vino/strapi/uploads/derbent_vino_di_kaspiko_bianka_rozovoe_bryut_105_125_074eaf377a.webp,
dataset/uploads_root/prod-svoe-vino-strapi/prod-svoe-vino/strapi/uploads/derbent_vino_di_kaspiko_fiori_di_mare_moldova_krasnoe_polusuhoe_95_115_b596641f9f.webp,
dataset/uploads_root/prod-svoe-vino-strapi/prod-svoe-vino/strapi/uploads/derbent_vino_di_kaspiko_fiori_di_mare_pervenets_magaracha_beloe_polusladkoe_95_115_3ab8240e42.webp,
dataset/uploads_root/prod-svoe-vino-strapi/prod-svoe-vino/strapi/uploads/derbent_vino_di_kaspiko_fiori_di_mare_tsitronnyy_magaracha_rozovoe_polusladkoe_95_115_3f4095690e.webp,
dataset/uploads_root/prod-svoe-vino-strapi/prod-svoe-vino/strapi/uploads/derbent_vino_di_kaspiko_fiori_di_mare_verde_avgustin_rozovoe_polusuhoe_10_e9fa99da2f.webp,derbent-vino-di-kaspiko-fiori-di-mare-verde-avgustin-rozovoe-polusuhoe-10
dataset/uploads_root/prod-svoe-vino-strapi/prod-svoe-vino/strapi/uploads/derbent_vino_di_kaspiko_fiori_di_mare_verde_bianka_avgustin_beloe_polusuhoe_10_fc0709d15f.webp,
dataset/uploads_root/prod-svoe-vino-strapi/prod-svoe-vino/strapi/uploads/derbent_vino_di_kaspiko_kaberne_sovinon_krasnoe_suhoe_135_cb62d5c61d.webp,derbent-vino-di-kaspiko-kaberne-sovinon-krasnoe-suhoe-135
dataset/uploads_root/prod-svoe-vino-strapi/prod-svoe-vino/strapi/uploads/derbent_vino_di_kaspiko_merlo_krasnoe_polusladkoe_11_fe0af35587.webp,derbent-vino-di-kaspiko-merlo-krasnoe-polusladkoe-11
dataset/uploads_root/prod-svoe-vino-strapi/prod-svoe-vino/strapi/uploads/derbent_vino_di_kaspiko_merlo_krasnoe_suhoe_13_955108cf50.webp,derbent-vino-di-kaspiko-merlo-krasnoe-suhoe-13
dataset/uploads_root/prod-svoe-vino-strapi/prod-svoe-vino/strapi/uploads/derbent_vino_di_kaspiko_risling_beloe_suhoe_12_4811c15318.webp,derbent-vino-di-kaspiko-risling-beloe-suhoe-12
dataset/uploads_root/prod-svoe-vino-strapi/prod-svoe-vino/strapi/uploads/derbent_vino_di_kaspiko_rkatsiteli_beloe_ekstra_bryut_105_125_0b5d0a0837.webp,
dataset/uploads_root/prod-svoe-vino-strapi/prod-svoe-vino/strapi/uploads/derbent_vino_di_kaspiko_rkatsiteli_beloe_polusladkoe_11_0f1d01c9b8.webp,derbent-vino-di-kaspiko-rkatsiteli-beloe-polusladkoe-11
dataset/uploads_root/prod-svoe-vino-strapi/prod-svoe-vino/strapi/uploads/derbent_vino_di_kaspiko_rkatsiteli_beloe_suhoe_12_bb2cf4506e.webp,derbent-vino-di-kaspiko-rkatsiteli-beloe-suhoe-12
dataset/uploads_root/prod-svoe-vino-strapi/prod-svoe-vino/strapi/uploads/derbent_vino_di_kaspiko_roze_shardone_rozovoe_suhoe_12_9bae135964.webp,derbent-vino-di-kaspiko-roze-shardone-rozovoe-suhoe-12
dataset/uploads_root/prod-svoe-vino-strapi/prod-svoe-vino/strapi/uploads/derbent_vino_di_kaspiko_saperavi_krasnoe_suhoe_13_753016cd3a.webp,derbent-vino-di-kaspiko-saperavi-krasnoe-suhoe-13
dataset/uploads_root/prod-svoe-vino-strapi/prod-svoe-vino/strapi/uploads/derbent_vino_di_kaspiko_shardone_beloe_bryut_105_125_4d786338c5.webp,derbent-vino-di-kaspiko-shardone-beloe-bryut-105-125
dataset/uploads_root/prod-svoe-vino-strapi/prod-svoe-vino/strapi/uploads/derbent_vino_di_kaspiko_shardone_beloe_polusladkoe_105_125_2f8bb2832f.webp,
dataset/uploads_root/prod-svoe-vino-strapi/prod-svoe-vino/strapi/uploads/derbent_vino_di_kaspiko_shardone_beloe_suhoe_125_f909d0b705.webp,derbent-vino-di-kaspiko-shardone-beloe-suhoe-125
dataset/uploads_root/prod-svoe-vino-strapi/prod-svoe-vino/strapi/uploads/derbent_vino_di_kaspiko_sovinon_sovinon_blan_beloe_suhoe_12_1de7871443.webp,
dataset/uploads_root/prod-svoe-vino-strapi/prod-svoe-vino/strapi/uploads/derbent_vino_endemy_aligote_beloe_bryut_105_125_9c9d02efb2.webp,derbent-vino-endemy-aligote-beloe-bryut-105-125
dataset/uploads_root/prod-svoe-vino-strapi/prod-svoe-vino/strapi/uploads/derbent_vino_endemy_kaberne_fran_krasnoe_suhoe_13_6351c14f55.webp,derbent-vino-endemy-kaberne-fran-krasnoe-suhoe-13
dataset/uploads_root/prod-svoe-vino-strapi/prod-svoe-vino/strapi/uploads/derbent_vino_endemy_kaberne_sovinon_krasnoe_suhoe_13_c2eb71c866.webp,
dataset/uploads_root/prod-svoe-vino-strapi/prod-svoe-vino/strapi/uploads/derbent_vino_endemy_kaberne_sovinon_rozovoe_bryut_105_125_2b46752cd4.webp,derbent-vino-endemy-kaberne-sovinon-rozovoe-bryut-105-125
dataset/uploads_root/prod-svoe-vino-strapi/prod-svoe-vino/strapi/uploads/derbent_vino_endemy_merlo_krasnoe_suhoe_13_36ebced038.webp,derbent-vino-endemy-merlo-krasnoe-suhoe-13
dataset/uploads_root/prod-svoe-vino-strapi/prod-svoe-vino/strapi/uploads/derbent_vino_endemy_pino_nuar_rozovoe_bryut_105_125_d889dc6335.webp,derbent-vino-endemy-pino-nuar-rozovoe-bryut-105-125
dataset/uploads_root/prod-svoe-vino-strapi/prod-svoe-vino/strapi/uploads/derbent_vino_endemy_risling_beloe_bryut_105_125_ab6f76cf0a.webp,derbent-vino-endemy-risling-beloe-bryut-105-125
dataset/uploads_root/prod-svoe-vino-strapi/prod-svoe-vino/strapi/uploads/derbent_vino_endemy_saperavi_krasnoe_suhoe_13_1e6d4109d5.webp,derbent-vino-endemy-saperavi-krasnoe-suhoe-13
dataset/uploads_root/prod-svoe-vino-strapi/prod-svoe-vino/strapi/uploads/derbent_vino_endemy_shardone_beloe_bryut_105_125_0050dd60c9.webp,derbent-vino-endemy-shardone-beloe-bryut-105-125
dataset/uploads_root/prod-svoe-vino-strapi/prod-svoe-vino/strapi/uploads/derbent_vino_endemy_shardone_beloe_suhoe_13_62a14e694a.webp,derbent-vino-endemy-shardone-beloe-suhoe-13
dataset/uploads_root/prod-svoe-vino-strapi/prod-svoe-vino/strapi/uploads/derbent_vino_endemy_sovinon_beloe_bryut_105_125_7117449f6c.webp,derbent-vino-endemy-sovinon-beloe-bryut-105-125
dataset/uploads_root/prod-svoe-vino-strapi/prod-svoe-vino/strapi/uploads/derbent_vino_graf_vorontsov_beloe_polusladkoe_sovinon_blan_105_125_5bcfddfbc1.webp,derbent-vino-graf-vorontsov-beloe-polusladkoe-sovinon-blan-105-125
dataset/uploads_root/prod-svoe-vino-strapi/prod-svoe-vino/strapi/uploads/derbent_vino_graf_vorontsov_bryut_beloe_sovinon_blan_105_125_75497fccb3.webp,derbent-vino-graf-vorontsov-bryut-beloe-sovinon-blan-105-125
dataset/uploads_root/prod-svoe-vino-strapi/prod-svoe-vino/strapi/uploads/derbent_vino_graf_vorontsov_bryut_rozovoe_pervenets_magaracha_105_125_080d855e21.webp,derbent-vino-graf-vorontsov-bryut-rozovoe-pervenets-magaracha-105-125
dataset/uploads_root/prod-svoe-vino-strapi/prod-svoe-vino/strapi/uploads/derbent_vino_kavkazian_dzharauli_moldova_krasnoe_polusladkoe_11_79f7379ec0.webp,derbent-vino-kavkazian-dzharauli-moldova-krasnoe-polusladkoe-11
dataset/uploads_root/prod-svoe-vino-strapi/prod-svoe-vino/strapi/uploads/derbent_vino_kavkazian_merlo_krasnoe_polusladkoe_105_125_d2973b5f66.webp,derbent-vino-kavkazian-merlo-krasnoe-polusladkoe-105-125
dataset/uploads_root/prod-svoe-vino-strapi/prod-svoe-vino/strapi/uploads/derbent_vino_kavkazian_rkatsiteli_beloe_bryut_105_125_4d32763f6b.webp,
dataset/uploads_root/prod-svoe-vino-strapi/prod-svoe-vino/strapi/uploads/derbent_vino_kavkazian_rkatsiteli_beloe_suhoe_12_88da97ff68.webp,derbent-vino-kavkazian-rkatsiteli-beloe-suhoe-12
dataset/uploads_root/prod-svoe-vino-strapi/prod-svoe-vino/strapi/uploads/derbent_vino_kavkazian_saperavi_krasnoe_suhoe_105_125_f6bb126efc.webp,derbent-vino-kavkazian-saperavi-krasnoe-suhoe-105-125
dataset/uploads_root/prod-svoe-vino-strapi/prod-svoe-vino/strapi/uploads/derza_krasnyi_vinograd_na_sinei_poverhnosti_ece277eebd.jpg,
dataset/uploads_root/prod-svoe-vino-strapi/prod-svoe-vino/strapi/uploads/dizain_bez_nazvaniya_25_8c4ec47052.webp,
dataset/uploads_root/prod-svoe-vino-strapi/prod-svoe-vino/strapi/uploads/dlya_6037349688.webp,
dataset/uploads_root/prod-svoe-vino-strapi/prod-svoe-vino/strapi/uploads/dlya_6345e98b10.webp,
dataset/uploads_root/prod-svoe-vino-strapi/prod-svoe-vino/strapi/uploads/dlya_stati_278b2dc347.webp,
dataset/uploads_root/prod-svoe-vino-strapi/prod-svoe-vino/strapi/uploads/do_u_e5b5724567.webp,
dataset/uploads_root/prod-svoe-vino-strapi/prod-svoe-vino/strapi/uploads/dolina_78_3132df93bc.webp,
dataset/uploads_root/prod-svoe-vino-strapi/prod-svoe-vino/strapi/uploads/dolina_dona_1443c3de0c.webp,
dataset/uploads_root/prod-svoe-vino-strapi/prod-svoe-vino/strapi/uploads/dolina_dona_ddc225057d.webp,
dataset/uploads_root/prod-svoe-vino-strapi/prod-svoe-vino/strapi/uploads/dolina_tereka_8c5022430d.webp,
dataset/uploads_root/prod-svoe-vino-strapi/prod-svoe-vino/strapi/uploads/dolina_tereka_91e2f38a4f.webp,
dataset/uploads_root/prod-svoe-vino-strapi/prod-svoe-vino/strapi/uploads/dom_kultur_e3410e46d8.webp,
dataset/uploads_root/prod-svoe-vino-strapi/prod-svoe-vino/strapi/uploads/domaine_de_la_vivandiere_alkomishka_malbek_krasnoe_suhoe_123_edeea28c08.webp,domaine-de-la-vivandiere-alkomishka-malbek-krasnoe-suhoe-123
dataset/uploads_root/prod-svoe-vino-strapi/prod-svoe-vino/strapi/uploads/domaine_de_la_vivandiere_krasnostop_roze_rozovoe_suhoe_134_065e0d758d.webp,domaine-de-la-vivandiere-krasnostop-roze-rozovoe-suhoe-134
dataset/uploads_root/prod-svoe-vino-strapi/prod-svoe-vino/strapi/uploads/domaine_de_la_vivandiere_malbec_vivandiere_roze_malbek_rozovoe_suhoe_125_882f670a7d.webp,domaine-de-la-vivandiere-malbec-vivandiere-roze-malbek-rozovoe-suhoe-125
dataset/uploads_root/prod-svoe-vino-strapi/prod-svoe-vino/strapi/uploads/domaine_de_la_vivandiere_pino_nuar_roze_rozovoe_suhoe_122_48ffea282d.webp,domaine-de-la-vivandiere-pino-nuar-roze-rozovoe-suhoe-122
dataset/uploads_root/prod-svoe-vino-strapi/prod-svoe-vino/strapi/uploads/domaine_de_la_vivandiere_risling_beloe_suhoe_122_68ba0c1792.webp,domaine-de-la-vivandiere-risling-beloe-suhoe-122
dataset/uploads_root/prod-svoe-vino-strapi/prod-svoe-vino/strapi/uploads/domaine_de_la_vivandiere_senso_roze_rozovoe_suhoe_126_1beb87273d.webp,domaine-de-la-vivandiere-senso-roze-rozovoe-suhoe-126
dataset/uploads_root/prod-svoe-vino-strapi/prod-svoe-vino/strapi/uploads/domaine_de_la_vivandiere_sibirkovyy_fresh_beloe_suhoe_125_39e6be90f5.webp,domaine-de-la-vivandiere-sibirkovyy-fresh-beloe-suhoe-125
dataset/uploads_root/prod-svoe-vino-strapi/prod-svoe-vino/strapi/uploads/domaine_de_la_vivandiere_sibirkovyy_sur_lies_beloe_suhoe_121_536caa1f6a.webp,domaine-de-la-vivandiere-sibirkovyy-sur-lies-beloe-suhoe-121
dataset/uploads_root/prod-svoe-vino-strapi/prod-svoe-vino/strapi/uploads/domaine_de_la_vivandiere_tsimlyanskiy_chyornyy_ctes_du_don_tsimlyanskiy_chernyy_rozovoe_suhoe_134_1114a4a7ac.webp,domaine-de-la-vivandiere-tsimlyanskiy-chyornyy-ctes-du-don-tsimlyanskiy-chernyy-rozovoe-suhoe-134
dataset/uploads_root/prod-svoe-vino-strapi/prod-svoe-vino/strapi/uploads/domaine_de_la_vivandiere_vn_beloe_aligote_beloe_suhoe_131_5d98fba99a.webp,domaine-de-la-vivandiere-vn-beloe-aligote-suhoe-131
dataset/uploads_root/prod-svoe-vino-strapi/prod-svoe-vino/strapi/uploads/domaine_de_la_vivandiere_vn_krasnoe_pino_nuar_krasnoe_suhoe_12_22b28437fb.webp,domaine-de-la-vivandiere-vn-krasnoe-pino-nuar-suhoe-12
dataset/uploads_root/prod-svoe-vino-strapi/prod-svoe-vino/strapi/uploads/domaine_lipko_blaufrankisch_domaine_lipko_blaufrankish_krasnoe_suhoe_136_440af9a034.webp,domaine-lipko-blaufrankisch-domaine-lipko-blaufrankish-krasnoe-suhoe-136
dataset/uploads_root/prod-svoe-vino-strapi/prod-svoe-vino/strapi/uploads/domaine_lipko_blaufrankish_krasnoe_suhoe_126_e33253850f.webp,domaine-lipko-blaufrankish-krasnoe-suhoe-126
dataset/uploads_root/prod-svoe-vino-strapi/prod-svoe-vino/strapi/uploads/domaine_lipko_kaberne_sovinon_merlo_pomeste_trenzina_krasnoe_suhoe_15_aa953b6231.webp,domaine-lipko-kaberne-sovinon-merlo-pomeste-trenzina-krasnoe-suhoe-15
dataset/uploads_root/prod-svoe-vino-strapi/prod-svoe-vino/strapi/uploads/domaine_lipko_muskat_pomeste_trenzina_muskat_belyy_beloe_suhoe_119_f53581d3d0.webp,domaine-lipko-muskat-pomeste-trenzina-muskat-belyy-beloe-suhoe-119
dataset/uploads_root/prod-svoe-vino-strapi/prod-svoe-vino/strapi/uploads/domaine_lipko_penpalo_cabernet_sauvignon_domaine_lipko_kaberne_sovinon_krasnoe_suhoe_14_49831aa29f.webp,domaine-lipko-penpalo-cabernet-sauvignon-domaine-lipko-kaberne-sovinon-krasnoe-suhoe-14
dataset/uploads_root/prod-svoe-vino-strapi/prod-svoe-vino/strapi/uploads/domaine_lipko_penpalo_chardonnay_domaine_lipko_shardone_beloe_suhoe_122_84467c3576.webp,domaine-lipko-penpalo-chardonnay-domaine-lipko-shardone-beloe-suhoe-122
dataset/uploads_root/prod-svoe-vino-strapi/prod-svoe-vino/strapi/uploads/domaine_lipko_penpalo_kaberne_sovinon_krasnoe_suhoe_14_669809a88b.webp,domaine-lipko-penpalo-kaberne-sovinon-krasnoe-suhoe-14
dataset/uploads_root/prod-svoe-vino-strapi/prod-svoe-vino/strapi/uploads/domaine_lipko_petit_verdot_domaine_lipko_pti_verdo_krasnoe_suhoe_14_d4fda4146c.webp,domaine-lipko-petit-verdot-domaine-lipko-pti-verdo-krasnoe-suhoe-14
dataset/uploads_root/prod-svoe-vino-strapi/prod-svoe-vino/strapi/uploads/domaine_lipko_pino_nuar_krasnoe_suhoe_12_645408d2e3.webp,domaine-lipko-pino-nuar-krasnoe-suhoe-12
dataset/uploads_root/prod-svoe-vino-strapi/prod-svoe-vino/strapi/uploads/domaine_lipko_pinot_noir_domaine_lipko_pino_nuar_krasnoe_suhoe_133_a7c8791c9f.webp,domaine-lipko-pinot-noir-domaine-lipko-pino-nuar-krasnoe-suhoe-133
dataset/uploads_root/prod-svoe-vino-strapi/prod-svoe-vino/strapi/uploads/domaine_lipko_pti_verdo_krasnoe_suhoe_14_155eed96cb.webp,domaine-lipko-pti-verdo-krasnoe-suhoe-14
dataset/uploads_root/prod-svoe-vino-strapi/prod-svoe-vino/strapi/uploads/domaine_lipko_riesling_m_domaine_lipko_risling_beloe_suhoe_102_aac6eaf2b0.webp,domaine-lipko-riesling-m-domaine-lipko-risling-beloe-suhoe-102
dataset/uploads_root/prod-svoe-vino-strapi/prod-svoe-vino/strapi/uploads/domaine_lipko_risling_beloe_polusuhoe_124_221fa1bd0b.webp,domaine-lipko-risling-beloe-polusuhoe-124
dataset/uploads_root/prod-svoe-vino-strapi/prod-svoe-vino/strapi/uploads/domaine_lipko_roze_sira_rozovoe_suhoe_135_32069a0e89.webp,domaine-lipko-roze-sira-rozovoe-suhoe-135
dataset/uploads_root/prod-svoe-vino-strapi/prod-svoe-vino/strapi/uploads/domaine_lipko_sauvignon_blanc_domaine_lipko_sovinon_blan_beloe_suhoe_118_3466c4862b.webp,domaine-lipko-sauvignon-blanc-domaine-lipko-sovinon-blan-beloe-suhoe-118
dataset/uploads_root/prod-svoe-vino-strapi/prod-svoe-vino/strapi/uploads/domaine_lipko_sovinon_blan_beloe_suhoe_118_239115924a.webp,domaine-lipko-sovinon-blan-beloe-suhoe-118
dataset/uploads_root/prod-svoe-vino-strapi/prod-svoe-vino/strapi/uploads/domaine_lipko_syrah_domaine_lipko_sira_krasnoe_suhoe_14_4a737361dc.webp,domaine-lipko-syrah-domaine-lipko-sira-krasnoe-suhoe-14
dataset/uploads_root/prod-svoe-vino-strapi/prod-svoe-vino/strapi/uploads/domaine_lipko_white_blend_lipko_muskat_belyy_beloe_polusuhoe_115_0ffe4c6cf6.webp,domaine-lipko-white-blend-lipko-muskat-belyy-beloe-polusuhoe-115
dataset/uploads_root/prod-svoe-vino-strapi/prod-svoe-vino/strapi/uploads/domaine_lipko_white_blend_muskat_beloe_polusuhoe_12_19ac7b503b.webp,domaine-lipko-white-blend-muskat-beloe-polusuhoe-12
dataset/uploads_root/prod-svoe-vino-strapi/prod-svoe-vino/strapi/uploads/domaine_lipko_white_blend_tsitronnyy_magaracha_beloe_suhoe_115_24011764ba.webp,domaine-lipko-white-blend-tsitronnyy-magaracha-beloe-suhoe-115
dataset/uploads_root/prod-svoe-vino-strapi/prod-svoe-vino/strapi/uploads/domen_bonami_e461ae1afb.webp,
dataset/uploads_root/prod-svoe-vino-strapi/prod-svoe-vino/strapi/uploads/domen_lipko2_ccc52f271b.webp,
dataset/uploads_root/prod-svoe-vino-strapi/prod-svoe-vino/strapi/uploads/domen_lipko_e936f5349c.webp,
dataset/uploads_root/prod-svoe-vino-strapi/prod-svoe-vino/strapi/uploads/doneck_4d96e90f10.webp,
dataset/uploads_root/prod-svoe-vino-strapi/prod-svoe-vino/strapi/uploads/doneck_c72f85d028.webp,
dataset/uploads_root/prod-svoe-vino-strapi/prod-svoe-vino/strapi/uploads/donskoe_vinodelcheskoe_hozyaystvo_elbuzd_kaberne_fran_krasnoe_suhoe_13_2f331c5376.webp,donskoe-vinodelcheskoe-hozyaystvo-elbuzd-kaberne-fran-krasnoe-suhoe-13
dataset/uploads_root/prod-svoe-vino-strapi/prod-svoe-vino/strapi/uploads/donskoe_vinodelcheskoe_hozyaystvo_elbuzd_merlo_krasnoe_suhoe_13_261ddc4f01.webp,donskoe-vinodelcheskoe-hozyaystvo-elbuzd-merlo-krasnoe-suhoe-13
dataset/uploads_root/prod-svoe-vino-strapi/prod-svoe-vino/strapi/uploads/donskoe_vinodelcheskoe_hozyaystvo_elbuzd_pino_nuar_krasnoe_suhoe_13_fe1f143b4b.webp,donskoe-vinodelcheskoe-hozyaystvo-elbuzd-pino-nuar-krasnoe-suhoe-13
dataset/uploads_root/prod-svoe-vino-strapi/prod-svoe-vino/strapi/uploads/donskoe_vinodelcheskoe_hozyaystvo_elbuzd_risling_beloe_suhoe_12_c5359f598b.webp,donskoe-vinodelcheskoe-hozyaystvo-elbuzd-risling-beloe-suhoe-12
dataset/uploads_root/prod-svoe-vino-strapi/prod-svoe-vino/strapi/uploads/donskoe_vinodelcheskoe_hozyaystvo_elbuzd_shardone_beloe_suhoe_13_4dc735a9ed.webp,donskoe-vinodelcheskoe-hozyaystvo-elbuzd-shardone-beloe-suhoe-13
dataset/uploads_root/prod-svoe-vino-strapi/prod-svoe-vino/strapi/uploads/donskoe_vinodelcheskoe_hozyaystvo_elbuzd_sovinon_blan_beloe_suhoe_12_1e0d005870.webp,donskoe-vinodelcheskoe-hozyaystvo-elbuzd-sovinon-blan-beloe-suhoe-12
dataset/uploads_root/prod-svoe-vino-strapi/prod-svoe-vino/strapi/uploads/dozazh_84705dc21a.webp,
dataset/uploads_root/prod-svoe-vino-strapi/prod-svoe-vino/strapi/uploads/dtybirv3grrn28q372efwyvo19tevhq7_37f1124bef.webp,
dataset/uploads_root/prod-svoe-vino-strapi/prod-svoe-vino/strapi/uploads/dubinin_winery_merlo_roze_rozovoe_suhoe_125_7a5b91f610.webp,dubinin-winery-merlo-roze-rozovoe-suhoe-125
dataset/uploads_root/prod-svoe-vino-strapi/prod-svoe-vino/strapi/uploads/dubinin_winery_pino_nuar_bryut_roze_igristoe_ekstra_bryut_rozovoe_125_f445b9db8a.webp,dubinin-winery-pino-nuar-bryut-roze-rozovoe-ekstra-bryut-125
dataset/uploads_root/prod-svoe-vino-strapi/prod-svoe-vino/strapi/uploads/dubinin_winery_risling_beloe_suhoe_12_7ac8ef3e5f.webp,dubinin-winery-risling-beloe-suhoe-12
dataset/uploads_root/prod-svoe-vino-strapi/prod-svoe-vino/strapi/uploads/dubinin_winery_roze_kaberne_fran_rozovoe_suhoe_13_d7bb0abe34.webp,dubinin-winery-roze-kaberne-fran-rozovoe-suhoe-13
dataset/uploads_root/prod-svoe-vino-strapi/prod-svoe-vino/strapi/uploads/dubinin_winery_saperavi_fresh_krasnoe_suhoe_135_ed1dd0f8f4.webp,dubinin-winery-saperavi-fresh-krasnoe-suhoe-135
dataset/uploads_root/prod-svoe-vino-strapi/prod-svoe-vino/strapi/uploads/dubinin_winery_sovinon_blan_beloe_suhoe_12_18c78bf838.webp,dubinin-winery-sovinon-blan-beloe-suhoe-12
dataset/uploads_root/prod-svoe-vino-strapi/prod-svoe-vino/strapi/uploads/dva_serdtsa_arinarnoa_kaberne_sovinon_krasnoe_suhoe_135_047c8cca68.webp,dva-serdtsa-arinarnoa-kaberne-sovinon-krasnoe-suhoe-135
dataset/uploads_root/prod-svoe-vino-strapi/prod-svoe-vino/strapi/uploads/dva_serdtsa_kaberne_fran_krasnoe_suhoe_14_3cd97c037a.webp,dva-serdtsa-kaberne-fran-krasnoe-suhoe-14
dataset/uploads_root/prod-svoe-vino-strapi/prod-svoe-vino/strapi/uploads/dva_serdtsa_kokur_beloe_suhoe_125_2a62b6715b.webp,dva-serdtsa-kokur-beloe-suhoe-125
dataset/uploads_root/prod-svoe-vino-strapi/prod-svoe-vino/strapi/uploads/dva_serdtsa_muskat_muskat_belyy_beloe_polusuhoe_12_812f13f41a.webp,dva-serdtsa-muskat-muskat-belyy-beloe-polusuhoe-12
dataset/uploads_root/prod-svoe-vino-strapi/prod-svoe-vino/strapi/uploads/dva_serdtsa_muskat_suhoy_muskat_belyy_beloe_suhoe_12_904721b94a.webp,dva-serdtsa-muskat-suhoy-muskat-belyy-beloe-suhoe-12
dataset/uploads_root/prod-svoe-vino-strapi/prod-svoe-vino/strapi/uploads/dva_serdtsa_rozovoe_kaberne_sovinon_rozovoe_suhoe_13_43d6654ff9.webp,dva-serdtsa-rozovoe-kaberne-sovinon-suhoe-13
dataset/uploads_root/prod-svoe-vino-strapi/prod-svoe-vino/strapi/uploads/dva_serdtsa_saperavi_krasnoe_suhoe_135_58815e0ac2.webp,dva-serdtsa-saperavi-krasnoe-suhoe-135
dataset/uploads_root/prod-svoe-vino-strapi/prod-svoe-vino/strapi/uploads/dva_serdtsa_vione_beloe_suhoe_125_2e3fcdb2b9.webp,dva-serdtsa-vione-beloe-suhoe-125
dataset/uploads_root/prod-svoe-vino-strapi/prod-svoe-vino/strapi/uploads/dvoe_svidanie_shato_de_talyu_be8ebfa732.webp,
dataset/uploads_root/prod-svoe-vino-strapi/prod-svoe-vino/strapi/uploads/e159ff42_062c_4ebf_876c_d28c6df031de_7bc1cabe91.webp,
dataset/uploads_root/prod-svoe-vino-strapi/prod-svoe-vino/strapi/uploads/e48098ef_c9b9_4e7f_bc1a_e62cc6aadea3_311ef0266f.webp,
dataset/uploads_root/prod-svoe-vino-strapi/prod-svoe-vino/strapi/uploads/e7414a79_6b5c_47f7_9f3e_476e98f4c8f0_44d9293d1c.webp,
dataset/uploads_root/prod-svoe-vino-strapi/prod-svoe-vino/strapi/uploads/e7b5c9242252ee908c6a7f883415bf51_859cbd72e2.webp,magnatum-cuvee-m-blanc-de-blancs
dataset/uploads_root/prod-svoe-vino-strapi/prod-svoe-vino/strapi/uploads/e81dfe7f_ee0d_4c10_82c1_a226db6123b3_5727751_6ce20bd600.webp,
dataset/uploads_root/prod-svoe-vino-strapi/prod-svoe-vino/strapi/uploads/e8364cd1_c283_4104_a642_8a4e62952e9b_a5683990fe.webp,
dataset/uploads_root/prod-svoe-vino-strapi/prod-svoe-vino/strapi/uploads/ebd8ce0e_572c_454e_ac01_945495da02d0_946a35540f.webp,
dataset/uploads_root/prod-svoe-vino-strapi/prod-svoe-vino/strapi/uploads/ec2082cwb8d2y4rf36x235pckozylfad_9994a4e28f.webp,zhemchuzhnaya-9-merlo-kaberne-sovinon
dataset/uploads_root/prod-svoe-vino-strapi/prod-svoe-vino/strapi/uploads/ecu6kw11ffx488tylm6182kvyo49n7a4_985e57bc14.webp,
dataset/uploads_root/prod-svoe-vino-strapi/prod-svoe-vino/strapi/uploads/edfa580c0ff79508508162bda9e3c97c_13446_src_2fc2c2f1b3.webp,
dataset/uploads_root/prod-svoe-vino-strapi/prod-svoe-vino/strapi/uploads/edited_image_20251207134443_4069976981.webp,
dataset/uploads_root/prod-svoe-vino-strapi/prod-svoe-vino/strapi/uploads/edited_image_20251207150209_c6e72f6a13.webp,
dataset/uploads_root/prod-svoe-vino-strapi/prod-svoe-vino/strapi/uploads/edited_image_20251207165130_858659ed5f.webp,
dataset/uploads_root/prod-svoe-vino-strapi/prod-svoe-vino/strapi/uploads/edited_image_20251208075541_dfd726e017.webp,
dataset/uploads_root/prod-svoe-vino-strapi/prod-svoe-vino/strapi/uploads/edited_image_20251208082400_0633e75f51.webp,
dataset/uploads_root/prod-svoe-vino-strapi/prod-svoe-vino/strapi/uploads/edited_image_20251208084517_eefca98043.webp,
dataset/uploads_root/prod-svoe-vino-strapi/prod-svoe-vino/strapi/uploads/edited_image_20251208085609_2ed673da50.webp,
dataset/uploads_root/prod-svoe-vino-strapi/prod-svoe-vino/strapi/uploads/edited_image_20251210100059_205f9cc08e.webp,
dataset/uploads_root/prod-svoe-vino-strapi/prod-svoe-vino/strapi/uploads/edited_image_20251211204510_c14cde2b18.webp,
dataset/uploads_root/prod-svoe-vino-strapi/prod-svoe-vino/strapi/uploads/edited_image_20251212172704_ee69084c91.webp,
dataset/uploads_root/prod-svoe-vino-strapi/prod-svoe-vino/strapi/uploads/edited_image_20251213193837_4e97b504a8.webp,
dataset/uploads_root/prod-svoe-vino-strapi/prod-svoe-vino/strapi/uploads/edited_image_20251216200314_a1cdb69758.webp,
dataset/uploads_root/prod-svoe-vino-strapi/prod-svoe-vino/strapi/uploads/edited_image_20251216212031_1fa3a56993.webp,
dataset/uploads_root/prod-svoe-vino-strapi/prod-svoe-vino/strapi/uploads/edited_image_20251217115919_89770dc229.webp,
dataset/uploads_root/prod-svoe-vino-strapi/prod-svoe-vino/strapi/uploads/edited_image_20251218163246_9c55e59af3.webp,
dataset/uploads_root/prod-svoe-vino-strapi/prod-svoe-vino/strapi/uploads/edited_image_20260220101227_e82a3b8f54.webp,
dataset/uploads_root/prod-svoe-vino-strapi/prod-svoe-vino/strapi/uploads/edited_image_20260224104236_93a2dd82ce.webp,
dataset/uploads_root/prod-svoe-vino-strapi/prod-svoe-vino/strapi/uploads/edited_image_20260224112614_87e9bbe665.webp,
dataset/uploads_root/prod-svoe-vino-strapi/prod-svoe-vino/strapi/uploads/edited_image_20260225135720_188ec524ca.webp,
dataset/uploads_root/prod-svoe-vino-strapi/prod-svoe-vino/strapi/uploads/edited_image_20260225142448_0e61bbf447.webp,
dataset/uploads_root/prod-svoe-vino-strapi/prod-svoe-vino/strapi/uploads/ee9e60b1_547e_4787_bd64_a31f0bbd594a_2a37ac1b21.webp,
dataset/uploads_root/prod-svoe-vino-strapi/prod-svoe-vino/strapi/uploads/ef3339e0_37f6_4ad8_943b_68661be81b1f_d7d07acd31.webp,
dataset/uploads_root/prod-svoe-vino-strapi/prod-svoe-vino/strapi/uploads/ekskursiya_festival_NARMA_Derbent_2025_2b46a7e32d.webp,
dataset/uploads_root/prod-svoe-vino-strapi/prod-svoe-vino/strapi/uploads/elbuzd_148e1d00c9.webp,
dataset/uploads_root/prod-svoe-vino-strapi/prod-svoe-vino/strapi/uploads/elbuzd_logo_3c4a92328b.webp,
dataset/uploads_root/prod-svoe-vino-strapi/prod-svoe-vino/strapi/uploads/elenglazunova_49_11bd8dbe25.webp,
dataset/uploads_root/prod-svoe-vino-strapi/prod-svoe-vino/strapi/uploads/elenglazunova_594_cff5e9e2dc.webp,
dataset/uploads_root/prod-svoe-vino-strapi/prod-svoe-vino/strapi/uploads/elenglazunova_597_7107873042.webp,
dataset/uploads_root/prod-svoe-vino-strapi/prod-svoe-vino/strapi/uploads/elpa_30e41fd2cf.webp,
dataset/uploads_root/prod-svoe-vino-strapi/prod-svoe-vino/strapi/uploads/epz9bz0yiapt8s9e9k4dvjkz92powqu5_a880a29847.webp,
dataset/uploads_root/prod-svoe-vino-strapi/prod-svoe-vino/strapi/uploads/ernest_heming_ii_34522357ec.webp,
dataset/uploads_root/prod-svoe-vino-strapi/prod-svoe-vino/strapi/uploads/esse_bdd84b90bf.webp,
dataset/uploads_root/prod-svoe-vino-strapi/prod-svoe-vino/strapi/uploads/esse_blanc_de_noirs_pino_nuar_igristoe_ekstra_bryut_beloe_115_c951557140.webp,esse-blanc-de-noirs-pino-nuar-beloe-ekstra-bryut-115
dataset/uploads_root/prod-svoe-vino-strapi/prod-svoe-vino/strapi/uploads/esse_brut_cuvee_prestige_shardone_igristoe_ekstra_bryut_beloe_115_8e21ee1279.webp,esse-brut-cuvee-prestige-shardone-beloe-ekstra-bryut-115
dataset/uploads_root/prod-svoe-vino-strapi/prod-svoe-vino/strapi/uploads/esse_brut_zero_dosage_shardone_igristoe_ekstra_bryut_beloe_12_23c5b934ee.webp,esse-brut-zero-dosage-shardone-beloe-ekstra-bryut-12
dataset/uploads_root/prod-svoe-vino-strapi/prod-svoe-vino/strapi/uploads/esse_brut_zero_dosage_shardone_igristoe_ekstra_bryut_beloe_135_b40ec10218.webp,esse-brut-zero-dosage-shardone-beloe-ekstra-bryut-135
dataset/uploads_root/prod-svoe-vino-strapi/prod-svoe-vino/strapi/uploads/esse_c172229956.webp,
dataset/uploads_root/prod-svoe-vino-strapi/prod-svoe-vino/strapi/uploads/esse_chenin_blanc_shenen_blan_beloe_suhoe_12_d814751e86.webp,esse-chenin-blanc-shenen-blan-beloe-suhoe-12
dataset/uploads_root/prod-svoe-vino-strapi/prod-svoe-vino/strapi/uploads/esse_demi_sec_muscat_nectar_muskat_belyy_igristoe_ekstra_bryut_beloe_115_dd78fd153c.webp,esse-demi-sec-muscat-nectar-muskat-belyy-beloe-ekstra-bryut-115
dataset/uploads_root/prod-svoe-vino-strapi/prod-svoe-vino/strapi/uploads/esse_dolinnoe_cabernet_franc_kaberne_fran_krasnoe_suhoe_13_0390d0284a.webp,esse-dolinnoe-cabernet-franc-kaberne-fran-krasnoe-suhoe-13
dataset/uploads_root/prod-svoe-vino-strapi/prod-svoe-vino/strapi/uploads/esse_dolinnoe_chrdvnr_shardone_beloe_suhoe_13_f8c0b600ad.webp,esse-dolinnoe-chrdvnr-shardone-beloe-suhoe-13
dataset/uploads_root/prod-svoe-vino-strapi/prod-svoe-vino/strapi/uploads/esse_esse_grand_cuvee_60_shardone_igristoe_ekstra_bryut_beloe_115_20c6d7a318.webp,esse-esse-grand-cuvee-60-shardone-beloe-ekstra-bryut-115
dataset/uploads_root/prod-svoe-vino-strapi/prod-svoe-vino/strapi/uploads/esse_esse_millesime_brut_zero_dosage_shardone_igristoe_ekstra_bryut_beloe_115_0cfef302b3.webp,esse-esse-millesime-brut-zero-dosage-shardone-beloe-ekstra-bryut-115
dataset/uploads_root/prod-svoe-vino-strapi/prod-svoe-vino/strapi/uploads/esse_esse_rose_zero_dosage_shardone_igristoe_ekstra_bryut_rozovoe_115_24439839bf.webp,esse-esse-rose-zero-dosage-shardone-rozovoe-ekstra-bryut-115
dataset/uploads_root/prod-svoe-vino-strapi/prod-svoe-vino/strapi/uploads/esse_esse_shardone_beloe_suhoe_125_a64096d1a1.webp,esse-esse-shardone-beloe-suhoe-125
dataset/uploads_root/prod-svoe-vino-strapi/prod-svoe-vino/strapi/uploads/esse_esse_sira_krasnoe_suhoe_12_d542214070.webp,esse-esse-sira-krasnoe-suhoe-12
dataset/uploads_root/prod-svoe-vino-strapi/prod-svoe-vino/strapi/uploads/esse_gevyurtstraminer_beloe_suhoe_12_c0993e07dc.webp,esse-gevyurtstraminer-beloe-suhoe-12
dataset/uploads_root/prod-svoe-vino-strapi/prod-svoe-vino/strapi/uploads/esse_kaberne_fran_krasnoe_suhoe_13_458f9c63ca.webp,esse-kaberne-fran-krasnoe-suhoe-13
dataset/uploads_root/prod-svoe-vino-strapi/prod-svoe-vino/strapi/uploads/esse_kaberne_otbornoe_kaberne_sovinon_krasnoe_suhoe_12_1f8b96ac79.webp,esse-kaberne-otbornoe-kaberne-sovinon-krasnoe-suhoe-12
dataset/uploads_root/prod-svoe-vino-strapi/prod-svoe-vino/strapi/uploads/esse_kaberne_sovinon_krasnoe_suhoe_14_2536b9976e.webp,esse-kaberne-sovinon-krasnoe-suhoe-14
dataset/uploads_root/prod-svoe-vino-strapi/prod-svoe-vino/strapi/uploads/esse_mama_marselan_krasnoe_suhoe_115_13668d8525.webp,esse-mama-marselan-krasnoe-suhoe-115
dataset/uploads_root/prod-svoe-vino-strapi/prod-svoe-vino/strapi/uploads/esse_mama_marselan_krasnoe_suhoe_135_5fef596cdc.webp,esse-mama-marselan-krasnoe-suhoe-135
dataset/uploads_root/prod-svoe-vino-strapi/prod-svoe-vino/strapi/uploads/esse_merlo_krasnoe_suhoe_135_efd9f63edb.webp,esse-merlo-krasnoe-suhoe-135
dataset/uploads_root/prod-svoe-vino-strapi/prod-svoe-vino/strapi/uploads/esse_merlo_otbornoe_krasnoe_suhoe_13_eda65be34f.webp,esse-merlo-otbornoe-krasnoe-suhoe-13
dataset/uploads_root/prod-svoe-vino-strapi/prod-svoe-vino/strapi/uploads/esse_muskat_belyy_beloe_suhoe_135_446d285a06.webp,esse-muskat-belyy-beloe-suhoe-135
dataset/uploads_root/prod-svoe-vino-strapi/prod-svoe-vino/strapi/uploads/esse_muskat_muskat_belyy_beloe_suhoe_115_48469f1962.webp,esse-muskat-muskat-belyy-beloe-suhoe-115
dataset/uploads_root/prod-svoe-vino-strapi/prod-svoe-vino/strapi/uploads/esse_muskat_muskat_belyy_igristoe_ekstra_bryut_beloe_115_f176ce3718.webp,esse-muskat-muskat-belyy-beloe-ekstra-bryut-115
dataset/uploads_root/prod-svoe-vino-strapi/prod-svoe-vino/strapi/uploads/esse_muskat_oranzh_muskat_belyy_beloe_suhoe_115_8221306c48.webp,esse-muskat-oranzh-muskat-belyy-beloe-suhoe-115
dataset/uploads_root/prod-svoe-vino-strapi/prod-svoe-vino/strapi/uploads/esse_nectar_muscat_muskat_belyy_igristoe_polusuhoe_beloe_12_5b5a2eb0f1.webp,esse-nectar-muscat-muskat-belyy-beloe-polusuhoe-12
dataset/uploads_root/prod-svoe-vino-strapi/prod-svoe-vino/strapi/uploads/esse_odessa_black_odesskiy_chernyy_krasnoe_suhoe_12_0708fdaee7.webp,esse-odessa-black-odesskiy-chernyy-krasnoe-suhoe-12
dataset/uploads_root/prod-svoe-vino-strapi/prod-svoe-vino/strapi/uploads/esse_petit_verdot_pti_verdo_krasnoe_suhoe_13_cd1d881696.webp,esse-petit-verdot-pti-verdo-krasnoe-suhoe-13
dataset/uploads_root/prod-svoe-vino-strapi/prod-svoe-vino/strapi/uploads/esse_pino_gri_beloe_suhoe_12_8bf3160446.webp,esse-pino-gri-beloe-suhoe-12
dataset/uploads_root/prod-svoe-vino-strapi/prod-svoe-vino/strapi/uploads/esse_pino_gri_beloe_suhoe_135_914856d918.webp,esse-pino-gri-beloe-suhoe-135
dataset/uploads_root/prod-svoe-vino-strapi/prod-svoe-vino/strapi/uploads/esse_pino_gri_blash_rozovoe_suhoe_125_b69f532199.webp,esse-pino-gri-blash-rozovoe-suhoe-125
dataset/uploads_root/prod-svoe-vino-strapi/prod-svoe-vino/strapi/uploads/esse_pino_gri_blush_rozovoe_suhoe_115_6dbb8b61f3.webp,esse-pino-gri-blush-rozovoe-suhoe-115
dataset/uploads_root/prod-svoe-vino-strapi/prod-svoe-vino/strapi/uploads/esse_pino_nuar_krasnoe_suhoe_115_469fd883e6.webp,esse-pino-nuar-krasnoe-suhoe-115
dataset/uploads_root/prod-svoe-vino-strapi/prod-svoe-vino/strapi/uploads/esse_prirodno_polusladkoe_beloe_risling_beloe_polusladkoe_125_727390d43b.webp,esse-prirodno-polusladkoe-beloe-risling-125
dataset/uploads_root/prod-svoe-vino-strapi/prod-svoe-vino/strapi/uploads/esse_prirodno_polusladkoe_krasnoe_merlo_krasnoe_polusladkoe_13_df0166b111.webp,esse-prirodno-polusladkoe-krasnoe-merlo-13
dataset/uploads_root/prod-svoe-vino-strapi/prod-svoe-vino/strapi/uploads/esse_ridicule_sira_krasnoe_suhoe_125_6a621251f5.webp,esse-ridicule-sira-krasnoe-suhoe-125
dataset/uploads_root/prod-svoe-vino-strapi/prod-svoe-vino/strapi/uploads/esse_risling_beloe_suhoe_115_56a1b754fc.webp,esse-risling-beloe-suhoe-115
dataset/uploads_root/prod-svoe-vino-strapi/prod-svoe-vino/strapi/uploads/esse_rkatsiteli_beloe_suhoe_125_4f094ac315.webp,esse-rkatsiteli-beloe-suhoe-125
dataset/uploads_root/prod-svoe-vino-strapi/prod-svoe-vino/strapi/uploads/esse_rkatsiteli_oranzh_beloe_suhoe_12_1c6512e2ab.webp,esse-rkatsiteli-oranzh-beloe-suhoe-12
dataset/uploads_root/prod-svoe-vino-strapi/prod-svoe-vino/strapi/uploads/esse_rkatsiteli_syur_li_beloe_suhoe_125_2f0b000796.webp,esse-rkatsiteli-syur-li-beloe-suhoe-125
dataset/uploads_root/prod-svoe-vino-strapi/prod-svoe-vino/strapi/uploads/esse_rose_cuvee_prestige_pino_nuar_igristoe_bryut_rozovoe_115_725db31aa4.webp,esse-rose-cuvee-prestige-pino-nuar-rozovoe-bryut-115
dataset/uploads_root/prod-svoe-vino-strapi/prod-svoe-vino/strapi/uploads/esse_rose_cuvee_prestige_pino_nuar_igristoe_bryut_rozovoe_13_606b304d1d.webp,esse-rose-cuvee-prestige-pino-nuar-rozovoe-bryut-13
dataset/uploads_root/prod-svoe-vino-strapi/prod-svoe-vino/strapi/uploads/esse_rose_sira_rozovoe_suhoe_12_f4150d71ea.webp,esse-rose-sira-rozovoe-suhoe-12
dataset/uploads_root/prod-svoe-vino-strapi/prod-svoe-vino/strapi/uploads/esse_roze_kaberne_sovinon_rozovoe_suhoe_135_f6a387d48c.webp,esse-roze-kaberne-sovinon-rozovoe-suhoe-135
dataset/uploads_root/prod-svoe-vino-strapi/prod-svoe-vino/strapi/uploads/esse_rubinovyy_rubinovyy_magaracha_krasnoe_suhoe_12_0570a9069b.webp,esse-rubinovyy-rubinovyy-magaracha-krasnoe-suhoe-12
dataset/uploads_root/prod-svoe-vino-strapi/prod-svoe-vino/strapi/uploads/esse_sangiovese_sandzhoveze_krasnoe_suhoe_135_cc1e0cdca2.webp,esse-sangiovese-sandzhoveze-krasnoe-suhoe-135
dataset/uploads_root/prod-svoe-vino-strapi/prod-svoe-vino/strapi/uploads/esse_saperavi_heaven_krasnoe_suhoe_13_759445e79f.webp,esse-saperavi-heaven-krasnoe-suhoe-13
dataset/uploads_root/prod-svoe-vino-strapi/prod-svoe-vino/strapi/uploads/esse_saperavi_krasnoe_suhoe_13_52697406ad.webp,esse-saperavi-krasnoe-suhoe-13
dataset/uploads_root/prod-svoe-vino-strapi/prod-svoe-vino/strapi/uploads/esse_shardone_otbornoe_beloe_suhoe_12_3b070fa772.webp,esse-shardone-otbornoe-beloe-suhoe-12
dataset/uploads_root/prod-svoe-vino-strapi/prod-svoe-vino/strapi/uploads/esse_shenen_blan_beloe_suhoe_13_98cc04b8dc.webp,esse-shenen-blan-beloe-suhoe-13
dataset/uploads_root/prod-svoe-vino-strapi/prod-svoe-vino/strapi/uploads/esse_sovinon_blan_beloe_suhoe_12_399b808abd.webp,esse-sovinon-blan-beloe-suhoe-12
dataset/uploads_root/prod-svoe-vino-strapi/prod-svoe-vino/strapi/uploads/esse_sovinon_blan_fyume_beloe_suhoe_128_a32349f7e3.webp,esse-sovinon-blan-fyume-beloe-suhoe-128
dataset/uploads_root/prod-svoe-vino-strapi/prod-svoe-vino/strapi/uploads/esse_vione_beloe_suhoe_13_aec36b710c.webp,esse-vione-beloe-suhoe-13
dataset/uploads_root/prod-svoe-vino-strapi/prod-svoe-vino/strapi/uploads/evolution_rose_pinot_noir_2024_c3fc4a172a.webp,evolution-pinot-noir
dataset/uploads_root/prod-svoe-vino-strapi/prod-svoe-vino/strapi/uploads/exq50kp8c8kjjg08u4s9ev9re9tk72i2_6eb05b03ec.webp,
dataset/uploads_root/prod-svoe-vino-strapi/prod-svoe-vino/strapi/uploads/f33f025d_cd7b_433f_85b3_b893cb3bce46_8b218edbf3.webp,
dataset/uploads_root/prod-svoe-vino-strapi/prod-svoe-vino/strapi/uploads/f33f025d_cd7b_433f_85b3_b893cb3bce46_b15a38b83f.webp,
dataset/uploads_root/prod-svoe-vino-strapi/prod-svoe-vino/strapi/uploads/f5b4a605_e1c5_44aa_a653_3ee8546ff52f_024f31e445.webp,
dataset/uploads_root/prod-svoe-vino-strapi/prod-svoe-vino/strapi/uploads/f5x1151jmtlr1i2es65ga58nv6zpsrg3_2e622fc2c2.webp,
dataset/uploads_root/prod-svoe-vino-strapi/prod-svoe-vino/strapi/uploads/f6f313ea_0f43_4880_be6a_849d5bb6cf9a_ce137588eb.webp,
dataset/uploads_root/prod-svoe-vino-strapi/prod-svoe-vino/strapi/uploads/f74c823da0c9989bb441246306480588_cb0aef77d5.jpg,
dataset/uploads_root/prod-svoe-vino-strapi/prod-svoe-vino/strapi/uploads/f804754fa9ae3bf4c674ad5d82e86b14_d9b6930374.webp,magnatum-rose
dataset/uploads_root/prod-svoe-vino-strapi/prod-svoe-vino/strapi/uploads/f8ed4da8_eeca_4367_8010_461a4859c935_0bf1520c60.webp,
dataset/uploads_root/prod-svoe-vino-strapi/prod-svoe-vino/strapi/uploads/f_Kq_In_Kw3d7b_LF_Oe_Fn_M_Gnh_Ktuh_Vl_Vjof_M3_Qaag_F_Bw_K_Wmvlyd_Gu_Q_Cp8tk_DOW_Pz1_Jf_Pnx7c_HG_Dn_X_Wt_Q_y1y7_Xu_Mfg0e_I_Qs5g_Tmt8_XG_4on_i36r8npum_ZHI_4mid_Pd_Whec_Nq_412368f0b0.webp,fanagoriya-fanagoriya-hey-bey-shardone-beloe-suhoe-13
dataset/uploads_root/prod-svoe-vino-strapi/prod-svoe-vino/strapi/uploads/f_Kq_In_Kw3d7b_LF_Oe_Fn_M_Gnh_Lwyz_Yv_B_J0l_a_Gu_P9_ZF_Xxs3w_BR_5_ETC_Fr5mq_RB_9_Vo_Fg_It8d5h6_B_or_Hdxex_T8_Tw4cw_OQ_5x0g_Q_Yny_Gw_Sca_Gr8npum_ZHI_4mid_Pd_Whec_Nq_1854d79859.webp,vinodelnya-vedernikov-vedernikov-tsimlyanskiy-chyornyy-tsimlyanskiy-chernyy-krasnoe-suhoe-14
dataset/uploads_root/prod-svoe-vino-strapi/prod-svoe-vino/strapi/uploads/fanagoria_13_9809a44ea9.webp,
dataset/uploads_root/prod-svoe-vino-strapi/prod-svoe-vino/strapi/uploads/fanagoriya_100_ottenkov_krasnogo_kaberne_kaberne_sovinon_krasnoe_suhoe_135_ad8495191f.webp,fanagoriya-100-ottenkov-krasnogo-kaberne-kaberne-sovinon-krasnoe-suhoe-135
dataset/uploads_root/prod-svoe-vino-strapi/prod-svoe-vino/strapi/uploads/fanagoriya_100_ottenkov_krasnogo_pino_nuar_krasnoe_suhoe_vyderzhannoe_135_12baf813ea.webp,fanagoriya-100-ottenkov-krasnogo-pino-nuar-krasnoe-suhoe-135
dataset/uploads_root/prod-svoe-vino-strapi/prod-svoe-vino/strapi/uploads/fanagoriya_100_ottenkov_krasnogo_saperavi_krasnoe_suhoe_14_fa242e130a.webp,fanagoriya-100-ottenkov-krasnogo-saperavi-krasnoe-suhoe-14
dataset/uploads_root/prod-svoe-vino-strapi/prod-svoe-vino/strapi/uploads/fanagoriya_100_ottenkov_shardone_beloe_suhoe_14_dd14e33b83.webp,fanagoriya-100-ottenkov-shardone-beloe-suhoe-14
dataset/uploads_root/prod-svoe-vino-strapi/prod-svoe-vino/strapi/uploads/fanagoriya_101_ottenok_krasnogo_kaberne_kaberne_sovinon_krasnoe_suhoe_14_98c670a6a1.webp,fanagoriya-101-ottenok-krasnogo-kaberne-kaberne-sovinon-krasnoe-suhoe-14
dataset/uploads_root/prod-svoe-vino-strapi/prod-svoe-vino/strapi/uploads/fanagoriya_101_ottenok_krasnogo_pino_nuar_krasnoe_suhoe_135_62be6e1c10.webp,fanagoriya-101-ottenok-krasnogo-pino-nuar-krasnoe-suhoe-135
dataset/uploads_root/prod-svoe-vino-strapi/prod-svoe-vino/strapi/uploads/fanagoriya_101_ottenok_krasnogo_saperavi_krasnoe_suhoe_14_4716c6d770.webp,fanagoriya-101-ottenok-krasnogo-saperavi-krasnoe-suhoe-14
dataset/uploads_root/prod-svoe-vino-strapi/prod-svoe-vino/strapi/uploads/fanagoriya_457e33d26e.webp,
dataset/uploads_root/prod-svoe-vino-strapi/prod-svoe-vino/strapi/uploads/fanagoriya_5_elements_bryut_beloe_pino_gri_igristoe_bryut_beloe_125_d7497bb817.webp,fanagoriya-5-elements-bryut-beloe-pino-gri-igristoe-bryut-beloe-125
dataset/uploads_root/prod-svoe-vino-strapi/prod-svoe-vino/strapi/uploads/fanagoriya_5_elements_bryut_rozovoe_saperavi_igristoe_bryut_rozovoe_125_89ce2d6975.webp,fanagoriya-5-elements-bryut-rozovoe-saperavi-igristoe-bryut-rozovoe-125
dataset/uploads_root/prod-svoe-vino-strapi/prod-svoe-vino/strapi/uploads/fanagoriya_6a17efb297.webp,
dataset/uploads_root/prod-svoe-vino-strapi/prod-svoe-vino/strapi/uploads/fanagoriya_alta_qortis_saperavi_krasnoe_suhoe_145_cd395bc533.webp,fanagoriya-alta-qortis-saperavi-krasnoe-suhoe-145
dataset/uploads_root/prod-svoe-vino-strapi/prod-svoe-vino/strapi/uploads/fanagoriya_alveus_ultra_cuvee_brut_shardone_beloe_bryut_12_b29ade1dcd.webp,fanagoriya-alveus-ultra-cuvee-brut-shardone-beloe-bryut-12
dataset/uploads_root/prod-svoe-vino-strapi/prod-svoe-vino/strapi/uploads/fanagoriya_alveus_ultra_cuvee_bryut_rozovoe_merlo_igristoe_bryut_rozovoe_12_a23595c6d7.webp,fanagoriya-alveus-ultra-cuvee-bryut-rozovoe-merlo-igristoe-bryut-rozovoe-12
dataset/uploads_root/prod-svoe-vino-strapi/prod-svoe-vino/strapi/uploads/fanagoriya_alveus_ultra_cuvee_ekstra_bryut_beloe_risling_reynskiy_12_d3eb10a98a.webp,fanagoriya-alveus-ultra-cuvee-ekstra-bryut-beloe-risling-reynskiy-12
dataset/uploads_root/prod-svoe-vino-strapi/prod-svoe-vino/strapi/uploads/fanagoriya_alveus_ultra_cuvee_ekstra_bryut_rozovoe_merlo_12_dda03da431.webp,fanagoriya-alveus-ultra-cuvee-ekstra-bryut-rozovoe-merlo-12
dataset/uploads_root/prod-svoe-vino-strapi/prod-svoe-vino/strapi/uploads/fanagoriya_blanc_de_blancs_shardone_igristoe_bryut_beloe_12_4071ae25d5.webp,fanagoriya-blanc-de-blancs-shardone-beloe-bryut-12
dataset/uploads_root/prod-svoe-vino-strapi/prod-svoe-vino/strapi/uploads/fanagoriya_blanc_de_noir_mene_extra_brut_2019_pino_nuar_beloe_ekstra_bryut_12_cf7fa4159c.webp,fanagoriya-blanc-de-noir-mene-extra-brut-2019-pino-nuar-beloe-ekstra-bryut-12
dataset/uploads_root/prod-svoe-vino-strapi/prod-svoe-vino/strapi/uploads/fanagoriya_blanc_de_noirs_mene_pino_mene_igristoe_ekstra_bryut_beloe_12_6cd37dc5ac.webp,fanagoriya-blanc-de-noirs-mene-pino-mene-beloe-ekstra-bryut-12
dataset/uploads_root/prod-svoe-vino-strapi/prod-svoe-vino/strapi/uploads/fanagoriya_brule_cabernet_franc_polusuhoe_rozovoe_kaberne_fran_12_08e20da65a.webp,fanagoriya-brule-cabernet-franc-polusuhoe-rozovoe-kaberne-fran-12
dataset/uploads_root/prod-svoe-vino-strapi/prod-svoe-vino/strapi/uploads/fanagoriya_brule_cabernet_sauvignon_polusladkoe_krasnoe_kaberne_sovinon_125_da8519f333.webp,fanagoriya-brule-cabernet-sauvignon-polusladkoe-krasnoe-kaberne-sovinon-125
dataset/uploads_root/prod-svoe-vino-strapi/prod-svoe-vino/strapi/uploads/fanagoriya_brule_cuve_brut_rozovoe_merlo_igristoe_bryut_rozovoe_12_af9727f341.webp,fanagoriya-brule-cuve-brut-rozovoe-merlo-igristoe-bryut-rozovoe-12
dataset/uploads_root/prod-svoe-vino-strapi/prod-svoe-vino/strapi/uploads/fanagoriya_brule_frizzante_brut_beloe_pino_nuar_bryut_115_b4234dae19.webp,fanagoriya-brule-frizzante-brut-beloe-pino-nuar-bryut-115
dataset/uploads_root/prod-svoe-vino-strapi/prod-svoe-vino/strapi/uploads/fanagoriya_brule_frizzante_brut_rozovoe_merlo_igristoe_bryut_rozovoe_115_84079e9350.webp,fanagoriya-brule-frizzante-brut-rozovoe-merlo-igristoe-bryut-rozovoe-115
dataset/uploads_root/prod-svoe-vino-strapi/prod-svoe-vino/strapi/uploads/fanagoriya_brule_frizzante_polusladkoe_beloe_pino_nuar_11_ddb87e2e2b.webp,fanagoriya-brule-frizzante-polusladkoe-beloe-pino-nuar-11
dataset/uploads_root/prod-svoe-vino-strapi/prod-svoe-vino/strapi/uploads/fanagoriya_brule_muscat_ottonel_brut_muskat_ottonel_beloe_polusladkoe_12_cdfd9c20be.webp,fanagoriya-brule-muscat-ottonel-brut-muskat-ottonel-beloe-polusladkoe-12
dataset/uploads_root/prod-svoe-vino-strapi/prod-svoe-vino/strapi/uploads/fanagoriya_brule_muscat_ottonel_polusladkoe_muskat_ottonel_beloe_115_833e252321.webp,fanagoriya-brule-muscat-ottonel-polusladkoe-muskat-ottonel-beloe-115
dataset/uploads_root/prod-svoe-vino-strapi/prod-svoe-vino/strapi/uploads/fanagoriya_brule_saperavi_saperavi_igristoe_sladkoe_krasnoe_bryut_125_433b942aaa.webp,fanagoriya-brule-saperavi-saperavi-igristoe-sladkoe-krasnoe-bryut-125
dataset/uploads_root/prod-svoe-vino-strapi/prod-svoe-vino/strapi/uploads/fanagoriya_brule_sauvignon_blanc_brut_sovinon_blan_beloe_bryut_12_27b65a0309.webp,fanagoriya-brule-sauvignon-blanc-brut-sovinon-blan-beloe-bryut-12
dataset/uploads_root/prod-svoe-vino-strapi/prod-svoe-vino/strapi/uploads/fanagoriya_cru_lermont_cabernet_franc_kaberne_fran_krasnoe_suhoe_13_ef61ceeb84.webp,fanagoriya-cru-lermont-cabernet-franc-kaberne-fran-krasnoe-suhoe-13
dataset/uploads_root/prod-svoe-vino-strapi/prod-svoe-vino/strapi/uploads/fanagoriya_cru_lermont_cabernet_sauvignon_kaberne_sovinon_krasnoe_suhoe_13_a5a169ea47.webp,fanagoriya-cru-lermont-cabernet-sauvignon-kaberne-sovinon-krasnoe-suhoe-13
dataset/uploads_root/prod-svoe-vino-strapi/prod-svoe-vino/strapi/uploads/fanagoriya_cru_lermont_chardonnay_shardone_beloe_suhoe_14_435c653682.webp,fanagoriya-cru-lermont-chardonnay-shardone-beloe-suhoe-14
dataset/uploads_root/prod-svoe-vino-strapi/prod-svoe-vino/strapi/uploads/fanagoriya_cru_lermont_merlo_merlo_krasnoe_suhoe_14_15ccd6560f.webp,fanagoriya-cru-lermont-merlo-merlo-krasnoe-suhoe-14
dataset/uploads_root/prod-svoe-vino-strapi/prod-svoe-vino/strapi/uploads/fanagoriya_cru_lermont_petit_verdot_pti_verdo_krasnoe_suhoe_13_83618460e6.webp,fanagoriya-cru-lermont-petit-verdot-pti-verdo-krasnoe-suhoe-13
dataset/uploads_root/prod-svoe-vino-strapi/prod-svoe-vino/strapi/uploads/fanagoriya_cru_lermont_pinot_noir_pino_nuar_krasnoe_suhoe_13_b8a0b0efab.webp,fanagoriya-cru-lermont-pinot-noir-pino-nuar-krasnoe-suhoe-13
dataset/uploads_root/prod-svoe-vino-strapi/prod-svoe-vino/strapi/uploads/fanagoriya_cru_lermont_rubinovyy_magaracha_krasnoe_suhoe_13_7011e81450.webp,fanagoriya-cru-lermont-rubinovyy-magaracha-krasnoe-suhoe-13
dataset/uploads_root/prod-svoe-vino-strapi/prod-svoe-vino/strapi/uploads/fanagoriya_cru_lermont_saperavi_saperavi_krasnoe_suhoe_135_d3b22976a5.webp,fanagoriya-cru-lermont-saperavi-saperavi-krasnoe-suhoe-135
dataset/uploads_root/prod-svoe-vino-strapi/prod-svoe-vino/strapi/uploads/fanagoriya_dekanter_chardonnay_2020_shardone_beloe_suhoe_135_b72982bc7e.webp,fanagoriya-dekanter-chardonnay-2020-shardone-beloe-suhoe-135
dataset/uploads_root/prod-svoe-vino-strapi/prod-svoe-vino/strapi/uploads/fanagoriya_dekanter_formula_q_kaberne_sovinon_krasnoe_suhoe_135_f3b19bcb8e.webp,fanagoriya-dekanter-formula-q-kaberne-sovinon-krasnoe-suhoe-135
dataset/uploads_root/prod-svoe-vino-strapi/prod-svoe-vino/strapi/uploads/fanagoriya_dekanter_kaberne_fran_2019_krasnoe_suhoe_13_0b28b4ba5d.webp,fanagoriya-dekanter-kaberne-fran-2019-krasnoe-suhoe-13
dataset/uploads_root/prod-svoe-vino-strapi/prod-svoe-vino/strapi/uploads/fanagoriya_dekanter_kaberne_sovinon_2018_krasnoe_suhoe_14_fefe5a3d2b.webp,fanagoriya-dekanter-kaberne-sovinon-2018-krasnoe-suhoe-14
dataset/uploads_root/prod-svoe-vino-strapi/prod-svoe-vino/strapi/uploads/fanagoriya_dekanter_merlo_2018_krasnoe_suhoe_14_5bd81e96ca.webp,fanagoriya-dekanter-merlo-2018-krasnoe-suhoe-14
dataset/uploads_root/prod-svoe-vino-strapi/prod-svoe-vino/strapi/uploads/fanagoriya_dekanter_pino_nuar_2020_krasnoe_suhoe_135_7e07c8dd79.webp,fanagoriya-dekanter-pino-nuar-2020-krasnoe-suhoe-135
dataset/uploads_root/prod-svoe-vino-strapi/prod-svoe-vino/strapi/uploads/fanagoriya_dekanter_riesling_2020_risling_reynskiy_beloe_suhoe_13_501205987a.webp,fanagoriya-dekanter-riesling-2020-risling-reynskiy-beloe-suhoe-13
dataset/uploads_root/prod-svoe-vino-strapi/prod-svoe-vino/strapi/uploads/fanagoriya_dekanter_rkatsiteli_2019_beloe_suhoe_135_e7a61d6050.webp,fanagoriya-dekanter-rkatsiteli-2019-beloe-suhoe-135
dataset/uploads_root/prod-svoe-vino-strapi/prod-svoe-vino/strapi/uploads/fanagoriya_dekanter_saperavi_2017_krasnoe_suhoe_135_1eb1ee94fa.webp,fanagoriya-dekanter-saperavi-2017-krasnoe-suhoe-135
dataset/uploads_root/prod-svoe-vino-strapi/prod-svoe-vino/strapi/uploads/fanagoriya_fanagoria_extra_brut_rose_2019_pino_nuar_igristoe_bryut_rozovoe_ekstra_bryut_12_aef88041a9.webp,fanagoriya-fanagoria-extra-brut-rose-2019-pino-nuar-igristoe-bryut-rozovoe-ekstra-bryut-12
dataset/uploads_root/prod-svoe-vino-strapi/prod-svoe-vino/strapi/uploads/fanagoriya_fanagoriya_blanc_de_blancs_beloe_iz_belogo_shardone_igristoe_bryut_beloe_11_13_2387906571.webp,fanagoriya-fanagoriya-blanc-de-blancs-beloe-iz-belogo-shardone-igristoe-bryut-beloe-11-13
dataset/uploads_root/prod-svoe-vino-strapi/prod-svoe-vino/strapi/uploads/fanagoriya_fanagoriya_blanc_de_noirs_beloe_iz_chyornogo_merlo_igristoe_bryut_beloe_11_13_a4d16b3226.webp,fanagoriya-fanagoriya-blanc-de-noirs-beloe-iz-chyornogo-merlo-igristoe-bryut-beloe-11-13
dataset/uploads_root/prod-svoe-vino-strapi/prod-svoe-vino/strapi/uploads/fanagoriya_fanagoriya_bryut_beloe_sovinon_blan_igristoe_bryut_beloe_11_13_3b08e056cc.webp,fanagoriya-fanagoriya-bryut-beloe-sovinon-blan-igristoe-bryut-beloe-11-13
dataset/uploads_root/prod-svoe-vino-strapi/prod-svoe-vino/strapi/uploads/fanagoriya_fanagoriya_bryut_rozovoe_sovinon_blan_igristoe_bryut_rozovoe_11_13_88695c0088.webp,fanagoriya-fanagoriya-bryut-rozovoe-sovinon-blan-igristoe-bryut-rozovoe-11-13
dataset/uploads_root/prod-svoe-vino-strapi/prod-svoe-vino/strapi/uploads/fanagoriya_fanagoriya_polusladkoe_rozovoe_sovinon_blan_krasnoe_11_13_f19a8f122b.webp,fanagoriya-fanagoriya-polusladkoe-rozovoe-sovinon-blan-krasnoe-11-13
dataset/uploads_root/prod-svoe-vino-strapi/prod-svoe-vino/strapi/uploads/fanagoriya_fanagoriya_rose_de_noirs_roze_de_nuar_merlo_igristoe_bryut_rozovoe_11_13_b3db75f16b.webp,fanagoriya-fanagoriya-rose-de-noirs-roze-de-nuar-merlo-igristoe-bryut-rozovoe-11-13
dataset/uploads_root/prod-svoe-vino-strapi/prod-svoe-vino/strapi/uploads/fanagoriya_fanagoriya_sakra_sennoy_krasnostop_krasnoe_suhoe_135_f22347e4bd.webp,fanagoriya-fanagoriya-sakra-sennoy-krasnostop-krasnoe-suhoe-135
dataset/uploads_root/prod-svoe-vino-strapi/prod-svoe-vino/strapi/uploads/fanagoriya_formula_q_kaberne_sovinon_krasnoe_suhoe_vyderzhannoe_135_9d678f8cd7.webp,fanagoriya-formula-q-kaberne-sovinon-krasnoe-suhoe-135
dataset/uploads_root/prod-svoe-vino-strapi/prod-svoe-vino/strapi/uploads/fanagoriya_formula_q_saperavi_krasnoe_suhoe_135_3ac72505f2.webp,fanagoriya-formula-q-saperavi-krasnoe-suhoe-135
dataset/uploads_root/prod-svoe-vino-strapi/prod-svoe-vino/strapi/uploads/fanagoriya_ice_wine_kaberne_kaberne_sovinon_krasnoe_sladkoe_11_d0c08332e8.webp,fanagoriya-ice-wine-kaberne-kaberne-sovinon-krasnoe-sladkoe-11
dataset/uploads_root/prod-svoe-vino-strapi/prod-svoe-vino/strapi/uploads/fanagoriya_ice_wine_merlo_rozovoe_sladkoe_10_f04efb1e6f.webp,fanagoriya-ice-wine-merlo-rozovoe-sladkoe-10
dataset/uploads_root/prod-svoe-vino-strapi/prod-svoe-vino/strapi/uploads/fanagoriya_ice_wine_risling_tihoe_beloe_sladkoe_10_fd6aaba610.webp,fanagoriya-ice-wine-risling-tihoe-beloe-sladkoe-10
dataset/uploads_root/prod-svoe-vino-strapi/prod-svoe-vino/strapi/uploads/fanagoriya_ice_wine_saperavi_tihoe_krasnoe_sladkoe_10_9c41c0131c.webp,fanagoriya-ice-wine-saperavi-tihoe-krasnoe-sladkoe-10
dataset/uploads_root/prod-svoe-vino-strapi/prod-svoe-vino/strapi/uploads/fanagoriya_ledyanoe_vino_muskat_muskat_ottonel_beloe_sladkoe_11_b8c2ae7315.webp,fanagoriya-ledyanoe-vino-muskat-muskat-ottonel-beloe-sladkoe-11
dataset/uploads_root/prod-svoe-vino-strapi/prod-svoe-vino/strapi/uploads/fanagoriya_no_bg_preview_60cfeac2f4.webp,
dataset/uploads_root/prod-svoe-vino-strapi/prod-svoe-vino/strapi/uploads/fanagoriya_par_amour_pervenets_magaracha_beloe_polusladkoe_105_125_937ddaffd1.webp,fanagoriya-par-amour-pervenets-magaracha-beloe-polusladkoe-105-125
dataset/uploads_root/prod-svoe-vino-strapi/prod-svoe-vino/strapi/uploads/fanagoriya_par_amour_pervenets_magaracha_beloe_polusuhoe_105_125_6db75a4f18.webp,fanagoriya-par-amour-pervenets-magaracha-beloe-polusuhoe-105-125
dataset/uploads_root/prod-svoe-vino-strapi/prod-svoe-vino/strapi/uploads/fanagoriya_par_amour_pervenets_magaracha_rozovoe_polusuhoe_105_125_861e969490.webp,fanagoriya-par-amour-pervenets-magaracha-rozovoe-polusuhoe-105-125
dataset/uploads_root/prod-svoe-vino-strapi/prod-svoe-vino/strapi/uploads/fanagoriya_par_amour_rubin_golodrigi_krasnoe_polusladkoe_105_125_7e0aec2668.webp,fanagoriya-par-amour-rubin-golodrigi-krasnoe-polusladkoe-105-125
dataset/uploads_root/prod-svoe-vino-strapi/prod-svoe-vino/strapi/uploads/fanagoriya_pelle_calda_saperavi_krasnoe_suhoe_155_9c9a89ab23.webp,fanagoriya-pelle-calda-saperavi-krasnoe-suhoe-155
dataset/uploads_root/prod-svoe-vino-strapi/prod-svoe-vino/strapi/uploads/fanagoriya_primum_alveus_blanc_de_blancs_2017_shardone_igristoe_bryut_beloe_12_1cb2145fb9.webp,fanagoriya-primum-alveus-blanc-de-blancs-2017-shardone-igristoe-bryut-beloe-12
dataset/uploads_root/prod-svoe-vino-strapi/prod-svoe-vino/strapi/uploads/fanagoriya_primum_alveus_blanc_de_blancs_ekstra_bryut_2019_shardone_beloe_11_13_8a2416fff5.webp,fanagoriya-primum-alveus-blanc-de-blancs-ekstra-bryut-2019-shardone-beloe-11-13
dataset/uploads_root/prod-svoe-vino-strapi/prod-svoe-vino/strapi/uploads/fanagoriya_primum_alveus_blanc_de_noirs_meunier_ekstra_bryut_2019_mene_beloe_11_13_5e42a8faca.webp,fanagoriya-primum-alveus-blanc-de-noirs-meunier-ekstra-bryut-2019-mene-beloe-11-13
dataset/uploads_root/prod-svoe-vino-strapi/prod-svoe-vino/strapi/uploads/fanagoriya_primum_alveus_brut_2014_shardone_igristoe_bryut_beloe_12_9cc32014b2.webp,fanagoriya-primum-alveus-brut-2014-shardone-igristoe-bryut-beloe-12
dataset/uploads_root/prod-svoe-vino-strapi/prod-svoe-vino/strapi/uploads/fanagoriya_primum_alveus_brut_2016_shardone_igristoe_bryut_beloe_12_003b2ef29a.webp,fanagoriya-primum-alveus-brut-2016-shardone-igristoe-bryut-beloe-12
dataset/uploads_root/prod-svoe-vino-strapi/prod-svoe-vino/strapi/uploads/fanagoriya_primum_alveus_brut_2017_shardone_igristoe_bryut_beloe_12_40dd626204.webp,fanagoriya-primum-alveus-brut-2017-shardone-igristoe-bryut-beloe-12
dataset/uploads_root/prod-svoe-vino-strapi/prod-svoe-vino/strapi/uploads/fanagoriya_primum_alveus_brut_2021_shardone_beloe_bryut_11_13_0f4e9e5d49.webp,fanagoriya-primum-alveus-brut-2021-shardone-beloe-bryut-11-13
dataset/uploads_root/prod-svoe-vino-strapi/prod-svoe-vino/strapi/uploads/fanagoriya_primum_alveus_bryut_2019_pino_nuar_igristoe_bryut_rozovoe_11_13_85e68acaf3.webp,fanagoriya-primum-alveus-bryut-2019-pino-nuar-igristoe-bryut-rozovoe-11-13
dataset/uploads_root/prod-svoe-vino-strapi/prod-svoe-vino/strapi/uploads/fanagoriya_primum_alveus_ekstra_bryut_2017_pino_nuar_beloe_11_13_278cb95a09.webp,fanagoriya-primum-alveus-ekstra-bryut-2017-pino-nuar-beloe-11-13
dataset/uploads_root/prod-svoe-vino-strapi/prod-svoe-vino/strapi/uploads/fanagoriya_primum_alveus_extra_brut_2014_pino_nuar_beloe_bryut_12_06194497ba.webp,fanagoriya-primum-alveus-extra-brut-2014-pino-nuar-beloe-bryut-12
dataset/uploads_root/prod-svoe-vino-strapi/prod-svoe-vino/strapi/uploads/fanagoriya_primum_alveus_extra_brut_2016_shardone_beloe_bryut_12_b865355639.webp,fanagoriya-primum-alveus-extra-brut-2016-shardone-beloe-bryut-12
dataset/uploads_root/prod-svoe-vino-strapi/prod-svoe-vino/strapi/uploads/fanagoriya_primum_alveus_extra_brut_rose_2014_pino_nuar_rozovoe_bryut_12_05917c9a77.webp,fanagoriya-primum-alveus-extra-brut-rose-2014-pino-nuar-rozovoe-bryut-12
dataset/uploads_root/prod-svoe-vino-strapi/prod-svoe-vino/strapi/uploads/fanagoriya_q_blanc_sovinon_blan_beloe_suhoe_14_0f9d610da3.webp,fanagoriya-q-blanc-sovinon-blan-beloe-suhoe-14
dataset/uploads_root/prod-svoe-vino-strapi/prod-svoe-vino/strapi/uploads/fanagoriya_q_bordeaux_blend_kaberne_sovinon_krasnoe_suhoe_135_ab9142098e.webp,fanagoriya-q-bordeaux-blend-kaberne-sovinon-krasnoe-suhoe-135
dataset/uploads_root/prod-svoe-vino-strapi/prod-svoe-vino/strapi/uploads/fanagoriya_rose_kaberne_fran_rozovoe_suhoe_13_516a037cf7.webp,fanagoriya-rose-kaberne-fran-rozovoe-suhoe-13
dataset/uploads_root/prod-svoe-vino-strapi/prod-svoe-vino/strapi/uploads/fanagoriya_rose_kaberne_sovinon_rozovoe_polusuhoe_13_93945d7963.webp,fanagoriya-rose-kaberne-sovinon-rozovoe-polusuhoe-13
dataset/uploads_root/prod-svoe-vino-strapi/prod-svoe-vino/strapi/uploads/fanagoriya_rose_saperavi_rozovoe_polusuhoe_125_79cbdac8e3.webp,fanagoriya-rose-saperavi-rozovoe-polusuhoe-125
dataset/uploads_root/prod-svoe-vino-strapi/prod-svoe-vino/strapi/uploads/fanagoriya_rs_noir_saperavi_krasnoe_polusladkoe_125_9b8002f11a.webp,fanagoriya-rs-noir-saperavi-krasnoe-polusladkoe-125
dataset/uploads_root/prod-svoe-vino-strapi/prod-svoe-vino/strapi/uploads/fanagoriya_saqra_saperavi_krasnoe_suhoe_vyderzhannoe_135_2bf601b1e4.webp,fanagoriya-saqra-saperavi-krasnoe-suhoe-135
dataset/uploads_root/prod-svoe-vino-strapi/prod-svoe-vino/strapi/uploads/fanagoriya_solera_moscatel_oro_muskat_ottonel_beloe_suhoe_16_9b53f1b676.webp,fanagoriya-solera-moscatel-oro-muskat-ottonel-beloe-suhoe-16
dataset/uploads_root/prod-svoe-vino-strapi/prod-svoe-vino/strapi/uploads/fanagoriya_solera_porto_negro_saperavi_krasnoe_suhoe_15_da8532cb52.webp,fanagoriya-solera-porto-negro-saperavi-krasnoe-suhoe-15
dataset/uploads_root/prod-svoe-vino-strapi/prod-svoe-vino/strapi/uploads/fanagoriya_solera_rkatsiteli_ambra_rkatsiteli_beloe_suhoe_15_e7d1b39f59.webp,fanagoriya-solera-rkatsiteli-ambra-rkatsiteli-beloe-suhoe-15
dataset/uploads_root/prod-svoe-vino-strapi/prod-svoe-vino/strapi/uploads/fanagoriya_solera_saperavi_ruby_saperavi_krasnoe_suhoe_16_12e48bf206.webp,fanagoriya-solera-saperavi-ruby-saperavi-krasnoe-suhoe-16
dataset/uploads_root/prod-svoe-vino-strapi/prod-svoe-vino/strapi/uploads/fanagoriya_sur_lie_chardonnay_shardone_beloe_suhoe_135_03450c562d.webp,fanagoriya-sur-lie-chardonnay-shardone-beloe-suhoe-135
dataset/uploads_root/prod-svoe-vino-strapi/prod-svoe-vino/strapi/uploads/fanagoriya_sur_lie_clairet_saperavi_krasnoe_suhoe_13_793f3ddcad.webp,fanagoriya-sur-lie-clairet-saperavi-krasnoe-suhoe-13
dataset/uploads_root/prod-svoe-vino-strapi/prod-svoe-vino/strapi/uploads/fanagoriya_sur_lie_vi_vi_aligote_beloe_suhoe_125_389d32e07e.webp,fanagoriya-sur-lie-vi-vi-aligote-beloe-suhoe-125
dataset/uploads_root/prod-svoe-vino-strapi/prod-svoe-vino/strapi/uploads/fanagoriya_tochka_saperavi_krasnoe_suhoe_14_85b003f862.webp,fanagoriya-tochka-saperavi-krasnoe-suhoe-14
dataset/uploads_root/prod-svoe-vino-strapi/prod-svoe-vino/strapi/uploads/fanagoriya_velvet_season_muskat_ottonel_beloe_sladkoe_13_737d19601c.webp,fanagoriya-velvet-season-muskat-ottonel-beloe-sladkoe-13
dataset/uploads_root/prod-svoe-vino-strapi/prod-svoe-vino/strapi/uploads/fanagoriya_velvet_season_risling_beloe_sladkoe_12_3dae247160.webp,fanagoriya-velvet-season-risling-beloe-sladkoe-12
dataset/uploads_root/prod-svoe-vino-strapi/prod-svoe-vino/strapi/uploads/fanagoriya_zelyonoe_vino_risling_tsitronnyy_magaracha_beloe_polusuhoe_11_e4de13ab6b.webp,fanagoriya-zelyonoe-vino-risling-tsitronnyy-magaracha-beloe-polusuhoe-11
dataset/uploads_root/prod-svoe-vino-strapi/prod-svoe-vino/strapi/uploads/fanagoriya_zelyonoe_vino_risling_tsitronnyy_magaracha_merlo_rozovoe_polusuhoe_11_b750443919.webp,fanagoriya-zelyonoe-vino-risling-tsitronnyy-magaracha-merlo-rozovoe-polusuhoe-11
dataset/uploads_root/prod-svoe-vino-strapi/prod-svoe-vino/strapi/uploads/fastfood_9fbdc9215b.webp,
dataset/uploads_root/prod-svoe-vino-strapi/prod-svoe-vino/strapi/uploads/fastfood_c971486b40.png,
dataset/uploads_root/prod-svoe-vino-strapi/prod-svoe-vino/strapi/uploads/fcc2j503mqoiu1sln0hpe5p1gr1whlxt_6ed24c11a2.webp,
dataset/uploads_root/prod-svoe-vino-strapi/prod-svoe-vino/strapi/uploads/fd37bf97_74cb_4c77_bc72_d0c02f9ca353_111a29ec8c_e9f37d910e.webp,
dataset/uploads_root/prod-svoe-vino-strapi/prod-svoe-vino/strapi/uploads/feedback_acd01d2189.webp,
dataset/uploads_root/prod-svoe-vino-strapi/prod-svoe-vino/strapi/uploads/feedback_fd7b4b71b8.webp,
dataset/uploads_root/prod-svoe-vino-strapi/prod-svoe-vino/strapi/uploads/feijoa_1ec44fa57f.webp,
dataset/uploads_root/prod-svoe-vino-strapi/prod-svoe-vino/strapi/uploads/ferrum_winery_apollinary_merlo_krasnoe_suhoe_13_335c7ed476.webp,ferrum-winery-apollinary-merlo-krasnoe-suhoe-13
dataset/uploads_root/prod-svoe-vino-strapi/prod-svoe-vino/strapi/uploads/ferrum_winery_kaberne_fran_krasnoe_suhoe_12_9890e1cced.webp,ferrum-winery-kaberne-fran-krasnoe-suhoe-12
dataset/uploads_root/prod-svoe-vino-strapi/prod-svoe-vino/strapi/uploads/ferrum_winery_merlot_merlo_krasnoe_suhoe_13_bb60771e4b.webp,ferrum-winery-merlot-merlo-krasnoe-suhoe-13
dataset/uploads_root/prod-svoe-vino-strapi/prod-svoe-vino/strapi/uploads/ferrum_winery_pinot_noir_pino_nuar_rozovoe_suhoe_13_a5380de052.webp,ferrum-winery-pinot-noir-pino-nuar-rozovoe-suhoe-13
dataset/uploads_root/prod-svoe-vino-strapi/prod-svoe-vino/strapi/uploads/ferrum_winery_riesling_risling_reynskiy_beloe_suhoe_11_9421a33d82.webp,ferrum-winery-riesling-risling-reynskiy-beloe-suhoe-11
dataset/uploads_root/prod-svoe-vino-strapi/prod-svoe-vino/strapi/uploads/ferrum_winery_sabernet_sauvignon_cabernet_franc_kaberne_sovinon_krasnoe_suhoe_12_89900c9039.webp,ferrum-winery-sabernet-sauvignon-cabernet-franc-kaberne-sovinon-krasnoe-suhoe-12
dataset/uploads_root/prod-svoe-vino-strapi/prod-svoe-vino/strapi/uploads/ferrum_winery_sabernet_sauvignon_kaberne_sovinon_krasnoe_suhoe_14_462b926187.webp,ferrum-winery-sabernet-sauvignon-kaberne-sovinon-krasnoe-suhoe-14
dataset/uploads_root/prod-svoe-vino-strapi/prod-svoe-vino/strapi/uploads/ferrum_winery_saperavi_saperavi_krasnoe_suhoe_12_38db68708e.webp,ferrum-winery-saperavi-saperavi-krasnoe-suhoe-12
dataset/uploads_root/prod-svoe-vino-strapi/prod-svoe-vino/strapi/uploads/ferrum_winery_sovinon_blan_blush_beloe_suhoe_104_f62ecc27db.webp,ferrum-winery-sovinon-blan-blush-beloe-suhoe-104
dataset/uploads_root/prod-svoe-vino-strapi/prod-svoe-vino/strapi/uploads/fish_haus_dfbe7a8770.webp,
dataset/uploads_root/prod-svoe-vino-strapi/prod-svoe-vino/strapi/uploads/flyute_dd3c3a1e2c.webp,
dataset/uploads_root/prod-svoe-vino-strapi/prod-svoe-vino/strapi/uploads/foto_AVVR_4426b787c9.webp,
dataset/uploads_root/prod-svoe-vino-strapi/prod-svoe-vino/strapi/uploads/foto_V2_R_84b035309f.webp,
dataset/uploads_root/prod-svoe-vino-strapi/prod-svoe-vino/strapi/uploads/foto_Vinisazh_1000b078b2.webp,
dataset/uploads_root/prod-svoe-vino-strapi/prod-svoe-vino/strapi/uploads/foto_Vinisazh_1277ac02d8.webp,
dataset/uploads_root/prod-svoe-vino-strapi/prod-svoe-vino/strapi/uploads/foto_press_sluzhba_Alma_Velley_Art_Rezerv_Staraya_Novaya_moskva3_1781416aaf.webp,
dataset/uploads_root/prod-svoe-vino-strapi/prod-svoe-vino/strapi/uploads/foto_soczseti_Roskachestvo_Vinnyj_gid_Rossii_790e9f59a1.webp,
dataset/uploads_root/prod-svoe-vino-strapi/prod-svoe-vino/strapi/uploads/foto_soczseti_vinodelni_Sugdeya_winery_6fc97b314e.webp,
dataset/uploads_root/prod-svoe-vino-strapi/prod-svoe-vino/strapi/uploads/foto_vinodelnya_Esse_dlya_In_vino_veritas_8a58f469c1.webp,
dataset/uploads_root/prod-svoe-vino-strapi/prod-svoe-vino/strapi/uploads/foto_vinodelnya_Krinicza_81392f3de0.webp,
dataset/uploads_root/prod-svoe-vino-strapi/prod-svoe-vino/strapi/uploads/foto_vinodelnya_Temerinda_3a80b44891.webp,
dataset/uploads_root/prod-svoe-vino-strapi/prod-svoe-vino/strapi/uploads/foto_vinodelnya_Vina_Arpachina_222a7eec9b.webp,
dataset/uploads_root/prod-svoe-vino-strapi/prod-svoe-vino/strapi/uploads/foto_vinodelnya_Vina_Arpachina_23b6e6fb54.webp,
dataset/uploads_root/prod-svoe-vino-strapi/prod-svoe-vino/strapi/uploads/fotor_2026_04_30_13_16_03_1cd348b68c.webp,
dataset/uploads_root/prod-svoe-vino-strapi/prod-svoe-vino/strapi/uploads/fotor_2026_05_05_15_58_03_d24194c146.webp,
dataset/uploads_root/prod-svoe-vino-strapi/prod-svoe-vino/strapi/uploads/fotor_2026_05_07_14_23_45_589028b517.webp,
dataset/uploads_root/prod-svoe-vino-strapi/prod-svoe-vino/strapi/uploads/fotor_2026_05_07_14_23_45_618bb4fe5f.webp,
dataset/uploads_root/prod-svoe-vino-strapi/prod-svoe-vino/strapi/uploads/fotor_2026_05_09_11_56_56_db9684b283.webp,
dataset/uploads_root/prod-svoe-vino-strapi/prod-svoe-vino/strapi/uploads/fotor_ai_2025111011530_9f06ca9b8c.jpg,
dataset/uploads_root/prod-svoe-vino-strapi/prod-svoe-vino/strapi/uploads/fp_ZE_Jh_YZ_Pst_BYLV_1775199670_92154c67f4.webp,agora-rosa-viva-cabernet-franc
dataset/uploads_root/prod-svoe-vino-strapi/prod-svoe-vino/strapi/uploads/fr_ii_388dfbdf5b.webp,
dataset/uploads_root/prod-svoe-vino-strapi/prod-svoe-vino/strapi/uploads/front_3ed61d9f85.webp,
dataset/uploads_root/prod-svoe-vino-strapi/prod-svoe-vino/strapi/uploads/front_d4383b80c6.webp,
dataset/uploads_root/prod-svoe-vino-strapi/prod-svoe-vino/strapi/uploads/front_view_bottle_wine_red_wine_with_golden_cap_along_with_berries_green_leaves_background_alcohol_winery_140725_15877_c8fd3fb8f3.jpg,
dataset/uploads_root/prod-svoe-vino-strapi/prod-svoe-vino/strapi/uploads/frukty_475d36fefd.png,
dataset/uploads_root/prod-svoe-vino-strapi/prod-svoe-vino/strapi/uploads/frukty_545dae1854.webp,
dataset/uploads_root/prod-svoe-vino-strapi/prod-svoe-vino/strapi/uploads/fyuzl51oqp9d7i9pryx2l5sriyo2zk8e_53994e891e.webp,
dataset/uploads_root/prod-svoe-vino-strapi/prod-svoe-vino/strapi/uploads/fyuzl51oqp9d7i9pryx2l5sriyo2zk8e_5b61d0d6cf.webp,
dataset/uploads_root/prod-svoe-vino-strapi/prod-svoe-vino/strapi/uploads/gaj_kodzor_90022b0423.webp,
dataset/uploads_root/prod-svoe-vino-strapi/prod-svoe-vino/strapi/uploads/galiczkij_ae17a08e8a.webp,
dataset/uploads_root/prod-svoe-vino-strapi/prod-svoe-vino/strapi/uploads/gallery_roe_deer_144_Jb_j_C_Oa_C_7a4db33516.webp,
dataset/uploads_root/prod-svoe-vino-strapi/prod-svoe-vino/strapi/uploads/gavras_areni_krasnoe_suhoe_13_52b40d0436.webp,gavras-areni-krasnoe-suhoe-13
dataset/uploads_root/prod-svoe-vino-strapi/prod-svoe-vino/strapi/uploads/gavras_chardonnay_shardone_beloe_suhoe_13_c69d79ea2c.webp,gavras-chardonnay-shardone-beloe-suhoe-13
dataset/uploads_root/prod-svoe-vino-strapi/prod-svoe-vino/strapi/uploads/gavras_levokumskiy_krasnoe_suhoe_12_48b24ef5e2.webp,gavras-levokumskiy-krasnoe-suhoe-12
dataset/uploads_root/prod-svoe-vino-strapi/prod-svoe-vino/strapi/uploads/gavras_masour_murvedr_rozovoe_suhoe_12_9a98bd2fb0.webp,gavras-masour-murvedr-rozovoe-suhoe-12
dataset/uploads_root/prod-svoe-vino-strapi/prod-svoe-vino/strapi/uploads/gavras_sira_krasnoe_suhoe_135_2d49e01dbe.webp,gavras-sira-krasnoe-suhoe-135
dataset/uploads_root/prod-svoe-vino-strapi/prod-svoe-vino/strapi/uploads/gd1ksw8s3c9shy3ow5kg3yocl65uwd5k_91692efdfb.webp,
dataset/uploads_root/prod-svoe-vino-strapi/prod-svoe-vino/strapi/uploads/gemini_3_pro_image_preview_2k_a_butylka_s_belym_vino_6a5f2f98df.webp,
dataset/uploads_root/prod-svoe-vino-strapi/prod-svoe-vino/strapi/uploads/generated_image_1_25edee0db0.webp,
dataset/uploads_root/prod-svoe-vino-strapi/prod-svoe-vino/strapi/uploads/generated_image_20251209190436_2fe1ce68b3.webp,
dataset/uploads_root/prod-svoe-vino-strapi/prod-svoe-vino/strapi/uploads/generated_image_20251209193701_ac8be9b567.webp,
dataset/uploads_root/prod-svoe-vino-strapi/prod-svoe-vino/strapi/uploads/generated_image_20251216195403_917e1a44f4.webp,
dataset/uploads_root/prod-svoe-vino-strapi/prod-svoe-vino/strapi/uploads/generated_image_20251216205210_4943766b41.webp,
dataset/uploads_root/prod-svoe-vino-strapi/prod-svoe-vino/strapi/uploads/generated_image_20251217091249_2c11595431.webp,
dataset/uploads_root/prod-svoe-vino-strapi/prod-svoe-vino/strapi/uploads/generated_image_20251223185925_14d9858439.webp,
dataset/uploads_root/prod-svoe-vino-strapi/prod-svoe-vino/strapi/uploads/generated_image_20251223191450_dcfa9886cd.webp,
dataset/uploads_root/prod-svoe-vino-strapi/prod-svoe-vino/strapi/uploads/generated_image_20251226085544_53c9f47acf.webp,
dataset/uploads_root/prod-svoe-vino-strapi/prod-svoe-vino/strapi/uploads/generated_image_20251226202440_0bbc3cbe25.webp,
dataset/uploads_root/prod-svoe-vino-strapi/prod-svoe-vino/strapi/uploads/generated_image_20251226205220_f27eaeb398.webp,
dataset/uploads_root/prod-svoe-vino-strapi/prod-svoe-vino/strapi/uploads/generated_image_20251226210539_d279df5f7d.webp,
dataset/uploads_root/prod-svoe-vino-strapi/prod-svoe-vino/strapi/uploads/generated_image_20251226210833_41931a12f5.webp,
dataset/uploads_root/prod-svoe-vino-strapi/prod-svoe-vino/strapi/uploads/generated_image_20251226211033_307eb7babb.webp,
dataset/uploads_root/prod-svoe-vino-strapi/prod-svoe-vino/strapi/uploads/generated_image_20251226211240_269533a952.webp,
dataset/uploads_root/prod-svoe-vino-strapi/prod-svoe-vino/strapi/uploads/generated_image_20251226211240_eab27cd970.webp,
dataset/uploads_root/prod-svoe-vino-strapi/prod-svoe-vino/strapi/uploads/generated_image_20251226212153_228c835a42.webp,
dataset/uploads_root/prod-svoe-vino-strapi/prod-svoe-vino/strapi/uploads/generated_image_20251226212153_7df778a535.webp,
dataset/uploads_root/prod-svoe-vino-strapi/prod-svoe-vino/strapi/uploads/generated_image_20251226212449_92a870718f.webp,
dataset/uploads_root/prod-svoe-vino-strapi/prod-svoe-vino/strapi/uploads/generated_image_20251226212449_b2f20d84d6.webp,
dataset/uploads_root/prod-svoe-vino-strapi/prod-svoe-vino/strapi/uploads/generated_image_20251226212626_335a86562e.webp,
dataset/uploads_root/prod-svoe-vino-strapi/prod-svoe-vino/strapi/uploads/generated_image_20251226212626_a4e1656a5a.webp,
dataset/uploads_root/prod-svoe-vino-strapi/prod-svoe-vino/strapi/uploads/generated_image_20260219145422_e1203e6b0e.webp,
dataset/uploads_root/prod-svoe-vino-strapi/prod-svoe-vino/strapi/uploads/generated_image_20260219154618_1798f6e24f.webp,
dataset/uploads_root/prod-svoe-vino-strapi/prod-svoe-vino/strapi/uploads/generated_image_20260219154928_86160ea804.webp,
dataset/uploads_root/prod-svoe-vino-strapi/prod-svoe-vino/strapi/uploads/generated_image_20260219155324_67955b3656.webp,
dataset/uploads_root/prod-svoe-vino-strapi/prod-svoe-vino/strapi/uploads/generated_image_20260219155615_d595e111ed.webp,
dataset/uploads_root/prod-svoe-vino-strapi/prod-svoe-vino/strapi/uploads/generated_image_20260219163444_603d57b4b7.webp,
dataset/uploads_root/prod-svoe-vino-strapi/prod-svoe-vino/strapi/uploads/generated_image_20260219181611_bb176fdd51.webp,
dataset/uploads_root/prod-svoe-vino-strapi/prod-svoe-vino/strapi/uploads/generated_image_20260219183018_a47abdd80f.webp,
dataset/uploads_root/prod-svoe-vino-strapi/prod-svoe-vino/strapi/uploads/generated_image_20260219191703_120354970d.webp,
dataset/uploads_root/prod-svoe-vino-strapi/prod-svoe-vino/strapi/uploads/generated_image_20260220093712_4d4964f685.webp,
dataset/uploads_root/prod-svoe-vino-strapi/prod-svoe-vino/strapi/uploads/generated_image_20260220095218_9c112d8754.webp,
dataset/uploads_root/prod-svoe-vino-strapi/prod-svoe-vino/strapi/uploads/generated_image_20260224102206_38061fa273.webp,
dataset/uploads_root/prod-svoe-vino-strapi/prod-svoe-vino/strapi/uploads/generated_image_20260224115746_63bb36baeb.webp,
dataset/uploads_root/prod-svoe-vino-strapi/prod-svoe-vino/strapi/uploads/generated_image_20260225133155_d4a6ac1d37.webp,
dataset/uploads_root/prod-svoe-vino-strapi/prod-svoe-vino/strapi/uploads/generated_image_20260225133349_2326cd2e39.webp,
dataset/uploads_root/prod-svoe-vino-strapi/prod-svoe-vino/strapi/uploads/generated_image_20260225133513_82c881fac7.webp,
dataset/uploads_root/prod-svoe-vino-strapi/prod-svoe-vino/strapi/uploads/generated_image_20260225134024_2a9ce6c260.webp,
dataset/uploads_root/prod-svoe-vino-strapi/prod-svoe-vino/strapi/uploads/generated_image_20260225134313_ffd1bd7496.webp,
dataset/uploads_root/prod-svoe-vino-strapi/prod-svoe-vino/strapi/uploads/generated_image_20260225134606_7f271a08ff.webp,
dataset/uploads_root/prod-svoe-vino-strapi/prod-svoe-vino/strapi/uploads/generated_image_237841857f.webp,
dataset/uploads_root/prod-svoe-vino-strapi/prod-svoe-vino/strapi/uploads/generated_image_2_d7c66479cf.webp,
dataset/uploads_root/prod-svoe-vino-strapi/prod-svoe-vino/strapi/uploads/generated_image_31161c2c27.webp,
dataset/uploads_root/prod-svoe-vino-strapi/prod-svoe-vino/strapi/uploads/generated_image_6cf2d68272.webp,
dataset/uploads_root/prod-svoe-vino-strapi/prod-svoe-vino/strapi/uploads/glad_21a055ae8a.webp,
dataset/uploads_root/prod-svoe-vino-strapi/prod-svoe-vino/strapi/uploads/glad_389d681e1f.webp,
dataset/uploads_root/prod-svoe-vino-strapi/prod-svoe-vino/strapi/uploads/glass_glamour_208001a84f.jpg,
dataset/uploads_root/prod-svoe-vino-strapi/prod-svoe-vino/strapi/uploads/glass_glamour_51c30a05aa.jpg,
dataset/uploads_root/prod-svoe-vino-strapi/prod-svoe-vino/strapi/uploads/glass_glamour_54eed1904f.jpg,
dataset/uploads_root/prod-svoe-vino-strapi/prod-svoe-vino/strapi/uploads/glass_glamour_c8119c29d3.jpg,
dataset/uploads_root/prod-svoe-vino-strapi/prod-svoe-vino/strapi/uploads/glavvino2_95eaab9520.webp,
dataset/uploads_root/prod-svoe-vino-strapi/prod-svoe-vino/strapi/uploads/gleg_adfd736865.webp,
dataset/uploads_root/prod-svoe-vino-strapi/prod-svoe-vino/strapi/uploads/glinyanye_bochki_6e8e92b72a.webp,
dataset/uploads_root/prod-svoe-vino-strapi/prod-svoe-vino/strapi/uploads/glu_glu_mouse_3ef17a8f95.webp,glu-glu-mr-mouse-2022
dataset/uploads_root/prod-svoe-vino-strapi/prod-svoe-vino/strapi/uploads/golodriga1_03bed477b2_a3dfbf3ab7.webp,
dataset/uploads_root/prod-svoe-vino-strapi/prod-svoe-vino/strapi/uploads/golodriga2_07ba40d7ae_196bf9bc8a.webp,
dataset/uploads_root/prod-svoe-vino-strapi/prod-svoe-vino/strapi/uploads/golodriga_73b2467a79_fa657bd269.webp,
dataset/uploads_root/prod-svoe-vino-strapi/prod-svoe-vino/strapi/uploads/golubicz_91b020fd51.webp,
dataset/uploads_root/prod-svoe-vino-strapi/prod-svoe-vino/strapi/uploads/golubitskoe_estate_kaberne_sovinon_krasnoe_suhoe_137_b1ceb967fd.webp,golubitskoe-estate-kaberne-sovinon-krasnoe-suhoe-137
dataset/uploads_root/prod-svoe-vino-strapi/prod-svoe-vino/strapi/uploads/golubitskoe_estate_kaberne_sovinon_noble_selection_krasnoe_suhoe_133_f0984d4c21.webp,golubitskoe-estate-kaberne-sovinon-noble-selection-krasnoe-suhoe-133
dataset/uploads_root/prod-svoe-vino-strapi/prod-svoe-vino/strapi/uploads/golubitskoe_estate_kaberne_sovinon_rezerv_krasnoe_suhoe_125_9afdb2e885.webp,golubitskoe-estate-kaberne-sovinon-rezerv-krasnoe-suhoe-125
dataset/uploads_root/prod-svoe-vino-strapi/prod-svoe-vino/strapi/uploads/golubitskoe_estate_merlo_krasnoe_suhoe_135_4cc0abb46d.webp,golubitskoe-estate-merlo-krasnoe-suhoe-135
dataset/uploads_root/prod-svoe-vino-strapi/prod-svoe-vino/strapi/uploads/golubitskoe_estate_merlo_rezerv_krasnoe_suhoe_135_2a7849699b.webp,golubitskoe-estate-merlo-rezerv-krasnoe-suhoe-135
dataset/uploads_root/prod-svoe-vino-strapi/prod-svoe-vino/strapi/uploads/golubitskoe_estate_noble_selection_red_blend_kaberne_sovinon_krasnoe_suhoe_136_37a3acdce0.webp,golubitskoe-estate-noble-selection-red-blend-kaberne-sovinon-krasnoe-suhoe-136
dataset/uploads_root/prod-svoe-vino-strapi/prod-svoe-vino/strapi/uploads/golubitskoe_estate_noble_selection_white_blend_shardone_beloe_suhoe_135_3e16d234be.webp,golubitskoe-estate-noble-selection-white-blend-shardone-beloe-suhoe-135
dataset/uploads_root/prod-svoe-vino-strapi/prod-svoe-vino/strapi/uploads/golubitskoe_estate_petnat_white_risling_reynskiy_petnat_suhoy_belyy_115_e6d0ac50f9.webp,golubitskoe-estate-petnat-white-risling-reynskiy-beloe-suhoe-115
dataset/uploads_root/prod-svoe-vino-strapi/prod-svoe-vino/strapi/uploads/golubitskoe_estate_pino_nuar_rezerv_krasnoe_suhoe_132_d93b15131f.webp,golubitskoe-estate-pino-nuar-rezerv-krasnoe-suhoe-132
dataset/uploads_root/prod-svoe-vino-strapi/prod-svoe-vino/strapi/uploads/golubitskoe_estate_red_blend_kaberne_sovinon_krasnoe_suhoe_136_29c2847d36.webp,golubitskoe-estate-red-blend-kaberne-sovinon-krasnoe-suhoe-136
dataset/uploads_root/prod-svoe-vino-strapi/prod-svoe-vino/strapi/uploads/golubitskoe_estate_risling_beloe_suhoe_125_f232e3bdcb.webp,golubitskoe-estate-risling-beloe-suhoe-125
dataset/uploads_root/prod-svoe-vino-strapi/prod-svoe-vino/strapi/uploads/golubitskoe_estate_risling_oranzh_risling_reynskiy_oranzhevoe_suhoe_13_f1f3796561.webp,golubitskoe-estate-risling-oranzh-risling-reynskiy-oranzhevoe-suhoe-13
dataset/uploads_root/prod-svoe-vino-strapi/prod-svoe-vino/strapi/uploads/golubitskoe_estate_shardone_noble_selection_barrel_touch_beloe_suhoe_135_306499740f.webp,golubitskoe-estate-shardone-noble-selection-barrel-touch-beloe-suhoe-135
dataset/uploads_root/prod-svoe-vino-strapi/prod-svoe-vino/strapi/uploads/golubitskoe_estate_shardone_rezerv_beloe_suhoe_135_3694507d1e.webp,golubitskoe-estate-shardone-rezerv-beloe-suhoe-135
dataset/uploads_root/prod-svoe-vino-strapi/prod-svoe-vino/strapi/uploads/golubitskoe_estate_sovinon_blan_beloe_suhoe_11_7236a859ce.webp,golubitskoe-estate-sovinon-blan-beloe-suhoe-11
dataset/uploads_root/prod-svoe-vino-strapi/prod-svoe-vino/strapi/uploads/golubitskoe_estate_tte_de_cheval_blanc_de_blancs_shardone_igristoe_bryut_beloe_12_3e39593da4.webp,golubitskoe-estate-tte-de-cheval-blanc-de-blancs-shardone-beloe-bryut-12
dataset/uploads_root/prod-svoe-vino-strapi/prod-svoe-vino/strapi/uploads/golubitskoe_estate_tte_de_cheval_bryut_risling_igristoe_bryut_beloe_12_4852fa5a2f.webp,golubitskoe-estate-tte-de-cheval-bryut-risling-beloe-12
dataset/uploads_root/prod-svoe-vino-strapi/prod-svoe-vino/strapi/uploads/golubitskoe_estate_tte_de_cheval_reserve_risling_igristoe_bryut_beloe_125_35e3a92939.webp,golubitskoe-estate-tte-de-cheval-reserve-risling-beloe-bryut-125
dataset/uploads_root/prod-svoe-vino-strapi/prod-svoe-vino/strapi/uploads/golubitskoe_estate_tte_de_cheval_zero_dosage_ekstra_bryut_sovinon_blan_igristoe_ekstra_bryut_beloe_12_9438066f79.webp,golubitskoe-estate-tte-de-cheval-zero-dosage-ekstra-bryut-sovinon-blan-beloe-12
dataset/uploads_root/prod-svoe-vino-strapi/prod-svoe-vino/strapi/uploads/golubitskoe_estate_tte_de_chevall_roze_pino_nuar_igristoe_bryut_rozovoe_12_6482e84b25.webp,golubitskoe-estate-tte-de-chevall-roze-pino-nuar-rozovoe-bryut-12
dataset/uploads_root/prod-svoe-vino-strapi/prod-svoe-vino/strapi/uploads/golubitskoe_estate_winery_series_pino_nuar_rozovoe_suhoe_115_98c49c99e9.webp,golubitskoe-estate-winery-series-pino-nuar-rozovoe-suhoe-115
dataset/uploads_root/prod-svoe-vino-strapi/prod-svoe-vino/strapi/uploads/golubitskoe_estate_winery_series_risling_reynskiy_beloe_suhoe_125_330c75ae53.webp,golubitskoe-estate-winery-series-risling-reynskiy-beloe-suhoe-125
dataset/uploads_root/prod-svoe-vino-strapi/prod-svoe-vino/strapi/uploads/golubitskoe_estate_winery_series_roze_blend_kaberne_sovinon_rozovoe_suhoe_117_caa738d581.webp,golubitskoe-estate-winery-series-roze-blend-kaberne-sovinon-rozovoe-suhoe-117
dataset/uploads_root/prod-svoe-vino-strapi/prod-svoe-vino/strapi/uploads/gorizont_a58d59fcbf.webp,
dataset/uploads_root/prod-svoe-vino-strapi/prod-svoe-vino/strapi/uploads/griby_i_vino_01b7321e49.webp,
dataset/uploads_root/prod-svoe-vino-strapi/prod-svoe-vino/strapi/uploads/griby_i_vino_krasnoe_10194aef17.webp,
dataset/uploads_root/prod-svoe-vino-strapi/prod-svoe-vino/strapi/uploads/gridzhio_842388266f.webp,
dataset/uploads_root/prod-svoe-vino-strapi/prod-svoe-vino/strapi/uploads/grozdi_vinograda_na_gipsovom_fone_ploskaa_planirovka_b7d4232279.jpg,
dataset/uploads_root/prod-svoe-vino-strapi/prod-svoe-vino/strapi/uploads/gunko_winery_blanc_de_blancs_shardone_igristoe_bryut_beloe_12_ed1875c4fa.webp,gunko-winery-blanc-de-blancs-shardone-beloe-bryut-12
dataset/uploads_root/prod-svoe-vino-strapi/prod-svoe-vino/strapi/uploads/gunko_winery_bryut_roze_pino_nuar_igristoe_bryut_rozovoe_12_09f00ed0d1.webp,gunko-winery-bryut-roze-pino-nuar-rozovoe-12
dataset/uploads_root/prod-svoe-vino-strapi/prod-svoe-vino/strapi/uploads/gunko_winery_kaberne_fran_gunko_winery_krasnoe_suhoe_135_aa5f643dca.webp,gunko-winery-kaberne-fran-gunko-winery-krasnoe-suhoe-135
dataset/uploads_root/prod-svoe-vino-strapi/prod-svoe-vino/strapi/uploads/gunko_winery_krasnye_gliny_kaberne_fran_krasnoe_suhoe_14_8b48e4bcbe.webp,gunko-winery-krasnye-gliny-kaberne-fran-krasnoe-suhoe-14
dataset/uploads_root/prod-svoe-vino-strapi/prod-svoe-vino/strapi/uploads/gunko_winery_malbek_krasnoe_suhoe_14_1944604a52.webp,gunko-winery-malbek-krasnoe-suhoe-14
dataset/uploads_root/prod-svoe-vino-strapi/prod-svoe-vino/strapi/uploads/gunko_winery_monumental_bryut_shardone_igristoe_bryut_beloe_12_e0ca0a9975.webp,gunko-winery-monumental-bryut-shardone-beloe-12
dataset/uploads_root/prod-svoe-vino-strapi/prod-svoe-vino/strapi/uploads/gunko_winery_monumental_saperavi_krasnoe_suhoe_145_6e796e0d26.webp,gunko-winery-monumental-saperavi-krasnoe-suhoe-145
dataset/uploads_root/prod-svoe-vino-strapi/prod-svoe-vino/strapi/uploads/gunko_winery_risling_beloe_suhoe_135_6242067443.webp,gunko-winery-risling-beloe-suhoe-135
dataset/uploads_root/prod-svoe-vino-strapi/prod-svoe-vino/strapi/uploads/gunko_winery_risling_rezerv_beloe_suhoe_135_e2e2bb75a2.webp,gunko-winery-risling-rezerv-beloe-suhoe-135
dataset/uploads_root/prod-svoe-vino-strapi/prod-svoe-vino/strapi/uploads/gunko_winery_roze_kaberne_fran_rozovoe_suhoe_135_59dd0bac47.webp,gunko-winery-roze-kaberne-fran-rozovoe-suhoe-135
dataset/uploads_root/prod-svoe-vino-strapi/prod-svoe-vino/strapi/uploads/gunko_winery_saperavi_gunko_winery_krasnoe_suhoe_135_530300631c.webp,gunko-winery-saperavi-gunko-winery-krasnoe-suhoe-135
dataset/uploads_root/prod-svoe-vino-strapi/prod-svoe-vino/strapi/uploads/gunko_winery_sovinon_blan_gunko_winery_beloe_suhoe_135_018fec8f4b.webp,gunko-winery-sovinon-blan-gunko-winery-beloe-suhoe-135
dataset/uploads_root/prod-svoe-vino-strapi/prod-svoe-vino/strapi/uploads/gx4_Wjjjicwz_UUN_2_1775202973_5df7adf9ac.webp,blush-mirage-sovinon-zelyonyj
dataset/uploads_root/prod-svoe-vino-strapi/prod-svoe-vino/strapi/uploads/habarovsk_fb526cb430.webp,
dataset/uploads_root/prod-svoe-vino-strapi/prod-svoe-vino/strapi/uploads/habarovsk_fe91cac142.webp,
dataset/uploads_root/prod-svoe-vino-strapi/prod-svoe-vino/strapi/uploads/herson_3f8189773f.webp,
dataset/uploads_root/prod-svoe-vino-strapi/prod-svoe-vino/strapi/uploads/herson_d4c450f5d1.webp,
dataset/uploads_root/prod-svoe-vino-strapi/prod-svoe-vino/strapi/uploads/history_slider2_542fbfbf99.webp,
dataset/uploads_root/prod-svoe-vino-strapi/prod-svoe-vino/strapi/uploads/hkup05ovxhb2mzp3fwa52yxx02mibfk2_611c149a74.webp,
dataset/uploads_root/prod-svoe-vino-strapi/prod-svoe-vino/strapi/uploads/hranenie_doma_e19bf8d335.webp,
dataset/uploads_root/prod-svoe-vino-strapi/prod-svoe-vino/strapi/uploads/hrustal_0c834bca5d.webp,
dataset/uploads_root/prod-svoe-vino-strapi/prod-svoe-vino/strapi/uploads/hrustaleva_bryut_muskat_314381c682.webp,khrustaleva-76-muscat-bryut-beloe
dataset/uploads_root/prod-svoe-vino-strapi/prod-svoe-vino/strapi/uploads/hrustaleva_polusuhoe_merlo_049054fb87.webp,khrustaleva-76-merlot-polusuhoe-rozovoe
dataset/uploads_root/prod-svoe-vino-strapi/prod-svoe-vino/strapi/uploads/hrustaleva_semi_svit_muskat_8fa1427352.webp,khrustaleva-76-muscat-polusladkoe-beloe
dataset/uploads_root/prod-svoe-vino-strapi/prod-svoe-vino/strapi/uploads/i99mhxq3ffugxl7vay272qaxisjosj8i_3ec2f1ed83.webp,mancopia-sira
dataset/uploads_root/prod-svoe-vino-strapi/prod-svoe-vino/strapi/uploads/i_1db8c1a19a.webp,
dataset/uploads_root/prod-svoe-vino-strapi/prod-svoe-vino/strapi/uploads/i_3de7179c04.webp,
dataset/uploads_root/prod-svoe-vino-strapi/prod-svoe-vino/strapi/uploads/i_8_ce22671b21.webp,
dataset/uploads_root/prod-svoe-vino-strapi/prod-svoe-vino/strapi/uploads/i_9_524454a6a9.webp,
dataset/uploads_root/prod-svoe-vino-strapi/prod-svoe-vino/strapi/uploads/i_bcd4a1c804.webp,
dataset/uploads_root/prod-svoe-vino-strapi/prod-svoe-vino/strapi/uploads/i_c84d4ec2ac.webp,
dataset/uploads_root/prod-svoe-vino-strapi/prod-svoe-vino/strapi/uploads/ice_wine_183f45223d.webp,
dataset/uploads_root/prod-svoe-vino-strapi/prod-svoe-vino/strapi/uploads/ice_wine_muscat_7067a33bd3.webp,
dataset/uploads_root/prod-svoe-vino-strapi/prod-svoe-vino/strapi/uploads/igra_8e7d8599ce.webp,
dataset/uploads_root/prod-svoe-vino-strapi/prod-svoe-vino/strapi/uploads/igristoe_skalistyj_bereg_roze_a45f078bcd.webp,
dataset/uploads_root/prod-svoe-vino-strapi/prod-svoe-vino/strapi/uploads/ii1_84b739eb00.webp,
dataset/uploads_root/prod-svoe-vino-strapi/prod-svoe-vino/strapi/uploads/ii1_aa2ef0f564.webp,
dataset/uploads_root/prod-svoe-vino-strapi/prod-svoe-vino/strapi/uploads/ii2_043e4ed98f.webp,
dataset/uploads_root/prod-svoe-vino-strapi/prod-svoe-vino/strapi/uploads/ii2_1debfeac93.webp,
dataset/uploads_root/prod-svoe-vino-strapi/prod-svoe-vino/strapi/uploads/ii2_466ccf851b.webp,
dataset/uploads_root/prod-svoe-vino-strapi/prod-svoe-vino/strapi/uploads/ii2_5a3470810c.webp,
dataset/uploads_root/prod-svoe-vino-strapi/prod-svoe-vino/strapi/uploads/ii2_ace69c4bae.webp,
dataset/uploads_root/prod-svoe-vino-strapi/prod-svoe-vino/strapi/uploads/ii2_b5458baf55.webp,
dataset/uploads_root/prod-svoe-vino-strapi/prod-svoe-vino/strapi/uploads/ii2_bcc43702f1.webp,
dataset/uploads_root/prod-svoe-vino-strapi/prod-svoe-vino/strapi/uploads/ii3_3e2971c200.webp,
dataset/uploads_root/prod-svoe-vino-strapi/prod-svoe-vino/strapi/uploads/ii3_4a4753a12e.webp,
dataset/uploads_root/prod-svoe-vino-strapi/prod-svoe-vino/strapi/uploads/ii3_4cd5b8fe32.webp,
dataset/uploads_root/prod-svoe-vino-strapi/prod-svoe-vino/strapi/uploads/ii3_5cd0bf23fa.webp,
dataset/uploads_root/prod-svoe-vino-strapi/prod-svoe-vino/strapi/uploads/ii3_f206f4e713.webp,
dataset/uploads_root/prod-svoe-vino-strapi/prod-svoe-vino/strapi/uploads/ii4_37b117c54f.webp,
dataset/uploads_root/prod-svoe-vino-strapi/prod-svoe-vino/strapi/uploads/ii4_a21fee04f2.webp,
dataset/uploads_root/prod-svoe-vino-strapi/prod-svoe-vino/strapi/uploads/ii4_a90ff6cb4c.webp,
dataset/uploads_root/prod-svoe-vino-strapi/prod-svoe-vino/strapi/uploads/ii4_bb9df0be70.webp,
dataset/uploads_root/prod-svoe-vino-strapi/prod-svoe-vino/strapi/uploads/ii6_aa4a4ac546.webp,
dataset/uploads_root/prod-svoe-vino-strapi/prod-svoe-vino/strapi/uploads/ii7_af0bfefc63.webp,
dataset/uploads_root/prod-svoe-vino-strapi/prod-svoe-vino/strapi/uploads/ii_0854efa665.webp,
dataset/uploads_root/prod-svoe-vino-strapi/prod-svoe-vino/strapi/uploads/ii_0c9c0a6213.webp,
dataset/uploads_root/prod-svoe-vino-strapi/prod-svoe-vino/strapi/uploads/ii_11087fbad7.webp,
dataset/uploads_root/prod-svoe-vino-strapi/prod-svoe-vino/strapi/uploads/ii_14b5db474c.webp,
dataset/uploads_root/prod-svoe-vino-strapi/prod-svoe-vino/strapi/uploads/ii_1_jpg_4032fe769e.webp,
dataset/uploads_root/prod-svoe-vino-strapi/prod-svoe-vino/strapi/uploads/ii_1a2edfce21.webp,
dataset/uploads_root/prod-svoe-vino-strapi/prod-svoe-vino/strapi/uploads/ii_29ca403a67.webp,
dataset/uploads_root/prod-svoe-vino-strapi/prod-svoe-vino/strapi/uploads/ii_2_455b4a9cb6.webp,
dataset/uploads_root/prod-svoe-vino-strapi/prod-svoe-vino/strapi/uploads/ii_2a1ee8fae7.webp,
dataset/uploads_root/prod-svoe-vino-strapi/prod-svoe-vino/strapi/uploads/ii_363e6b44a7.webp,
dataset/uploads_root/prod-svoe-vino-strapi/prod-svoe-vino/strapi/uploads/ii_3780f21d25.webp,
dataset/uploads_root/prod-svoe-vino-strapi/prod-svoe-vino/strapi/uploads/ii_3_04c9f79ac7.webp,
dataset/uploads_root/prod-svoe-vino-strapi/prod-svoe-vino/strapi/uploads/ii_4301dbc887.webp,
dataset/uploads_root/prod-svoe-vino-strapi/prod-svoe-vino/strapi/uploads/ii_49f59f7483.webp,
dataset/uploads_root/prod-svoe-vino-strapi/prod-svoe-vino/strapi/uploads/ii_4fd2dab854.webp,
dataset/uploads_root/prod-svoe-vino-strapi/prod-svoe-vino/strapi/uploads/ii_5b4a754651.webp,
dataset/uploads_root/prod-svoe-vino-strapi/prod-svoe-vino/strapi/uploads/ii_65d7287264.webp,
dataset/uploads_root/prod-svoe-vino-strapi/prod-svoe-vino/strapi/uploads/ii_6a2a275375.webp,
dataset/uploads_root/prod-svoe-vino-strapi/prod-svoe-vino/strapi/uploads/ii_7cd6f9cc6c.webp,
dataset/uploads_root/prod-svoe-vino-strapi/prod-svoe-vino/strapi/uploads/ii_7ec77643d6.webp,
dataset/uploads_root/prod-svoe-vino-strapi/prod-svoe-vino/strapi/uploads/ii_80aeb5b1ab.webp,
dataset/uploads_root/prod-svoe-vino-strapi/prod-svoe-vino/strapi/uploads/ii_863aa8100d.webp,
dataset/uploads_root/prod-svoe-vino-strapi/prod-svoe-vino/strapi/uploads/ii_91442d5673.webp,
dataset/uploads_root/prod-svoe-vino-strapi/prod-svoe-vino/strapi/uploads/ii_945aa37559.webp,
dataset/uploads_root/prod-svoe-vino-strapi/prod-svoe-vino/strapi/uploads/ii_9b5ea4a28f.webp,
dataset/uploads_root/prod-svoe-vino-strapi/prod-svoe-vino/strapi/uploads/ii_Lafit_51b6fbdfdf.webp,
dataset/uploads_root/prod-svoe-vino-strapi/prod-svoe-vino/strapi/uploads/ii_Shvejczariya_58cdce3e07.webp,
dataset/uploads_root/prod-svoe-vino-strapi/prod-svoe-vino/strapi/uploads/ii_a491449394.webp,
dataset/uploads_root/prod-svoe-vino-strapi/prod-svoe-vino/strapi/uploads/ii_a9fa67fc72.webp,
dataset/uploads_root/prod-svoe-vino-strapi/prod-svoe-vino/strapi/uploads/ii_ass_4d38ee03e0.webp,
dataset/uploads_root/prod-svoe-vino-strapi/prod-svoe-vino/strapi/uploads/ii_assirtiko_3de0b8674e.webp,
dataset/uploads_root/prod-svoe-vino-strapi/prod-svoe-vino/strapi/uploads/ii_bee0d04572.webp,
dataset/uploads_root/prod-svoe-vino-strapi/prod-svoe-vino/strapi/uploads/ii_belmas_2_d2640ada14.webp,
dataset/uploads_root/prod-svoe-vino-strapi/prod-svoe-vino/strapi/uploads/ii_bf2390eb01.webp,
dataset/uploads_root/prod-svoe-vino-strapi/prod-svoe-vino/strapi/uploads/ii_bokal_382e700259.webp,
dataset/uploads_root/prod-svoe-vino-strapi/prod-svoe-vino/strapi/uploads/ii_bordo_2_2c851794e1.webp,
dataset/uploads_root/prod-svoe-vino-strapi/prod-svoe-vino/strapi/uploads/ii_bordo_3_a267d13d8c.webp,
dataset/uploads_root/prod-svoe-vino-strapi/prod-svoe-vino/strapi/uploads/ii_bordo_ae4a49b79f.webp,
dataset/uploads_root/prod-svoe-vino-strapi/prod-svoe-vino/strapi/uploads/ii_brudershaft_0ac27f6447.webp,
dataset/uploads_root/prod-svoe-vino-strapi/prod-svoe-vino/strapi/uploads/ii_but_d912a4c19e.webp,
dataset/uploads_root/prod-svoe-vino-strapi/prod-svoe-vino/strapi/uploads/ii_ca9c5e2bae.webp,
dataset/uploads_root/prod-svoe-vino-strapi/prod-svoe-vino/strapi/uploads/ii_ch_d562ee9f58.webp,
dataset/uploads_root/prod-svoe-vino-strapi/prod-svoe-vino/strapi/uploads/ii_chb_8837f94d11.webp,
dataset/uploads_root/prod-svoe-vino-strapi/prod-svoe-vino/strapi/uploads/ii_czesarki_46ec0aa144.webp,
dataset/uploads_root/prod-svoe-vino-strapi/prod-svoe-vino/strapi/uploads/ii_d08ff76698.webp,
dataset/uploads_root/prod-svoe-vino-strapi/prod-svoe-vino/strapi/uploads/ii_d467e809d8.webp,
dataset/uploads_root/prod-svoe-vino-strapi/prod-svoe-vino/strapi/uploads/ii_d73d6fcb2b.webp,
dataset/uploads_root/prod-svoe-vino-strapi/prod-svoe-vino/strapi/uploads/ii_db75bf62ec.webp,
dataset/uploads_root/prod-svoe-vino-strapi/prod-svoe-vino/strapi/uploads/ii_dekor2_ab8221c410.webp,
dataset/uploads_root/prod-svoe-vino-strapi/prod-svoe-vino/strapi/uploads/ii_dekor_8ed429812a.webp,
dataset/uploads_root/prod-svoe-vino-strapi/prod-svoe-vino/strapi/uploads/ii_dfc42417e6.webp,
dataset/uploads_root/prod-svoe-vino-strapi/prod-svoe-vino/strapi/uploads/ii_distilyaty_37efc329d9.webp,
dataset/uploads_root/prod-svoe-vino-strapi/prod-svoe-vino/strapi/uploads/ii_dlya_oblozhki_a30e133829.webp,
dataset/uploads_root/prod-svoe-vino-strapi/prod-svoe-vino/strapi/uploads/ii_domashnij_bar_01acb995b7.webp,
dataset/uploads_root/prod-svoe-vino-strapi/prod-svoe-vino/strapi/uploads/ii_dub_f132f69320.webp,
dataset/uploads_root/prod-svoe-vino-strapi/prod-svoe-vino/strapi/uploads/ii_e72e8f4e76.webp,
dataset/uploads_root/prod-svoe-vino-strapi/prod-svoe-vino/strapi/uploads/ii_e8da6acd4f.webp,
dataset/uploads_root/prod-svoe-vino-strapi/prod-svoe-vino/strapi/uploads/ii_f04cbb08c7.webp,
dataset/uploads_root/prod-svoe-vino-strapi/prod-svoe-vino/strapi/uploads/ii_f15d9f715f.webp,
dataset/uploads_root/prod-svoe-vino-strapi/prod-svoe-vino/strapi/uploads/ii_f_94e14dee8f.webp,
dataset/uploads_root/prod-svoe-vino-strapi/prod-svoe-vino/strapi/uploads/ii_fcd5185396.webp,
dataset/uploads_root/prod-svoe-vino-strapi/prod-svoe-vino/strapi/uploads/ii_ff604ee0b7.webp,
dataset/uploads_root/prod-svoe-vino-strapi/prod-svoe-vino/strapi/uploads/ii_galissiya_7a662b9cd8.webp,
dataset/uploads_root/prod-svoe-vino-strapi/prod-svoe-vino/strapi/uploads/ii_gruziya_9d93604570.webp,
dataset/uploads_root/prod-svoe-vino-strapi/prod-svoe-vino/strapi/uploads/ii_hv_5a4c74c31b.webp,
dataset/uploads_root/prod-svoe-vino-strapi/prod-svoe-vino/strapi/uploads/ii_hvanch_2394d9eea0.webp,
dataset/uploads_root/prod-svoe-vino-strapi/prod-svoe-vino/strapi/uploads/ii_hvanchkara_620c94c89b.webp,
dataset/uploads_root/prod-svoe-vino-strapi/prod-svoe-vino/strapi/uploads/ii_ispaniya_6298370890.webp,
dataset/uploads_root/prod-svoe-vino-strapi/prod-svoe-vino/strapi/uploads/ii_k_state_254c51185d.webp,
dataset/uploads_root/prod-svoe-vino-strapi/prod-svoe-vino/strapi/uploads/ii_kanele_9dffe39ff9.webp,
dataset/uploads_root/prod-svoe-vino-strapi/prod-svoe-vino/strapi/uploads/ii_kar_98c1a43d45.webp,
dataset/uploads_root/prod-svoe-vino-strapi/prod-svoe-vino/strapi/uploads/ii_karta_2_537d15d0d5.webp,
dataset/uploads_root/prod-svoe-vino-strapi/prod-svoe-vino/strapi/uploads/ii_kazino_197d0c9ac1.webp,
dataset/uploads_root/prod-svoe-vino-strapi/prod-svoe-vino/strapi/uploads/ii_klumba_6289495233.webp,
dataset/uploads_root/prod-svoe-vino-strapi/prod-svoe-vino/strapi/uploads/ii_lafit2_e752d707d4.webp,
dataset/uploads_root/prod-svoe-vino-strapi/prod-svoe-vino/strapi/uploads/ii_led_18d345ef40.webp,
dataset/uploads_root/prod-svoe-vino-strapi/prod-svoe-vino/strapi/uploads/ii_lombardiya_c0ca3c3bea.webp,
dataset/uploads_root/prod-svoe-vino-strapi/prod-svoe-vino/strapi/uploads/ii_luchshie_bary_3cb3665f38.webp,
dataset/uploads_root/prod-svoe-vino-strapi/prod-svoe-vino/strapi/uploads/ii_moskato_2_0e0c3067b9.webp,
dataset/uploads_root/prod-svoe-vino-strapi/prod-svoe-vino/strapi/uploads/ii_moskato_6f7d63b205.webp,
dataset/uploads_root/prod-svoe-vino-strapi/prod-svoe-vino/strapi/uploads/ii_myuzle_e66a9c738e.webp,
dataset/uploads_root/prod-svoe-vino-strapi/prod-svoe-vino/strapi/uploads/ii_nebiollo_4d117b342e.webp,
dataset/uploads_root/prod-svoe-vino-strapi/prod-svoe-vino/strapi/uploads/ii_novost_Angliya_eb19a09ad3.webp,
dataset/uploads_root/prod-svoe-vino-strapi/prod-svoe-vino/strapi/uploads/ii_novost_pervye_v_kosmose_89352052ab.webp,
dataset/uploads_root/prod-svoe-vino-strapi/prod-svoe-vino/strapi/uploads/ii_nz_416c45a27f.webp,
dataset/uploads_root/prod-svoe-vino-strapi/prod-svoe-vino/strapi/uploads/ii_oblozhka_74293a3470.webp,
dataset/uploads_root/prod-svoe-vino-strapi/prod-svoe-vino/strapi/uploads/ii_oblozhka_8af7ba1b26.webp,
dataset/uploads_root/prod-svoe-vino-strapi/prod-svoe-vino/strapi/uploads/ii_oblozhka_c7886c0460.webp,
dataset/uploads_root/prod-svoe-vino-strapi/prod-svoe-vino/strapi/uploads/ii_oblozhka_fa3a1d0173.webp,
dataset/uploads_root/prod-svoe-vino-strapi/prod-svoe-vino/strapi/uploads/ii_oblozhka_jpg_677c427233.webp,
dataset/uploads_root/prod-svoe-vino-strapi/prod-svoe-vino/strapi/uploads/ii_oblozhka_kniga_0ff3135674.webp,
dataset/uploads_root/prod-svoe-vino-strapi/prod-svoe-vino/strapi/uploads/ii_oruho_8b0f241667.webp,
dataset/uploads_root/prod-svoe-vino-strapi/prod-svoe-vino/strapi/uploads/ii_ovoid_1519f6030b.webp,
dataset/uploads_root/prod-svoe-vino-strapi/prod-svoe-vino/strapi/uploads/ii_parizh2_26a7f8fee1.webp,
dataset/uploads_root/prod-svoe-vino-strapi/prod-svoe-vino/strapi/uploads/ii_parizh_69d67b6627.webp,
dataset/uploads_root/prod-svoe-vino-strapi/prod-svoe-vino/strapi/uploads/ii_pochvy2_a8723d3dde.webp,
dataset/uploads_root/prod-svoe-vino-strapi/prod-svoe-vino/strapi/uploads/ii_pochvy_e61d100afc.webp,
dataset/uploads_root/prod-svoe-vino-strapi/prod-svoe-vino/strapi/uploads/ii_portuganliya_b93bd7bf67.webp,
dataset/uploads_root/prod-svoe-vino-strapi/prod-svoe-vino/strapi/uploads/ii_praga_1e14f0ad22.webp,
dataset/uploads_root/prod-svoe-vino-strapi/prod-svoe-vino/strapi/uploads/ii_prob_d970733181.webp,
dataset/uploads_root/prod-svoe-vino-strapi/prod-svoe-vino/strapi/uploads/ii_prob_obl_0605eed4e9.webp,
dataset/uploads_root/prod-svoe-vino-strapi/prod-svoe-vino/strapi/uploads/ii_rakushki_a84f477e70.webp,
dataset/uploads_root/prod-svoe-vino-strapi/prod-svoe-vino/strapi/uploads/ii_shv3_db59a95abb.webp,
dataset/uploads_root/prod-svoe-vino-strapi/prod-svoe-vino/strapi/uploads/ii_shv_2_f277c92d75.webp,
dataset/uploads_root/prod-svoe-vino-strapi/prod-svoe-vino/strapi/uploads/ii_svidanie_93134869a4.webp,
dataset/uploads_root/prod-svoe-vino-strapi/prod-svoe-vino/strapi/uploads/ii_tannat_35c001674c.webp,
dataset/uploads_root/prod-svoe-vino-strapi/prod-svoe-vino/strapi/uploads/ii_to_0503af9c70.webp,
dataset/uploads_root/prod-svoe-vino-strapi/prod-svoe-vino/strapi/uploads/ii_tozhe_723141f1e6.webp,
dataset/uploads_root/prod-svoe-vino-strapi/prod-svoe-vino/strapi/uploads/ii_vino_nadezhdy_8806a6a474.webp,
dataset/uploads_root/prod-svoe-vino-strapi/prod-svoe-vino/strapi/uploads/ii_viski_c217753aed.webp,
dataset/uploads_root/prod-svoe-vino-strapi/prod-svoe-vino/strapi/uploads/ii_vv2_d461589da3.webp,
dataset/uploads_root/prod-svoe-vino-strapi/prod-svoe-vino/strapi/uploads/ii_vv_ob2_e03d55f746.webp,
dataset/uploads_root/prod-svoe-vino-strapi/prod-svoe-vino/strapi/uploads/ii_yuar_91578495d4.webp,
dataset/uploads_root/prod-svoe-vino-strapi/prod-svoe-vino/strapi/uploads/ii_zam_06bf6d193f.webp,
dataset/uploads_root/prod-svoe-vino-strapi/prod-svoe-vino/strapi/uploads/image_01_05_26_04_54_1_a57137ab6f.webp,
dataset/uploads_root/prod-svoe-vino-strapi/prod-svoe-vino/strapi/uploads/image_01_05_26_04_54_2_34492d1d5a.webp,
dataset/uploads_root/prod-svoe-vino-strapi/prod-svoe-vino/strapi/uploads/image_01_05_26_04_54_8e1a318ac8.webp,
dataset/uploads_root/prod-svoe-vino-strapi/prod-svoe-vino/strapi/uploads/image_01_05_26_05_37_ce02925870.webp,
dataset/uploads_root/prod-svoe-vino-strapi/prod-svoe-vino/strapi/uploads/image_01_05_26_05_58_52aea7baeb.webp,
dataset/uploads_root/prod-svoe-vino-strapi/prod-svoe-vino/strapi/uploads/image_01_05_26_06_38_2_360f3429c1.webp,
dataset/uploads_root/prod-svoe-vino-strapi/prod-svoe-vino/strapi/uploads/image_01_05_26_06_38_e94102129c.webp,
dataset/uploads_root/prod-svoe-vino-strapi/prod-svoe-vino/strapi/uploads/image_01_06_26_07_10_6e8356888a.webp,
dataset/uploads_root/prod-svoe-vino-strapi/prod-svoe-vino/strapi/uploads/image_01_06_26_07_31_1_84d0fe5093.webp,
dataset/uploads_root/prod-svoe-vino-strapi/prod-svoe-vino/strapi/uploads/image_01_06_26_07_31_1_f1cff21f80.webp,
dataset/uploads_root/prod-svoe-vino-strapi/prod-svoe-vino/strapi/uploads/image_01_07_26_01_43_1_0c18927133.webp,
dataset/uploads_root/prod-svoe-vino-strapi/prod-svoe-vino/strapi/uploads/image_01_07_26_01_43_1_29f1972462.webp,
dataset/uploads_root/prod-svoe-vino-strapi/prod-svoe-vino/strapi/uploads/image_01_07_26_01_43_1_83ef25de96.webp,
dataset/uploads_root/prod-svoe-vino-strapi/prod-svoe-vino/strapi/uploads/image_01_07_26_01_43_2_3f08f4b1f2.webp,
dataset/uploads_root/prod-svoe-vino-strapi/prod-svoe-vino/strapi/uploads/image_01_07_26_01_43_3_80131deb0f.webp,
dataset/uploads_root/prod-svoe-vino-strapi/prod-svoe-vino/strapi/uploads/image_01_07_26_01_43_5c073b938d.webp,
dataset/uploads_root/prod-svoe-vino-strapi/prod-svoe-vino/strapi/uploads/image_01_07_26_07_50_1_9e2364d595.webp,
dataset/uploads_root/prod-svoe-vino-strapi/prod-svoe-vino/strapi/uploads/image_01_09_26_05_01_1_769d0ba968.webp,
dataset/uploads_root/prod-svoe-vino-strapi/prod-svoe-vino/strapi/uploads/image_01_09_26_05_01_2_ae300d81da.webp,
dataset/uploads_root/prod-svoe-vino-strapi/prod-svoe-vino/strapi/uploads/image_02_06_26_10_07_cfe94e4ab1.webp,
dataset/uploads_root/prod-svoe-vino-strapi/prod-svoe-vino/strapi/uploads/image_02_07_26_01_04_0298c26e7b.webp,
dataset/uploads_root/prod-svoe-vino-strapi/prod-svoe-vino/strapi/uploads/image_03_05_26_01_29_c2c8d4f2d5.webp,
dataset/uploads_root/prod-svoe-vino-strapi/prod-svoe-vino/strapi/uploads/image_03_06_26_12_32_f1c51acb46.webp,
dataset/uploads_root/prod-svoe-vino-strapi/prod-svoe-vino/strapi/uploads/image_03_08_26_08_11_2_dc1794eb6c.webp,
dataset/uploads_root/prod-svoe-vino-strapi/prod-svoe-vino/strapi/uploads/image_03_08_26_08_11_daf64e2765.webp,
dataset/uploads_root/prod-svoe-vino-strapi/prod-svoe-vino/strapi/uploads/image_03_09_26_04_15_e52c86f2eb.webp,
dataset/uploads_root/prod-svoe-vino-strapi/prod-svoe-vino/strapi/uploads/image_04_05_26_04_41_cad664e3cf.webp,
dataset/uploads_root/prod-svoe-vino-strapi/prod-svoe-vino/strapi/uploads/image_04_06_26_03_03_2eaf3cf987.webp,
dataset/uploads_root/prod-svoe-vino-strapi/prod-svoe-vino/strapi/uploads/image_04_06_26_05_52_34edf12830.webp,
dataset/uploads_root/prod-svoe-vino-strapi/prod-svoe-vino/strapi/uploads/image_04_08_26_11_03_1_6c5a1c9299.webp,
dataset/uploads_root/prod-svoe-vino-strapi/prod-svoe-vino/strapi/uploads/image_04_08_26_11_03_d0f25ecfdc.webp,
dataset/uploads_root/prod-svoe-vino-strapi/prod-svoe-vino/strapi/uploads/image_04_08_26_12_58_1_5347234e15.webp,lebedushka
dataset/uploads_root/prod-svoe-vino-strapi/prod-svoe-vino/strapi/uploads/image_04_08_26_12_58_82744cada5.webp,
dataset/uploads_root/prod-svoe-vino-strapi/prod-svoe-vino/strapi/uploads/image_04_09_26_01_21_e2229a9af8.webp,merlo-litavshhuk
dataset/uploads_root/prod-svoe-vino-strapi/prod-svoe-vino/strapi/uploads/image_04_09_26_03_32_0c12c88890.webp,
dataset/uploads_root/prod-svoe-vino-strapi/prod-svoe-vino/strapi/uploads/image_04_09_26_03_32_1_7fb3f2d4a7.webp,
dataset/uploads_root/prod-svoe-vino-strapi/prod-svoe-vino/strapi/uploads/image_05_05_26_04_22_2a4dfc6bc8.webp,
dataset/uploads_root/prod-svoe-vino-strapi/prod-svoe-vino/strapi/uploads/image_05_06_26_01_14_f86959cabb.webp,
dataset/uploads_root/prod-svoe-vino-strapi/prod-svoe-vino/strapi/uploads/image_05_06_26_01_16_73ab66aaab.webp,
dataset/uploads_root/prod-svoe-vino-strapi/prod-svoe-vino/strapi/uploads/image_06_05_26_02_12_7814d3385b.webp,
dataset/uploads_root/prod-svoe-vino-strapi/prod-svoe-vino/strapi/uploads/image_06_06_26_10_56_2_eae576a995.webp,
dataset/uploads_root/prod-svoe-vino-strapi/prod-svoe-vino/strapi/uploads/image_06_06_26_10_56_db8859df94.webp,
dataset/uploads_root/prod-svoe-vino-strapi/prod-svoe-vino/strapi/uploads/image_06_08_26_06_31_d682823d26.webp,
dataset/uploads_root/prod-svoe-vino-strapi/prod-svoe-vino/strapi/uploads/image_07_05_26_01_29_2242a7fe0e.webp,
dataset/uploads_root/prod-svoe-vino-strapi/prod-svoe-vino/strapi/uploads/image_07_05_26_01_43_00c49671c9.webp,
dataset/uploads_root/prod-svoe-vino-strapi/prod-svoe-vino/strapi/uploads/image_07_05_26_02_38_72910c3bda.webp,
dataset/uploads_root/prod-svoe-vino-strapi/prod-svoe-vino/strapi/uploads/image_07_05_26_05_03_1_8a67459311.webp,
dataset/uploads_root/prod-svoe-vino-strapi/prod-svoe-vino/strapi/uploads/image_07_05_26_05_03_bdf0281fcf.webp,
dataset/uploads_root/prod-svoe-vino-strapi/prod-svoe-vino/strapi/uploads/image_07_06_26_08_16_ca68f83c06.webp,
dataset/uploads_root/prod-svoe-vino-strapi/prod-svoe-vino/strapi/uploads/image_07_06_26_08_25_906fba56dd.webp,
dataset/uploads_root/prod-svoe-vino-strapi/prod-svoe-vino/strapi/uploads/image_07_06_26_09_02_f483180da6.webp,
dataset/uploads_root/prod-svoe-vino-strapi/prod-svoe-vino/strapi/uploads/image_08_05_26_01_42_1_010524b383.jpeg,
dataset/uploads_root/prod-svoe-vino-strapi/prod-svoe-vino/strapi/uploads/image_08_05_26_01_42_1_532efb2d33.webp,
dataset/uploads_root/prod-svoe-vino-strapi/prod-svoe-vino/strapi/uploads/image_08_05_26_01_42_2_67b54f29c6.webp,
dataset/uploads_root/prod-svoe-vino-strapi/prod-svoe-vino/strapi/uploads/image_08_05_26_01_42_6bbcee5562.webp,
dataset/uploads_root/prod-svoe-vino-strapi/prod-svoe-vino/strapi/uploads/image_08_05_26_01_42_ce91452c1c.webp,
dataset/uploads_root/prod-svoe-vino-strapi/prod-svoe-vino/strapi/uploads/image_08_05_26_02_11_2ac5e9b08c.webp,
dataset/uploads_root/prod-svoe-vino-strapi/prod-svoe-vino/strapi/uploads/image_08_05_26_05_02_1_19e1f6ba8a.webp,
dataset/uploads_root/prod-svoe-vino-strapi/prod-svoe-vino/strapi/uploads/image_08_05_26_05_02_838b6e0562.webp,
dataset/uploads_root/prod-svoe-vino-strapi/prod-svoe-vino/strapi/uploads/image_08_05_26_05_02_d740112135.webp,
dataset/uploads_root/prod-svoe-vino-strapi/prod-svoe-vino/strapi/uploads/image_08_05_26_05_42_2_4ab55aafc4.webp,
dataset/uploads_root/prod-svoe-vino-strapi/prod-svoe-vino/strapi/uploads/image_08_05_26_05_42_2_5c1cc5479b.webp,
dataset/uploads_root/prod-svoe-vino-strapi/prod-svoe-vino/strapi/uploads/image_08_05_26_05_42_2_dfa5ec8a59.jpeg,
dataset/uploads_root/prod-svoe-vino-strapi/prod-svoe-vino/strapi/uploads/image_08_05_26_05_52_3_e360528866.webp,
dataset/uploads_root/prod-svoe-vino-strapi/prod-svoe-vino/strapi/uploads/image_08_05_26_06_12_a20477ddba.webp,
dataset/uploads_root/prod-svoe-vino-strapi/prod-svoe-vino/strapi/uploads/image_08_05_26_06_18_9b4998e816.webp,
dataset/uploads_root/prod-svoe-vino-strapi/prod-svoe-vino/strapi/uploads/image_08_05_26_06_45_e5ff31d293.webp,
dataset/uploads_root/prod-svoe-vino-strapi/prod-svoe-vino/strapi/uploads/image_08_05_26_06_55_e1a8bec0d2.webp,
dataset/uploads_root/prod-svoe-vino-strapi/prod-svoe-vino/strapi/uploads/image_08_06_26_07_42_1_100b72410f.webp,
dataset/uploads_root/prod-svoe-vino-strapi/prod-svoe-vino/strapi/uploads/image_08_06_26_07_42_2f41399402.webp,
dataset/uploads_root/prod-svoe-vino-strapi/prod-svoe-vino/strapi/uploads/image_08_06_26_08_01_7f3462701b.webp,
dataset/uploads_root/prod-svoe-vino-strapi/prod-svoe-vino/strapi/uploads/image_08_06_26_08_01_9bd1e2324d.webp,
dataset/uploads_root/prod-svoe-vino-strapi/prod-svoe-vino/strapi/uploads/image_08_06_26_08_12_59d2d35bbc.webp,
dataset/uploads_root/prod-svoe-vino-strapi/prod-svoe-vino/strapi/uploads/image_08_07_26_04_22_9a10fb698e.webp,
dataset/uploads_root/prod-svoe-vino-strapi/prod-svoe-vino/strapi/uploads/image_08_08_26_07_37_dc5ee8f3d5.webp,
dataset/uploads_root/prod-svoe-vino-strapi/prod-svoe-vino/strapi/uploads/image_09_04_26_06_51_41031323fd.webp,
dataset/uploads_root/prod-svoe-vino-strapi/prod-svoe-vino/strapi/uploads/image_09_04_26_07_58_2_0ae42d8afa.webp,
dataset/uploads_root/prod-svoe-vino-strapi/prod-svoe-vino/strapi/uploads/image_09_05_26_09_35_e04b7700ea.webp,
dataset/uploads_root/prod-svoe-vino-strapi/prod-svoe-vino/strapi/uploads/image_09_05_26_11_50_888e4774e7.webp,
dataset/uploads_root/prod-svoe-vino-strapi/prod-svoe-vino/strapi/uploads/image_09_06_26_01_46_6682db6c97.webp,
dataset/uploads_root/prod-svoe-vino-strapi/prod-svoe-vino/strapi/uploads/image_09_06_26_02_32_74ece84c0c.webp,
dataset/uploads_root/prod-svoe-vino-strapi/prod-svoe-vino/strapi/uploads/image_09_06_26_10_57_2_5a40e29fe9.webp,
dataset/uploads_root/prod-svoe-vino-strapi/prod-svoe-vino/strapi/uploads/image_09_06_26_10_57_3_a6983b86fd.webp,
dataset/uploads_root/prod-svoe-vino-strapi/prod-svoe-vino/strapi/uploads/image_09_06_26_12_52_1_b0c9f74cd1.webp,
dataset/uploads_root/prod-svoe-vino-strapi/prod-svoe-vino/strapi/uploads/image_09_06_26_12_52_89a910d6f7.webp,
dataset/uploads_root/prod-svoe-vino-strapi/prod-svoe-vino/strapi/uploads/image_09_07_26_04_27_1_733174fbb5.webp,
dataset/uploads_root/prod-svoe-vino-strapi/prod-svoe-vino/strapi/uploads/image_10_04_26_05_03_870a853518.webp,
dataset/uploads_root/prod-svoe-vino-strapi/prod-svoe-vino/strapi/uploads/image_10_04_26_12_02_1_5cd3ada3c5.webp,
dataset/uploads_root/prod-svoe-vino-strapi/prod-svoe-vino/strapi/uploads/image_10_04_26_12_02_2_f52a1021f8.webp,
dataset/uploads_root/prod-svoe-vino-strapi/prod-svoe-vino/strapi/uploads/image_10_04_26_12_02_3_2f73155f54.webp,
dataset/uploads_root/prod-svoe-vino-strapi/prod-svoe-vino/strapi/uploads/image_10_04_26_12_02_3_400123e9da.webp,
dataset/uploads_root/prod-svoe-vino-strapi/prod-svoe-vino/strapi/uploads/image_10_04_26_12_45_1_1_1_e2885c5753.webp,
dataset/uploads_root/prod-svoe-vino-strapi/prod-svoe-vino/strapi/uploads/image_10_05_26_02_43_55adee7d79.webp,
dataset/uploads_root/prod-svoe-vino-strapi/prod-svoe-vino/strapi/uploads/image_10_05_26_02_59_1_7167eda770.webp,
dataset/uploads_root/prod-svoe-vino-strapi/prod-svoe-vino/strapi/uploads/image_10_05_26_02_59_d657df1d0e.webp,
dataset/uploads_root/prod-svoe-vino-strapi/prod-svoe-vino/strapi/uploads/image_10_05_26_04_14_36136776f4.webp,
dataset/uploads_root/prod-svoe-vino-strapi/prod-svoe-vino/strapi/uploads/image_10_07_26_03_38_1_93a86ad5ae.webp,
dataset/uploads_root/prod-svoe-vino-strapi/prod-svoe-vino/strapi/uploads/image_10_07_26_11_01_5f29688aa1.webp,
dataset/uploads_root/prod-svoe-vino-strapi/prod-svoe-vino/strapi/uploads/image_11_06_26_09_47_1_311aecab65.webp,
dataset/uploads_root/prod-svoe-vino-strapi/prod-svoe-vino/strapi/uploads/image_11_06_26_09_47_3_3d2270ee1e.webp,
dataset/uploads_root/prod-svoe-vino-strapi/prod-svoe-vino/strapi/uploads/image_11_06_26_09_47_4_72b9e59bf3.webp,
dataset/uploads_root/prod-svoe-vino-strapi/prod-svoe-vino/strapi/uploads/image_11_06_26_09_47_5_bcab5c03bf.webp,
dataset/uploads_root/prod-svoe-vino-strapi/prod-svoe-vino/strapi/uploads/image_11_06_26_09_47_6ef3450549.webp,
dataset/uploads_root/prod-svoe-vino-strapi/prod-svoe-vino/strapi/uploads/image_12_04_26_01_54_7e0bf97439.webp,
dataset/uploads_root/prod-svoe-vino-strapi/prod-svoe-vino/strapi/uploads/image_12_04_26_12_54_84d3e22070.webp,
dataset/uploads_root/prod-svoe-vino-strapi/prod-svoe-vino/strapi/uploads/image_12_05_26_10_25_0f60db26b6.webp,
dataset/uploads_root/prod-svoe-vino-strapi/prod-svoe-vino/strapi/uploads/image_12_06_26_01_34_1_0cb6211254.webp,
dataset/uploads_root/prod-svoe-vino-strapi/prod-svoe-vino/strapi/uploads/image_12_06_26_01_57_1_1_d87fa750ab.webp,
dataset/uploads_root/prod-svoe-vino-strapi/prod-svoe-vino/strapi/uploads/image_13_04_26_08_50_fed1f39cba.webp,
dataset/uploads_root/prod-svoe-vino-strapi/prod-svoe-vino/strapi/uploads/image_13_04_26_12_17_2_b1c1d75b3c.webp,
dataset/uploads_root/prod-svoe-vino-strapi/prod-svoe-vino/strapi/uploads/image_13_05_26_09_26_6a90d33017.webp,
dataset/uploads_root/prod-svoe-vino-strapi/prod-svoe-vino/strapi/uploads/image_13_05_26_11_01_ffd949a35a.webp,
dataset/uploads_root/prod-svoe-vino-strapi/prod-svoe-vino/strapi/uploads/image_13_05_26_11_57_689405023e.webp,
dataset/uploads_root/prod-svoe-vino-strapi/prod-svoe-vino/strapi/uploads/image_13_08_26_11_57_a476f26e91.webp,
dataset/uploads_root/prod-svoe-vino-strapi/prod-svoe-vino/strapi/uploads/image_14_03_26_10_25_49a107081e.webp,
dataset/uploads_root/prod-svoe-vino-strapi/prod-svoe-vino/strapi/uploads/image_14_03_26_10_44_113b7f01cb.webp,
dataset/uploads_root/prod-svoe-vino-strapi/prod-svoe-vino/strapi/uploads/image_14_04_26_01_45_b7f8be662a.webp,
dataset/uploads_root/prod-svoe-vino-strapi/prod-svoe-vino/strapi/uploads/image_14_04_26_04_45_099f826055.webp,
dataset/uploads_root/prod-svoe-vino-strapi/prod-svoe-vino/strapi/uploads/image_14_04_26_04_45_1_5efc09a0c9.webp,
dataset/uploads_root/prod-svoe-vino-strapi/prod-svoe-vino/strapi/uploads/image_14_04_26_04_45_e40896ae77.webp,
dataset/uploads_root/prod-svoe-vino-strapi/prod-svoe-vino/strapi/uploads/image_14_04_26_05_32_192ec1a451.webp,
dataset/uploads_root/prod-svoe-vino-strapi/prod-svoe-vino/strapi/uploads/image_14_05_26_04_03_1_0e70201bf6.webp,
dataset/uploads_root/prod-svoe-vino-strapi/prod-svoe-vino/strapi/uploads/image_14_05_26_04_03_1_ba2eb8eb98.webp,
dataset/uploads_root/prod-svoe-vino-strapi/prod-svoe-vino/strapi/uploads/image_14_05_26_04_03_2_c342279587.webp,
dataset/uploads_root/prod-svoe-vino-strapi/prod-svoe-vino/strapi/uploads/image_14_05_26_12_51_1_65bd1bb74b.webp,
dataset/uploads_root/prod-svoe-vino-strapi/prod-svoe-vino/strapi/uploads/image_14_05_26_12_51_82150b0482.webp,
dataset/uploads_root/prod-svoe-vino-strapi/prod-svoe-vino/strapi/uploads/image_14_06_26_01_21_907fe2118b.webp,
dataset/uploads_root/prod-svoe-vino-strapi/prod-svoe-vino/strapi/uploads/image_14_08_26_04_05_11288b6812.webp,
dataset/uploads_root/prod-svoe-vino-strapi/prod-svoe-vino/strapi/uploads/image_15_03_26_07_41_48b1470f9b.webp,
dataset/uploads_root/prod-svoe-vino-strapi/prod-svoe-vino/strapi/uploads/image_15_04_26_03_36_bcdc5760e7.webp,
dataset/uploads_root/prod-svoe-vino-strapi/prod-svoe-vino/strapi/uploads/image_15_04_26_04_41_2_38fd1eca7d.webp,
dataset/uploads_root/prod-svoe-vino-strapi/prod-svoe-vino/strapi/uploads/image_15_05_26_10_18_f027bf0ee2.webp,
dataset/uploads_root/prod-svoe-vino-strapi/prod-svoe-vino/strapi/uploads/image_15_05_26_11_02_242fc071fb.webp,
dataset/uploads_root/prod-svoe-vino-strapi/prod-svoe-vino/strapi/uploads/image_15_06_26_08_11_600345b1ac.webp,
dataset/uploads_root/prod-svoe-vino-strapi/prod-svoe-vino/strapi/uploads/image_16_03_26_07_48_65c0cb0786.webp,
dataset/uploads_root/prod-svoe-vino-strapi/prod-svoe-vino/strapi/uploads/image_16_03_26_08_02_1_7d4e08fa62.webp,
dataset/uploads_root/prod-svoe-vino-strapi/prod-svoe-vino/strapi/uploads/image_16_03_26_08_02_2_b262813908.webp,
dataset/uploads_root/prod-svoe-vino-strapi/prod-svoe-vino/strapi/uploads/image_16_03_26_08_02_2_c899907132.webp,
dataset/uploads_root/prod-svoe-vino-strapi/prod-svoe-vino/strapi/uploads/image_16_03_26_08_02_3a46a962e1.webp,
dataset/uploads_root/prod-svoe-vino-strapi/prod-svoe-vino/strapi/uploads/image_16_03_26_08_11_2_6c7bae562d.webp,
dataset/uploads_root/prod-svoe-vino-strapi/prod-svoe-vino/strapi/uploads/image_16_03_26_10_33_26fec3f5b2.webp,
dataset/uploads_root/prod-svoe-vino-strapi/prod-svoe-vino/strapi/uploads/image_16_03_26_11_50_92c028ac79.webp,
dataset/uploads_root/prod-svoe-vino-strapi/prod-svoe-vino/strapi/uploads/image_16_03_26_12_21_1_70aa323e47.webp,
dataset/uploads_root/prod-svoe-vino-strapi/prod-svoe-vino/strapi/uploads/image_16_06_26_10_39_1_75cbe4c61c.webp,
dataset/uploads_root/prod-svoe-vino-strapi/prod-svoe-vino/strapi/uploads/image_16_06_26_11_19_016e6572ec.webp,
dataset/uploads_root/prod-svoe-vino-strapi/prod-svoe-vino/strapi/uploads/image_16_07_26_07_49_f8a7c419ee.webp,
dataset/uploads_root/prod-svoe-vino-strapi/prod-svoe-vino/strapi/uploads/image_1784351684853_1_5ff6c25439.webp,
dataset/uploads_root/prod-svoe-vino-strapi/prod-svoe-vino/strapi/uploads/image_17_03_26_12_08_f5905013c2.webp,
dataset/uploads_root/prod-svoe-vino-strapi/prod-svoe-vino/strapi/uploads/image_17_06_26_10_33_6fb3827cba.webp,
dataset/uploads_root/prod-svoe-vino-strapi/prod-svoe-vino/strapi/uploads/image_18_04_26_08_38_6931facfc9.webp,
dataset/uploads_root/prod-svoe-vino-strapi/prod-svoe-vino/strapi/uploads/image_18_04_26_09_49_2_0802840f11.webp,
dataset/uploads_root/prod-svoe-vino-strapi/prod-svoe-vino/strapi/uploads/image_18_06_26_06_15_b1478dd5b3.webp,
dataset/uploads_root/prod-svoe-vino-strapi/prod-svoe-vino/strapi/uploads/image_19_04_26_05_14_2d8f99eda4.webp,
dataset/uploads_root/prod-svoe-vino-strapi/prod-svoe-vino/strapi/uploads/image_19_06_26_10_04_2_bebdc3683e.webp,
dataset/uploads_root/prod-svoe-vino-strapi/prod-svoe-vino/strapi/uploads/image_19_06_26_10_04_bf7a46a7db.webp,
dataset/uploads_root/prod-svoe-vino-strapi/prod-svoe-vino/strapi/uploads/image_20_03_26_01_01_1_d6e4ac0f7c.webp,
dataset/uploads_root/prod-svoe-vino-strapi/prod-svoe-vino/strapi/uploads/image_20_03_26_01_01_e56ea99ff7.webp,
dataset/uploads_root/prod-svoe-vino-strapi/prod-svoe-vino/strapi/uploads/image_20_03_26_03_54_7ea71bdbbc.webp,
dataset/uploads_root/prod-svoe-vino-strapi/prod-svoe-vino/strapi/uploads/image_20_04_26_03_28_7e73360405.webp,
dataset/uploads_root/prod-svoe-vino-strapi/prod-svoe-vino/strapi/uploads/image_20_06_26_08_42_36b7f9d7ae.webp,
dataset/uploads_root/prod-svoe-vino-strapi/prod-svoe-vino/strapi/uploads/image_20_06_26_08_42_a89171f65a.webp,
dataset/uploads_root/prod-svoe-vino-strapi/prod-svoe-vino/strapi/uploads/image_20_06_26_08_57_0ab09a0b85.webp,
dataset/uploads_root/prod-svoe-vino-strapi/prod-svoe-vino/strapi/uploads/image_20_06_26_08_57_1932aeb173.webp,
dataset/uploads_root/prod-svoe-vino-strapi/prod-svoe-vino/strapi/uploads/image_20_06_26_08_57_3d49ce98c5.webp,
dataset/uploads_root/prod-svoe-vino-strapi/prod-svoe-vino/strapi/uploads/image_20_06_26_08_57_c39e32651e.webp,
dataset/uploads_root/prod-svoe-vino-strapi/prod-svoe-vino/strapi/uploads/image_21_06_26_04_41_1_2419e784a3.webp,
dataset/uploads_root/prod-svoe-vino-strapi/prod-svoe-vino/strapi/uploads/image_21_06_26_04_41_ce9ae14c69.webp,
dataset/uploads_root/prod-svoe-vino-strapi/prod-svoe-vino/strapi/uploads/image_21_06_26_05_20_1_349a1694da.webp,
dataset/uploads_root/prod-svoe-vino-strapi/prod-svoe-vino/strapi/uploads/image_21_06_26_05_20_32f737d0b1.webp,
dataset/uploads_root/prod-svoe-vino-strapi/prod-svoe-vino/strapi/uploads/image_22_04_26_12_48_1_3142bc78f6.webp,
dataset/uploads_root/prod-svoe-vino-strapi/prod-svoe-vino/strapi/uploads/image_22_04_26_12_48_d08ce027e7.webp,
dataset/uploads_root/prod-svoe-vino-strapi/prod-svoe-vino/strapi/uploads/image_22_07_26_04_21_6c7f38cb6b.webp,
dataset/uploads_root/prod-svoe-vino-strapi/prod-svoe-vino/strapi/uploads/image_22_07_26_04_28_ef7f5e4cf8.webp,
dataset/uploads_root/prod-svoe-vino-strapi/prod-svoe-vino/strapi/uploads/image_23_03_26_08_53_3543c52a26.webp,
dataset/uploads_root/prod-svoe-vino-strapi/prod-svoe-vino/strapi/uploads/image_23_04_26_01_56_2572d83555.webp,
dataset/uploads_root/prod-svoe-vino-strapi/prod-svoe-vino/strapi/uploads/image_23_06_26_01_05_2cb1a335ed.webp,
dataset/uploads_root/prod-svoe-vino-strapi/prod-svoe-vino/strapi/uploads/image_23_06_26_12_27_cce2794e64.webp,
dataset/uploads_root/prod-svoe-vino-strapi/prod-svoe-vino/strapi/uploads/image_24_08_26_05_55_bd28a521b0.webp,
dataset/uploads_root/prod-svoe-vino-strapi/prod-svoe-vino/strapi/uploads/image_24_08_26_06_24_fcee583ea5.webp,
dataset/uploads_root/prod-svoe-vino-strapi/prod-svoe-vino/strapi/uploads/image_25_05_26_11_06_3fcb0fab54.webp,
dataset/uploads_root/prod-svoe-vino-strapi/prod-svoe-vino/strapi/uploads/image_25_06_26_06_12_4ff3832543.webp,
dataset/uploads_root/prod-svoe-vino-strapi/prod-svoe-vino/strapi/uploads/image_25_07_26_06_14_1_d0a117981c.webp,
dataset/uploads_root/prod-svoe-vino-strapi/prod-svoe-vino/strapi/uploads/image_25_07_26_06_14_ddbfd84694.webp,
dataset/uploads_root/prod-svoe-vino-strapi/prod-svoe-vino/strapi/uploads/image_26_06_26_10_24_1_fa2aadf865.webp,
dataset/uploads_root/prod-svoe-vino-strapi/prod-svoe-vino/strapi/uploads/image_26_06_26_10_24_58a202d081.webp,
dataset/uploads_root/prod-svoe-vino-strapi/prod-svoe-vino/strapi/uploads/image_26_06_26_11_49_eb1ae1c28d.webp,
dataset/uploads_root/prod-svoe-vino-strapi/prod-svoe-vino/strapi/uploads/image_27_04_26_04_20_3ad74c1fbd.webp,
dataset/uploads_root/prod-svoe-vino-strapi/prod-svoe-vino/strapi/uploads/image_27_04_26_08_04_1f2c5ed52e.webp,
dataset/uploads_root/prod-svoe-vino-strapi/prod-svoe-vino/strapi/uploads/image_27_04_26_08_04_jpeg_c5fafaf69a.webp,
dataset/uploads_root/prod-svoe-vino-strapi/prod-svoe-vino/strapi/uploads/image_27_04_26_08_33_240c96f879.webp,
dataset/uploads_root/prod-svoe-vino-strapi/prod-svoe-vino/strapi/uploads/image_27_04_26_08_33_ffbee558b3.webp,
dataset/uploads_root/prod-svoe-vino-strapi/prod-svoe-vino/strapi/uploads/image_27_05_26_08_15_1_6a295f21ab.webp,
dataset/uploads_root/prod-svoe-vino-strapi/prod-svoe-vino/strapi/uploads/image_27_06_26_11_01_985cca143c.webp,
dataset/uploads_root/prod-svoe-vino-strapi/prod-svoe-vino/strapi/uploads/image_27_06_26_11_02_6ce35a20b7.webp,
dataset/uploads_root/prod-svoe-vino-strapi/prod-svoe-vino/strapi/uploads/image_27_07_26_01_22_1_e89d5607b7.webp,
dataset/uploads_root/prod-svoe-vino-strapi/prod-svoe-vino/strapi/uploads/image_27_07_26_09_27_3ce772b654.webp,
dataset/uploads_root/prod-svoe-vino-strapi/prod-svoe-vino/strapi/uploads/image_27_08_25_09_17_5_f90a6598ae.webp,
dataset/uploads_root/prod-svoe-vino-strapi/prod-svoe-vino/strapi/uploads/image_28_04_26_05_16_86615a5737.webp,
dataset/uploads_root/prod-svoe-vino-strapi/prod-svoe-vino/strapi/uploads/image_28_05_26_05_44_5a0d288e8b.webp,
dataset/uploads_root/prod-svoe-vino-strapi/prod-svoe-vino/strapi/uploads/image_28_05_26_05_45_2941275627.webp,
dataset/uploads_root/prod-svoe-vino-strapi/prod-svoe-vino/strapi/uploads/image_28_05_26_05_46_04c35f11d4.webp,
dataset/uploads_root/prod-svoe-vino-strapi/prod-svoe-vino/strapi/uploads/image_28_05_26_05_46_b5d98ce6c5.webp,
dataset/uploads_root/prod-svoe-vino-strapi/prod-svoe-vino/strapi/uploads/image_28_06_26_06_41_ea4f01c760.webp,
dataset/uploads_root/prod-svoe-vino-strapi/prod-svoe-vino/strapi/uploads/image_28_06_26_06_42_97b6dc7baa.webp,
dataset/uploads_root/prod-svoe-vino-strapi/prod-svoe-vino/strapi/uploads/image_28_07_26_11_23_52d945d4be.webp,
dataset/uploads_root/prod-svoe-vino-strapi/prod-svoe-vino/strapi/uploads/image_28_07_26_12_14_b06638d16e.webp,
dataset/uploads_root/prod-svoe-vino-strapi/prod-svoe-vino/strapi/uploads/image_28_07_26_12_22_31f12bcc54.webp,
dataset/uploads_root/prod-svoe-vino-strapi/prod-svoe-vino/strapi/uploads/image_28_08_26_05_27_17b20045e1.webp,
dataset/uploads_root/prod-svoe-vino-strapi/prod-svoe-vino/strapi/uploads/image_28_08_26_11_09_1_c8e6756f6b.webp,
dataset/uploads_root/prod-svoe-vino-strapi/prod-svoe-vino/strapi/uploads/image_28_08_26_11_09_c7e18d08b5.webp,
dataset/uploads_root/prod-svoe-vino-strapi/prod-svoe-vino/strapi/uploads/image_29_05_26_02_44_1_4631c2a73d.webp,
dataset/uploads_root/prod-svoe-vino-strapi/prod-svoe-vino/strapi/uploads/image_29_07_26_09_25_2a4b3727f9.webp,
dataset/uploads_root/prod-svoe-vino-strapi/prod-svoe-vino/strapi/uploads/image_30_04_26_01_45_cac071a93b.webp,
dataset/uploads_root/prod-svoe-vino-strapi/prod-svoe-vino/strapi/uploads/image_30_06_26_05_32_ca58ee310d.webp,
dataset/uploads_root/prod-svoe-vino-strapi/prod-svoe-vino/strapi/uploads/image_31_05_26_12_16_e2ec8d6626.webp,
dataset/uploads_root/prod-svoe-vino-strapi/prod-svoe-vino/strapi/uploads/image_31_07_26_12_44_13c824be8b.webp,
dataset/uploads_root/prod-svoe-vino-strapi/prod-svoe-vino/strapi/uploads/image_31_08_26_07_28_04fcc51c13.webp,
dataset/uploads_root/prod-svoe-vino-strapi/prod-svoe-vino/strapi/uploads/image_31_08_26_07_29_1_264b99c501.webp,
dataset/uploads_root/prod-svoe-vino-strapi/prod-svoe-vino/strapi/uploads/image_31_08_26_07_29_e19a3e293b.webp,
dataset/uploads_root/prod-svoe-vino-strapi/prod-svoe-vino/strapi/uploads/image_31_08_26_08_03_506bd9e1d9.webp,
dataset/uploads_root/prod-svoe-vino-strapi/prod-svoe-vino/strapi/uploads/image_31_08_26_10_04_1_2ca46746b3.webp,
dataset/uploads_root/prod-svoe-vino-strapi/prod-svoe-vino/strapi/uploads/image_31_08_26_10_04_2_0daae71ffa.webp,
dataset/uploads_root/prod-svoe-vino-strapi/prod-svoe-vino/strapi/uploads/image_31_08_26_10_04_3_a6fc5a817b.webp,
dataset/uploads_root/prod-svoe-vino-strapi/prod-svoe-vino/strapi/uploads/image_31_08_26_10_04_dd73bcda80.webp,
dataset/uploads_root/prod-svoe-vino-strapi/prod-svoe-vino/strapi/uploads/image_31_08_26_10_19_da3289f17d.webp,
dataset/uploads_root/prod-svoe-vino-strapi/prod-svoe-vino/strapi/uploads/image_68_75a0487bc3.webp,
dataset/uploads_root/prod-svoe-vino-strapi/prod-svoe-vino/strapi/uploads/images_1_1e96c065ad.webp,
dataset/uploads_root/prod-svoe-vino-strapi/prod-svoe-vino/strapi/uploads/images_1_6738dd5b2a.webp,
dataset/uploads_root/prod-svoe-vino-strapi/prod-svoe-vino/strapi/uploads/images_1_81e6525f2f.webp,
dataset/uploads_root/prod-svoe-vino-strapi/prod-svoe-vino/strapi/uploads/images_1_88f0f43cb7.webp,
dataset/uploads_root/prod-svoe-vino-strapi/prod-svoe-vino/strapi/uploads/images_2_feb0c3cf3e.webp,
dataset/uploads_root/prod-svoe-vino-strapi/prod-svoe-vino/strapi/uploads/images_546f2a0262.webp,
dataset/uploads_root/prod-svoe-vino-strapi/prod-svoe-vino/strapi/uploads/images_5e397a4879.webp,
dataset/uploads_root/prod-svoe-vino-strapi/prod-svoe-vino/strapi/uploads/images_87efad7511.webp,
dataset/uploads_root/prod-svoe-vino-strapi/prod-svoe-vino/strapi/uploads/images_9d956d4d08.webp,
dataset/uploads_root/prod-svoe-vino-strapi/prod-svoe-vino/strapi/uploads/images_a9790f32c8.webp,
dataset/uploads_root/prod-svoe-vino-strapi/prod-svoe-vino/strapi/uploads/images_e74a93f78c.webp,
dataset/uploads_root/prod-svoe-vino-strapi/prod-svoe-vino/strapi/uploads/imenie_sikory_gerts_kaberne_sovinon_krasnoe_suhoe_vyderzhannoe_14_c875bac299.webp,imenie-sikory-gerts-kaberne-sovinon-krasnoe-suhoe-14
dataset/uploads_root/prod-svoe-vino-strapi/prod-svoe-vino/strapi/uploads/imenie_sikory_gerts_sikory_kaberne_sovinon_krasnoe_suhoe_14_2dc7c653fd.webp,imenie-sikory-gerts-sikory-kaberne-sovinon-krasnoe-suhoe-14
dataset/uploads_root/prod-svoe-vino-strapi/prod-svoe-vino/strapi/uploads/imenie_sikory_kaberne_fran_roze_rozovoe_suhoe_13_4f0044a40b.webp,imenie-sikory-kaberne-fran-roze-rozovoe-suhoe-13
dataset/uploads_root/prod-svoe-vino-strapi/prod-svoe-vino/strapi/uploads/imenie_sikory_kaberne_fran_sikory_rozovoe_suhoe_13_734a89a002.webp,imenie-sikory-kaberne-fran-sikory-rozovoe-suhoe-13
dataset/uploads_root/prod-svoe-vino-strapi/prod-svoe-vino/strapi/uploads/imenie_sikory_kaberne_sovinon_semeynyy_rezerv_krasnoe_suhoe_vyderzhannoe_14_dc4aa1ddb5.webp,imenie-sikory-kaberne-sovinon-semeynyy-rezerv-krasnoe-suhoe-14
dataset/uploads_root/prod-svoe-vino-strapi/prod-svoe-vino/strapi/uploads/imenie_sikory_krasnostop_zolotovskiy_na_terrasah_krasnoe_suhoe_14_93b75eb2a0.webp,imenie-sikory-krasnostop-zolotovskiy-na-terrasah-krasnoe-suhoe-14
dataset/uploads_root/prod-svoe-vino-strapi/prod-svoe-vino/strapi/uploads/imenie_sikory_krasnostop_zolotovskiy_na_terrasah_rozovoe_suhoe_13_fd7deda788.webp,imenie-sikory-krasnostop-zolotovskiy-na-terrasah-rozovoe-suhoe-13
dataset/uploads_root/prod-svoe-vino-strapi/prod-svoe-vino/strapi/uploads/imenie_sikory_krasnostop_zolotovskiy_pozdniy_sbor_rozovoe_sladkoe_13_305f6270ac.webp,imenie-sikory-krasnostop-zolotovskiy-pozdniy-sbor-rozovoe-sladkoe-13
dataset/uploads_root/prod-svoe-vino-strapi/prod-svoe-vino/strapi/uploads/imenie_sikory_merlo_semeynyy_rezerv_krasnoe_suhoe_vyderzhannoe_14_ddcc4b5b79.webp,imenie-sikory-merlo-semeynyy-rezerv-krasnoe-suhoe-14
dataset/uploads_root/prod-svoe-vino-strapi/prod-svoe-vino/strapi/uploads/imenie_sikory_merlo_sikory_krasnoe_suhoe_13_962d1b82f9.webp,imenie-sikory-merlo-sikory-krasnoe-suhoe-13
dataset/uploads_root/prod-svoe-vino-strapi/prod-svoe-vino/strapi/uploads/imenie_sikory_pino_nuar_semeynyy_rezerv_krasnoe_suhoe_14_e1d961aa68.webp,imenie-sikory-pino-nuar-semeynyy-rezerv-krasnoe-suhoe-14
dataset/uploads_root/prod-svoe-vino-strapi/prod-svoe-vino/strapi/uploads/imenie_sikory_pino_nuar_sikory_krasnoe_suhoe_14_4a36d13ce1.webp,imenie-sikory-pino-nuar-sikory-krasnoe-suhoe-14
dataset/uploads_root/prod-svoe-vino-strapi/prod-svoe-vino/strapi/uploads/imenie_sikory_risling_pozdniy_sbor_beloe_sladkoe_13_e60898ab3b.webp,imenie-sikory-risling-pozdniy-sbor-beloe-sladkoe-13
dataset/uploads_root/prod-svoe-vino-strapi/prod-svoe-vino/strapi/uploads/imenie_sikory_risling_semeynyy_rezerv_beloe_suhoe_13_3ef1716553.webp,imenie-sikory-risling-semeynyy-rezerv-beloe-suhoe-13
dataset/uploads_root/prod-svoe-vino-strapi/prod-svoe-vino/strapi/uploads/imenie_sikory_risling_semeynyy_rezerv_risling_reynskiy_beloe_suhoe_vyderzhannoe_13_045b648555.webp,imenie-sikory-risling-semeynyy-rezerv-risling-reynskiy-beloe-suhoe-13
dataset/uploads_root/prod-svoe-vino-strapi/prod-svoe-vino/strapi/uploads/imenie_sikory_risling_sikory_beloe_suhoe_13_08744b4e75.webp,imenie-sikory-risling-sikory-beloe-suhoe-13
dataset/uploads_root/prod-svoe-vino-strapi/prod-svoe-vino/strapi/uploads/imenie_sikory_semeynoe_nasledie_kaberne_sovinon_krasnoe_suhoe_vyderzhannoe_14_acacce2336.webp,imenie-sikory-semeynoe-nasledie-kaberne-sovinon-krasnoe-suhoe-14
dataset/uploads_root/prod-svoe-vino-strapi/prod-svoe-vino/strapi/uploads/imenie_sikory_shardone_semeynyy_rezerv_beloe_suhoe_13_35f37fda1f.webp,imenie-sikory-shardone-semeynyy-rezerv-beloe-suhoe-13
dataset/uploads_root/prod-svoe-vino-strapi/prod-svoe-vino/strapi/uploads/imenie_sikory_shardone_sikory_beloe_suhoe_13_5bf321c065.webp,imenie-sikory-shardone-sikory-beloe-suhoe-13
dataset/uploads_root/prod-svoe-vino-strapi/prod-svoe-vino/strapi/uploads/imenie_sikory_sovinon_blan_semeynyy_rezerv_beloe_suhoe_13_8902a3f131.webp,imenie-sikory-sovinon-blan-semeynyy-rezerv-beloe-suhoe-13
dataset/uploads_root/prod-svoe-vino-strapi/prod-svoe-vino/strapi/uploads/imenie_sikory_sovinon_blan_sikory_beloe_suhoe_13_534c3bb3a0.webp,imenie-sikory-sovinon-blan-sikory-beloe-suhoe-13
dataset/uploads_root/prod-svoe-vino-strapi/prod-svoe-vino/strapi/uploads/img_006_376b449f66.webp,
dataset/uploads_root/prod-svoe-vino-strapi/prod-svoe-vino/strapi/uploads/img_007_2c1c362874.webp,
dataset/uploads_root/prod-svoe-vino-strapi/prod-svoe-vino/strapi/uploads/img_015_fa1d182896.webp,
dataset/uploads_root/prod-svoe-vino-strapi/prod-svoe-vino/strapi/uploads/inkermanskiy_zmv_inkerman_bryut_rkatsiteli_beloe_12_d9607fd400.webp,inkermanskiy-zmv-inkerman-bryut-rkatsiteli-beloe-12
dataset/uploads_root/prod-svoe-vino-strapi/prod-svoe-vino/strapi/uploads/inkermanskiy_zmv_inkerman_bryut_shardone_igristoe_bryut_beloe_135_e40fffb0b1.webp,inkermanskiy-zmv-inkerman-bryut-shardone-beloe-135
dataset/uploads_root/prod-svoe-vino-strapi/prod-svoe-vino/strapi/uploads/inkermanskiy_zmv_inkerman_muskat_polusladkoe_beloe_13_7b92ce68f8.webp,inkermanskiy-zmv-inkerman-muskat-polusladkoe-beloe-13
dataset/uploads_root/prod-svoe-vino-strapi/prod-svoe-vino/strapi/uploads/inkermanskiy_zmv_inkerman_pino_blan_zero_dozazh_beloe_ekstra_bryut_12_8502401e55.webp,inkermanskiy-zmv-inkerman-pino-blan-zero-dozazh-beloe-ekstra-bryut-12
dataset/uploads_root/prod-svoe-vino-strapi/prod-svoe-vino/strapi/uploads/inkermanskiy_zmv_inkerman_polusladkoe_rkatsiteli_beloe_13_5e5f1aa9c4.webp,inkermanskiy-zmv-inkerman-polusladkoe-rkatsiteli-beloe-13
dataset/uploads_root/prod-svoe-vino-strapi/prod-svoe-vino/strapi/uploads/inkermanskiy_zmv_inkerman_polusladkoe_roze_aligote_igristoe_polusladkoe_rozovoe_135_1956dabf85.webp,inkermanskiy-zmv-inkerman-polusladkoe-roze-aligote-rozovoe-135
dataset/uploads_root/prod-svoe-vino-strapi/prod-svoe-vino/strapi/uploads/inkermanskiy_zmv_inkerman_roze_zero_dozazh_kokur_rozovoe_ekstra_bryut_12_2c38685dfc.webp,inkermanskiy-zmv-inkerman-roze-zero-dozazh-kokur-rozovoe-ekstra-bryut-12
dataset/uploads_root/prod-svoe-vino-strapi/prod-svoe-vino/strapi/uploads/inkermanskiy_zmv_inkerman_rozovoe_polusladkoe_rkatsiteli_12_2cbe882a16.webp,inkermanskiy-zmv-inkerman-rozovoe-polusladkoe-rkatsiteli-12
dataset/uploads_root/prod-svoe-vino-strapi/prod-svoe-vino/strapi/uploads/inkermanskiy_zmv_kokur_belyy_ekstra_bryut_igristoe_ekstra_bryut_beloe_135_742967a765.webp,inkermanskiy-zmv-kokur-belyy-ekstra-bryut-beloe-135
dataset/uploads_root/prod-svoe-vino-strapi/prod-svoe-vino/strapi/uploads/inkermanskiy_zmv_special_reserve_rkatsiteli_beloe_suhoe_vyderzhannoe_13_0f63a24569.webp,inkermanskiy-zmv-special-reserve-rkatsiteli-beloe-suhoe-13
dataset/uploads_root/prod-svoe-vino-strapi/prod-svoe-vino/strapi/uploads/inkermanskiy_zmv_winemakers_selection_saperavi_igristoe_polusladkoe_krasnoe_12_b8254979b2.webp,inkermanskiy-zmv-winemakers-selection-saperavi-krasnoe-polusladkoe-12
dataset/uploads_root/prod-svoe-vino-strapi/prod-svoe-vino/strapi/uploads/ispan_ii_041f15aa1a.webp,
dataset/uploads_root/prod-svoe-vino-strapi/prod-svoe-vino/strapi/uploads/ital_ii_4f47fc0a9b.webp,
dataset/uploads_root/prod-svoe-vino-strapi/prod-svoe-vino/strapi/uploads/italy_barista_anna_possi_21112025_01_1763735427_68febf3f37.webp,
dataset/uploads_root/prod-svoe-vino-strapi/prod-svoe-vino/strapi/uploads/iuywqnlqxuhun5cxpyjmhiltgfzyr5bl_07f35de7b5.webp,
dataset/uploads_root/prod-svoe-vino-strapi/prod-svoe-vino/strapi/uploads/ivan_ksenia_kruz_argonne_chardonay_shardone_beloe_suhoe_127_d4a21f7bc6.webp,ivan-ksenia-kruz-argonne-chardonay-shardone-beloe-suhoe-127
dataset/uploads_root/prod-svoe-vino-strapi/prod-svoe-vino/strapi/uploads/ivan_ksenia_kruz_argonne_pinot_noir_pino_nuar_rozovoe_suhoe_122_956b877f5c.webp,ivan-ksenia-kruz-argonne-pinot-noir-pino-nuar-rozovoe-suhoe-122
dataset/uploads_root/prod-svoe-vino-strapi/prod-svoe-vino/strapi/uploads/ivan_ksenia_kruz_argonne_riesling_risling_beloe_suhoe_119_7c2a4d6ca1.webp,ivan-ksenia-kruz-argonne-riesling-risling-beloe-suhoe-119
dataset/uploads_root/prod-svoe-vino-strapi/prod-svoe-vino/strapi/uploads/ivan_ksenia_kruz_argonne_sauvignon_blanc_sovinon_blan_beloe_suhoe_115_e25c7aa235.webp,ivan-ksenia-kruz-argonne-sauvignon-blanc-sovinon-blan-beloe-suhoe-115
dataset/uploads_root/prod-svoe-vino-strapi/prod-svoe-vino/strapi/uploads/ivan_ksenia_kruz_argonne_syrah_sira_krasnoe_suhoe_124_9d92c7e4ae.webp,ivan-ksenia-kruz-argonne-syrah-sira-krasnoe-suhoe-124
dataset/uploads_root/prod-svoe-vino-strapi/prod-svoe-vino/strapi/uploads/ivan_lipko_3137c888b3.webp,
dataset/uploads_root/prod-svoe-vino-strapi/prod-svoe-vino/strapi/uploads/izozx6nv6mtk915debj9kwk8d08txaou_1bfdd8b186.webp,
dataset/uploads_root/prod-svoe-vino-strapi/prod-svoe-vino/strapi/uploads/jch166xas825xpjkdnoo0zrbrsdlg815_06ce10a133.webp,
dataset/uploads_root/prod-svoe-vino-strapi/prod-svoe-vino/strapi/uploads/jch166xas825xpjkdnoo0zrbrsdlg815_16e30153a2.webp,mancopia-saperavi
dataset/uploads_root/prod-svoe-vino-strapi/prod-svoe-vino/strapi/uploads/jwfz7urcks7eam5k34zxwku1wxz88kkd_29a9e03cbf.webp,uva-vallis-sira
dataset/uploads_root/prod-svoe-vino-strapi/prod-svoe-vino/strapi/uploads/k_Ot_Rtt_C_Jv_P1_R7j_P_1775199321_a3cb38eb82.webp,agora-rosa-viva-muscat
dataset/uploads_root/prod-svoe-vino-strapi/prod-svoe-vino/strapi/uploads/k_state_kto_izobrel_shampanskoe1_b90d6f525b.webp,
dataset/uploads_root/prod-svoe-vino-strapi/prod-svoe-vino/strapi/uploads/kab_fran_e07141fa76.webp,kaberne-fran
dataset/uploads_root/prod-svoe-vino-strapi/prod-svoe-vino/strapi/uploads/kab_sov_9d7c8ac45e.webp,kaberne-sovinon-1
dataset/uploads_root/prod-svoe-vino-strapi/prod-svoe-vino/strapi/uploads/kab_sov_apas_5d86695316.webp,kaberne-sovinon-appasimento
dataset/uploads_root/prod-svoe-vino-strapi/prod-svoe-vino/strapi/uploads/kagor_tamani_no_bg_preview_687edde486.webp,
dataset/uploads_root/prod-svoe-vino-strapi/prod-svoe-vino/strapi/uploads/kak_spasti_vino_44828819f8.webp,
dataset/uploads_root/prod-svoe-vino-strapi/prod-svoe-vino/strapi/uploads/kalos_Limen_788330b338.webp,
dataset/uploads_root/prod-svoe-vino-strapi/prod-svoe-vino/strapi/uploads/kalos_liman_efaf7f6c1c.webp,
dataset/uploads_root/prod-svoe-vino-strapi/prod-svoe-vino/strapi/uploads/kapli_boga_7393ca3338.webp,
dataset/uploads_root/prod-svoe-vino-strapi/prod-svoe-vino/strapi/uploads/kart_007badda50.webp,
dataset/uploads_root/prod-svoe-vino-strapi/prod-svoe-vino/strapi/uploads/kartinka_2_bd1a546c09.webp,
dataset/uploads_root/prod-svoe-vino-strapi/prod-svoe-vino/strapi/uploads/kartinka_dlya_kino_v_yanvare_goriz2_II_93f45a9189.webp,
dataset/uploads_root/prod-svoe-vino-strapi/prod-svoe-vino/strapi/uploads/kartinka_dlya_kino_v_yanvare_goriz_890965a8c2.webp,
dataset/uploads_root/prod-svoe-vino-strapi/prod-svoe-vino/strapi/uploads/kataron_bryut_3a1af9a036.webp,katharon-brut
dataset/uploads_root/prod-svoe-vino-strapi/prod-svoe-vino/strapi/uploads/kavisty_i_somele1_8fccc533cf.webp,
dataset/uploads_root/prod-svoe-vino-strapi/prod-svoe-vino/strapi/uploads/kavisty_i_somele3_3bad0aded7.webp,
dataset/uploads_root/prod-svoe-vino-strapi/prod-svoe-vino/strapi/uploads/kavkazskaya_kuhnya_0f18f731b5.webp,
dataset/uploads_root/prod-svoe-vino-strapi/prod-svoe-vino/strapi/uploads/kavkazskaya_kuhnya_2bab23577f.png,
dataset/uploads_root/prod-svoe-vino-strapi/prod-svoe-vino/strapi/uploads/kazak_de68fa252f.webp,cosaque-krasnaya-gorka
dataset/uploads_root/prod-svoe-vino-strapi/prod-svoe-vino/strapi/uploads/kddg889v8ngosy0bowokz0j6nbss053i_82abe8ca57.webp,
dataset/uploads_root/prod-svoe-vino-strapi/prod-svoe-vino/strapi/uploads/klient_muzcina_derzit_butylku_krasnogo_vina_krupnym_planom_8ae7ec9ac6.jpg,
dataset/uploads_root/prod-svoe-vino-strapi/prod-svoe-vino/strapi/uploads/klubnika_2e72eefc7a.webp,
dataset/uploads_root/prod-svoe-vino-strapi/prod-svoe-vino/strapi/uploads/km20_d83e208401.webp,
dataset/uploads_root/prod-svoe-vino-strapi/prod-svoe-vino/strapi/uploads/koktebel_a77200b327.webp,
dataset/uploads_root/prod-svoe-vino-strapi/prod-svoe-vino/strapi/uploads/koktejl_Aviacziya_s_dzhinom_9be7c3ffc4.webp,
dataset/uploads_root/prod-svoe-vino-strapi/prod-svoe-vino/strapi/uploads/koktejl_Dzhin_Bezil_Smesh_s_dzhinom_ff4d6427b3.webp,
dataset/uploads_root/prod-svoe-vino-strapi/prod-svoe-vino/strapi/uploads/koktejl_Dzhin_Fizz_s_dzhinom_a420700b2d.webp,
dataset/uploads_root/prod-svoe-vino-strapi/prod-svoe-vino/strapi/uploads/koktejl_Dzhin_Riki_s_dzhinom_5fe34cda6e.webp,
dataset/uploads_root/prod-svoe-vino-strapi/prod-svoe-vino/strapi/uploads/koktejl_Franczuzskij_75_s_dzhinom_f0c28466d0.webp,
dataset/uploads_root/prod-svoe-vino-strapi/prod-svoe-vino/strapi/uploads/koktejl_Klover_Klab_s_dzhinom_6c95dae910.webp,
dataset/uploads_root/prod-svoe-vino-strapi/prod-svoe-vino/strapi/uploads/koktejl_Last_Vord_s_dzhinom_0c63c00f85.webp,
dataset/uploads_root/prod-svoe-vino-strapi/prod-svoe-vino/strapi/uploads/koktejl_Martini_s_dzhinom_cf465f1d0f.webp,
dataset/uploads_root/prod-svoe-vino-strapi/prod-svoe-vino/strapi/uploads/koktejl_Negroni_s_dzhinom_7cec723789.webp,
dataset/uploads_root/prod-svoe-vino-strapi/prod-svoe-vino/strapi/uploads/koktejl_Sautsajd_s_dzhinom_4d11387435.webp,
dataset/uploads_root/prod-svoe-vino-strapi/prod-svoe-vino/strapi/uploads/koktejl_Tom_Kollinz_b4e3781659.webp,
dataset/uploads_root/prod-svoe-vino-strapi/prod-svoe-vino/strapi/uploads/koktejli_martini_0b7d4243ab.webp,
dataset/uploads_root/prod-svoe-vino-strapi/prod-svoe-vino/strapi/uploads/koktejli_s_dzhinom_273acf0512.webp,
dataset/uploads_root/prod-svoe-vino-strapi/prod-svoe-vino/strapi/uploads/koktejli_s_vodkoj_b0876459a5.webp,
dataset/uploads_root/prod-svoe-vino-strapi/prod-svoe-vino/strapi/uploads/konczertnaya_programma_festival_NARMA_Derbent_2025_3_c284bba133.webp,
dataset/uploads_root/prod-svoe-vino-strapi/prod-svoe-vino/strapi/uploads/konyachnyj_pogreb_6e337180f2.webp,
dataset/uploads_root/prod-svoe-vino-strapi/prod-svoe-vino/strapi/uploads/konyak_8ea1ab764f.webp,
dataset/uploads_root/prod-svoe-vino-strapi/prod-svoe-vino/strapi/uploads/krasivye_shtrihi_e28bedefa1.webp,
dataset/uploads_root/prod-svoe-vino-strapi/prod-svoe-vino/strapi/uploads/krasn_plsh_b83ae42a4f.webp,igristoe-zhemchuzhnoe-vino-polusuhoe-krasnoe-di-kaspiko-fiori-di-mare-di-caspico-fiori-di-mare
dataset/uploads_root/prod-svoe-vino-strapi/prod-svoe-vino/strapi/uploads/krasnogorsk_1b4f09c397.webp,
dataset/uploads_root/prod-svoe-vino-strapi/prod-svoe-vino/strapi/uploads/krasnostop_cca9e0b43e.webp,krasnostop-zolotovskij
dataset/uploads_root/prod-svoe-vino-strapi/prod-svoe-vino/strapi/uploads/krasnostop_dolina_dona_9bd4c7a81b.webp,
dataset/uploads_root/prod-svoe-vino-strapi/prod-svoe-vino/strapi/uploads/krasnye_2_76da881de0.webp,
dataset/uploads_root/prod-svoe-vino-strapi/prod-svoe-vino/strapi/uploads/kreman_9b761a630b.webp,
dataset/uploads_root/prod-svoe-vino-strapi/prod-svoe-vino/strapi/uploads/kreman_oblozhka_7f5305f662.webp,
dataset/uploads_root/prod-svoe-vino-strapi/prod-svoe-vino/strapi/uploads/kremanka_9612993707.webp,
dataset/uploads_root/prod-svoe-vino-strapi/prod-svoe-vino/strapi/uploads/krym_18db39fc91.webp,
dataset/uploads_root/prod-svoe-vino-strapi/prod-svoe-vino/strapi/uploads/krym_c0517ace61.webp,
dataset/uploads_root/prod-svoe-vino-strapi/prod-svoe-vino/strapi/uploads/kuban_3a7a0211ba.webp,
dataset/uploads_root/prod-svoe-vino-strapi/prod-svoe-vino/strapi/uploads/kuban_7b6fca0114.webp,
dataset/uploads_root/prod-svoe-vino-strapi/prod-svoe-vino/strapi/uploads/kuban_vino_71521183cb_790204a81e_b27850f2ba.webp,
dataset/uploads_root/prod-svoe-vino-strapi/prod-svoe-vino/strapi/uploads/kuban_vino_aristov_8_byanko_07_shardone_beloe_suhoe_8_b4ce26c4c3.webp,kuban-vino-aristov-8-byanko-07-shardone-beloe-suhoe-8
dataset/uploads_root/prod-svoe-vino-strapi/prod-svoe-vino/strapi/uploads/kuban_vino_aristov_8_byanko_shardone_beloe_suhoe_8_c4aa32acf7.webp,kuban-vino-aristov-8-byanko-shardone-beloe-suhoe-8
dataset/uploads_root/prod-svoe-vino-strapi/prod-svoe-vino/strapi/uploads/kuban_vino_aristov_8_roze_07_merlo_rozovoe_suhoe_8_59ddc8b8bd.webp,kuban-vino-aristov-8-roze-07-merlo-rozovoe-suhoe-8
dataset/uploads_root/prod-svoe-vino-strapi/prod-svoe-vino/strapi/uploads/kuban_vino_aristov_8_roze_merlo_rozovoe_suhoe_8_a0208632d6.webp,kuban-vino-aristov-8-roze-merlo-rozovoe-suhoe-8
dataset/uploads_root/prod-svoe-vino-strapi/prod-svoe-vino/strapi/uploads/kuban_vino_aristov_amata_byanko_shardone_beloe_suhoe_125_2c9f48a496.webp,kuban-vino-aristov-amata-byanko-shardone-beloe-suhoe-125
dataset/uploads_root/prod-svoe-vino-strapi/prod-svoe-vino/strapi/uploads/kuban_vino_aristov_amata_rosso_kaberne_sovinon_krasnoe_suhoe_145_40d0ae1b20.webp,kuban-vino-aristov-amata-rosso-kaberne-sovinon-krasnoe-suhoe-145
dataset/uploads_root/prod-svoe-vino-strapi/prod-svoe-vino/strapi/uploads/kuban_vino_aristov_amata_roze_kaberne_sovinon_rozovoe_suhoe_13_520459ddc4.webp,kuban-vino-aristov-amata-roze-kaberne-sovinon-rozovoe-suhoe-13
dataset/uploads_root/prod-svoe-vino-strapi/prod-svoe-vino/strapi/uploads/kuban_vino_aristov_anima_michela_2023_sandzhoveze_krasnoe_suhoe_115_6e5381d827.webp,kuban-vino-aristov-anima-michela-2023-sandzhoveze-krasnoe-suhoe-115
dataset/uploads_root/prod-svoe-vino-strapi/prod-svoe-vino/strapi/uploads/kuban_vino_aristov_anima_pino_gridzhio_beloe_suhoe_12_2b93e769db.webp,kuban-vino-aristov-anima-pino-gridzhio-beloe-suhoe-12
dataset/uploads_root/prod-svoe-vino-strapi/prod-svoe-vino/strapi/uploads/kuban_vino_aristov_anima_pino_gridzhio_blash_rozovoe_suhoe_125_c6ac2c7f10.webp,kuban-vino-aristov-anima-pino-gridzhio-blash-rozovoe-suhoe-125
dataset/uploads_root/prod-svoe-vino-strapi/prod-svoe-vino/strapi/uploads/kuban_vino_aristov_anima_pino_nero_sandzhoveze_pino_nuar_krasnoe_suhoe_125_6fc8b03351.webp,kuban-vino-aristov-anima-pino-nero-sandzhoveze-pino-nuar-krasnoe-suhoe-125
dataset/uploads_root/prod-svoe-vino-strapi/prod-svoe-vino/strapi/uploads/kuban_vino_aristov_byanko_polusladkoe_shardone_beloe_13_4167038d66.webp,kuban-vino-aristov-byanko-polusladkoe-shardone-beloe-13
dataset/uploads_root/prod-svoe-vino-strapi/prod-svoe-vino/strapi/uploads/kuban_vino_aristov_byanko_shardone_beloe_suhoe_13_4ffd5831ff.webp,kuban-vino-aristov-byanko-shardone-beloe-suhoe-13
dataset/uploads_root/prod-svoe-vino-strapi/prod-svoe-vino/strapi/uploads/kuban_vino_aristov_kaberne_sovinon_krasnoe_suhoe_13_5e123aa5be.webp,kuban-vino-aristov-kaberne-sovinon-krasnoe-suhoe-13
dataset/uploads_root/prod-svoe-vino-strapi/prod-svoe-vino/strapi/uploads/kuban_vino_aristov_kaberne_sovinon_roze_2020_rozovoe_suhoe_12_0f93b0dc29.webp,kuban-vino-aristov-kaberne-sovinon-roze-2020-rozovoe-suhoe-12
dataset/uploads_root/prod-svoe-vino-strapi/prod-svoe-vino/strapi/uploads/kuban_vino_aristov_kaberne_sovinon_roze_rozovoe_suhoe_12_486d2e1918.webp,kuban-vino-aristov-kaberne-sovinon-roze-rozovoe-suhoe-12
dataset/uploads_root/prod-svoe-vino-strapi/prod-svoe-vino/strapi/uploads/kuban_vino_aristov_kyuve_aleksandr_blanc_de_blancs_36_shardone_igristoe_ekstra_bryut_beloe_12_8ac9babcfc.webp,kuban-vino-aristov-kyuve-aleksandr-blanc-de-blancs-36-shardone-beloe-ekstra-bryut-12
dataset/uploads_root/prod-svoe-vino-strapi/prod-svoe-vino/strapi/uploads/kuban_vino_aristov_kyuve_aleksandr_millezimato_shardone_igristoe_ekstra_bryut_beloe_12_b2f7daf617.webp,kuban-vino-aristov-kyuve-aleksandr-millezimato-shardone-beloe-ekstra-bryut-12
dataset/uploads_root/prod-svoe-vino-strapi/prod-svoe-vino/strapi/uploads/kuban_vino_aristov_kyuve_aleksandr_rose_de_pinot_pino_nuar_igristoe_ekstra_bryut_rozovoe_12_26aee6560b.webp,kuban-vino-aristov-kyuve-aleksandr-rose-de-pinot-pino-nuar-rozovoe-ekstra-bryut-12
dataset/uploads_root/prod-svoe-vino-strapi/prod-svoe-vino/strapi/uploads/kuban_vino_aristov_risling_beloe_suhoe_115_137cf12705.webp,kuban-vino-aristov-risling-beloe-suhoe-115
dataset/uploads_root/prod-svoe-vino-strapi/prod-svoe-vino/strapi/uploads/kuban_vino_aristov_rosso_polusladkoe_saperavi_krasnoe_13_ed04238b6b.webp,kuban-vino-aristov-rosso-polusladkoe-saperavi-krasnoe-13
dataset/uploads_root/prod-svoe-vino-strapi/prod-svoe-vino/strapi/uploads/kuban_vino_aristov_sandzhoveze_krasnoe_suhoe_13_346f0e6195.webp,kuban-vino-aristov-sandzhoveze-krasnoe-suhoe-13
dataset/uploads_root/prod-svoe-vino-strapi/prod-svoe-vino/strapi/uploads/kuban_vino_aristov_shardone_318_beloe_suhoe_115_da1c20930f.webp,kuban-vino-aristov-shardone-318-beloe-suhoe-115
dataset/uploads_root/prod-svoe-vino-strapi/prod-svoe-vino/strapi/uploads/kuban_vino_aristov_tsvaygelt_320_rozovoe_suhoe_125_42f977144e.webp,kuban-vino-aristov-tsvaygelt-320-rozovoe-suhoe-125
dataset/uploads_root/prod-svoe-vino-strapi/prod-svoe-vino/strapi/uploads/kuban_vino_aristov_verde_muskat_beloe_polusuhoe_11_3240688a5c.webp,kuban-vino-aristov-verde-muskat-beloe-polusuhoe-11
dataset/uploads_root/prod-svoe-vino-strapi/prod-svoe-vino/strapi/uploads/kuban_vino_flyor_dyu_syud_blan_de_tamane_tsvetochnyy_beloe_suhoe_115_bbb18fb1e2.webp,kuban-vino-flyor-dyu-syud-blan-de-tamane-tsvetochnyy-beloe-suhoe-115
dataset/uploads_root/prod-svoe-vino-strapi/prod-svoe-vino/strapi/uploads/kuban_vino_flyor_dyu_syud_roze_de_tamane_traminer_rozovyy_rozovoe_suhoe_125_7be05745b7.webp,kuban-vino-flyor-dyu-syud-roze-de-tamane-traminer-rozovyy-rozovoe-suhoe-125
dataset/uploads_root/prod-svoe-vino-strapi/prod-svoe-vino/strapi/uploads/kuban_vino_flyor_dyu_syud_ruzh_de_tamane_rubin_golodrigi_krasnoe_suhoe_12_c3a85b7901.webp,kuban-vino-flyor-dyu-syud-ruzh-de-tamane-rubin-golodrigi-krasnoe-suhoe-12
dataset/uploads_root/prod-svoe-vino-strapi/prod-svoe-vino/strapi/uploads/kuban_vino_kaberne_de_tamane_kaberne_sovinon_krasnoe_suhoe_125_d65b4385ed.webp,kuban-vino-kaberne-de-tamane-kaberne-sovinon-krasnoe-suhoe-125
dataset/uploads_root/prod-svoe-vino-strapi/prod-svoe-vino/strapi/uploads/kuban_vino_krasnostop_de_tamane_krasnostop_anapskiy_krasnoe_suhoe_13_84762b109b.webp,kuban-vino-krasnostop-de-tamane-krasnostop-anapskiy-krasnoe-suhoe-13
dataset/uploads_root/prod-svoe-vino-strapi/prod-svoe-vino/strapi/uploads/kuban_vino_saperavi_de_tamane_krasnoe_suhoe_125_66c688690c.webp,kuban-vino-saperavi-de-tamane-krasnoe-suhoe-125
dataset/uploads_root/prod-svoe-vino-strapi/prod-svoe-vino/strapi/uploads/kuban_vino_shato_tamane_aligote_beloe_suhoe_13_5af831fbbc.webp,kuban-vino-shato-tamane-aligote-beloe-suhoe-13
dataset/uploads_root/prod-svoe-vino-strapi/prod-svoe-vino/strapi/uploads/kuban_vino_shato_tamane_delikeyt_roze_2024_bianka_rozovoe_suhoe_95_ba22a88d2e.webp,kuban-vino-shato-tamane-delikeyt-roze-2024-bianka-rozovoe-suhoe-95
dataset/uploads_root/prod-svoe-vino-strapi/prod-svoe-vino/strapi/uploads/kuban_vino_shato_tamane_rezerv_kaberne_limited_edishn_2015_kaberne_sovinon_krasnoe_suhoe_13_ba74d4f88e.webp,kuban-vino-shato-tamane-rezerv-kaberne-limited-edishn-2015-kaberne-sovinon-krasnoe-suhoe-13
dataset/uploads_root/prod-svoe-vino-strapi/prod-svoe-vino/strapi/uploads/kuban_vino_shato_tamane_rezerv_kaberne_limited_edishn_2022_kaberne_sovinon_krasnoe_suhoe_14_93a50f2cf1.webp,kuban-vino-shato-tamane-rezerv-kaberne-limited-edishn-2022-kaberne-sovinon-krasnoe-suhoe-14
dataset/uploads_root/prod-svoe-vino-strapi/prod-svoe-vino/strapi/uploads/kuban_vino_shato_tamane_rezerv_kollekshn_saperavi_2015_krasnoe_suhoe_13_22ef176871.webp,kuban-vino-shato-tamane-rezerv-kollekshn-saperavi-2015-krasnoe-suhoe-13
dataset/uploads_root/prod-svoe-vino-strapi/prod-svoe-vino/strapi/uploads/kuban_vino_shato_tamane_rezerv_kollekshn_shardone_beloe_suhoe_125_94788e57d9.webp,kuban-vino-shato-tamane-rezerv-kollekshn-shardone-beloe-suhoe-125
dataset/uploads_root/prod-svoe-vino-strapi/prod-svoe-vino/strapi/uploads/kuban_vino_shato_tamane_rezerv_krasnostop_krasnostop_anapskiy_krasnoe_suhoe_135_97bb10192f.webp,kuban-vino-shato-tamane-rezerv-krasnostop-krasnostop-anapskiy-krasnoe-suhoe-135
dataset/uploads_root/prod-svoe-vino-strapi/prod-svoe-vino/strapi/uploads/kuban_vino_shato_tamane_rezerv_merlo_limited_edishn_2018_krasnoe_suhoe_125_ca32657ab3.webp,kuban-vino-shato-tamane-rezerv-merlo-limited-edishn-2018-krasnoe-suhoe-125
dataset/uploads_root/prod-svoe-vino-strapi/prod-svoe-vino/strapi/uploads/kuban_vino_shato_tamane_rezerv_myuller_turgau_limited_edishn_2021_beloe_suhoe_12_5454c6baa4.webp,kuban-vino-shato-tamane-rezerv-myuller-turgau-limited-edishn-2021-beloe-suhoe-12
dataset/uploads_root/prod-svoe-vino-strapi/prod-svoe-vino/strapi/uploads/kuban_vino_shato_tamane_rezerv_myuller_turgau_limited_edishn_beloe_suhoe_13_0155273bff.webp,kuban-vino-shato-tamane-rezerv-myuller-turgau-limited-edishn-beloe-suhoe-13
dataset/uploads_root/prod-svoe-vino-strapi/prod-svoe-vino/strapi/uploads/kuban_vino_shato_tamane_rezerv_premer_ruzh_kaberne_sovinon_krasnoe_suhoe_13_e883e5bf18.webp,kuban-vino-shato-tamane-rezerv-premer-ruzh-kaberne-sovinon-krasnoe-suhoe-13
dataset/uploads_root/prod-svoe-vino-strapi/prod-svoe-vino/strapi/uploads/kuban_vino_shato_tamane_rezerv_red_blend_kaberne_sovinon_krasnoe_suhoe_125_6efe35b973.webp,kuban-vino-shato-tamane-rezerv-red-blend-kaberne-sovinon-krasnoe-suhoe-125
dataset/uploads_root/prod-svoe-vino-strapi/prod-svoe-vino/strapi/uploads/kuban_vino_shato_tamane_rkatsiteli_myuller_turgau_shardone_2025_beloe_suhoe_12_a4e548cd8e.webp,kuban-vino-shato-tamane-rkatsiteli-myuller-turgau-shardone-2025-beloe-suhoe-12
dataset/uploads_root/prod-svoe-vino-strapi/prod-svoe-vino/strapi/uploads/kuban_vino_shato_tamane_ruzh_2023_tsvaygelt_krasnoe_suhoe_12_39edda6f34.webp,kuban-vino-shato-tamane-ruzh-2023-tsvaygelt-krasnoe-suhoe-12
dataset/uploads_root/prod-svoe-vino-strapi/prod-svoe-vino/strapi/uploads/kuban_vino_shato_tamane_selekt_oranzh_tsitronnyy_magaracha_oranzhevoe_suhoe_135_4e83f61d0a.webp,kuban-vino-shato-tamane-selekt-oranzh-tsitronnyy-magaracha-oranzhevoe-suhoe-135
dataset/uploads_root/prod-svoe-vino-strapi/prod-svoe-vino/strapi/uploads/kuban_vino_shato_tamane_selekt_ruzh_saperavi_krasnoe_suhoe_125_0e518aaf8c.webp,kuban-vino-shato-tamane-selekt-ruzh-saperavi-krasnoe-suhoe-125
dataset/uploads_root/prod-svoe-vino-strapi/prod-svoe-vino/strapi/uploads/kuban_vino_shato_tamane_shardone_beloe_suhoe_12_93dd8fa05c.webp,kuban-vino-shato-tamane-shardone-beloe-suhoe-12
dataset/uploads_root/prod-svoe-vino-strapi/prod-svoe-vino/strapi/uploads/kuban_vino_shato_tamane_terruar_krasnostop_saperavi_2022_krasnoe_suhoe_125_2e0c0b569c.webp,kuban-vino-shato-tamane-terruar-krasnostop-saperavi-2022-krasnoe-suhoe-125
dataset/uploads_root/prod-svoe-vino-strapi/prod-svoe-vino/strapi/uploads/kuban_vino_shato_tamane_terruar_krasnostop_saperavi_2023_krasnoe_suhoe_125_ebc334a55f.webp,kuban-vino-shato-tamane-terruar-krasnostop-saperavi-2023-krasnoe-suhoe-125
dataset/uploads_root/prod-svoe-vino-strapi/prod-svoe-vino/strapi/uploads/kuban_vino_vysokiy_bereg_grafit_roze_kaberne_sovinon_rozovoe_suhoe_12_1d75bb3149.webp,kuban-vino-vysokiy-bereg-grafit-roze-kaberne-sovinon-rozovoe-suhoe-12
dataset/uploads_root/prod-svoe-vino-strapi/prod-svoe-vino/strapi/uploads/kuban_vino_vysokiy_bereg_merlo_krasnoe_suhoe_135_d7f7724ccd.webp,kuban-vino-vysokiy-bereg-merlo-krasnoe-suhoe-135
dataset/uploads_root/prod-svoe-vino-strapi/prod-svoe-vino/strapi/uploads/kuban_vino_vysokiy_bereg_myuller_turgau_beloe_suhoe_13_5cc1c08279.webp,kuban-vino-vysokiy-bereg-myuller-turgau-beloe-suhoe-13
dataset/uploads_root/prod-svoe-vino-strapi/prod-svoe-vino/strapi/uploads/kuhni_narodov_mira_0453366828.png,
dataset/uploads_root/prod-svoe-vino-strapi/prod-svoe-vino/strapi/uploads/kuhni_narodov_mira_3c04fdacff.webp,
dataset/uploads_root/prod-svoe-vino-strapi/prod-svoe-vino/strapi/uploads/kviz2_8c2d7000af.webp,
dataset/uploads_root/prod-svoe-vino-strapi/prod-svoe-vino/strapi/uploads/kviz2_cc84a09e8f.webp,
dataset/uploads_root/prod-svoe-vino-strapi/prod-svoe-vino/strapi/uploads/kviz_ace911475e.webp,
dataset/uploads_root/prod-svoe-vino-strapi/prod-svoe-vino/strapi/uploads/l59pe0su0pymog45ox0j6z9ojqincz8w_f1d9ec3110.png,
dataset/uploads_root/prod-svoe-vino-strapi/prod-svoe-vino/strapi/uploads/le_k2_a1ab003b4c.webp,
dataset/uploads_root/prod-svoe-vino-strapi/prod-svoe-vino/strapi/uploads/le_k2_kamenolomnya_sira_krasnoe_suhoe_145_36f41af0e8.webp,le-k2-kamenolomnya-sira-krasnoe-suhoe-145
dataset/uploads_root/prod-svoe-vino-strapi/prod-svoe-vino/strapi/uploads/le_k2_pino_nuar_pi_krasnoe_suhoe_133_12e71c8c98.webp,le-k2-pino-nuar-pi-krasnoe-suhoe-133
dataset/uploads_root/prod-svoe-vino-strapi/prod-svoe-vino/strapi/uploads/le_k2_temnaya_roza_sira_rozovoe_suhoe_13_80e154d18a.webp,le-k2-temnaya-roza-sira-rozovoe-suhoe-13
dataset/uploads_root/prod-svoe-vino-strapi/prod-svoe-vino/strapi/uploads/le_k2_v_glubine_shardone_beloe_suhoe_13_4f4151b39f.webp,le-k2-v-glubine-shardone-beloe-suhoe-13
dataset/uploads_root/prod-svoe-vino-strapi/prod-svoe-vino/strapi/uploads/le_k2_v_tumane_sovinon_blan_beloe_suhoe_127_06ecea5c73.webp,le-k2-v-tumane-sovinon-blan-beloe-suhoe-127
dataset/uploads_root/prod-svoe-vino-strapi/prod-svoe-vino/strapi/uploads/le_k2_v_tumane_sovinon_blan_beloe_suhoe_13_8e8145173e.webp,le-k2-v-tumane-sovinon-blan-beloe-suhoe-13
dataset/uploads_root/prod-svoe-vino-strapi/prod-svoe-vino/strapi/uploads/le_k2_vassal_risling_beloe_suhoe_14_19652f8fb4.webp,le-k2-vassal-risling-beloe-suhoe-14
dataset/uploads_root/prod-svoe-vino-strapi/prod-svoe-vino/strapi/uploads/le_k2_vassal_risling_reynskiy_beloe_suhoe_14_28e38009b0.webp,le-k2-vassal-risling-reynskiy-beloe-suhoe-14
dataset/uploads_root/prod-svoe-vino-strapi/prod-svoe-vino/strapi/uploads/le_k_2_sov_blan_efdcbf43fa.webp,
dataset/uploads_root/prod-svoe-vino-strapi/prod-svoe-vino/strapi/uploads/lefcadia_1_4_1508e7d04f.webp,
dataset/uploads_root/prod-svoe-vino-strapi/prod-svoe-vino/strapi/uploads/legato_legato_kaberne_fran_krasnoe_suhoe_14_a59d99f1f0.webp,legato-legato-kaberne-fran-krasnoe-suhoe-14
dataset/uploads_root/prod-svoe-vino-strapi/prod-svoe-vino/strapi/uploads/legato_legato_merlo_krasnoe_suhoe_135_24d962f194.webp,legato-legato-merlo-krasnoe-suhoe-135
dataset/uploads_root/prod-svoe-vino-strapi/prod-svoe-vino/strapi/uploads/legato_legato_pino_nuar_krasnoe_suhoe_135_569c4a919e.webp,legato-legato-pino-nuar-krasnoe-suhoe-135
dataset/uploads_root/prod-svoe-vino-strapi/prod-svoe-vino/strapi/uploads/legato_legato_saperavi_krasnoe_suhoe_14_235a0f876d.webp,legato-legato-saperavi-krasnoe-suhoe-14
dataset/uploads_root/prod-svoe-vino-strapi/prod-svoe-vino/strapi/uploads/legato_legato_shardone_beloe_suhoe_135_5ef41c179f.webp,legato-legato-shardone-beloe-suhoe-135
dataset/uploads_root/prod-svoe-vino-strapi/prod-svoe-vino/strapi/uploads/legato_legato_sovinon_blan_beloe_suhoe_125_2cbc37a644.webp,legato-legato-sovinon-blan-beloe-suhoe-125
dataset/uploads_root/prod-svoe-vino-strapi/prod-svoe-vino/strapi/uploads/legato_legato_sovinon_blan_mtsvane_beloe_suhoe_125_cd868d9a7f.webp,legato-legato-sovinon-blan-mtsvane-beloe-suhoe-125
dataset/uploads_root/prod-svoe-vino-strapi/prod-svoe-vino/strapi/uploads/legkie_zakuski_8e1201184a.png,
dataset/uploads_root/prod-svoe-vino-strapi/prod-svoe-vino/strapi/uploads/legkie_zakuski_e5a2dedbf7.webp,
dataset/uploads_root/prod-svoe-vino-strapi/prod-svoe-vino/strapi/uploads/levokumskoe_beloe_rkatsiteli_beloe_suhoe_10_65a7a71e88.webp,levokumskoe-beloe-rkatsiteli-suhoe-10
dataset/uploads_root/prod-svoe-vino-strapi/prod-svoe-vino/strapi/uploads/levokumskoe_rkatsiteli_beloe_suhoe_10_67ac316dd2.webp,levokumskoe-rkatsiteli-beloe-suhoe-10
dataset/uploads_root/prod-svoe-vino-strapi/prod-svoe-vino/strapi/uploads/levokumskoe_sovinon_blan_beloe_suhoe_10_e7db3ad179.webp,levokumskoe-sovinon-blan-beloe-suhoe-10
dataset/uploads_root/prod-svoe-vino-strapi/prod-svoe-vino/strapi/uploads/load_logo_5ea41d6448.webp,
dataset/uploads_root/prod-svoe-vino-strapi/prod-svoe-vino/strapi/uploads/loco_cimbali_blanc_de_neige_shardone_beloe_suhoe_131_3d85be0763.webp,loco-cimbali-blanc-de-neige-shardone-beloe-suhoe-131
dataset/uploads_root/prod-svoe-vino-strapi/prod-svoe-vino/strapi/uploads/loco_cimbali_kaberne_sovinon_krasnoe_suhoe_146_97d63cb5eb.webp,loco-cimbali-kaberne-sovinon-krasnoe-suhoe-146
dataset/uploads_root/prod-svoe-vino-strapi/prod-svoe-vino/strapi/uploads/loco_cimbali_kuprin_bastardo_magarachskiy_krasnoe_suhoe_138_8c28259c57.webp,loco-cimbali-kuprin-bastardo-magarachskiy-krasnoe-suhoe-138
dataset/uploads_root/prod-svoe-vino-strapi/prod-svoe-vino/strapi/uploads/loco_cimbali_loco_cimbali_pinot_meunier_mene_krasnoe_suhoe_125_bc6731c1b6.webp,loco-cimbali-loco-cimbali-pinot-meunier-mene-krasnoe-suhoe-125
dataset/uploads_root/prod-svoe-vino-strapi/prod-svoe-vino/strapi/uploads/loco_cimbali_loco_cimbali_red_kaberne_sovinon_krasnoe_suhoe_135_591dd06510.webp,loco-cimbali-loco-cimbali-red-kaberne-sovinon-krasnoe-suhoe-135
dataset/uploads_root/prod-svoe-vino-strapi/prod-svoe-vino/strapi/uploads/loco_cimbali_merlo_krasnoe_suhoe_138_810725db96.webp,loco-cimbali-merlo-krasnoe-suhoe-138
dataset/uploads_root/prod-svoe-vino-strapi/prod-svoe-vino/strapi/uploads/loco_cimbali_oranzh_muskat_belyy_beloe_suhoe_129_8e7474bb65.webp,loco-cimbali-oranzh-muskat-belyy-beloe-suhoe-129
dataset/uploads_root/prod-svoe-vino-strapi/prod-svoe-vino/strapi/uploads/loco_cimbali_oranzh_muskat_oranzhevoe_suhoe_127_dc98a21033.webp,loco-cimbali-oranzh-muskat-oranzhevoe-suhoe-127
dataset/uploads_root/prod-svoe-vino-strapi/prod-svoe-vino/strapi/uploads/loco_cimbali_pino_blan_beloe_suhoe_13_8c35d27517.webp,loco-cimbali-pino-blan-beloe-suhoe-13
dataset/uploads_root/prod-svoe-vino-strapi/prod-svoe-vino/strapi/uploads/loco_cimbali_pino_mene_krasnoe_suhoe_115_35912ae0c1.webp,loco-cimbali-pino-mene-krasnoe-suhoe-115
dataset/uploads_root/prod-svoe-vino-strapi/prod-svoe-vino/strapi/uploads/loco_cimbali_pino_nuar_krasnoe_suhoe_126_bf544ab5a0.webp,loco-cimbali-pino-nuar-krasnoe-suhoe-126
dataset/uploads_root/prod-svoe-vino-strapi/prod-svoe-vino/strapi/uploads/loco_cimbali_risling_beloe_suhoe_125_b5c98f4d21.webp,loco-cimbali-risling-beloe-suhoe-125
dataset/uploads_root/prod-svoe-vino-strapi/prod-svoe-vino/strapi/uploads/loco_cimbali_risling_risling_reynskiy_beloe_suhoe_13_18fbb74a2c.webp,loco-cimbali-risling-risling-reynskiy-beloe-suhoe-13
dataset/uploads_root/prod-svoe-vino-strapi/prod-svoe-vino/strapi/uploads/loco_cimbali_rkatsiteli_oranzhevoe_suhoe_13_ebaa76e9a4.webp,loco-cimbali-rkatsiteli-oranzhevoe-suhoe-13
dataset/uploads_root/prod-svoe-vino-strapi/prod-svoe-vino/strapi/uploads/loco_cimbali_shardone_beloe_suhoe_127_c026078677.webp,loco-cimbali-shardone-beloe-suhoe-127
dataset/uploads_root/prod-svoe-vino-strapi/prod-svoe-vino/strapi/uploads/loco_cimbali_shardone_beloe_suhoe_127_c026078677_8f33c95e27.webp,
dataset/uploads_root/prod-svoe-vino-strapi/prod-svoe-vino/strapi/uploads/loco_cimbali_vione_beloe_suhoe_14_c9f29d5f9c.webp,loco-cimbali-vione-beloe-suhoe-14
dataset/uploads_root/prod-svoe-vino-strapi/prod-svoe-vino/strapi/uploads/logo_0859135a83.webp,
dataset/uploads_root/prod-svoe-vino-strapi/prod-svoe-vino/strapi/uploads/logo_0a1fc6e705.webp,
dataset/uploads_root/prod-svoe-vino-strapi/prod-svoe-vino/strapi/uploads/logo_1_442c176f71.webp,
dataset/uploads_root/prod-svoe-vino-strapi/prod-svoe-vino/strapi/uploads/logo_1_dd7d2c3034.webp,
dataset/uploads_root/prod-svoe-vino-strapi/prod-svoe-vino/strapi/uploads/logo_299f1be7a4.webp,
dataset/uploads_root/prod-svoe-vino-strapi/prod-svoe-vino/strapi/uploads/logo_357d3c7f9d.webp,
dataset/uploads_root/prod-svoe-vino-strapi/prod-svoe-vino/strapi/uploads/logo_3a9cbed57a.webp,
dataset/uploads_root/prod-svoe-vino-strapi/prod-svoe-vino/strapi/uploads/logo_7d1a10f5d7.webp,
dataset/uploads_root/prod-svoe-vino-strapi/prod-svoe-vino/strapi/uploads/logo_81d0a2cb0d.webp,
dataset/uploads_root/prod-svoe-vino-strapi/prod-svoe-vino/strapi/uploads/logo_960da5f433.webp,
dataset/uploads_root/prod-svoe-vino-strapi/prod-svoe-vino/strapi/uploads/logo_9f806e7664.webp,
dataset/uploads_root/prod-svoe-vino-strapi/prod-svoe-vino/strapi/uploads/logo_CHATEAU_040da40cf9.webp,
dataset/uploads_root/prod-svoe-vino-strapi/prod-svoe-vino/strapi/uploads/logo_a3083573ee.webp,
dataset/uploads_root/prod-svoe-vino-strapi/prod-svoe-vino/strapi/uploads/logo_agrolain_2c0de94808.webp,
dataset/uploads_root/prod-svoe-vino-strapi/prod-svoe-vino/strapi/uploads/logo_b_3301e62662.webp,
dataset/uploads_root/prod-svoe-vino-strapi/prod-svoe-vino/strapi/uploads/logo_bez_fona_blagolyubov_f50fdbe88e.webp,
dataset/uploads_root/prod-svoe-vino-strapi/prod-svoe-vino/strapi/uploads/logo_copy_148952f651.webp,
dataset/uploads_root/prod-svoe-vino-strapi/prod-svoe-vino/strapi/uploads/logo_copy_55bc3cc73f.webp,
dataset/uploads_root/prod-svoe-vino-strapi/prod-svoe-vino/strapi/uploads/logo_ferrum_winery_png_101addfc12.webp,
dataset/uploads_root/prod-svoe-vino-strapi/prod-svoe-vino/strapi/uploads/logo_header_30a9fca18e.webp,
dataset/uploads_root/prod-svoe-vino-strapi/prod-svoe-vino/strapi/uploads/logo_header_91a76f8bbb.webp,
dataset/uploads_root/prod-svoe-vino-strapi/prod-svoe-vino/strapi/uploads/logo_header_a6d4e423c7.webp,
dataset/uploads_root/prod-svoe-vino-strapi/prod-svoe-vino/strapi/uploads/logo_header_fa50bb99ed.webp,
dataset/uploads_root/prod-svoe-vino-strapi/prod-svoe-vino/strapi/uploads/logo_koktebel_f75e58a7fe.webp,
dataset/uploads_root/prod-svoe-vino-strapi/prod-svoe-vino/strapi/uploads/logo_main_0025923fdb.webp,
dataset/uploads_root/prod-svoe-vino-strapi/prod-svoe-vino/strapi/uploads/logo_oleg_repin_b863ae460e.webp,
dataset/uploads_root/prod-svoe-vino-strapi/prod-svoe-vino/strapi/uploads/logo_sarkel_976aff6cdd.webp,
dataset/uploads_root/prod-svoe-vino-strapi/prod-svoe-vino/strapi/uploads/logo_vina_Arpachina_794080c814.webp,
dataset/uploads_root/prod-svoe-vino-strapi/prod-svoe-vino/strapi/uploads/logo_white_back_1f1ae5c865.webp,
dataset/uploads_root/prod-svoe-vino-strapi/prod-svoe-vino/strapi/uploads/logotip_1163ca20fc.webp,
dataset/uploads_root/prod-svoe-vino-strapi/prod-svoe-vino/strapi/uploads/logotip_nov_f82d472b3c.webp,
dataset/uploads_root/prod-svoe-vino-strapi/prod-svoe-vino/strapi/uploads/lorio_obshhaya_3590e0b108.webp,
dataset/uploads_root/prod-svoe-vino-strapi/prod-svoe-vino/strapi/uploads/loriot_Kaberne_Sovinon_f3c3a66527.webp,lorio-kaberne-sovinon
dataset/uploads_root/prod-svoe-vino-strapi/prod-svoe-vino/strapi/uploads/loriot_Sovinon_Blan_672ada0ef4.webp,lorio-sovinon-blan-2024
dataset/uploads_root/prod-svoe-vino-strapi/prod-svoe-vino/strapi/uploads/loriot_red_043b87285b.webp,lorio-kaberne-sovinon-i-pino-nuar
dataset/uploads_root/prod-svoe-vino-strapi/prod-svoe-vino/strapi/uploads/loriot_shardone_38a9e28b03.webp,lorio-shardone
dataset/uploads_root/prod-svoe-vino-strapi/prod-svoe-vino/strapi/uploads/loriot_wight_daff22e4d6.webp,lorio-sovinon-blan-i-shardone-1
dataset/uploads_root/prod-svoe-vino-strapi/prod-svoe-vino/strapi/uploads/louvre_653b592918.webp,
dataset/uploads_root/prod-svoe-vino-strapi/prod-svoe-vino/strapi/uploads/ludi_obedaut_v_roskosnyh_restoranah_c9fa38c220_eaafda2bd1.webp,
dataset/uploads_root/prod-svoe-vino-strapi/prod-svoe-vino/strapi/uploads/luwo_f5aee12da9.webp,
dataset/uploads_root/prod-svoe-vino-strapi/prod-svoe-vino/strapi/uploads/lyudi1_3b24aee362.webp,
dataset/uploads_root/prod-svoe-vino-strapi/prod-svoe-vino/strapi/uploads/lyudi2_196d797635.webp,
dataset/uploads_root/prod-svoe-vino-strapi/prod-svoe-vino/strapi/uploads/lyudi3_68cf954d8f.webp,
dataset/uploads_root/prod-svoe-vino-strapi/prod-svoe-vino/strapi/uploads/lyudi4_23bca9ee97.webp,
dataset/uploads_root/prod-svoe-vino-strapi/prod-svoe-vino/strapi/uploads/lyudi5_642935b6c8.webp,
dataset/uploads_root/prod-svoe-vino-strapi/prod-svoe-vino/strapi/uploads/lyudi6_2d95b539d9.webp,
dataset/uploads_root/prod-svoe-vino-strapi/prod-svoe-vino/strapi/uploads/lyudi7_e1da40f55c.webp,
dataset/uploads_root/prod-svoe-vino-strapi/prod-svoe-vino/strapi/uploads/lyudi8_5f4b4ea650.webp,
dataset/uploads_root/prod-svoe-vino-strapi/prod-svoe-vino/strapi/uploads/lyudi8_da11f17869.webp,
dataset/uploads_root/prod-svoe-vino-strapi/prod-svoe-vino/strapi/uploads/m6jlyxkeoihij8i6k8vekfxdqejjc7ly_228454696b.webp,
dataset/uploads_root/prod-svoe-vino-strapi/prod-svoe-vino/strapi/uploads/maj_taj_d76a124893.webp,
dataset/uploads_root/prod-svoe-vino-strapi/prod-svoe-vino/strapi/uploads/malinovaya_nastojka_na_vodke_0a6ad3cee7.webp,
dataset/uploads_root/prod-svoe-vino-strapi/prod-svoe-vino/strapi/uploads/malinovyj_liker_4c42c449e3.webp,
dataset/uploads_root/prod-svoe-vino-strapi/prod-svoe-vino/strapi/uploads/mantra_estate_chardonnay_shardone_beloe_suhoe_135_e2abc2ee63.webp,mantra-estate-chardonnay-shardone-beloe-suhoe-135
dataset/uploads_root/prod-svoe-vino-strapi/prod-svoe-vino/strapi/uploads/mantra_estate_sauvignon_blanc_sovinon_blan_beloe_suhoe_133_6e18218bcb.webp,mantra-estate-sauvignon-blanc-sovinon-blan-beloe-suhoe-133
dataset/uploads_root/prod-svoe-vino-strapi/prod-svoe-vino/strapi/uploads/mantra_estate_shardone_beloe_suhoe_12_a609f3782a.webp,
dataset/uploads_root/prod-svoe-vino-strapi/prod-svoe-vino/strapi/uploads/mantra_estate_sira_roze_rozovoe_suhoe_12_21663d62d5.webp,
dataset/uploads_root/prod-svoe-vino-strapi/prod-svoe-vino/strapi/uploads/mantra_estate_sovinon_blan_beloe_suhoe_125_837c8bb8de.webp,
dataset/uploads_root/prod-svoe-vino-strapi/prod-svoe-vino/strapi/uploads/margarita_7961572960.webp,
dataset/uploads_root/prod-svoe-vino-strapi/prod-svoe-vino/strapi/uploads/mark_tven_ii_2a61143608.webp,
dataset/uploads_root/prod-svoe-vino-strapi/prod-svoe-vino/strapi/uploads/marki2_2681412e11.webp,
dataset/uploads_root/prod-svoe-vino-strapi/prod-svoe-vino/strapi/uploads/marki3_17e89d4d81.webp,
dataset/uploads_root/prod-svoe-vino-strapi/prod-svoe-vino/strapi/uploads/marki_fa2759f644.webp,
dataset/uploads_root/prod-svoe-vino-strapi/prod-svoe-vino/strapi/uploads/massandra_avtorskoe_murvedr_krasnoe_suhoe_14_9f3b7f61d6.webp,massandra-avtorskoe-murvedr-krasnoe-suhoe-14
dataset/uploads_root/prod-svoe-vino-strapi/prod-svoe-vino/strapi/uploads/massandra_bastardo_bastardo_magarachskiy_krasnoe_sladkoe_16_c111755788.webp,massandra-bastardo-bastardo-magarachskiy-krasnoe-sladkoe-16
dataset/uploads_root/prod-svoe-vino-strapi/prod-svoe-vino/strapi/uploads/massandra_kagor_gurzuf_saperavi_krasnoe_sladkoe_16_deb9b34e9f.webp,massandra-kagor-gurzuf-saperavi-krasnoe-sladkoe-16
dataset/uploads_root/prod-svoe-vino-strapi/prod-svoe-vino/strapi/uploads/massandra_kagor_yuzhnoberezhnyy_saperavi_krasnoe_sladkoe_16_3299446389.webp,massandra-kagor-yuzhnoberezhnyy-saperavi-krasnoe-sladkoe-16
dataset/uploads_root/prod-svoe-vino-strapi/prod-svoe-vino/strapi/uploads/massandra_kokur_desertnyy_surozh_beloe_sladkoe_16_ffabb4dfbc.webp,massandra-kokur-desertnyy-surozh-beloe-sladkoe-16
dataset/uploads_root/prod-svoe-vino-strapi/prod-svoe-vino/strapi/uploads/massandra_lakrima_kristi_aleatiko_krasnoe_sladkoe_16_2a990c55e6.webp,massandra-lakrima-kristi-aleatiko-krasnoe-sladkoe-16
dataset/uploads_root/prod-svoe-vino-strapi/prod-svoe-vino/strapi/uploads/massandra_massandra_heres_oreadna_aligote_beloe_suhoe_16_efa1aed005.webp,massandra-massandra-heres-oreadna-aligote-beloe-suhoe-16
dataset/uploads_root/prod-svoe-vino-strapi/prod-svoe-vino/strapi/uploads/massandra_muskat_belyy_krasnogo_kamnya_beloe_sladkoe_13_8456db974b.webp,massandra-muskat-belyy-krasnogo-kamnya-beloe-sladkoe-13
dataset/uploads_root/prod-svoe-vino-strapi/prod-svoe-vino/strapi/uploads/massandra_muskat_belyy_pozdnego_sbora_beloe_sladkoe_10_17230edc84.webp,massandra-muskat-belyy-pozdnego-sbora-beloe-sladkoe-10
dataset/uploads_root/prod-svoe-vino-strapi/prod-svoe-vino/strapi/uploads/massandra_muskat_belyy_yuzhnoberezhnyy_beloe_desertnoe_16_609f9d79d5.webp,massandra-muskat-belyy-yuzhnoberezhnyy-beloe-sladkoe-16
dataset/uploads_root/prod-svoe-vino-strapi/prod-svoe-vino/strapi/uploads/massandra_muskat_pozdnego_sbora_muskat_belyy_beloe_sladkoe_16_75b19a772c.webp,massandra-muskat-pozdnego-sbora-muskat-belyy-beloe-sladkoe-16
dataset/uploads_root/prod-svoe-vino-strapi/prod-svoe-vino/strapi/uploads/massandra_muskat_rozovyy_pozdnego_sbora_rozovoe_sladkoe_10_543ccac814.webp,massandra-muskat-rozovyy-pozdnego-sbora-rozovoe-sladkoe-10
dataset/uploads_root/prod-svoe-vino-strapi/prod-svoe-vino/strapi/uploads/massandra_muskatel_belyy_belye_sorta_vinograda_beloe_sladkoe_16_f7e0314033.webp,massandra-muskatel-belyy-belye-sorta-vinograda-beloe-sladkoe-16
dataset/uploads_root/prod-svoe-vino-strapi/prod-svoe-vino/strapi/uploads/massandra_muskatel_chernyy_krasnye_sorta_vinograda_krasnoe_sladkoe_16_b35635608c.webp,massandra-muskatel-chernyy-krasnye-sorta-vinograda-krasnoe-sladkoe-16
dataset/uploads_root/prod-svoe-vino-strapi/prod-svoe-vino/strapi/uploads/massandra_muskatel_rozovyy_belye_sorta_vinograda_rozovoe_sladkoe_16_3e12b153be.webp,massandra-muskatel-rozovyy-belye-sorta-vinograda-rozovoe-sladkoe-16
dataset/uploads_root/prod-svoe-vino-strapi/prod-svoe-vino/strapi/uploads/massandra_pino_gri_beloe_sladkoe_16_d391c28c56.webp,massandra-pino-gri-beloe-sladkoe-16
dataset/uploads_root/prod-svoe-vino-strapi/prod-svoe-vino/strapi/uploads/massandra_portveyn_belyy_alushta_belye_sorta_vinograda_beloe_sladkoe_17_ab89a72383.webp,massandra-portveyn-belyy-alushta-belye-sorta-vinograda-beloe-sladkoe-17
dataset/uploads_root/prod-svoe-vino-strapi/prod-svoe-vino/strapi/uploads/massandra_portveyn_belyy_gurzuf_kokur_belyy_beloe_sladkoe_135_d34b047b41.webp,massandra-portveyn-belyy-gurzuf-kokur-belyy-beloe-sladkoe-135
dataset/uploads_root/prod-svoe-vino-strapi/prod-svoe-vino/strapi/uploads/massandra_portveyn_belyy_krymskiy_kokur_beloe_sladkoe_18_4a04230d4f.webp,massandra-portveyn-belyy-krymskiy-kokur-beloe-sladkoe-18
dataset/uploads_root/prod-svoe-vino-strapi/prod-svoe-vino/strapi/uploads/massandra_portveyn_krasnyy_alushta_krasnye_sorta_vinograda_krasnoe_sladkoe_17_15423ac1a3.webp,massandra-portveyn-krasnyy-alushta-krasnye-sorta-vinograda-krasnoe-sladkoe-17
dataset/uploads_root/prod-svoe-vino-strapi/prod-svoe-vino/strapi/uploads/massandra_portveyn_krasnyy_livadiya_kaberne_sovinon_krasnoe_sladkoe_185_02e4e0776e.webp,massandra-portveyn-krasnyy-livadiya-kaberne-sovinon-krasnoe-sladkoe-185
dataset/uploads_root/prod-svoe-vino-strapi/prod-svoe-vino/strapi/uploads/massandra_premium_sangiovese_sandzhoveze_krasnoe_suhoe_13_9ec620eaff.webp,massandra-premium-sangiovese-sandzhoveze-krasnoe-suhoe-13
dataset/uploads_root/prod-svoe-vino-strapi/prod-svoe-vino/strapi/uploads/massandra_vino_avtorskoe_pino_gri_beloe_suhoe_12_bf2039c511.webp,massandra-vino-avtorskoe-pino-gri-beloe-suhoe-12
dataset/uploads_root/prod-svoe-vino-strapi/prod-svoe-vino/strapi/uploads/meraki_8785d90e9d.webp,
dataset/uploads_root/prod-svoe-vino-strapi/prod-svoe-vino/strapi/uploads/merlo_89592556f7.webp,merlo-1
dataset/uploads_root/prod-svoe-vino-strapi/prod-svoe-vino/strapi/uploads/merlo_d6c03313e4.webp,merlo
dataset/uploads_root/prod-svoe-vino-strapi/prod-svoe-vino/strapi/uploads/milstrim_5711abd497.webp,
dataset/uploads_root/prod-svoe-vino-strapi/prod-svoe-vino/strapi/uploads/milstrim_dbc1033ed9.webp,
dataset/uploads_root/prod-svoe-vino-strapi/prod-svoe-vino/strapi/uploads/mohito_c3c4a18322.webp,
dataset/uploads_root/prod-svoe-vino-strapi/prod-svoe-vino/strapi/uploads/molodaa_para_prazdnuet_den_svatogo_valentina_vo_vrema_obeda_i_vina_vmeste_fae37ccc57_c12ef89dfb.webp,
dataset/uploads_root/prod-svoe-vino-strapi/prod-svoe-vino/strapi/uploads/mono_kabsov_Photoroom_b07de06cd0.webp,
dataset/uploads_root/prod-svoe-vino-strapi/prod-svoe-vino/strapi/uploads/mono_saperavi_Photoroom_28385eef4c.webp,
dataset/uploads_root/prod-svoe-vino-strapi/prod-svoe-vino/strapi/uploads/mons_albus_kaberne_sovinon_krasnoe_suhoe_14_b012140125.webp,mons-albus-kaberne-sovinon-krasnoe-suhoe-14
dataset/uploads_root/prod-svoe-vino-strapi/prod-svoe-vino/strapi/uploads/mons_albus_merlo_rozovoe_suhoe_132_a694baeaee.webp,mons-albus-merlo-rozovoe-suhoe-132
dataset/uploads_root/prod-svoe-vino-strapi/prod-svoe-vino/strapi/uploads/mons_albus_rkatsiteli_beloe_suhoe_124_ebd0180edd.webp,mons-albus-rkatsiteli-beloe-suhoe-124
dataset/uploads_root/prod-svoe-vino-strapi/prod-svoe-vino/strapi/uploads/moskovskij_mul_s_vodkoj_1429cf129d.webp,
dataset/uploads_root/prod-svoe-vino-strapi/prod-svoe-vino/strapi/uploads/moskva_3c781f9543.webp,
dataset/uploads_root/prod-svoe-vino-strapi/prod-svoe-vino/strapi/uploads/moskva_930fac656c.webp,
dataset/uploads_root/prod-svoe-vino-strapi/prod-svoe-vino/strapi/uploads/muskat_dzhallo_ba9c0636b7.webp,
dataset/uploads_root/prod-svoe-vino-strapi/prod-svoe-vino/strapi/uploads/muzcina_derzit_bokal_krasnogo_vina_971a504d63_fbdcd4f3ac.webp,
dataset/uploads_root/prod-svoe-vino-strapi/prod-svoe-vino/strapi/uploads/myaso_442273df41.webp,
dataset/uploads_root/prod-svoe-vino-strapi/prod-svoe-vino/strapi/uploads/myaso_54d6fc2353.png,
dataset/uploads_root/prod-svoe-vino-strapi/prod-svoe-vino/strapi/uploads/myaso_b0c5ce7565.png,
dataset/uploads_root/prod-svoe-vino-strapi/prod-svoe-vino/strapi/uploads/myaso_eec1ab2db9.png,
dataset/uploads_root/prod-svoe-vino-strapi/prod-svoe-vino/strapi/uploads/myshako_351b4a8e46.webp,
dataset/uploads_root/prod-svoe-vino-strapi/prod-svoe-vino/strapi/uploads/myshako_7638c5fc33.webp,
dataset/uploads_root/prod-svoe-vino-strapi/prod-svoe-vino/strapi/uploads/myshako_f8fa5a5fef.webp,
dataset/uploads_root/prod-svoe-vino-strapi/prod-svoe-vino/strapi/uploads/myshako_logo_d56457c938.webp,
dataset/uploads_root/prod-svoe-vino-strapi/prod-svoe-vino/strapi/uploads/myuzle_5169a892a9.webp,
dataset/uploads_root/prod-svoe-vino-strapi/prod-svoe-vino/strapi/uploads/n291j3mg067uc0rn303z96t1e1r5owv6_a26ec1a225.webp,
dataset/uploads_root/prod-svoe-vino-strapi/prod-svoe-vino/strapi/uploads/nabor_bokalov_s_alkogolem_na_stole_a9d11b07f0.jpg,
dataset/uploads_root/prod-svoe-vino-strapi/prod-svoe-vino/strapi/uploads/nalivka_tern_888150a9aa.webp,
dataset/uploads_root/prod-svoe-vino-strapi/prod-svoe-vino/strapi/uploads/nano_banana_20260423_130431_9131592f_a422835a58.webp,
dataset/uploads_root/prod-svoe-vino-strapi/prod-svoe-vino/strapi/uploads/nano_banana_20260426_133157_287b89d3_964ad0f3d3.webp,
dataset/uploads_root/prod-svoe-vino-strapi/prod-svoe-vino/strapi/uploads/nano_banana_20260426_133313_5834561c_597c962175.webp,
dataset/uploads_root/prod-svoe-vino-strapi/prod-svoe-vino/strapi/uploads/nano_banana_20260502_121154_b87a11f8_8bbec809e3.webp,
dataset/uploads_root/prod-svoe-vino-strapi/prod-svoe-vino/strapi/uploads/nano_banana_20260502_121437_cdcdece8_2af51b76c7.webp,
dataset/uploads_root/prod-svoe-vino-strapi/prod-svoe-vino/strapi/uploads/nano_banana_20260510_114536_40c126da_c2b16d2705.webp,
dataset/uploads_root/prod-svoe-vino-strapi/prod-svoe-vino/strapi/uploads/nano_banana_20260510_145545_c6e5a6db_c84d3c43f7.webp,
dataset/uploads_root/prod-svoe-vino-strapi/prod-svoe-vino/strapi/uploads/nano_banana_20260516_145146_cb1fc336_b2d4e04d83.webp,
dataset/uploads_root/prod-svoe-vino-strapi/prod-svoe-vino/strapi/uploads/nano_banana_20260516_145450_53a8affc_ce25a15468.webp,
dataset/uploads_root/prod-svoe-vino-strapi/prod-svoe-vino/strapi/uploads/nano_banana_20260520_180456_6b564c97_ad33400034.webp,
dataset/uploads_root/prod-svoe-vino-strapi/prod-svoe-vino/strapi/uploads/nano_banana_20260524_130832_cb9d9230_b8a30f75a2.webp,
dataset/uploads_root/prod-svoe-vino-strapi/prod-svoe-vino/strapi/uploads/nano_banana_20260527_095854_7ba501f0_fd4b81b885.webp,
dataset/uploads_root/prod-svoe-vino-strapi/prod-svoe-vino/strapi/uploads/nano_banana_20260616_110106_fbcda8e2_d2e7ab701a.webp,
dataset/uploads_root/prod-svoe-vino-strapi/prod-svoe-vino/strapi/uploads/nano_banana_20260619_171419_d6f7b83d_683850d6de.webp,
dataset/uploads_root/prod-svoe-vino-strapi/prod-svoe-vino/strapi/uploads/nano_banana_20260619_171528_449054b3_2fa99e3673.webp,
dataset/uploads_root/prod-svoe-vino-strapi/prod-svoe-vino/strapi/uploads/nano_banana_20260619_171710_6fd6963a_721d2a0a02.webp,
dataset/uploads_root/prod-svoe-vino-strapi/prod-svoe-vino/strapi/uploads/nano_banana_20260627_085047_564d5dc5_a72755039e.webp,
dataset/uploads_root/prod-svoe-vino-strapi/prod-svoe-vino/strapi/uploads/nano_banana_20260706_170804_e66c5ea9_a823e43b63.webp,
dataset/uploads_root/prod-svoe-vino-strapi/prod-svoe-vino/strapi/uploads/nano_banana_20260706_171425_9d2c6168_25f2aa843e.webp,
dataset/uploads_root/prod-svoe-vino-strapi/prod-svoe-vino/strapi/uploads/nano_banana_20260707_174658_56aded7c_c2069056f3.webp,
dataset/uploads_root/prod-svoe-vino-strapi/prod-svoe-vino/strapi/uploads/nano_banana_20260712_150036_8ff7639a_3fdedbc17c.webp,
dataset/uploads_root/prod-svoe-vino-strapi/prod-svoe-vino/strapi/uploads/nano_banana_20260712_152847_95acafd5_92882035b6.webp,
dataset/uploads_root/prod-svoe-vino-strapi/prod-svoe-vino/strapi/uploads/nano_banana_20260712_154345_20b5c036_09c47b2e78.webp,
dataset/uploads_root/prod-svoe-vino-strapi/prod-svoe-vino/strapi/uploads/nano_banana_20260712_163752_e986866f_38223a6b64.webp,
dataset/uploads_root/prod-svoe-vino-strapi/prod-svoe-vino/strapi/uploads/nano_banana_20260714_125059_0f579ae3_87ba2ba394.webp,
dataset/uploads_root/prod-svoe-vino-strapi/prod-svoe-vino/strapi/uploads/nano_banana_20260719_160721_0dfc05f2_bb131e7d0e.webp,
dataset/uploads_root/prod-svoe-vino-strapi/prod-svoe-vino/strapi/uploads/nano_banana_20260725_125519_9425ac01_c044c49f4a.webp,
dataset/uploads_root/prod-svoe-vino-strapi/prod-svoe-vino/strapi/uploads/nano_banana_20260726_131211_edef51c3_8283882f8a.webp,
dataset/uploads_root/prod-svoe-vino-strapi/prod-svoe-vino/strapi/uploads/nano_banana_20260726_141844_3fe17ae3_2c1875c55a.webp,
dataset/uploads_root/prod-svoe-vino-strapi/prod-svoe-vino/strapi/uploads/nano_banana_20260804_084228_583c40fc_a41800928f.webp,
dataset/uploads_root/prod-svoe-vino-strapi/prod-svoe-vino/strapi/uploads/nano_banana_20260808_162708_31197e69_ddffcfb721.webp,
dataset/uploads_root/prod-svoe-vino-strapi/prod-svoe-vino/strapi/uploads/nano_banana_20260808_162804_cf1858fb_c673153260.webp,
dataset/uploads_root/prod-svoe-vino-strapi/prod-svoe-vino/strapi/uploads/nano_banana_20260809_093135_c1d46c51_7d379e95fe.webp,
dataset/uploads_root/prod-svoe-vino-strapi/prod-svoe-vino/strapi/uploads/nano_banana_20260809_093135_c1d46c51_d9acfd026f.webp,
dataset/uploads_root/prod-svoe-vino-strapi/prod-svoe-vino/strapi/uploads/nano_banana_20260816_105535_bf42ba7e_8842a94187.webp,
dataset/uploads_root/prod-svoe-vino-strapi/prod-svoe-vino/strapi/uploads/nano_banana_20260821_111419_1bb11fa2_1_cb0fd23df8.webp,
dataset/uploads_root/prod-svoe-vino-strapi/prod-svoe-vino/strapi/uploads/nano_banana_20260821_111656_36df0206_fdcd9e47c9.webp,
dataset/uploads_root/prod-svoe-vino-strapi/prod-svoe-vino/strapi/uploads/nastojka_na_chernoj_smorodine_4ee58aa110.webp,
dataset/uploads_root/prod-svoe-vino-strapi/prod-svoe-vino/strapi/uploads/nastojka_na_kryzhovnike_ed7ba793d8.webp,
dataset/uploads_root/prod-svoe-vino-strapi/prod-svoe-vino/strapi/uploads/nastojka_na_shishkah_0264c6d28e.webp,
dataset/uploads_root/prod-svoe-vino-strapi/prod-svoe-vino/strapi/uploads/naturmort_s_vinnym_grafinom_na_stole_4c4d05d310.webp,
dataset/uploads_root/prod-svoe-vino-strapi/prod-svoe-vino/strapi/uploads/naturmort_s_vinnym_grafinom_na_stole_b40de445bf.webp,
dataset/uploads_root/prod-svoe-vino-strapi/prod-svoe-vino/strapi/uploads/nebbiolo4_55bf856e31.webp,
dataset/uploads_root/prod-svoe-vino-strapi/prod-svoe-vino/strapi/uploads/nebbiolo_43312005b9.webp,nebbiolo
dataset/uploads_root/prod-svoe-vino-strapi/prod-svoe-vino/strapi/uploads/nes_9bc23cd0b9.webp,
dataset/uploads_root/prod-svoe-vino-strapi/prod-svoe-vino/strapi/uploads/nesladkaya_vypechka_05bf04c48c.webp,
dataset/uploads_root/prod-svoe-vino-strapi/prod-svoe-vino/strapi/uploads/nesladkaya_vypechka_d53608733f.png,
dataset/uploads_root/prod-svoe-vino-strapi/prod-svoe-vino/strapi/uploads/nesterov_winery_krasnostop_rubin_klere_krasnostop_zolotovskiy_rozovoe_suhoe_11_ea3affe402.webp,nesterov-winery-krasnostop-rubin-klere-krasnostop-zolotovskiy-rozovoe-suhoe-11
dataset/uploads_root/prod-svoe-vino-strapi/prod-svoe-vino/strapi/uploads/nesterov_winery_krasnostop_zolotovskiy_krasnoe_suhoe_12_6036ce85a5.webp,nesterov-winery-krasnostop-zolotovskiy-krasnoe-suhoe-12
dataset/uploads_root/prod-svoe-vino-strapi/prod-svoe-vino/strapi/uploads/nesterov_winery_risling_reynskiy_beloe_suhoe_12_8a5db2ad0b.webp,nesterov-winery-risling-reynskiy-beloe-suhoe-12
dataset/uploads_root/prod-svoe-vino-strapi/prod-svoe-vino/strapi/uploads/nesterov_winery_rubin_golodrigi_krasnoe_suhoe_11_a0c7b4022b.webp,nesterov-winery-rubin-golodrigi-krasnoe-suhoe-11
dataset/uploads_root/prod-svoe-vino-strapi/prod-svoe-vino/strapi/uploads/nesterov_winery_saperavi_krasnoe_suhoe_135_ff5b3ee0a9.webp,nesterov-winery-saperavi-krasnoe-suhoe-135
dataset/uploads_root/prod-svoe-vino-strapi/prod-svoe-vino/strapi/uploads/nesterov_winery_solyaris_beloe_suhoe_14_634dc705f3.webp,nesterov-winery-solyaris-beloe-suhoe-14
dataset/uploads_root/prod-svoe-vino-strapi/prod-svoe-vino/strapi/uploads/nightcall_d02350ba4b.webp,
dataset/uploads_root/prod-svoe-vino-strapi/prod-svoe-vino/strapi/uploads/nikolaev_i_synovya_festeliya_pti_verdo_krasnoe_suhoe_135_981644d9ad.webp,nikolaev-i-synovya-festeliya-pti-verdo-krasnoe-suhoe-135
dataset/uploads_root/prod-svoe-vino-strapi/prod-svoe-vino/strapi/uploads/nikolaev_i_synovya_flamingo_malbek_rozovoe_suhoe_125_d400bce4be.webp,nikolaev-i-synovya-flamingo-malbek-rozovoe-suhoe-125
dataset/uploads_root/prod-svoe-vino-strapi/prod-svoe-vino/strapi/uploads/nikolaev_i_synovya_pino_nuar_krasnoe_suhoe_125_01b9ccdcdb.webp,nikolaev-i-synovya-pino-nuar-krasnoe-suhoe-125
dataset/uploads_root/prod-svoe-vino-strapi/prod-svoe-vino/strapi/uploads/nikolaev_i_synovya_shardone_beloe_suhoe_125_2df587fd35.webp,nikolaev-i-synovya-shardone-beloe-suhoe-125
dataset/uploads_root/prod-svoe-vino-strapi/prod-svoe-vino/strapi/uploads/nov_zel_1fb02becef.webp,
dataset/uploads_root/prod-svoe-vino-strapi/prod-svoe-vino/strapi/uploads/novayabogovich_2a351a5c33.webp,
dataset/uploads_root/prod-svoe-vino-strapi/prod-svoe-vino/strapi/uploads/novayabogovich_2fde365e3c.webp,
dataset/uploads_root/prod-svoe-vino-strapi/prod-svoe-vino/strapi/uploads/novayabogovich_aa1cfc33dc.webp,
dataset/uploads_root/prod-svoe-vino-strapi/prod-svoe-vino/strapi/uploads/novost_pro_zapret_reklamy_vo_Franczii2_b33a674170.webp,
dataset/uploads_root/prod-svoe-vino-strapi/prod-svoe-vino/strapi/uploads/novyj_hersones_no_bg_preview_carve_photos_8506334227.webp,
dataset/uploads_root/prod-svoe-vino-strapi/prod-svoe-vino/strapi/uploads/novyy_svet_dom_shampanskih_vin_igristoe_vino_vyderzhannoe_bryut_krasnoe_novyy_svet_kaberne_sovinon_135_c251fa3c04.webp,novyy-svet-dom-shampanskih-vin-igristoe-vino-vyderzhannoe-bryut-krasnoe-novyy-svet-kaberne-sovinon-135
dataset/uploads_root/prod-svoe-vino-strapi/prod-svoe-vino/strapi/uploads/novyy_svet_dom_shampanskih_vin_igristoe_vino_vyderzhannoe_bryut_rozovoe_novyy_svet_pino_fran_135_e6633aa65e.webp,novyy-svet-dom-shampanskih-vin-igristoe-vino-vyderzhannoe-bryut-rozovoe-novyy-svet-pino-fran-135
dataset/uploads_root/prod-svoe-vino-strapi/prod-svoe-vino/strapi/uploads/novyy_svet_dom_shampanskih_vin_igristoe_vino_vyderzhannoe_bryut_rozovoe_novyy_svet_pino_nuar_125_971ad70c91.webp,novyy-svet-dom-shampanskih-vin-igristoe-vino-vyderzhannoe-bryut-rozovoe-novyy-svet-pino-nuar-125
dataset/uploads_root/prod-svoe-vino-strapi/prod-svoe-vino/strapi/uploads/novyy_svet_dom_shampanskih_vin_igristoe_vino_vyderzhannoe_polusladkoe_krasnoe_novyy_svet_kaberne_sovinon_12_fd0d395f6b.webp,novyy-svet-dom-shampanskih-vin-igristoe-vino-vyderzhannoe-polusladkoe-krasnoe-novyy-svet-kaberne-sovinon-12
dataset/uploads_root/prod-svoe-vino-strapi/prod-svoe-vino/strapi/uploads/novyy_svet_dom_shampanskih_vin_igristoe_vino_vyderzhannoe_polusladkoe_rozovoe_novyy_svet_pino_fran_135_f0782b6699.webp,novyy-svet-dom-shampanskih-vin-igristoe-vino-vyderzhannoe-polusladkoe-rozovoe-novyy-svet-pino-fran-135
dataset/uploads_root/prod-svoe-vino-strapi/prod-svoe-vino/strapi/uploads/novyy_svet_dom_shampanskih_vin_novyy_svet_kokur_kokur_belyy_igristoe_ekstra_bryut_beloe_12_b5e5ba5f93.webp,novyy-svet-dom-shampanskih-vin-novyy-svet-kokur-kokur-belyy-beloe-ekstra-bryut-12
dataset/uploads_root/prod-svoe-vino-strapi/prod-svoe-vino/strapi/uploads/novyy_svet_dom_shampanskih_vin_novyy_svet_kyuve_ekstra_bryut_shardone_igristoe_ekstra_bryut_beloe_135_581e3f0c7a.webp,novyy-svet-dom-shampanskih-vin-novyy-svet-kyuve-ekstra-bryut-shardone-beloe-135
dataset/uploads_root/prod-svoe-vino-strapi/prod-svoe-vino/strapi/uploads/novyy_svet_dom_shampanskih_vin_novyy_svet_pino_nuar_igristoe_bryut_rozovoe_13_44fddc2b18.webp,novyy-svet-dom-shampanskih-vin-novyy-svet-pino-nuar-rozovoe-bryut-13
dataset/uploads_root/prod-svoe-vino-strapi/prod-svoe-vino/strapi/uploads/novyy_svet_dom_shampanskih_vin_novyy_svet_polusladkoe_roze_shardone_igristoe_polusladkoe_rozovoe_115_79fb7eee7d.webp,novyy-svet-dom-shampanskih-vin-novyy-svet-polusladkoe-roze-shardone-rozovoe-115
dataset/uploads_root/prod-svoe-vino-strapi/prod-svoe-vino/strapi/uploads/novyy_svet_dom_shampanskih_vin_pino_nuar_polusuhoe_igristoe_polusuhoe_rozovoe_135_9940b7a0c3.webp,novyy-svet-dom-shampanskih-vin-pino-nuar-polusuhoe-rozovoe-135
dataset/uploads_root/prod-svoe-vino-strapi/prod-svoe-vino/strapi/uploads/novyy_svet_dom_shampanskih_vin_rossiyskoe_shampanskoe_kollektsionnoe_bryut_beloe_novyy_svet_kyuve_de_prestizh_pino_gri_millezim_rozovoe_125_04f220ac39.webp,novyy-svet-dom-shampanskih-vin-rossiyskoe-shampanskoe-kollektsionnoe-bryut-beloe-novyy-svet-kyuve-de-prestizh-pino-gri-millezim-rozovoe-125
dataset/uploads_root/prod-svoe-vino-strapi/prod-svoe-vino/strapi/uploads/novyy_svet_dom_shampanskih_vin_rossiyskoe_shampanskoe_kollektsionnoe_bryut_beloe_novyy_svet_paradizio_shardone_125_de1ec3a166.webp,novyy-svet-dom-shampanskih-vin-rossiyskoe-shampanskoe-kollektsionnoe-bryut-beloe-novyy-svet-paradizio-shardone-125
dataset/uploads_root/prod-svoe-vino-strapi/prod-svoe-vino/strapi/uploads/novyy_svet_dom_shampanskih_vin_rossiyskoe_shampanskoe_kollektsionnoe_bryut_beloe_novyy_svet_yubileynoe_risling_13_fcd393bb9f.webp,novyy-svet-dom-shampanskih-vin-rossiyskoe-shampanskoe-kollektsionnoe-bryut-beloe-novyy-svet-yubileynoe-risling-13
dataset/uploads_root/prod-svoe-vino-strapi/prod-svoe-vino/strapi/uploads/novyy_svet_dom_shampanskih_vin_rossiyskoe_shampanskoe_kollektsionnoe_bryut_beloe_novyy_svet_zolotoy_risling_suhoe_13_f6818826f9.webp,novyy-svet-dom-shampanskih-vin-rossiyskoe-shampanskoe-kollektsionnoe-bryut-beloe-novyy-svet-zolotoy-risling-suhoe-13
dataset/uploads_root/prod-svoe-vino-strapi/prod-svoe-vino/strapi/uploads/novyy_svet_dom_shampanskih_vin_rossiyskoe_shampanskoe_kollektsionnoe_bryut_rozovoe_novyy_svet_pino_nuar_135_4227a19509.webp,novyy-svet-dom-shampanskih-vin-rossiyskoe-shampanskoe-kollektsionnoe-bryut-rozovoe-novyy-svet-pino-nuar-135
dataset/uploads_root/prod-svoe-vino-strapi/prod-svoe-vino/strapi/uploads/novyy_svet_dom_shampanskih_vin_rossiyskoe_shampanskoe_kollektsionnoe_ekstra_bryut_beloe_novyy_svet_blan_de_nuar_pino_nuar_13_c8e5d77c41.webp,novyy-svet-dom-shampanskih-vin-rossiyskoe-shampanskoe-kollektsionnoe-ekstra-bryut-beloe-novyy-svet-blan-de-nuar-pino-nuar-13
dataset/uploads_root/prod-svoe-vino-strapi/prod-svoe-vino/strapi/uploads/novyy_svet_dom_shampanskih_vin_rossiyskoe_shampanskoe_kollektsionnoe_ekstra_bryut_beloe_novyy_svet_kyuve_de_prestizh_shardone_125_622aabc99e.webp,novyy-svet-dom-shampanskih-vin-rossiyskoe-shampanskoe-kollektsionnoe-ekstra-bryut-beloe-novyy-svet-kyuve-de-prestizh-shardone-125
dataset/uploads_root/prod-svoe-vino-strapi/prod-svoe-vino/strapi/uploads/novyy_svet_dom_shampanskih_vin_rossiyskoe_shampanskoe_kollektsionnoe_ekstra_bryut_beloe_novyy_svet_kyuve_risling_125_1bca593096.webp,novyy-svet-dom-shampanskih-vin-rossiyskoe-shampanskoe-kollektsionnoe-ekstra-bryut-beloe-novyy-svet-kyuve-risling-125
dataset/uploads_root/prod-svoe-vino-strapi/prod-svoe-vino/strapi/uploads/novyy_svet_dom_shampanskih_vin_rossiyskoe_shampanskoe_kollektsionnoe_ekstra_bryut_beloe_novyy_svet_risling_kyuve_de_prestizh_125_ba5ae8b9d4.webp,novyy-svet-dom-shampanskih-vin-rossiyskoe-shampanskoe-kollektsionnoe-ekstra-bryut-beloe-novyy-svet-risling-kyuve-de-prestizh-125
dataset/uploads_root/prod-svoe-vino-strapi/prod-svoe-vino/strapi/uploads/novyy_svet_dom_shampanskih_vin_rossiyskoe_shampanskoe_kollektsionnoe_ekstra_bryut_beloe_novyy_svet_shardone_125_18bd3fb00b.webp,novyy-svet-dom-shampanskih-vin-rossiyskoe-shampanskoe-kollektsionnoe-ekstra-bryut-beloe-novyy-svet-shardone-125
dataset/uploads_root/prod-svoe-vino-strapi/prod-svoe-vino/strapi/uploads/novyy_svet_dom_shampanskih_vin_rossiyskoe_shampanskoe_kollektsionnoe_polusuhoe_beloe_novyy_svet_risling_125_7748979b97.webp,novyy-svet-dom-shampanskih-vin-rossiyskoe-shampanskoe-kollektsionnoe-polusuhoe-beloe-novyy-svet-risling-125
dataset/uploads_root/prod-svoe-vino-strapi/prod-svoe-vino/strapi/uploads/novyy_svet_dom_shampanskih_vin_rossiyskoe_shampanskoe_kollektsionnoe_polusuhoe_beloe_novyy_svet_shardone_13_564818e214.webp,novyy-svet-dom-shampanskih-vin-rossiyskoe-shampanskoe-kollektsionnoe-polusuhoe-beloe-novyy-svet-shardone-13
dataset/uploads_root/prod-svoe-vino-strapi/prod-svoe-vino/strapi/uploads/novyy_svet_dom_shampanskih_vin_rossiyskoe_shampanskoe_kollektsionnoe_polusuhoe_rozovoe_novyy_svet_pino_nuar_125_815a1c3374.webp,novyy-svet-dom-shampanskih-vin-rossiyskoe-shampanskoe-kollektsionnoe-polusuhoe-rozovoe-novyy-svet-pino-nuar-125
dataset/uploads_root/prod-svoe-vino-strapi/prod-svoe-vino/strapi/uploads/novyy_svet_dom_shampanskih_vin_rossiyskoe_shampanskoe_vyderzhannoe_bryut_beloe_novyy_svet_shardone_125_360e04943f.webp,novyy-svet-dom-shampanskih-vin-rossiyskoe-shampanskoe-vyderzhannoe-bryut-beloe-novyy-svet-shardone-125
dataset/uploads_root/prod-svoe-vino-strapi/prod-svoe-vino/strapi/uploads/novyy_svet_dom_shampanskih_vin_rossiyskoe_shampanskoe_vyderzhannoe_bryut_rozovoe_novyy_svet_kaberne_kaberne_sovinon_11_7a22643210.webp,novyy-svet-dom-shampanskih-vin-rossiyskoe-shampanskoe-vyderzhannoe-bryut-rozovoe-novyy-svet-kaberne-kaberne-sovinon-11
dataset/uploads_root/prod-svoe-vino-strapi/prod-svoe-vino/strapi/uploads/novyy_svet_dom_shampanskih_vin_rossiyskoe_shampanskoe_vyderzhannoe_ekstra_bryut_beloe_novyy_svet_aligote_13_8866e4a13c.webp,novyy-svet-dom-shampanskih-vin-rossiyskoe-shampanskoe-vyderzhannoe-ekstra-bryut-beloe-novyy-svet-aligote-13
dataset/uploads_root/prod-svoe-vino-strapi/prod-svoe-vino/strapi/uploads/novyy_svet_dom_shampanskih_vin_rossiyskoe_shampanskoe_vyderzhannoe_ekstra_bryut_beloe_novyy_svet_kokur_11_e405aff9a0.webp,novyy-svet-dom-shampanskih-vin-rossiyskoe-shampanskoe-vyderzhannoe-ekstra-bryut-beloe-novyy-svet-kokur-11
dataset/uploads_root/prod-svoe-vino-strapi/prod-svoe-vino/strapi/uploads/novyy_svet_dom_shampanskih_vin_rossiyskoe_shampanskoe_vyderzhannoe_polusladkoe_rozovoe_novyy_svet_shardone_125_a0a982c0c9.webp,novyy-svet-dom-shampanskih-vin-rossiyskoe-shampanskoe-vyderzhannoe-polusladkoe-rozovoe-novyy-svet-shardone-125
dataset/uploads_root/prod-svoe-vino-strapi/prod-svoe-vino/strapi/uploads/obed_s_ustriczami2_647aeaf085.webp,
dataset/uploads_root/prod-svoe-vino-strapi/prod-svoe-vino/strapi/uploads/obl_5af1d78c77.webp,
dataset/uploads_root/prod-svoe-vino-strapi/prod-svoe-vino/strapi/uploads/oblozh_ii_5607a5ec5e.webp,
dataset/uploads_root/prod-svoe-vino-strapi/prod-svoe-vino/strapi/uploads/oblozhka_ii_5afc8ac0b5.webp,
dataset/uploads_root/prod-svoe-vino-strapi/prod-svoe-vino/strapi/uploads/oblozhka_koktejli_2ec85e3adb.webp,
dataset/uploads_root/prod-svoe-vino-strapi/prod-svoe-vino/strapi/uploads/oblozhka_koktejli_bbcac37db3.webp,
dataset/uploads_root/prod-svoe-vino-strapi/prod-svoe-vino/strapi/uploads/oblozhka_vinodelnya_Azovskie_Igristye_e882ead0eb.webp,
dataset/uploads_root/prod-svoe-vino-strapi/prod-svoe-vino/strapi/uploads/obmsa6_YZNZPDCKY_1775200312_524a5e0fbb.webp,agora-rosa-viva-rozovoe-polusladkoe
dataset/uploads_root/prod-svoe-vino-strapi/prod-svoe-vino/strapi/uploads/oborudovanie1_4115b81b89.webp,
dataset/uploads_root/prod-svoe-vino-strapi/prod-svoe-vino/strapi/uploads/obrezannoe_izobrazenie_zreloi_lubasei_pary_sem_i_pit_vino_f837696d4f_317ea1ff59.webp,
dataset/uploads_root/prod-svoe-vino-strapi/prod-svoe-vino/strapi/uploads/obshhaya_5_34a0b9ee50.webp,
dataset/uploads_root/prod-svoe-vino-strapi/prod-svoe-vino/strapi/uploads/ocki_png_s_vinnym_napitkom_izolirovannym_na_belom_fone_9129d4e235_a060f635c6.webp,
dataset/uploads_root/prod-svoe-vino-strapi/prod-svoe-vino/strapi/uploads/oe2dpr7awl32mxwsfqlje7zz0nsd6qhh_980d644858.webp,
dataset/uploads_root/prod-svoe-vino-strapi/prod-svoe-vino/strapi/uploads/oleg_repin_duvankoy_aligote_aligote_beloe_suhoe_13_58838be609.webp,oleg-repin-duvankoy-aligote-aligote-beloe-suhoe-13
dataset/uploads_root/prod-svoe-vino-strapi/prod-svoe-vino/strapi/uploads/oleg_repin_listva_cabernet_sauvignon_kaberne_sovinon_krasnoe_suhoe_14_d4b85ef613.webp,oleg-repin-listva-cabernet-sauvignon-kaberne-sovinon-krasnoe-suhoe-14
dataset/uploads_root/prod-svoe-vino-strapi/prod-svoe-vino/strapi/uploads/oleg_repin_listva_kaberne_sovinon_oleg_repin_krasnoe_suhoe_135_d3e7222a6b.webp,
dataset/uploads_root/prod-svoe-vino-strapi/prod-svoe-vino/strapi/uploads/oleg_repin_listva_sira_oleg_repin_krasnoe_suhoe_135_d866464ff1.webp,
dataset/uploads_root/prod-svoe-vino-strapi/prod-svoe-vino/strapi/uploads/oleg_repin_listva_syrah_sira_krasnoe_suhoe_14_664db3a828.webp,oleg-repin-listva-syrah-sira-krasnoe-suhoe-14
dataset/uploads_root/prod-svoe-vino-strapi/prod-svoe-vino/strapi/uploads/oleg_repin_pino_blan_beloe_suhoe_128_6b9fc86a54.webp,
dataset/uploads_root/prod-svoe-vino-strapi/prod-svoe-vino/strapi/uploads/oleg_repin_pino_nuar_krasnoe_suhoe_14_cfde690aa8.webp,
dataset/uploads_root/prod-svoe-vino-strapi/prod-svoe-vino/strapi/uploads/oleg_repin_pinot_blanc_pino_blan_beloe_suhoe_13_2610f35c83.webp,oleg-repin-pinot-blanc-pino-blan-beloe-suhoe-13
dataset/uploads_root/prod-svoe-vino-strapi/prod-svoe-vino/strapi/uploads/oleg_repin_pinot_noir_pino_nuar_krasnoe_suhoe_135_f18d6b415e.webp,oleg-repin-pinot-noir-pino-nuar-krasnoe-suhoe-135
dataset/uploads_root/prod-svoe-vino-strapi/prod-svoe-vino/strapi/uploads/oleg_repin_pinot_noir_v_pino_nuar_krasnoe_suhoe_125_445677a47f.webp,oleg-repin-pinot-noir-v-pino-nuar-krasnoe-suhoe-125
dataset/uploads_root/prod-svoe-vino-strapi/prod-svoe-vino/strapi/uploads/oleg_repin_riesling_risling_beloe_suhoe_125_62d1596c3a.webp,oleg-repin-riesling-risling-beloe-suhoe-125
dataset/uploads_root/prod-svoe-vino-strapi/prod-svoe-vino/strapi/uploads/oleg_repin_risling_beloe_suhoe_128_0d266baa08.webp,
dataset/uploads_root/prod-svoe-vino-strapi/prod-svoe-vino/strapi/uploads/oleg_repin_roze_oleg_repin_sira_rozovoe_suhoe_13_a34988dd8f.webp,rose-roze-oleg-repin
dataset/uploads_root/prod-svoe-vino-strapi/prod-svoe-vino/strapi/uploads/oleg_repin_roze_sira_rozovoe_suhoe_134_d7e4a7b958.webp,
dataset/uploads_root/prod-svoe-vino-strapi/prod-svoe-vino/strapi/uploads/oleg_repin_rubinovyy_magaracha_krasnoe_suhoe_141_e51b8a31b0.webp,
dataset/uploads_root/prod-svoe-vino-strapi/prod-svoe-vino/strapi/uploads/oleg_repin_rubinovyy_magaracha_krasnoe_suhoe_14_546920a1a5.webp,dry-red-wine-56-rubinovyj-magaracha-oleg-repin
dataset/uploads_root/prod-svoe-vino-strapi/prod-svoe-vino/strapi/uploads/oleg_repin_saperavisaperavi_carbonica_krasnoe_suhoe_13_157a571df2.webp,oleg-repin-saperavi-carbonica-saperavi-krasnoe-suhoe-13
dataset/uploads_root/prod-svoe-vino-strapi/prod-svoe-vino/strapi/uploads/oleg_repin_shenen_blan_beloe_suhoe_125_668dadcd2b.webp,chenin-blanc-shenen-blan-oleg-repin
dataset/uploads_root/prod-svoe-vino-strapi/prod-svoe-vino/strapi/uploads/oleg_repin_sira_krasnoe_suhoe_14_4b86974223.webp,
dataset/uploads_root/prod-svoe-vino-strapi/prod-svoe-vino/strapi/uploads/oljaq09lckueu6ncf0ipn8oygln5issj_fc9a7d09c9.webp,
dataset/uploads_root/prod-svoe-vino-strapi/prod-svoe-vino/strapi/uploads/olymp_winery_adagum_cabernet_franc_kaberne_fran_krasnoe_suhoe_11_1296da5e1c.webp,olymp-winery-adagum-cabernet-franc-kaberne-fran-krasnoe-suhoe-11
dataset/uploads_root/prod-svoe-vino-strapi/prod-svoe-vino/strapi/uploads/olymp_winery_adagum_cabernet_sauvignon_kaberne_sovinon_krasnoe_suhoe_11_389c433b06.webp,olymp-winery-adagum-cabernet-sauvignon-kaberne-sovinon-krasnoe-suhoe-11
dataset/uploads_root/prod-svoe-vino-strapi/prod-svoe-vino/strapi/uploads/olymp_winery_adagum_chardonnay_kuban_shardone_beloe_suhoe_11_a41c24329f.webp,olymp-winery-adagum-chardonnay-kuban-shardone-beloe-suhoe-11
dataset/uploads_root/prod-svoe-vino-strapi/prod-svoe-vino/strapi/uploads/olymp_winery_adagum_chardonnay_shardone_beloe_suhoe_11_cf6c199a92.webp,olymp-winery-adagum-chardonnay-shardone-beloe-suhoe-11
dataset/uploads_root/prod-svoe-vino-strapi/prod-svoe-vino/strapi/uploads/olymp_winery_adagum_estate_cabernet_sauvignon_kaberne_sovinon_krasnoe_suhoe_11_425fadfccf.webp,olymp-winery-adagum-estate-cabernet-sauvignon-kaberne-sovinon-krasnoe-suhoe-11
dataset/uploads_root/prod-svoe-vino-strapi/prod-svoe-vino/strapi/uploads/olymp_winery_adagum_estate_chardonnay_shardone_beloe_suhoe_11_db799bd3fb.webp,olymp-winery-adagum-estate-chardonnay-shardone-beloe-suhoe-11
dataset/uploads_root/prod-svoe-vino-strapi/prod-svoe-vino/strapi/uploads/olymp_winery_adagum_estate_merlot_merlo_krasnoe_suhoe_11_40b39cc86c.webp,olymp-winery-adagum-estate-merlot-merlo-krasnoe-suhoe-11
dataset/uploads_root/prod-svoe-vino-strapi/prod-svoe-vino/strapi/uploads/olymp_winery_adagum_estate_red_blend_kaberne_fran_krasnoe_suhoe_11_4dc9ac373d.webp,olymp-winery-adagum-estate-red-blend-kaberne-fran-krasnoe-suhoe-11
dataset/uploads_root/prod-svoe-vino-strapi/prod-svoe-vino/strapi/uploads/olymp_winery_adagum_estate_rose_kaberne_sovinon_rozovoe_suhoe_11_ad3a02cc01.webp,olymp-winery-adagum-estate-rose-kaberne-sovinon-rozovoe-suhoe-11
dataset/uploads_root/prod-svoe-vino-strapi/prod-svoe-vino/strapi/uploads/olymp_winery_adagum_estate_sauvignon_blanc_sovinon_blan_beloe_suhoe_11_3a562a0c8b.webp,olymp-winery-adagum-estate-sauvignon-blanc-sovinon-blan-beloe-suhoe-11
dataset/uploads_root/prod-svoe-vino-strapi/prod-svoe-vino/strapi/uploads/olymp_winery_adagum_krasnostop_krasnostop_zolotovskiy_krasnoe_suhoe_11_9741bfb5e5.webp,olymp-winery-adagum-krasnostop-krasnostop-zolotovskiy-krasnoe-suhoe-11
dataset/uploads_root/prod-svoe-vino-strapi/prod-svoe-vino/strapi/uploads/olymp_winery_adagum_merlot_merlo_rozovoe_suhoe_10_b7656d1596.webp,olymp-winery-adagum-merlot-merlo-rozovoe-suhoe-10
dataset/uploads_root/prod-svoe-vino-strapi/prod-svoe-vino/strapi/uploads/olymp_winery_adagum_odessa_black_kuban_odesskiy_chernyy_krasnoe_suhoe_11_8c94e0d7d5.webp,olymp-winery-adagum-odessa-black-kuban-odesskiy-chernyy-krasnoe-suhoe-11
dataset/uploads_root/prod-svoe-vino-strapi/prod-svoe-vino/strapi/uploads/olymp_winery_adagum_pinot_noir_pino_nuar_krasnoe_suhoe_11_5be0562815.webp,olymp-winery-adagum-pinot-noir-pino-nuar-krasnoe-suhoe-11
dataset/uploads_root/prod-svoe-vino-strapi/prod-svoe-vino/strapi/uploads/olymp_winery_adagum_pinot_noir_pino_nuar_rozovoe_suhoe_11_266cb2d0df.webp,olymp-winery-adagum-pinot-noir-pino-nuar-rozovoe-suhoe-11
dataset/uploads_root/prod-svoe-vino-strapi/prod-svoe-vino/strapi/uploads/olymp_winery_adagum_riesling_risling_beloe_suhoe_11_73187f0bc2.webp,olymp-winery-adagum-riesling-risling-beloe-suhoe-11
dataset/uploads_root/prod-svoe-vino-strapi/prod-svoe-vino/strapi/uploads/olymp_winery_adagum_saperavi_saperavi_krasnoe_suhoe_11_6a6ed2cae1.webp,olymp-winery-adagum-saperavi-saperavi-krasnoe-suhoe-11
dataset/uploads_root/prod-svoe-vino-strapi/prod-svoe-vino/strapi/uploads/olymp_winery_adagum_sauvignon_sovinon_blan_beloe_suhoe_11_759c83d0e0.webp,olymp-winery-adagum-sauvignon-sovinon-blan-beloe-suhoe-11
dataset/uploads_root/prod-svoe-vino-strapi/prod-svoe-vino/strapi/uploads/olymp_winery_adagum_valley_merlot_merlo_krasnoe_suhoe_11_3ec3bdd7ea.webp,olymp-winery-adagum-valley-merlot-merlo-krasnoe-suhoe-11
dataset/uploads_root/prod-svoe-vino-strapi/prod-svoe-vino/strapi/uploads/olymp_winery_adagum_valley_pinot_noir_pino_nuar_krasnoe_suhoe_11_f03c68421f.webp,olymp-winery-adagum-valley-pinot-noir-pino-nuar-krasnoe-suhoe-11
dataset/uploads_root/prod-svoe-vino-strapi/prod-svoe-vino/strapi/uploads/olymp_winery_adagum_valley_riesling_risling_reynskiy_beloe_suhoe_11_c4f049c0fc.webp,olymp-winery-adagum-valley-riesling-risling-reynskiy-beloe-suhoe-11
dataset/uploads_root/prod-svoe-vino-strapi/prod-svoe-vino/strapi/uploads/olymp_winery_adagum_valley_rkatsiteli_rkatsiteli_beloe_suhoe_10_ddfa4f8a06.webp,olymp-winery-adagum-valley-rkatsiteli-rkatsiteli-beloe-suhoe-10
dataset/uploads_root/prod-svoe-vino-strapi/prod-svoe-vino/strapi/uploads/olymp_winery_adagum_valley_saperavi_saperavi_krasnoe_suhoe_12_90b75e8147.webp,olymp-winery-adagum-valley-saperavi-saperavi-krasnoe-suhoe-12
dataset/uploads_root/prod-svoe-vino-strapi/prod-svoe-vino/strapi/uploads/olymp_winery_olimp_avtorskoe_kaberne_sovinon_krasnoe_suhoe_11_9c790bc6e3.webp,olymp-winery-olimp-avtorskoe-kaberne-sovinon-krasnoe-suhoe-11
dataset/uploads_root/prod-svoe-vino-strapi/prod-svoe-vino/strapi/uploads/olymp_winery_shato_belbek_kaberne_kaberne_sovinon_krasnoe_suhoe_11_81b9b798bd.webp,olymp-winery-shato-belbek-kaberne-kaberne-sovinon-krasnoe-suhoe-11
dataset/uploads_root/prod-svoe-vino-strapi/prod-svoe-vino/strapi/uploads/opyty_3bb3bdf2c8.webp,
dataset/uploads_root/prod-svoe-vino-strapi/prod-svoe-vino/strapi/uploads/opyty_7ef57b60c8.webp,
dataset/uploads_root/prod-svoe-vino-strapi/prod-svoe-vino/strapi/uploads/orig_6a9425d526.webp,
dataset/uploads_root/prod-svoe-vino-strapi/prod-svoe-vino/strapi/uploads/orig_8a5ceda895.webp,
dataset/uploads_root/prod-svoe-vino-strapi/prod-svoe-vino/strapi/uploads/orig_ee2973cb7b.webp,
dataset/uploads_root/prod-svoe-vino-strapi/prod-svoe-vino/strapi/uploads/ostroe_8b4463973d.png,
dataset/uploads_root/prod-svoe-vino-strapi/prod-svoe-vino/strapi/uploads/ostroe_cd4130b86a.webp,
dataset/uploads_root/prod-svoe-vino-strapi/prod-svoe-vino/strapi/uploads/output_img_021_c689d211f9.webp,
dataset/uploads_root/prod-svoe-vino-strapi/prod-svoe-vino/strapi/uploads/output_img_021_ecc606d2a1.webp,grand-jete-blanc-de-blancs
dataset/uploads_root/prod-svoe-vino-strapi/prod-svoe-vino/strapi/uploads/output_img_021_f1012524c8.webp,
dataset/uploads_root/prod-svoe-vino-strapi/prod-svoe-vino/strapi/uploads/output_img_022_62bebb88f8.webp,grand-jete-blanc-de-noirs
dataset/uploads_root/prod-svoe-vino-strapi/prod-svoe-vino/strapi/uploads/output_img_023_118c0b2ab7.webp,grand-jete-cuvee
dataset/uploads_root/prod-svoe-vino-strapi/prod-svoe-vino/strapi/uploads/output_img_023_d18d2e4a64.webp,
dataset/uploads_root/prod-svoe-vino-strapi/prod-svoe-vino/strapi/uploads/output_img_024_4a97c5528e.webp,grand-jete-rose
dataset/uploads_root/prod-svoe-vino-strapi/prod-svoe-vino/strapi/uploads/output_img_037_425130ed89.webp,le-general-hiver
dataset/uploads_root/prod-svoe-vino-strapi/prod-svoe-vino/strapi/uploads/output_photo_20_2025_10_07_11_41_50_d588c8fa0e.webp,
dataset/uploads_root/prod-svoe-vino-strapi/prod-svoe-vino/strapi/uploads/output_sibirkovyj_TG_5efbe7d3c2.webp,
dataset/uploads_root/prod-svoe-vino-strapi/prod-svoe-vino/strapi/uploads/ovoshi_grill_3e59a93025.png,
dataset/uploads_root/prod-svoe-vino-strapi/prod-svoe-vino/strapi/uploads/ovoshi_grill_7539c7f339.webp,
dataset/uploads_root/prod-svoe-vino-strapi/prod-svoe-vino/strapi/uploads/oxana_istratova_wine_rkatsiteli_2023_oranzhevoe_suhoe_113_ed2c3cbe36.webp,oxana-istratova-wine-rkatsiteli-2023-oranzhevoe-suhoe-113
dataset/uploads_root/prod-svoe-vino-strapi/prod-svoe-vino/strapi/uploads/oxana_istratova_wine_rkatsiteli_2024_oranzhevoe_suhoe_12_7a4aaf2a55.webp,oxana-istratova-wine-rkatsiteli-2024-oranzhevoe-suhoe-12
dataset/uploads_root/prod-svoe-vino-strapi/prod-svoe-vino/strapi/uploads/oxana_istratova_wine_saperavi_2023_krasnoe_suhoe_13_9e21363ec3.webp,oxana-istratova-wine-saperavi-2023-krasnoe-suhoe-13
dataset/uploads_root/prod-svoe-vino-strapi/prod-svoe-vino/strapi/uploads/oxana_istratova_wine_vione_2023_oranzhevoe_suhoe_119_d9ca068047.webp,oxana-istratova-wine-vione-2023-oranzhevoe-suhoe-119
dataset/uploads_root/prod-svoe-vino-strapi/prod-svoe-vino/strapi/uploads/oxana_istratova_wine_vione_2024_oranzhevoe_suhoe_13_66846a8d60.webp,oxana-istratova-wine-vione-2024-oranzhevoe-suhoe-13
dataset/uploads_root/prod-svoe-vino-strapi/prod-svoe-vino/strapi/uploads/panasian_kuhnya_1d383bb985.png,
dataset/uploads_root/prod-svoe-vino-strapi/prod-svoe-vino/strapi/uploads/panasian_kuhnya_9b6b0e0ba3.webp,
dataset/uploads_root/prod-svoe-vino-strapi/prod-svoe-vino/strapi/uploads/pasta_9ce9a580b2.webp,
dataset/uploads_root/prod-svoe-vino-strapi/prod-svoe-vino/strapi/uploads/pasta_9cf8881fb5.png,
dataset/uploads_root/prod-svoe-vino-strapi/prod-svoe-vino/strapi/uploads/pastila_a8c45a94d4.webp,
dataset/uploads_root/prod-svoe-vino-strapi/prod-svoe-vino/strapi/uploads/patrej_b0e9a536bd.webp,
dataset/uploads_root/prod-svoe-vino-strapi/prod-svoe-vino/strapi/uploads/pelmeni_cea0aa85af.webp,
dataset/uploads_root/prod-svoe-vino-strapi/prod-svoe-vino/strapi/uploads/penpalo_bez_fona_6f4a46990e.webp,
dataset/uploads_root/prod-svoe-vino-strapi/prod-svoe-vino/strapi/uploads/perevozka_igristogo_fb62b3375a.webp,
dataset/uploads_root/prod-svoe-vino-strapi/prod-svoe-vino/strapi/uploads/petnat_fioletovyj_no_bg_preview_carve_photos_e4ddd605bc.webp,
dataset/uploads_root/prod-svoe-vino-strapi/prod-svoe-vino/strapi/uploads/petnat_muskat_no_bg_preview_carve_photos_2296dc8b1a.webp,muskat-ottonel-gusev
dataset/uploads_root/prod-svoe-vino-strapi/prod-svoe-vino/strapi/uploads/petrikor_5ec6ae9eb7.webp,
dataset/uploads_root/prod-svoe-vino-strapi/prod-svoe-vino/strapi/uploads/petrushka_b748b8a4ba.webp,petrouchka
dataset/uploads_root/prod-svoe-vino-strapi/prod-svoe-vino/strapi/uploads/photo123188_97b879fe52.webp,
dataset/uploads_root/prod-svoe-vino-strapi/prod-svoe-vino/strapi/uploads/photo_2022_03_31_14_39_31_a1f8f2b802.webp,
dataset/uploads_root/prod-svoe-vino-strapi/prod-svoe-vino/strapi/uploads/photo_2022_08_16_16_54_49_f7bd5a0c18.webp,
dataset/uploads_root/prod-svoe-vino-strapi/prod-svoe-vino/strapi/uploads/photo_2022_09_17_16_58d38fbf09.webp,
dataset/uploads_root/prod-svoe-vino-strapi/prod-svoe-vino/strapi/uploads/photo_2023_03_24_15_41_43_44a44db059.webp,
dataset/uploads_root/prod-svoe-vino-strapi/prod-svoe-vino/strapi/uploads/photo_2023_09_07_09_32_51_e19dacaff1.webp,
dataset/uploads_root/prod-svoe-vino-strapi/prod-svoe-vino/strapi/uploads/photo_2023_10_22_10_10_20_51b30fd344.webp,
dataset/uploads_root/prod-svoe-vino-strapi/prod-svoe-vino/strapi/uploads/photo_2024_01_26_22_10_37_35790fb3f5.webp,
dataset/uploads_root/prod-svoe-vino-strapi/prod-svoe-vino/strapi/uploads/photo_2024_02_09_11_24_56_91a6cf6398.webp,
dataset/uploads_root/prod-svoe-vino-strapi/prod-svoe-vino/strapi/uploads/photo_2024_06_24_16_15_15_4b6c7e0699.webp,
dataset/uploads_root/prod-svoe-vino-strapi/prod-svoe-vino/strapi/uploads/photo_2024_09_03_10_44_27_80c7556b26.webp,
dataset/uploads_root/prod-svoe-vino-strapi/prod-svoe-vino/strapi/uploads/photo_2024_09_09_21_11_51_b9e9d61c9b.webp,
dataset/uploads_root/prod-svoe-vino-strapi/prod-svoe-vino/strapi/uploads/photo_2025_02_05_13_17_10_263bc40f6f.webp,
dataset/uploads_root/prod-svoe-vino-strapi/prod-svoe-vino/strapi/uploads/photo_2025_02_05_13_17_11_9b41f2abbc.webp,
dataset/uploads_root/prod-svoe-vino-strapi/prod-svoe-vino/strapi/uploads/photo_2025_02_10_15_40_46_efb25b1284.webp,
dataset/uploads_root/prod-svoe-vino-strapi/prod-svoe-vino/strapi/uploads/photo_2025_02_15_21_07_52_917e60940d.webp,
dataset/uploads_root/prod-svoe-vino-strapi/prod-svoe-vino/strapi/uploads/photo_2025_02_20_14_21_08_8a230fa0c0.webp,
dataset/uploads_root/prod-svoe-vino-strapi/prod-svoe-vino/strapi/uploads/photo_2025_04_18_16_31_57_2_8e8ba945f9.webp,
dataset/uploads_root/prod-svoe-vino-strapi/prod-svoe-vino/strapi/uploads/photo_2025_04_18_16_31_57_630c4478c5.webp,
dataset/uploads_root/prod-svoe-vino-strapi/prod-svoe-vino/strapi/uploads/photo_2025_05_18_22_03_03_05d0177eb1.webp,
dataset/uploads_root/prod-svoe-vino-strapi/prod-svoe-vino/strapi/uploads/photo_2025_05_23_14_13_47_2ec1c42cb3.webp,
dataset/uploads_root/prod-svoe-vino-strapi/prod-svoe-vino/strapi/uploads/photo_2025_05_23_14_13_47_695380a7f6.webp,
dataset/uploads_root/prod-svoe-vino-strapi/prod-svoe-vino/strapi/uploads/photo_2025_05_28_22_38_33_388aab53d1.webp,
dataset/uploads_root/prod-svoe-vino-strapi/prod-svoe-vino/strapi/uploads/photo_2025_07_18_21_10_09_2_6b0b159cbc.webp,
dataset/uploads_root/prod-svoe-vino-strapi/prod-svoe-vino/strapi/uploads/photo_2025_07_23_12_06_07_2cadd59260.webp,
dataset/uploads_root/prod-svoe-vino-strapi/prod-svoe-vino/strapi/uploads/photo_2025_07_23_12_06_07_c2a0fe143b.webp,
dataset/uploads_root/prod-svoe-vino-strapi/prod-svoe-vino/strapi/uploads/photo_2025_08_05_06_47_30_f9b444a6ef.webp,
dataset/uploads_root/prod-svoe-vino-strapi/prod-svoe-vino/strapi/uploads/photo_2025_08_06_20_33_21_83bcdbe2d7.webp,
dataset/uploads_root/prod-svoe-vino-strapi/prod-svoe-vino/strapi/uploads/photo_2025_08_12_12_31_26_4657925fe8.webp,
dataset/uploads_root/prod-svoe-vino-strapi/prod-svoe-vino/strapi/uploads/photo_2025_08_17_17_34_25_a7d02f0080.webp,
dataset/uploads_root/prod-svoe-vino-strapi/prod-svoe-vino/strapi/uploads/photo_2025_09_08_14_09_48_a434f552eb.webp,
dataset/uploads_root/prod-svoe-vino-strapi/prod-svoe-vino/strapi/uploads/photo_2025_09_08_14_09_48_eca621023b.webp,
dataset/uploads_root/prod-svoe-vino-strapi/prod-svoe-vino/strapi/uploads/photo_2025_09_09_15_33_24_65b262d2e6.webp,
dataset/uploads_root/prod-svoe-vino-strapi/prod-svoe-vino/strapi/uploads/photo_2025_10_02_19_02_15_25f69cf968.webp,
dataset/uploads_root/prod-svoe-vino-strapi/prod-svoe-vino/strapi/uploads/photo_2025_11_10_10_59_43_5cba128ff1.webp,
dataset/uploads_root/prod-svoe-vino-strapi/prod-svoe-vino/strapi/uploads/photo_2025_11_18_14_47_56_3bea1747ee.webp,
dataset/uploads_root/prod-svoe-vino-strapi/prod-svoe-vino/strapi/uploads/photo_2025_11_22_11_38_35_ac90ed6b75.webp,
dataset/uploads_root/prod-svoe-vino-strapi/prod-svoe-vino/strapi/uploads/photo_2025_11_22_11_38_37_e9f6387be4.webp,
dataset/uploads_root/prod-svoe-vino-strapi/prod-svoe-vino/strapi/uploads/photo_2025_11_22_11_38_39_2_f4bb0eb6e5.webp,
dataset/uploads_root/prod-svoe-vino-strapi/prod-svoe-vino/strapi/uploads/photo_2025_11_22_11_38_39_ec616d3a54.webp,
dataset/uploads_root/prod-svoe-vino-strapi/prod-svoe-vino/strapi/uploads/photo_2025_11_22_11_38_40_38bd001bcb.webp,
dataset/uploads_root/prod-svoe-vino-strapi/prod-svoe-vino/strapi/uploads/photo_2025_11_22_11_38_42_3a44304041.webp,
dataset/uploads_root/prod-svoe-vino-strapi/prod-svoe-vino/strapi/uploads/photo_2025_12_05_13_55_27_abfdee7d81.webp,
dataset/uploads_root/prod-svoe-vino-strapi/prod-svoe-vino/strapi/uploads/photo_2025_12_10_19_21_30_b2459ca7a3.webp,
dataset/uploads_root/prod-svoe-vino-strapi/prod-svoe-vino/strapi/uploads/photo_2025_12_17_14_36_07_b6ab166d50.webp,
dataset/uploads_root/prod-svoe-vino-strapi/prod-svoe-vino/strapi/uploads/photo_2026_01_12_11_01_55_8ad61c2f7d.webp,
dataset/uploads_root/prod-svoe-vino-strapi/prod-svoe-vino/strapi/uploads/photo_2026_01_12_14_47_13_bc7abf7206.webp,
dataset/uploads_root/prod-svoe-vino-strapi/prod-svoe-vino/strapi/uploads/photo_2026_01_12_14_47_19_09f5d2928c.webp,
dataset/uploads_root/prod-svoe-vino-strapi/prod-svoe-vino/strapi/uploads/photo_2026_01_12_14_47_24_eaf73f017f.webp,
dataset/uploads_root/prod-svoe-vino-strapi/prod-svoe-vino/strapi/uploads/photo_2026_01_15_11_15_22_d1283f1e81.webp,
dataset/uploads_root/prod-svoe-vino-strapi/prod-svoe-vino/strapi/uploads/photo_2026_01_15_11_15_22_ff38c5fa45.webp,
dataset/uploads_root/prod-svoe-vino-strapi/prod-svoe-vino/strapi/uploads/photo_2026_01_15_11_15_27_1d029142a8.webp,
dataset/uploads_root/prod-svoe-vino-strapi/prod-svoe-vino/strapi/uploads/photo_2026_01_15_11_15_27_cf8ff32806.webp,
dataset/uploads_root/prod-svoe-vino-strapi/prod-svoe-vino/strapi/uploads/photo_2026_01_15_11_15_27_dce75c7a8b.webp,
dataset/uploads_root/prod-svoe-vino-strapi/prod-svoe-vino/strapi/uploads/photo_2026_01_15_11_15_32_1d373c2daf.webp,
dataset/uploads_root/prod-svoe-vino-strapi/prod-svoe-vino/strapi/uploads/photo_2026_01_29_13_13_55_2638b01de0.webp,
dataset/uploads_root/prod-svoe-vino-strapi/prod-svoe-vino/strapi/uploads/photo_2026_01_29_13_13_55_84c04cdd02.webp,
dataset/uploads_root/prod-svoe-vino-strapi/prod-svoe-vino/strapi/uploads/photo_2026_02_13_18_09_21_ac0b4fbe2b.webp,
dataset/uploads_root/prod-svoe-vino-strapi/prod-svoe-vino/strapi/uploads/photo_2026_02_14_15_51_59_07e0034f48.webp,
dataset/uploads_root/prod-svoe-vino-strapi/prod-svoe-vino/strapi/uploads/photo_2026_02_14_16_16_27_95e5fd95ef.webp,
dataset/uploads_root/prod-svoe-vino-strapi/prod-svoe-vino/strapi/uploads/photo_2026_02_14_16_18_57_c625934e83.webp,
dataset/uploads_root/prod-svoe-vino-strapi/prod-svoe-vino/strapi/uploads/photo_2026_02_14_16_21_30_481ead1164.webp,
dataset/uploads_root/prod-svoe-vino-strapi/prod-svoe-vino/strapi/uploads/photo_2026_02_16_14_25_16_781745d488.webp,
dataset/uploads_root/prod-svoe-vino-strapi/prod-svoe-vino/strapi/uploads/photo_2026_02_16_14_25_26_dad73ac78d.webp,
dataset/uploads_root/prod-svoe-vino-strapi/prod-svoe-vino/strapi/uploads/photo_2026_02_17_10_38_44_8aacc2de1d.webp,
dataset/uploads_root/prod-svoe-vino-strapi/prod-svoe-vino/strapi/uploads/photo_2026_02_17_10_38_44_aa76f9be8c.webp,
dataset/uploads_root/prod-svoe-vino-strapi/prod-svoe-vino/strapi/uploads/photo_2026_02_17_13_13_37_2571ab2991.webp,
dataset/uploads_root/prod-svoe-vino-strapi/prod-svoe-vino/strapi/uploads/photo_2026_02_17_13_13_37_c090fdcca8.webp,
dataset/uploads_root/prod-svoe-vino-strapi/prod-svoe-vino/strapi/uploads/photo_2026_02_19_17_43_09_9f3e7b7091.webp,
dataset/uploads_root/prod-svoe-vino-strapi/prod-svoe-vino/strapi/uploads/photo_2026_02_19_17_43_09_db527f441e.webp,
dataset/uploads_root/prod-svoe-vino-strapi/prod-svoe-vino/strapi/uploads/photo_2026_02_19_18_16_31_e063700700.webp,
dataset/uploads_root/prod-svoe-vino-strapi/prod-svoe-vino/strapi/uploads/photo_2026_02_19_18_37_33_cfd1066aaa.webp,
dataset/uploads_root/prod-svoe-vino-strapi/prod-svoe-vino/strapi/uploads/photo_2026_02_23_14_19_30_cf799a4aa5.webp,
dataset/uploads_root/prod-svoe-vino-strapi/prod-svoe-vino/strapi/uploads/photo_2026_02_24_17_37_21_2728519c7e.webp,
dataset/uploads_root/prod-svoe-vino-strapi/prod-svoe-vino/strapi/uploads/photo_2026_02_25_17_17_52_3632e8921b.webp,
dataset/uploads_root/prod-svoe-vino-strapi/prod-svoe-vino/strapi/uploads/photo_2026_02_25_17_17_52_7c2bf27509.webp,
dataset/uploads_root/prod-svoe-vino-strapi/prod-svoe-vino/strapi/uploads/photo_2026_02_26_08_24_51_0eb2effb20.webp,
dataset/uploads_root/prod-svoe-vino-strapi/prod-svoe-vino/strapi/uploads/photo_2026_02_26_10_58_57_833c753046.webp,
dataset/uploads_root/prod-svoe-vino-strapi/prod-svoe-vino/strapi/uploads/photo_2026_02_26_12_01_18_1c5dc1b502.webp,
dataset/uploads_root/prod-svoe-vino-strapi/prod-svoe-vino/strapi/uploads/photo_2026_02_26_12_01_18_6f77889ecf.webp,
dataset/uploads_root/prod-svoe-vino-strapi/prod-svoe-vino/strapi/uploads/photo_2026_02_26_16_25_52_33164f2cf0.webp,
dataset/uploads_root/prod-svoe-vino-strapi/prod-svoe-vino/strapi/uploads/photo_2026_02_26_16_31_51_eba74ebf8d.webp,
dataset/uploads_root/prod-svoe-vino-strapi/prod-svoe-vino/strapi/uploads/photo_2026_02_26_16_45_48_90c57d7725.webp,
dataset/uploads_root/prod-svoe-vino-strapi/prod-svoe-vino/strapi/uploads/photo_2026_02_26_17_20_00_5688822b91.webp,
dataset/uploads_root/prod-svoe-vino-strapi/prod-svoe-vino/strapi/uploads/photo_2026_02_26_18_04_16_870c06bf21.webp,
dataset/uploads_root/prod-svoe-vino-strapi/prod-svoe-vino/strapi/uploads/photo_2026_02_26_19_20_30_fa00a3505d.webp,
dataset/uploads_root/prod-svoe-vino-strapi/prod-svoe-vino/strapi/uploads/photo_2026_02_26_19_20_34_44978ab68b.webp,
dataset/uploads_root/prod-svoe-vino-strapi/prod-svoe-vino/strapi/uploads/photo_2026_02_27_16_53_01_86eb8f1240.webp,
dataset/uploads_root/prod-svoe-vino-strapi/prod-svoe-vino/strapi/uploads/photo_2026_03_02_12_42_50_69c8e1c980.webp,
dataset/uploads_root/prod-svoe-vino-strapi/prod-svoe-vino/strapi/uploads/photo_2026_03_02_17_58_26_c2f968f678.webp,
dataset/uploads_root/prod-svoe-vino-strapi/prod-svoe-vino/strapi/uploads/photo_2026_03_02_18_25_35_ea25a81670.webp,
dataset/uploads_root/prod-svoe-vino-strapi/prod-svoe-vino/strapi/uploads/photo_2026_03_02_18_25_35_ee891d9202.webp,
dataset/uploads_root/prod-svoe-vino-strapi/prod-svoe-vino/strapi/uploads/photo_2026_03_02_18_27_55_7cbc2f5959.webp,
dataset/uploads_root/prod-svoe-vino-strapi/prod-svoe-vino/strapi/uploads/photo_2026_03_03_12_10_07_6cb189fce3.webp,
dataset/uploads_root/prod-svoe-vino-strapi/prod-svoe-vino/strapi/uploads/photo_2026_03_03_12_10_23_82cdc1c966.webp,
dataset/uploads_root/prod-svoe-vino-strapi/prod-svoe-vino/strapi/uploads/photo_2026_03_03_12_12_25_16ac1744b3.webp,
dataset/uploads_root/prod-svoe-vino-strapi/prod-svoe-vino/strapi/uploads/photo_2026_03_03_12_14_45_6b82376ab1.webp,
dataset/uploads_root/prod-svoe-vino-strapi/prod-svoe-vino/strapi/uploads/photo_2026_03_03_12_24_31_1bd0bffc2d.webp,
dataset/uploads_root/prod-svoe-vino-strapi/prod-svoe-vino/strapi/uploads/photo_2026_03_03_12_24_31_bc9336e37d.webp,
dataset/uploads_root/prod-svoe-vino-strapi/prod-svoe-vino/strapi/uploads/photo_2026_03_03_13_01_22_eaeba18aba.webp,
dataset/uploads_root/prod-svoe-vino-strapi/prod-svoe-vino/strapi/uploads/photo_2026_03_03_14_46_40_jpg_7f6eba56d7.webp,
dataset/uploads_root/prod-svoe-vino-strapi/prod-svoe-vino/strapi/uploads/photo_2026_03_03_18_00_22_f86fdc07d6.webp,
dataset/uploads_root/prod-svoe-vino-strapi/prod-svoe-vino/strapi/uploads/photo_2026_03_03_19_24_36_ec58bf0218.webp,
dataset/uploads_root/prod-svoe-vino-strapi/prod-svoe-vino/strapi/uploads/photo_2026_03_04_20_10_04_3d01e1f962.webp,
dataset/uploads_root/prod-svoe-vino-strapi/prod-svoe-vino/strapi/uploads/photo_2026_03_04_20_10_20_be9c59d29d.webp,
dataset/uploads_root/prod-svoe-vino-strapi/prod-svoe-vino/strapi/uploads/photo_2026_03_04_21_25_49_05d96d070d.webp,
dataset/uploads_root/prod-svoe-vino-strapi/prod-svoe-vino/strapi/uploads/photo_2026_03_04_21_25_49_a5b56c15d3.webp,
dataset/uploads_root/prod-svoe-vino-strapi/prod-svoe-vino/strapi/uploads/photo_2026_03_04_21_25_49_a5b56c15d3_c12cbc9261.webp,
dataset/uploads_root/prod-svoe-vino-strapi/prod-svoe-vino/strapi/uploads/photo_2026_03_04_21_25_49_a5b56c15d3_e65b4008dd.webp,
dataset/uploads_root/prod-svoe-vino-strapi/prod-svoe-vino/strapi/uploads/photo_2026_03_05_15_03_54_75c8e8c588.webp,
dataset/uploads_root/prod-svoe-vino-strapi/prod-svoe-vino/strapi/uploads/photo_2026_03_05_15_35_07_7e32291906.webp,
dataset/uploads_root/prod-svoe-vino-strapi/prod-svoe-vino/strapi/uploads/photo_2026_03_05_16_29_42_4521c6534a.webp,
dataset/uploads_root/prod-svoe-vino-strapi/prod-svoe-vino/strapi/uploads/photo_2026_03_05_16_29_42_def94dfb94.webp,
dataset/uploads_root/prod-svoe-vino-strapi/prod-svoe-vino/strapi/uploads/photo_2026_03_06_17_40_00_b960d66885.webp,
dataset/uploads_root/prod-svoe-vino-strapi/prod-svoe-vino/strapi/uploads/photo_2026_03_08_15_30_35_eb90a839ef.webp,
dataset/uploads_root/prod-svoe-vino-strapi/prod-svoe-vino/strapi/uploads/photo_2026_03_08_15_53_45_36be8e419f.webp,
dataset/uploads_root/prod-svoe-vino-strapi/prod-svoe-vino/strapi/uploads/photo_2026_03_09_18_05_20_900cad57c8.webp,
dataset/uploads_root/prod-svoe-vino-strapi/prod-svoe-vino/strapi/uploads/photo_2026_03_10_12_58_27_bf69483672.webp,
dataset/uploads_root/prod-svoe-vino-strapi/prod-svoe-vino/strapi/uploads/photo_2026_03_10_16_55_59_886ede9378.webp,
dataset/uploads_root/prod-svoe-vino-strapi/prod-svoe-vino/strapi/uploads/photo_2026_03_10_19_05_53_29a159a31c.webp,
dataset/uploads_root/prod-svoe-vino-strapi/prod-svoe-vino/strapi/uploads/photo_2026_03_11_17_14_27_0952c3d237.webp,
dataset/uploads_root/prod-svoe-vino-strapi/prod-svoe-vino/strapi/uploads/photo_2026_03_11_18_36_11_8960f8d493.webp,
dataset/uploads_root/prod-svoe-vino-strapi/prod-svoe-vino/strapi/uploads/photo_2026_03_11_18_43_16_3e7fba1730.webp,
dataset/uploads_root/prod-svoe-vino-strapi/prod-svoe-vino/strapi/uploads/photo_2026_03_11_18_44_37_124c48fd64.jpg,
dataset/uploads_root/prod-svoe-vino-strapi/prod-svoe-vino/strapi/uploads/photo_2026_03_11_18_44_37_b0df68bb5d.webp,
dataset/uploads_root/prod-svoe-vino-strapi/prod-svoe-vino/strapi/uploads/photo_2026_03_11_18_51_22_93c4dfe272.webp,
dataset/uploads_root/prod-svoe-vino-strapi/prod-svoe-vino/strapi/uploads/photo_2026_03_11_18_51_37_62abc55e77.webp,
dataset/uploads_root/prod-svoe-vino-strapi/prod-svoe-vino/strapi/uploads/photo_2026_03_11_20_53_41_40ed1e0f9f.webp,
dataset/uploads_root/prod-svoe-vino-strapi/prod-svoe-vino/strapi/uploads/photo_2026_03_11_21_51_08_3d5379dfcf.webp,
dataset/uploads_root/prod-svoe-vino-strapi/prod-svoe-vino/strapi/uploads/photo_2026_03_12_12_31_55_09c9d81648.webp,
dataset/uploads_root/prod-svoe-vino-strapi/prod-svoe-vino/strapi/uploads/photo_2026_03_12_12_31_55_eca572c09c.webp,
dataset/uploads_root/prod-svoe-vino-strapi/prod-svoe-vino/strapi/uploads/photo_2026_03_12_12_41_00_6b535ad9ae.webp,
dataset/uploads_root/prod-svoe-vino-strapi/prod-svoe-vino/strapi/uploads/photo_2026_03_12_13_46_44_13d4458fe9.webp,
dataset/uploads_root/prod-svoe-vino-strapi/prod-svoe-vino/strapi/uploads/photo_2026_03_13_10_07_43_5b1cf0e5bb.webp,
dataset/uploads_root/prod-svoe-vino-strapi/prod-svoe-vino/strapi/uploads/photo_2026_03_13_17_15_53_5e1b71ab1f.webp,
dataset/uploads_root/prod-svoe-vino-strapi/prod-svoe-vino/strapi/uploads/photo_2026_03_16_18_10_20_6e14783726.webp,
dataset/uploads_root/prod-svoe-vino-strapi/prod-svoe-vino/strapi/uploads/photo_2026_03_17_13_27_02_2f4d294f29.webp,
dataset/uploads_root/prod-svoe-vino-strapi/prod-svoe-vino/strapi/uploads/photo_2026_03_17_14_53_03_e1c9020412.webp,
dataset/uploads_root/prod-svoe-vino-strapi/prod-svoe-vino/strapi/uploads/photo_2026_03_18_14_05_04_0271b14ebf.webp,
dataset/uploads_root/prod-svoe-vino-strapi/prod-svoe-vino/strapi/uploads/photo_2026_03_19_11_07_49_b745fc9d32.webp,
dataset/uploads_root/prod-svoe-vino-strapi/prod-svoe-vino/strapi/uploads/photo_2026_03_19_11_38_58_e01095f8d8.webp,
dataset/uploads_root/prod-svoe-vino-strapi/prod-svoe-vino/strapi/uploads/photo_2026_03_19_14_01_40_0e8655bbbc.webp,
dataset/uploads_root/prod-svoe-vino-strapi/prod-svoe-vino/strapi/uploads/photo_2026_03_19_14_05_15_94b37c867e.webp,
dataset/uploads_root/prod-svoe-vino-strapi/prod-svoe-vino/strapi/uploads/photo_2026_03_19_14_07_36_bef581509e.webp,
dataset/uploads_root/prod-svoe-vino-strapi/prod-svoe-vino/strapi/uploads/photo_2026_03_19_14_14_40_2268f838a0.webp,
dataset/uploads_root/prod-svoe-vino-strapi/prod-svoe-vino/strapi/uploads/photo_2026_03_19_14_16_13_e489aa259b.webp,
dataset/uploads_root/prod-svoe-vino-strapi/prod-svoe-vino/strapi/uploads/photo_2026_03_19_14_29_09_8f86603333.webp,
dataset/uploads_root/prod-svoe-vino-strapi/prod-svoe-vino/strapi/uploads/photo_2026_03_19_16_10_54_715641422e.webp,
dataset/uploads_root/prod-svoe-vino-strapi/prod-svoe-vino/strapi/uploads/photo_2026_03_19_16_11_05_57f05d00fd.webp,
dataset/uploads_root/prod-svoe-vino-strapi/prod-svoe-vino/strapi/uploads/photo_2026_03_19_16_11_08_378b4d42fb.webp,
dataset/uploads_root/prod-svoe-vino-strapi/prod-svoe-vino/strapi/uploads/photo_2026_03_19_16_11_13_ff29fb16ac.webp,
dataset/uploads_root/prod-svoe-vino-strapi/prod-svoe-vino/strapi/uploads/photo_2026_03_19_16_11_16_5de192196a.webp,
dataset/uploads_root/prod-svoe-vino-strapi/prod-svoe-vino/strapi/uploads/photo_2026_03_19_16_13_30_148452b5ed.webp,
dataset/uploads_root/prod-svoe-vino-strapi/prod-svoe-vino/strapi/uploads/photo_2026_03_19_16_15_42_25b2dd8ccd.webp,
dataset/uploads_root/prod-svoe-vino-strapi/prod-svoe-vino/strapi/uploads/photo_2026_03_19_17_08_23_94763dcd56.webp,
dataset/uploads_root/prod-svoe-vino-strapi/prod-svoe-vino/strapi/uploads/photo_2026_03_19_17_36_38_bd7bb85a28.webp,
dataset/uploads_root/prod-svoe-vino-strapi/prod-svoe-vino/strapi/uploads/photo_2026_03_20_13_00_46_636c3e9d15.webp,
dataset/uploads_root/prod-svoe-vino-strapi/prod-svoe-vino/strapi/uploads/photo_2026_03_20_18_02_54_f32e215082.webp,
dataset/uploads_root/prod-svoe-vino-strapi/prod-svoe-vino/strapi/uploads/photo_2026_03_20_18_17_25_3aac354e33.webp,
dataset/uploads_root/prod-svoe-vino-strapi/prod-svoe-vino/strapi/uploads/photo_2026_03_21_11_51_30_15ee566f8d.webp,
dataset/uploads_root/prod-svoe-vino-strapi/prod-svoe-vino/strapi/uploads/photo_2026_03_21_15_04_18_c4491de6c7.webp,
dataset/uploads_root/prod-svoe-vino-strapi/prod-svoe-vino/strapi/uploads/photo_2026_03_21_15_04_24_a1aeb5c5dd.webp,
dataset/uploads_root/prod-svoe-vino-strapi/prod-svoe-vino/strapi/uploads/photo_2026_03_22_13_40_08_jpg_afca632898.webp,
dataset/uploads_root/prod-svoe-vino-strapi/prod-svoe-vino/strapi/uploads/photo_2026_03_22_13_40_22_e0449eb31c.webp,
dataset/uploads_root/prod-svoe-vino-strapi/prod-svoe-vino/strapi/uploads/photo_2026_03_22_14_00_46_2e80adce50.webp,
dataset/uploads_root/prod-svoe-vino-strapi/prod-svoe-vino/strapi/uploads/photo_2026_03_23_20_27_58_843591c4e6.webp,
dataset/uploads_root/prod-svoe-vino-strapi/prod-svoe-vino/strapi/uploads/photo_2026_03_23_20_28_10_3b63301c2d.webp,
dataset/uploads_root/prod-svoe-vino-strapi/prod-svoe-vino/strapi/uploads/photo_2026_03_24_14_29_57_fd36253114.webp,
dataset/uploads_root/prod-svoe-vino-strapi/prod-svoe-vino/strapi/uploads/photo_2026_03_24_16_54_51_5c14f2ba35.webp,
dataset/uploads_root/prod-svoe-vino-strapi/prod-svoe-vino/strapi/uploads/photo_2026_03_24_22_01_41_82d85609a7.webp,
dataset/uploads_root/prod-svoe-vino-strapi/prod-svoe-vino/strapi/uploads/photo_2026_03_25_13_35_36_e94280f0ef.webp,
dataset/uploads_root/prod-svoe-vino-strapi/prod-svoe-vino/strapi/uploads/photo_2026_03_25_13_52_08_f1ba35a68f.webp,
dataset/uploads_root/prod-svoe-vino-strapi/prod-svoe-vino/strapi/uploads/photo_2026_03_25_14_33_51_fc5deeaefc.webp,
dataset/uploads_root/prod-svoe-vino-strapi/prod-svoe-vino/strapi/uploads/photo_2026_03_26_12_21_10_cfe7fd0e26.webp,
dataset/uploads_root/prod-svoe-vino-strapi/prod-svoe-vino/strapi/uploads/photo_2026_03_26_15_00_20_02ae53f978.webp,
dataset/uploads_root/prod-svoe-vino-strapi/prod-svoe-vino/strapi/uploads/photo_2026_03_26_17_06_42_jpg_245a9d99c3.webp,
dataset/uploads_root/prod-svoe-vino-strapi/prod-svoe-vino/strapi/uploads/photo_2026_03_26_18_03_02_05ec688f1f.webp,
dataset/uploads_root/prod-svoe-vino-strapi/prod-svoe-vino/strapi/uploads/photo_2026_03_26_18_07_11_b0f2ad8932.webp,
dataset/uploads_root/prod-svoe-vino-strapi/prod-svoe-vino/strapi/uploads/photo_2026_03_26_18_12_15_a627e85d07.webp,
dataset/uploads_root/prod-svoe-vino-strapi/prod-svoe-vino/strapi/uploads/photo_2026_03_26_20_20_00_ef5618fbef.webp,
dataset/uploads_root/prod-svoe-vino-strapi/prod-svoe-vino/strapi/uploads/photo_2026_03_26_20_28_13_15ec4957fc.webp,
dataset/uploads_root/prod-svoe-vino-strapi/prod-svoe-vino/strapi/uploads/photo_2026_03_27_13_04_57_29ac70d93a.webp,
dataset/uploads_root/prod-svoe-vino-strapi/prod-svoe-vino/strapi/uploads/photo_2026_03_27_14_44_39_75a95dcd02.webp,
dataset/uploads_root/prod-svoe-vino-strapi/prod-svoe-vino/strapi/uploads/photo_2026_03_27_17_22_28_9561298e8d.webp,
dataset/uploads_root/prod-svoe-vino-strapi/prod-svoe-vino/strapi/uploads/photo_2026_03_27_18_24_34_43653bc096.webp,
dataset/uploads_root/prod-svoe-vino-strapi/prod-svoe-vino/strapi/uploads/photo_2026_03_27_18_41_27_26f00636e7.webp,
dataset/uploads_root/prod-svoe-vino-strapi/prod-svoe-vino/strapi/uploads/photo_2026_03_29_18_17_10_0aa51cdff2.webp,
dataset/uploads_root/prod-svoe-vino-strapi/prod-svoe-vino/strapi/uploads/photo_2026_03_29_18_21_35_c58f520dec.webp,
dataset/uploads_root/prod-svoe-vino-strapi/prod-svoe-vino/strapi/uploads/photo_2026_03_30_10_45_02_03117afbee.webp,
dataset/uploads_root/prod-svoe-vino-strapi/prod-svoe-vino/strapi/uploads/photo_2026_03_30_21_09_58_c43caeaf97.webp,
dataset/uploads_root/prod-svoe-vino-strapi/prod-svoe-vino/strapi/uploads/photo_2026_04_01_23_41_22_66c9688343.webp,
dataset/uploads_root/prod-svoe-vino-strapi/prod-svoe-vino/strapi/uploads/photo_2026_04_01_23_56_16_45d8bf7446.webp,
dataset/uploads_root/prod-svoe-vino-strapi/prod-svoe-vino/strapi/uploads/photo_2026_04_02_11_27_48_83a48eecaa.webp,
dataset/uploads_root/prod-svoe-vino-strapi/prod-svoe-vino/strapi/uploads/photo_2026_04_02_21_40_07_c7e2cad5e3.webp,
dataset/uploads_root/prod-svoe-vino-strapi/prod-svoe-vino/strapi/uploads/photo_2026_04_02_22_34_48_091ccd7349.webp,
dataset/uploads_root/prod-svoe-vino-strapi/prod-svoe-vino/strapi/uploads/photo_2026_04_02_22_34_51_4b1056dd9b.webp,
dataset/uploads_root/prod-svoe-vino-strapi/prod-svoe-vino/strapi/uploads/photo_2026_04_04_15_15_05_1b976cb4ca.webp,
dataset/uploads_root/prod-svoe-vino-strapi/prod-svoe-vino/strapi/uploads/photo_2026_04_04_16_30_23_a5978e4257.webp,
dataset/uploads_root/prod-svoe-vino-strapi/prod-svoe-vino/strapi/uploads/photo_2026_04_05_17_53_38_08ddcca198.webp,
dataset/uploads_root/prod-svoe-vino-strapi/prod-svoe-vino/strapi/uploads/photo_2026_04_05_18_26_03_bd9d5c0d98.webp,
dataset/uploads_root/prod-svoe-vino-strapi/prod-svoe-vino/strapi/uploads/photo_2026_04_06_12_01_56_638331b8d4.webp,
dataset/uploads_root/prod-svoe-vino-strapi/prod-svoe-vino/strapi/uploads/photo_2026_04_06_19_23_56_51069ffa9b.webp,
dataset/uploads_root/prod-svoe-vino-strapi/prod-svoe-vino/strapi/uploads/photo_2026_04_06_22_28_14_211207e019.webp,
dataset/uploads_root/prod-svoe-vino-strapi/prod-svoe-vino/strapi/uploads/photo_2026_04_07_20_54_05_050eba5736.webp,
dataset/uploads_root/prod-svoe-vino-strapi/prod-svoe-vino/strapi/uploads/photo_2026_04_08_07_37_22_534b8a61a1.webp,
dataset/uploads_root/prod-svoe-vino-strapi/prod-svoe-vino/strapi/uploads/photo_2026_04_08_11_31_36_f16cfc7c81.webp,
dataset/uploads_root/prod-svoe-vino-strapi/prod-svoe-vino/strapi/uploads/photo_2026_04_11_15_36_05_2158fac579.webp,
dataset/uploads_root/prod-svoe-vino-strapi/prod-svoe-vino/strapi/uploads/photo_2026_04_11_16_47_02_698aeab1a1.webp,
dataset/uploads_root/prod-svoe-vino-strapi/prod-svoe-vino/strapi/uploads/photo_2026_04_11_16_47_48_bf8df78e0f.webp,
dataset/uploads_root/prod-svoe-vino-strapi/prod-svoe-vino/strapi/uploads/photo_2026_04_13_16_07_07_d0b3e0a094.webp,
dataset/uploads_root/prod-svoe-vino-strapi/prod-svoe-vino/strapi/uploads/photo_2026_04_13_16_07_08_2_4f66a65aff.webp,
dataset/uploads_root/prod-svoe-vino-strapi/prod-svoe-vino/strapi/uploads/photo_2026_04_13_16_07_08_93dfd65e00.webp,
dataset/uploads_root/prod-svoe-vino-strapi/prod-svoe-vino/strapi/uploads/photo_2026_04_13_16_07_09_2_9ebd9feb5f.webp,
dataset/uploads_root/prod-svoe-vino-strapi/prod-svoe-vino/strapi/uploads/photo_2026_04_13_16_07_09_3a699f2614.webp,
dataset/uploads_root/prod-svoe-vino-strapi/prod-svoe-vino/strapi/uploads/photo_2026_04_13_16_07_11_2_305fa03929.webp,
dataset/uploads_root/prod-svoe-vino-strapi/prod-svoe-vino/strapi/uploads/photo_2026_04_13_16_09_23_d9b4731b04.webp,
dataset/uploads_root/prod-svoe-vino-strapi/prod-svoe-vino/strapi/uploads/photo_2026_04_17_11_23_04_70c45b1e23.webp,
dataset/uploads_root/prod-svoe-vino-strapi/prod-svoe-vino/strapi/uploads/photo_2026_04_19_17_28_35_ece6d97c51.webp,
dataset/uploads_root/prod-svoe-vino-strapi/prod-svoe-vino/strapi/uploads/photo_2026_04_19_23_08_40_ae5d4f4eb9.webp,
dataset/uploads_root/prod-svoe-vino-strapi/prod-svoe-vino/strapi/uploads/photo_2026_04_20_16_23_48_f3cd8d78c7.webp,
dataset/uploads_root/prod-svoe-vino-strapi/prod-svoe-vino/strapi/uploads/photo_2026_04_26_15_54_28_b2e1ea3da2.webp,
dataset/uploads_root/prod-svoe-vino-strapi/prod-svoe-vino/strapi/uploads/photo_2026_05_05_15_22_39_522fa96c25.webp,
dataset/uploads_root/prod-svoe-vino-strapi/prod-svoe-vino/strapi/uploads/photo_2026_05_18_15_17_382_2386d9db00.webp,
dataset/uploads_root/prod-svoe-vino-strapi/prod-svoe-vino/strapi/uploads/photo_2026_05_18_15_17_383_7aed1108af.webp,
dataset/uploads_root/prod-svoe-vino-strapi/prod-svoe-vino/strapi/uploads/photo_2026_05_18_15_17_383_859834f726.webp,
dataset/uploads_root/prod-svoe-vino-strapi/prod-svoe-vino/strapi/uploads/photo_2026_05_19_20_27_54_ce427f2fd3.webp,
dataset/uploads_root/prod-svoe-vino-strapi/prod-svoe-vino/strapi/uploads/photo_2026_05_19_20_28_00_c9077cacc3.webp,
dataset/uploads_root/prod-svoe-vino-strapi/prod-svoe-vino/strapi/uploads/photo_2026_05_20_10_57_38_3d9cf16769.webp,
dataset/uploads_root/prod-svoe-vino-strapi/prod-svoe-vino/strapi/uploads/photo_2026_05_20_10_57_422_ba32105ad7.webp,
dataset/uploads_root/prod-svoe-vino-strapi/prod-svoe-vino/strapi/uploads/photo_2026_05_22_18_57_41_11749fcbda.webp,
dataset/uploads_root/prod-svoe-vino-strapi/prod-svoe-vino/strapi/uploads/photo_2026_05_22_18_57_41_dfb1b0a2cb.webp,
dataset/uploads_root/prod-svoe-vino-strapi/prod-svoe-vino/strapi/uploads/photo_2026_05_27_15_14_372_b766c139af.webp,
dataset/uploads_root/prod-svoe-vino-strapi/prod-svoe-vino/strapi/uploads/photo_2026_05_28_21_11_44_30583c12f3.webp,
dataset/uploads_root/prod-svoe-vino-strapi/prod-svoe-vino/strapi/uploads/photo_2026_06_09_14_59_46_jpeg_772e8993ad.webp,
dataset/uploads_root/prod-svoe-vino-strapi/prod-svoe-vino/strapi/uploads/photo_2026_06_17_18_21_57_229e224ecd.webp,
dataset/uploads_root/prod-svoe-vino-strapi/prod-svoe-vino/strapi/uploads/photo_2026_06_24_14_26_001_afef300d00.webp,
dataset/uploads_root/prod-svoe-vino-strapi/prod-svoe-vino/strapi/uploads/photo_2026_06_29_17_09_18_271c899038.webp,
dataset/uploads_root/prod-svoe-vino-strapi/prod-svoe-vino/strapi/uploads/photo_2026_07_14_15_50_051_95dce769d9.webp,
dataset/uploads_root/prod-svoe-vino-strapi/prod-svoe-vino/strapi/uploads/photo_2026_07_14_15_56_08_6bca21bf9f.webp,
dataset/uploads_root/prod-svoe-vino-strapi/prod-svoe-vino/strapi/uploads/photo_2026_07_20_11_33_3611_be3213006f.webp,
dataset/uploads_root/prod-svoe-vino-strapi/prod-svoe-vino/strapi/uploads/photo_2026_07_22_14_09_23_f17e93bf2f.webp,
dataset/uploads_root/prod-svoe-vino-strapi/prod-svoe-vino/strapi/uploads/photo_2026_07_22_17_22_31_2_a28cbb4e7b.webp,
dataset/uploads_root/prod-svoe-vino-strapi/prod-svoe-vino/strapi/uploads/photo_2026_07_25_23_15_50_33fcc1fc25.webp,
dataset/uploads_root/prod-svoe-vino-strapi/prod-svoe-vino/strapi/uploads/photo_2026_07_25_23_15_59_6a1eb69889.webp,
dataset/uploads_root/prod-svoe-vino-strapi/prod-svoe-vino/strapi/uploads/photo_2026_07_26_21_09_27_47156ad64c.webp,
dataset/uploads_root/prod-svoe-vino-strapi/prod-svoe-vino/strapi/uploads/photo_2026_07_28_12_07_17_bf43cfa635.webp,
dataset/uploads_root/prod-svoe-vino-strapi/prod-svoe-vino/strapi/uploads/photo_2026_07_28_15_04_05_59e6b0cf8d.webp,
dataset/uploads_root/prod-svoe-vino-strapi/prod-svoe-vino/strapi/uploads/photo_2026_07_29_09_37_45_882690ff47.webp,
dataset/uploads_root/prod-svoe-vino-strapi/prod-svoe-vino/strapi/uploads/photo_2026_07_29_13_19_41_8415b21738.webp,
dataset/uploads_root/prod-svoe-vino-strapi/prod-svoe-vino/strapi/uploads/photo_2026_08_03_13_02_26_7ae86925bc.webp,
dataset/uploads_root/prod-svoe-vino-strapi/prod-svoe-vino/strapi/uploads/photo_2026_08_03_14_36_05_2_c31cf115fb.webp,
dataset/uploads_root/prod-svoe-vino-strapi/prod-svoe-vino/strapi/uploads/photo_2026_08_04_10_00_21_3be39af487.webp,
dataset/uploads_root/prod-svoe-vino-strapi/prod-svoe-vino/strapi/uploads/photo_2026_08_04_10_00_30_a46dcb860d.webp,
dataset/uploads_root/prod-svoe-vino-strapi/prod-svoe-vino/strapi/uploads/photo_2026_08_04_10_00_34_4b43379c71.webp,
dataset/uploads_root/prod-svoe-vino-strapi/prod-svoe-vino/strapi/uploads/photo_2026_08_04_10_00_38_8f5fe2fd94.webp,
dataset/uploads_root/prod-svoe-vino-strapi/prod-svoe-vino/strapi/uploads/photo_2026_08_04_16_46_00_2af9bd9f9e.webp,
dataset/uploads_root/prod-svoe-vino-strapi/prod-svoe-vino/strapi/uploads/photo_2026_08_04_16_46_04_481a40f4b0.webp,
dataset/uploads_root/prod-svoe-vino-strapi/prod-svoe-vino/strapi/uploads/photo_2026_08_04_16_46_20_ade9dc6a46.webp,
dataset/uploads_root/prod-svoe-vino-strapi/prod-svoe-vino/strapi/uploads/photo_2026_08_04_16_46_25_2a9fdc7ae5.webp,
dataset/uploads_root/prod-svoe-vino-strapi/prod-svoe-vino/strapi/uploads/photo_2026_08_05_12_39_14_3a6916ac5d.webp,
dataset/uploads_root/prod-svoe-vino-strapi/prod-svoe-vino/strapi/uploads/photo_2026_08_05_12_53_01_ec4c0707bd.webp,
dataset/uploads_root/prod-svoe-vino-strapi/prod-svoe-vino/strapi/uploads/photo_2026_08_05_14_00_45_a1ce73d212.webp,
dataset/uploads_root/prod-svoe-vino-strapi/prod-svoe-vino/strapi/uploads/photo_2026_08_06_22_02_08_c84081e07c.webp,
dataset/uploads_root/prod-svoe-vino-strapi/prod-svoe-vino/strapi/uploads/photo_2026_08_06_22_02_09_a064e2c564.webp,
dataset/uploads_root/prod-svoe-vino-strapi/prod-svoe-vino/strapi/uploads/photo_2026_08_06_22_02_10_2_8a7c62381f.webp,
dataset/uploads_root/prod-svoe-vino-strapi/prod-svoe-vino/strapi/uploads/photo_2026_08_06_22_02_10_fa1c1a3803.webp,
dataset/uploads_root/prod-svoe-vino-strapi/prod-svoe-vino/strapi/uploads/photo_2026_08_06_22_04_19_83ae159a5e.webp,
dataset/uploads_root/prod-svoe-vino-strapi/prod-svoe-vino/strapi/uploads/photo_2026_08_06_22_04_20_2_e0a2d65b6c.webp,
dataset/uploads_root/prod-svoe-vino-strapi/prod-svoe-vino/strapi/uploads/photo_2026_08_06_22_04_20_368d1d0deb.webp,
dataset/uploads_root/prod-svoe-vino-strapi/prod-svoe-vino/strapi/uploads/photo_2026_08_08_13_21_321_08f9052195.webp,
dataset/uploads_root/prod-svoe-vino-strapi/prod-svoe-vino/strapi/uploads/photo_2026_08_11_11_24_23_ffbab57062.webp,
dataset/uploads_root/prod-svoe-vino-strapi/prod-svoe-vino/strapi/uploads/photo_2026_08_11_17_23_03_8aae1e4fe3.webp,
dataset/uploads_root/prod-svoe-vino-strapi/prod-svoe-vino/strapi/uploads/photo_2026_08_13_19_03_05_a2b573b554.webp,
dataset/uploads_root/prod-svoe-vino-strapi/prod-svoe-vino/strapi/uploads/photo_2026_08_16_12_26_40_9dcfeff266.webp,
dataset/uploads_root/prod-svoe-vino-strapi/prod-svoe-vino/strapi/uploads/photo_2026_08_16_12_28_33_737e7793e5.webp,
dataset/uploads_root/prod-svoe-vino-strapi/prod-svoe-vino/strapi/uploads/photo_2026_08_16_14_02_03_751bdb5940.webp,
dataset/uploads_root/prod-svoe-vino-strapi/prod-svoe-vino/strapi/uploads/photo_2026_08_17_17_13_05_no_bg_preview_carve_photos_68c4ef07cb.webp,chateau-tamagne-select-blanc
dataset/uploads_root/prod-svoe-vino-strapi/prod-svoe-vino/strapi/uploads/photo_2026_08_19_23_47_51_no_bg_preview_carve_photos_4f7d3d0747.webp,kd-kokur
dataset/uploads_root/prod-svoe-vino-strapi/prod-svoe-vino/strapi/uploads/photo_2026_08_23_09_01_52_1d0b481180.webp,
dataset/uploads_root/prod-svoe-vino-strapi/prod-svoe-vino/strapi/uploads/photo_2026_08_23_09_01_54_e8b09b61e6.webp,
dataset/uploads_root/prod-svoe-vino-strapi/prod-svoe-vino/strapi/uploads/photo_2026_08_24_13_27_45_657a13a62b.webp,
dataset/uploads_root/prod-svoe-vino-strapi/prod-svoe-vino/strapi/uploads/photo_2026_08_25_12_05_51_6cd1f53f3a.webp,
dataset/uploads_root/prod-svoe-vino-strapi/prod-svoe-vino/strapi/uploads/photo_2026_09_03_15_24_06_8afea76be3.webp,
dataset/uploads_root/prod-svoe-vino-strapi/prod-svoe-vino/strapi/uploads/photo_2026_09_03_15_26_35_162ba0e2a7.webp,
dataset/uploads_root/prod-svoe-vino-strapi/prod-svoe-vino/strapi/uploads/photo_2026_09_04_07_53_17_5697763be3.webp,
dataset/uploads_root/prod-svoe-vino-strapi/prod-svoe-vino/strapi/uploads/photo_2_82902cc8f3.webp,
dataset/uploads_root/prod-svoe-vino-strapi/prod-svoe-vino/strapi/uploads/photo_3_4966750ed9.webp,
dataset/uploads_root/prod-svoe-vino-strapi/prod-svoe-vino/strapi/uploads/photo_5276003518391194777_y_1_94f942ac61.webp,
dataset/uploads_root/prod-svoe-vino-strapi/prod-svoe-vino/strapi/uploads/photo_5280733540104476037_y_9fc27e8d26.webp,
dataset/uploads_root/prod-svoe-vino-strapi/prod-svoe-vino/strapi/uploads/photo_5280733540104476053_y_d0c20be0c7.webp,
dataset/uploads_root/prod-svoe-vino-strapi/prod-svoe-vino/strapi/uploads/photo_5280733540104476054_y_67b9ce9750.webp,
dataset/uploads_root/prod-svoe-vino-strapi/prod-svoe-vino/strapi/uploads/photo_5280733540104476068_y_5231b79801.webp,
dataset/uploads_root/prod-svoe-vino-strapi/prod-svoe-vino/strapi/uploads/photo_5280733540104476076_y_a3fc29be1e.webp,
dataset/uploads_root/prod-svoe-vino-strapi/prod-svoe-vino/strapi/uploads/photo_5283015829890996248_y_75622cf325.webp,
dataset/uploads_root/prod-svoe-vino-strapi/prod-svoe-vino/strapi/uploads/photo_5283015829890996249_y_e85683630b.webp,
dataset/uploads_root/prod-svoe-vino-strapi/prod-svoe-vino/strapi/uploads/photo_5335067260105724666_y_0af41a8da6.webp,
dataset/uploads_root/prod-svoe-vino-strapi/prod-svoe-vino/strapi/uploads/photo_5335067260105724667_y_549451a7c1.webp,
dataset/uploads_root/prod-svoe-vino-strapi/prod-svoe-vino/strapi/uploads/photo_5343756335427818311_y_ab49b543c0.webp,
dataset/uploads_root/prod-svoe-vino-strapi/prod-svoe-vino/strapi/uploads/photo_5343756335427818312_y_a9aae0fd4a.webp,
dataset/uploads_root/prod-svoe-vino-strapi/prod-svoe-vino/strapi/uploads/photo_5343756335427818314_y_34e6dfd8c0.webp,
dataset/uploads_root/prod-svoe-vino-strapi/prod-svoe-vino/strapi/uploads/photo_5345883503880507992_y_c624ccb3cb.webp,
dataset/uploads_root/prod-svoe-vino-strapi/prod-svoe-vino/strapi/uploads/photo_5345883503880508010_y_e3025fac0e.webp,
dataset/uploads_root/prod-svoe-vino-strapi/prod-svoe-vino/strapi/uploads/photo_5345883503880508013_y_dc9a5e3835.webp,
dataset/uploads_root/prod-svoe-vino-strapi/prod-svoe-vino/strapi/uploads/photo_5348149309582547361_y_647cd557a4.webp,
dataset/uploads_root/prod-svoe-vino-strapi/prod-svoe-vino/strapi/uploads/photo_5389048655349755323_y_3dc59c5764.webp,
dataset/uploads_root/prod-svoe-vino-strapi/prod-svoe-vino/strapi/uploads/photo_a535bcc46e.webp,leto-risling-2020
dataset/uploads_root/prod-svoe-vino-strapi/prod-svoe-vino/strapi/uploads/photo_jpg_1_ed9456b242.webp,
dataset/uploads_root/prod-svoe-vino-strapi/prod-svoe-vino/strapi/uploads/photo_jpg_4be204a094.webp,
dataset/uploads_root/prod-svoe-vino-strapi/prod-svoe-vino/strapi/uploads/pina_kolada_56bee28d96.webp,
dataset/uploads_root/prod-svoe-vino-strapi/prod-svoe-vino/strapi/uploads/pino_nuar_4915dc36a6.webp,pino-nuar
dataset/uploads_root/prod-svoe-vino-strapi/prod-svoe-vino/strapi/uploads/pino_nuar_dzhavaga_d29d630ce8.webp,pino-nuar-dzhavaga
dataset/uploads_root/prod-svoe-vino-strapi/prod-svoe-vino/strapi/uploads/pizza_a1575c195e.png,
dataset/uploads_root/prod-svoe-vino-strapi/prod-svoe-vino/strapi/uploads/pizza_d054f8ea44.webp,
dataset/uploads_root/prod-svoe-vino-strapi/prod-svoe-vino/strapi/uploads/po_Baram1_d1f1aa337e.webp,
dataset/uploads_root/prod-svoe-vino-strapi/prod-svoe-vino/strapi/uploads/podval_1_8d66843000.webp,
dataset/uploads_root/prod-svoe-vino-strapi/prod-svoe-vino/strapi/uploads/podval_1_8faf0e9e89.webp,
dataset/uploads_root/prod-svoe-vino-strapi/prod-svoe-vino/strapi/uploads/podval_2_2277738b1c.webp,
dataset/uploads_root/prod-svoe-vino-strapi/prod-svoe-vino/strapi/uploads/podval_2_854a1a2d4e.webp,
dataset/uploads_root/prod-svoe-vino-strapi/prod-svoe-vino/strapi/uploads/polina3_8c6a567215.webp,
dataset/uploads_root/prod-svoe-vino-strapi/prod-svoe-vino/strapi/uploads/polina_1e6b24f6ab.webp,
dataset/uploads_root/prod-svoe-vino-strapi/prod-svoe-vino/strapi/uploads/polina_2_9f1139b8c1.webp,
dataset/uploads_root/prod-svoe-vino-strapi/prod-svoe-vino/strapi/uploads/polina_3_afad4a9ead.webp,
dataset/uploads_root/prod-svoe-vino-strapi/prod-svoe-vino/strapi/uploads/polina_4_d35a97dc4a.webp,
dataset/uploads_root/prod-svoe-vino-strapi/prod-svoe-vino/strapi/uploads/polina_Kapelyush3_bfe20f349e.webp,
dataset/uploads_root/prod-svoe-vino-strapi/prod-svoe-vino/strapi/uploads/polina_Kapelyush4_3d78ca6be2.webp,
dataset/uploads_root/prod-svoe-vino-strapi/prod-svoe-vino/strapi/uploads/polina_Kapelyush5_f2b8501836.webp,
dataset/uploads_root/prod-svoe-vino-strapi/prod-svoe-vino/strapi/uploads/polina_Kapelyush7_7dba5e457d.webp,
dataset/uploads_root/prod-svoe-vino-strapi/prod-svoe-vino/strapi/uploads/polina_Kapelyush_b_3a5e187081.webp,
dataset/uploads_root/prod-svoe-vino-strapi/prod-svoe-vino/strapi/uploads/polnyi_kadr_iz_cernogo_i_zelenogo_vinograda_fruktov_08caaf8ad3.jpg,
dataset/uploads_root/prod-svoe-vino-strapi/prod-svoe-vino/strapi/uploads/pomeste_golubitskoe_kaberne_sovinon_rezerv_krasnoe_suhoe_vyderzhannoe_143_97eb57d86b.webp,pomeste-golubitskoe-kaberne-sovinon-rezerv-krasnoe-suhoe-143
dataset/uploads_root/prod-svoe-vino-strapi/prod-svoe-vino/strapi/uploads/pomeste_golubitskoe_noble_selection_pino_nuar_roze_rozovoe_suhoe_132_8c761a20cf.webp,pomeste-golubitskoe-noble-selection-pino-nuar-roze-rozovoe-suhoe-132
dataset/uploads_root/prod-svoe-vino-strapi/prod-svoe-vino/strapi/uploads/pomeste_golubitskoe_shardone_rezerv_beloe_suhoe_vyderzhannoe_132_ae66b69665.webp,pomeste-golubitskoe-shardone-rezerv-beloe-suhoe-132
dataset/uploads_root/prod-svoe-vino-strapi/prod-svoe-vino/strapi/uploads/pomeste_golubitskoe_tte_de_cheval_blanc_de_blancs_shardone_igristoe_bryut_beloe_12_62b407f781.webp,pomeste-golubitskoe-tte-de-cheval-blanc-de-blancs-shardone-beloe-bryut-12
dataset/uploads_root/prod-svoe-vino-strapi/prod-svoe-vino/strapi/uploads/pomeste_golubitskoe_tte_de_cheval_bryut_risling_reynskiy_igristoe_bryut_beloe_12_2bf0507734.webp,pomeste-golubitskoe-tte-de-cheval-bryut-risling-reynskiy-beloe-12
dataset/uploads_root/prod-svoe-vino-strapi/prod-svoe-vino/strapi/uploads/pomeste_golubitskoe_tte_de_cheval_sladkoe_risling_reynskiy_igristoe_sladkoe_beloe_12_1c2f312bb9.webp,pomeste-golubitskoe-tte-de-cheval-sladkoe-risling-reynskiy-beloe-12
dataset/uploads_root/prod-svoe-vino-strapi/prod-svoe-vino/strapi/uploads/pomeste_golubitskoe_tte_de_cheval_sladkoe_roze_pino_gri_sladkoe_rozovoe_115_f49c737b87.webp,pomeste-golubitskoe-tte-de-cheval-sladkoe-roze-pino-gri-rozovoe-115
dataset/uploads_root/prod-svoe-vino-strapi/prod-svoe-vino/strapi/uploads/portrait_240bcd482d.webp,
dataset/uploads_root/prod-svoe-vino-strapi/prod-svoe-vino/strapi/uploads/pravda_ru_jpeg_ca8e2763ff.webp,
dataset/uploads_root/prod-svoe-vino-strapi/prod-svoe-vino/strapi/uploads/press_24000dcce6.webp,
dataset/uploads_root/prod-svoe-vino-strapi/prod-svoe-vino/strapi/uploads/preview_166ff5f67a.webp,
dataset/uploads_root/prod-svoe-vino-strapi/prod-svoe-vino/strapi/uploads/product_1_23ae05631a.webp,
dataset/uploads_root/prod-svoe-vino-strapi/prod-svoe-vino/strapi/uploads/product_1_fbbba3f9d3.webp,twopeters_kaberne_sovinion
dataset/uploads_root/prod-svoe-vino-strapi/prod-svoe-vino/strapi/uploads/product_2_03f0763593.webp,twopeters_shardone
dataset/uploads_root/prod-svoe-vino-strapi/prod-svoe-vino/strapi/uploads/product_2_d6bcaea286.webp,
dataset/uploads_root/prod-svoe-vino-strapi/prod-svoe-vino/strapi/uploads/product_3_5598a285a2.webp,twopeters_risling
dataset/uploads_root/prod-svoe-vino-strapi/prod-svoe-vino/strapi/uploads/product_4_ceb84c1474.webp,twopeters_sauvignon
dataset/uploads_root/prod-svoe-vino-strapi/prod-svoe-vino/strapi/uploads/product_5_a2d5dbddf8.webp,twopeters_kokur
dataset/uploads_root/prod-svoe-vino-strapi/prod-svoe-vino/strapi/uploads/product_6_df359266e6.webp,twopeters_tandem
dataset/uploads_root/prod-svoe-vino-strapi/prod-svoe-vino/strapi/uploads/product_6cccd75be9.webp,twopeters_saperavi
dataset/uploads_root/prod-svoe-vino-strapi/prod-svoe-vino/strapi/uploads/product_c01c405342.webp,
dataset/uploads_root/prod-svoe-vino-strapi/prod-svoe-vino/strapi/uploads/proekt_Urban_Winery_ed176beec3.webp,
dataset/uploads_root/prod-svoe-vino-strapi/prod-svoe-vino/strapi/uploads/proizvodstvo_28_c6ba16266e.webp,
dataset/uploads_root/prod-svoe-vino-strapi/prod-svoe-vino/strapi/uploads/proizvodstvo_48_6176fd9a9c.webp,
dataset/uploads_root/prod-svoe-vino-strapi/prod-svoe-vino/strapi/uploads/proizvodstvo_50_8cc7a98945.webp,
dataset/uploads_root/prod-svoe-vino-strapi/prod-svoe-vino/strapi/uploads/proizvodstvo_54_1_bc348ff048.webp,
dataset/uploads_root/prod-svoe-vino-strapi/prod-svoe-vino/strapi/uploads/psbockuh2z9jjvmsooudei0bugadc76q_8737319289.webp,
dataset/uploads_root/prod-svoe-vino-strapi/prod-svoe-vino/strapi/uploads/ptica_2d1e6379f2.png,
dataset/uploads_root/prod-svoe-vino-strapi/prod-svoe-vino/strapi/uploads/ptica_9a6c7e3ea1.webp,
dataset/uploads_root/prod-svoe-vino-strapi/prod-svoe-vino/strapi/uploads/pyat_sekund_ac1797250a.webp,
dataset/uploads_root/prod-svoe-vino-strapi/prod-svoe-vino/strapi/uploads/qj2hwnku0o3osfmuvbztli1ugg935jjh_e0d9336d7b.webp,
dataset/uploads_root/prod-svoe-vino-strapi/prod-svoe-vino/strapi/uploads/qp9y2ce73tvsea7zstpb7botvhtp3kgw_cd172879e8.webp,
dataset/uploads_root/prod-svoe-vino-strapi/prod-svoe-vino/strapi/uploads/qri5oug3v2us8hb2b7hpeq8igwgs0o13_9b0b637f0a.webp,
dataset/uploads_root/prod-svoe-vino-strapi/prod-svoe-vino/strapi/uploads/radiowine_kaberne_fran_krasnoe_suhoe_14_cb1eb5dcb8.webp,radiowine-kaberne-fran-krasnoe-suhoe-14
dataset/uploads_root/prod-svoe-vino-strapi/prod-svoe-vino/strapi/uploads/radiowine_muskat_amber_muskat_ottonel_beloe_suhoe_13_30d2cbdd8f.webp,radiowine-muskat-amber-muskat-ottonel-beloe-suhoe-13
dataset/uploads_root/prod-svoe-vino-strapi/prod-svoe-vino/strapi/uploads/raevskoe_logo_1000x656_73aff3c299.webp,
dataset/uploads_root/prod-svoe-vino-strapi/prod-svoe-vino/strapi/uploads/rash_rezerv_Photoroom_a165caa038.webp,
dataset/uploads_root/prod-svoe-vino-strapi/prod-svoe-vino/strapi/uploads/rebo_dbf2855820.webp,
dataset/uploads_root/prod-svoe-vino-strapi/prod-svoe-vino/strapi/uploads/red_wine_glass_bottle_marble_table_with_red_apple_114579_20986_1051778462.jpg,
dataset/uploads_root/prod-svoe-vino-strapi/prod-svoe-vino/strapi/uploads/redlogo_0321bfef20.webp,
dataset/uploads_root/prod-svoe-vino-strapi/prod-svoe-vino/strapi/uploads/relikta_6e3a9db254.webp,
dataset/uploads_root/prod-svoe-vino-strapi/prod-svoe-vino/strapi/uploads/relikta_a0f52b4c00.webp,
dataset/uploads_root/prod-svoe-vino-strapi/prod-svoe-vino/strapi/uploads/relikta_logo_8e68fe3e36.webp,
dataset/uploads_root/prod-svoe-vino-strapi/prod-svoe-vino/strapi/uploads/relikta_relikta_antey_magarachskiy_muskat_belyy_rozovoe_polusuhoe_11_22ccbaad9f.webp,relikta-relikta-antey-magarachskiy-muskat-belyy-rozovoe-polusuhoe-11
dataset/uploads_root/prod-svoe-vino-strapi/prod-svoe-vino/strapi/uploads/relikta_relikta_dekabrskiy_krasnoe_polusladkoe_125_e678cd28ce.webp,relikta-relikta-dekabrskiy-krasnoe-polusladkoe-125
dataset/uploads_root/prod-svoe-vino-strapi/prod-svoe-vino/strapi/uploads/relikta_relikta_ekstra_bryut_shardone_beloe_105_186ff56ab3.webp,relikta-relikta-ekstra-bryut-shardone-beloe-105
dataset/uploads_root/prod-svoe-vino-strapi/prod-svoe-vino/strapi/uploads/relikta_relikta_kaberne_sovinon_krasnoe_suhoe_135_f165601db7.webp,relikta-relikta-kaberne-sovinon-krasnoe-suhoe-135
dataset/uploads_root/prod-svoe-vino-strapi/prod-svoe-vino/strapi/uploads/relikta_relikta_merlo_kaberne_sovinon_krasnoe_suhoe_135_4d7da23f88.webp,relikta-relikta-merlo-kaberne-sovinon-krasnoe-suhoe-135
dataset/uploads_root/prod-svoe-vino-strapi/prod-svoe-vino/strapi/uploads/relikta_relikta_merlo_krasnoe_suhoe_135_e4e0277049.webp,relikta-relikta-merlo-krasnoe-suhoe-135
dataset/uploads_root/prod-svoe-vino-strapi/prod-svoe-vino/strapi/uploads/relikta_relikta_muskat_beloe_polusuhoe_12_6fed0ab5da.webp,relikta-relikta-muskat-beloe-polusuhoe-12
dataset/uploads_root/prod-svoe-vino-strapi/prod-svoe-vino/strapi/uploads/relikta_relikta_muskat_belyy_beloe_suhoe_12_5b2b11ec48.webp,relikta-relikta-muskat-belyy-beloe-suhoe-12
dataset/uploads_root/prod-svoe-vino-strapi/prod-svoe-vino/strapi/uploads/relikta_relikta_pervenets_muskat_pervenets_magaracha_beloe_polusladkoe_125_7ef7de5851.webp,relikta-relikta-pervenets-muskat-pervenets-magaracha-beloe-polusladkoe-125
dataset/uploads_root/prod-svoe-vino-strapi/prod-svoe-vino/strapi/uploads/relikta_relikta_pervenets_pervenets_magaracha_beloe_suhoe_12_b4fce6d9a2.webp,relikta-relikta-pervenets-pervenets-magaracha-beloe-suhoe-12
dataset/uploads_root/prod-svoe-vino-strapi/prod-svoe-vino/strapi/uploads/relikta_relikta_petnat_antey_magarachskiy_rozovoe_ekstra_bryut_11_00d21fcaf1.webp,relikta-relikta-petnat-antey-magarachskiy-rozovoe-ekstra-bryut-11
dataset/uploads_root/prod-svoe-vino-strapi/prod-svoe-vino/strapi/uploads/relikta_relikta_risling_beloe_suhoe_12_c4cc8d0ab4.webp,relikta-relikta-risling-beloe-suhoe-12
dataset/uploads_root/prod-svoe-vino-strapi/prod-svoe-vino/strapi/uploads/relikta_relikta_shardone_beloe_suhoe_12_b5447e74d6.webp,relikta-relikta-shardone-beloe-suhoe-12
dataset/uploads_root/prod-svoe-vino-strapi/prod-svoe-vino/strapi/uploads/relikta_relikta_sira_kaberne_fran_krasnoe_suhoe_13_f915b3e0fa.webp,relikta-relikta-sira-kaberne-fran-krasnoe-suhoe-13
dataset/uploads_root/prod-svoe-vino-strapi/prod-svoe-vino/strapi/uploads/relikta_relikta_sira_krasnoe_suhoe_13_7239045ae9.webp,relikta-relikta-sira-krasnoe-suhoe-13
dataset/uploads_root/prod-svoe-vino-strapi/prod-svoe-vino/strapi/uploads/relikta_relikta_traminer_beloe_suhoe_11_e7c7c353c6.webp,relikta-relikta-traminer-beloe-suhoe-11
dataset/uploads_root/prod-svoe-vino-strapi/prod-svoe-vino/strapi/uploads/relikta_relikta_varvary_antey_magarachskiy_krasnoe_suhoe_13_15_a41ff30b81.webp,relikta-relikta-varvary-antey-magarachskiy-krasnoe-suhoe-13-15
dataset/uploads_root/prod-svoe-vino-strapi/prod-svoe-vino/strapi/uploads/relikta_vinogradniki_f878118097.webp,
dataset/uploads_root/prod-svoe-vino-strapi/prod-svoe-vino/strapi/uploads/rem_akchurin_bryut_roze_pino_nuar_igristoe_bryut_rozovoe_129_9797abf1e3.webp,rem-akchurin-bryut-roze-pino-nuar-rozovoe-129
dataset/uploads_root/prod-svoe-vino-strapi/prod-svoe-vino/strapi/uploads/rem_akchurin_muskat_belyy_beloe_suhoe_135_83780f24fa.webp,rem-akchurin-muskat-belyy-beloe-suhoe-135
dataset/uploads_root/prod-svoe-vino-strapi/prod-svoe-vino/strapi/uploads/rem_akchurin_muskat_oranzh_oranzhevoe_suhoe_115_d72b609dd9.webp,rem-akchurin-muskat-oranzh-oranzhevoe-suhoe-115
dataset/uploads_root/prod-svoe-vino-strapi/prod-svoe-vino/strapi/uploads/rem_akchurin_rem_akchurin_pino_nuar_roze_rozovoe_suhoe_14_10383931e1.webp,rem-akchurin-rem-akchurin-pino-nuar-roze-rozovoe-suhoe-14
dataset/uploads_root/prod-svoe-vino-strapi/prod-svoe-vino/strapi/uploads/rem_akchurin_risling_beloe_polusuhoe_12_f5a8d1b1ef.webp,rem-akchurin-risling-beloe-polusuhoe-12
dataset/uploads_root/prod-svoe-vino-strapi/prod-svoe-vino/strapi/uploads/rem_akchurin_risling_beloe_suhoe_125_e4d4908cd9.webp,rem-akchurin-risling-beloe-suhoe-125
dataset/uploads_root/prod-svoe-vino-strapi/prod-svoe-vino/strapi/uploads/rem_akchurin_shardone_igristoe_bryut_beloe_14_9075497818.webp,rem-akchurin-shardone-beloe-bryut-14
dataset/uploads_root/prod-svoe-vino-strapi/prod-svoe-vino/strapi/uploads/remove_image_metadata_69428fbe23786_031359cb25.webp,
dataset/uploads_root/prod-svoe-vino-strapi/prod-svoe-vino/strapi/uploads/repin_c09a08148f.webp,
dataset/uploads_root/prod-svoe-vino-strapi/prod-svoe-vino/strapi/uploads/result_photo_2024_09_22_12_08_25_72d07077fe.webp,
dataset/uploads_root/prod-svoe-vino-strapi/prod-svoe-vino/strapi/uploads/ri1dbay17lb8jfz27cbcnd5hp0q81k7c_51639a054b.webp,
dataset/uploads_root/prod-svoe-vino-strapi/prod-svoe-vino/strapi/uploads/risling_86f49d6fb2.webp,risling
dataset/uploads_root/prod-svoe-vino-strapi/prod-svoe-vino/strapi/uploads/rom_d35890ec53.webp,
dataset/uploads_root/prod-svoe-vino-strapi/prod-svoe-vino/strapi/uploads/romanticheskij_uzhin_1e50243343.webp,
dataset/uploads_root/prod-svoe-vino-strapi/prod-svoe-vino/strapi/uploads/roskongress_Kirill_Bolotov_03f8d5a209.webp,
dataset/uploads_root/prod-svoe-vino-strapi/prod-svoe-vino/strapi/uploads/roz_plsl_besczv_03_02_2026_6c352de785.webp,igristoe-zhemchuzhnoe-vino-polusladkoe-rozovoe-di-kaspiko-fiori-di-mare-di-caspico-fiori-di-mare
dataset/uploads_root/prod-svoe-vino-strapi/prod-svoe-vino/strapi/uploads/roz_plsl_f09c2f72a6.webp,
dataset/uploads_root/prod-svoe-vino-strapi/prod-svoe-vino/strapi/uploads/roze_0cd69a079f.webp,roze-1
dataset/uploads_root/prod-svoe-vino-strapi/prod-svoe-vino/strapi/uploads/roze_png_225x675_q85_subsampling_2_upscale_ba30b5b63e.webp,
dataset/uploads_root/prod-svoe-vino-strapi/prod-svoe-vino/strapi/uploads/rozovyj_bryut_fotor_bg_remover_20260123185139_1309ba3fe0.webp,wine
dataset/uploads_root/prod-svoe-vino-strapi/prod-svoe-vino/strapi/uploads/rsk_Gusev1_bcbc1df091.webp,
dataset/uploads_root/prod-svoe-vino-strapi/prod-svoe-vino/strapi/uploads/rsk_Gusev_2_acdcd52eb5.webp,
dataset/uploads_root/prod-svoe-vino-strapi/prod-svoe-vino/strapi/uploads/ru_pim_263023001001_01_d63898ec2e.webp,locantita-sauvignon-blanc-chardonnay
dataset/uploads_root/prod-svoe-vino-strapi/prod-svoe-vino/strapi/uploads/ru_pim_78716001001_01_3c2f0c7afe.webp,monte-garu-beloe-polusladkoe
dataset/uploads_root/prod-svoe-vino-strapi/prod-svoe-vino/strapi/uploads/ru_pim_78722001001_01_a64f7241c9.webp,monte-garu-beloe-bryut
dataset/uploads_root/prod-svoe-vino-strapi/prod-svoe-vino/strapi/uploads/russian_wine_first_2195da69f5.webp,
dataset/uploads_root/prod-svoe-vino-strapi/prod-svoe-vino/strapi/uploads/russian_wine_first_423ac34cc2.webp,
dataset/uploads_root/prod-svoe-vino-strapi/prod-svoe-vino/strapi/uploads/russian_wine_first_e4449a573a.webp,
dataset/uploads_root/prod-svoe-vino-strapi/prod-svoe-vino/strapi/uploads/russkaya_kuhnya_7ad12bf6b2.png,
dataset/uploads_root/prod-svoe-vino-strapi/prod-svoe-vino/strapi/uploads/russkaya_kuhnya_d6b2c07249.webp,
dataset/uploads_root/prod-svoe-vino-strapi/prod-svoe-vino/strapi/uploads/ruswinefest_0b3d3c25ac.webp,
dataset/uploads_root/prod-svoe-vino-strapi/prod-svoe-vino/strapi/uploads/ryba_moreprodukty_8f929aee83.png,
dataset/uploads_root/prod-svoe-vino-strapi/prod-svoe-vino/strapi/uploads/ryba_moreprodukty_e57b445d95.webp,
dataset/uploads_root/prod-svoe-vino-strapi/prod-svoe-vino/strapi/uploads/ryumka_pochti_chyornoj_nalivki_iz_chernoplodnoj_ryabiny_00498850a9.webp,
dataset/uploads_root/prod-svoe-vino-strapi/prod-svoe-vino/strapi/uploads/s4v6nagbrbrzsicuchimc3vm29a4futk_37a091a935.webp,
dataset/uploads_root/prod-svoe-vino-strapi/prod-svoe-vino/strapi/uploads/s_chem_pyut_dzhin_41f7edc13b.webp,
dataset/uploads_root/prod-svoe-vino-strapi/prod-svoe-vino/strapi/uploads/sacrum_rose_9a0538280a.webp,sacrum-bryut-rozovoe
dataset/uploads_root/prod-svoe-vino-strapi/prod-svoe-vino/strapi/uploads/salat_1afebb2167.webp,
dataset/uploads_root/prod-svoe-vino-strapi/prod-svoe-vino/strapi/uploads/salat_57be63265d.png,
dataset/uploads_root/prod-svoe-vino-strapi/prod-svoe-vino/strapi/uploads/salony_06c88cc385.webp,
dataset/uploads_root/prod-svoe-vino-strapi/prod-svoe-vino/strapi/uploads/samara_00c789c16e.webp,
dataset/uploads_root/prod-svoe-vino-strapi/prod-svoe-vino/strapi/uploads/samara_500071bf88.webp,
dataset/uploads_root/prod-svoe-vino-strapi/prod-svoe-vino/strapi/uploads/saratov_39205c2fda.webp,
dataset/uploads_root/prod-svoe-vino-strapi/prod-svoe-vino/strapi/uploads/saratov_ada7584c16.webp,
dataset/uploads_root/prod-svoe-vino-strapi/prod-svoe-vino/strapi/uploads/satera_satera_esse_krasnyy_blend_15_kaberne_sovinon_krasnoe_suhoe_13_b43fbe47fd.webp,satera-satera-esse-krasnyy-blend-15-kaberne-sovinon-krasnoe-suhoe-13
dataset/uploads_root/prod-svoe-vino-strapi/prod-svoe-vino/strapi/uploads/sb_1_6327_Sober_bash_5d855e2806.webp,
dataset/uploads_root/prod-svoe-vino-strapi/prod-svoe-vino/strapi/uploads/sbixjkq43l496zpg7ppcmtds0vw94k15_48d17df8b5.webp,
dataset/uploads_root/prod-svoe-vino-strapi/prod-svoe-vino/strapi/uploads/sbor_2_e1677581059762_88d213b35b.webp,
dataset/uploads_root/prod-svoe-vino-strapi/prod-svoe-vino/strapi/uploads/sbor_urozhaya_5640fc2622.webp,
dataset/uploads_root/prod-svoe-vino-strapi/prod-svoe-vino/strapi/uploads/sbr2_7877_47b5d69919.webp,
dataset/uploads_root/prod-svoe-vino-strapi/prod-svoe-vino/strapi/uploads/scale_1200_a80ce3a747.webp,
dataset/uploads_root/prod-svoe-vino-strapi/prod-svoe-vino/strapi/uploads/scale_1200_b63e8d6ce4.webp,
dataset/uploads_root/prod-svoe-vino-strapi/prod-svoe-vino/strapi/uploads/scale_2400_40de4dd0b1.webp,
dataset/uploads_root/prod-svoe-vino-strapi/prod-svoe-vino/strapi/uploads/sdelai_zimu_teplee_c9de5672e8_9674cc78df.webp,
dataset/uploads_root/prod-svoe-vino-strapi/prod-svoe-vino/strapi/uploads/sdelano_II_71fe6de746.webp,
dataset/uploads_root/prod-svoe-vino-strapi/prod-svoe-vino/strapi/uploads/seks_na_plyazhe_s_vodkoj_a806fb45d6.webp,
dataset/uploads_root/prod-svoe-vino-strapi/prod-svoe-vino/strapi/uploads/sellar_ed6bbc95db.webp,
dataset/uploads_root/prod-svoe-vino-strapi/prod-svoe-vino/strapi/uploads/semeynaya_vinodelnya_mihaila_kolesnikova_ispanets_kaberne_sovinon_krasnoe_suhoe_148_0438e28b4c.webp,semeynaya-vinodelnya-mihaila-kolesnikova-ispanets-kaberne-sovinon-krasnoe-suhoe-148
dataset/uploads_root/prod-svoe-vino-strapi/prod-svoe-vino/strapi/uploads/semeynaya_vinodelnya_mihaila_kolesnikova_kaberne_fran_merlo_krasnostop_krasnoe_suhoe_148_d6e607e493.webp,semeynaya-vinodelnya-mihaila-kolesnikova-kaberne-fran-merlo-krasnostop-krasnoe-suhoe-148
dataset/uploads_root/prod-svoe-vino-strapi/prod-svoe-vino/strapi/uploads/semilon2_b547b86a9e.webp,
dataset/uploads_root/prod-svoe-vino-strapi/prod-svoe-vino/strapi/uploads/seneth_shu_shu_saperavi_rozovoe_suhoe_12_69ec69a17a.webp,seneth-shu-shu-saperavi-rozovoe-suhoe-12
dataset/uploads_root/prod-svoe-vino-strapi/prod-svoe-vino/strapi/uploads/sersial_406fb55256.webp,
dataset/uploads_root/prod-svoe-vino-strapi/prod-svoe-vino/strapi/uploads/sevastopol1_6f62bb0e7b.jpg,
dataset/uploads_root/prod-svoe-vino-strapi/prod-svoe-vino/strapi/uploads/sevastopol1_fa987f9130.jpg,
dataset/uploads_root/prod-svoe-vino-strapi/prod-svoe-vino/strapi/uploads/severnaya_osetia_1293b1f184.webp,
dataset/uploads_root/prod-svoe-vino-strapi/prod-svoe-vino/strapi/uploads/severnaya_osetia_ca780a2f63.webp,
dataset/uploads_root/prod-svoe-vino-strapi/prod-svoe-vino/strapi/uploads/sf_f7e3624b90.webp,
dataset/uploads_root/prod-svoe-vino-strapi/prod-svoe-vino/strapi/uploads/sh9dxrm66mgjk91rrrkyoo3a2vuff7zb_ab17ac53f7.webp,
dataset/uploads_root/prod-svoe-vino-strapi/prod-svoe-vino/strapi/uploads/shampus_3fe95ba394.webp,
dataset/uploads_root/prod-svoe-vino-strapi/prod-svoe-vino/strapi/uploads/shardo_krasnaya_gorka_92a45bb183.webp,shardone-2
dataset/uploads_root/prod-svoe-vino-strapi/prod-svoe-vino/strapi/uploads/shardone1_a21a8276a6.webp,
dataset/uploads_root/prod-svoe-vino-strapi/prod-svoe-vino/strapi/uploads/shardone3_13d04f5036.webp,
dataset/uploads_root/prod-svoe-vino-strapi/prod-svoe-vino/strapi/uploads/shardone_akacziya_a57018f101.webp,shardone-akacziya
dataset/uploads_root/prod-svoe-vino-strapi/prod-svoe-vino/strapi/uploads/share_F30112_E9_3219_40_F0_9_A56_538742157_D61_514b2bb4ef.webp,
dataset/uploads_root/prod-svoe-vino-strapi/prod-svoe-vino/strapi/uploads/shato_aj_danil_logo_ab9b2ce39b.webp,
dataset/uploads_root/prod-svoe-vino-strapi/prod-svoe-vino/strapi/uploads/shato_aj_danil_logo_eb28c80438.webp,
dataset/uploads_root/prod-svoe-vino-strapi/prod-svoe-vino/strapi/uploads/shato_andre_b2de4e4a81.webp,
dataset/uploads_root/prod-svoe-vino-strapi/prod-svoe-vino/strapi/uploads/shato_ay_danil_bomond_aligote_beloe_suhoe_vyderzhannoe_13_6c7ff5a32b.webp,shato-ay-danil-bomond-aligote-beloe-suhoe-13
dataset/uploads_root/prod-svoe-vino-strapi/prod-svoe-vino/strapi/uploads/shato_ay_danil_byanko_da_sole_muskat_belyy_beloe_polusladkoe_13_2c5d204811.webp,shato-ay-danil-byanko-da-sole-muskat-belyy-beloe-polusladkoe-13
dataset/uploads_root/prod-svoe-vino-strapi/prod-svoe-vino/strapi/uploads/shato_ay_danil_grenash_krasnoe_suhoe_12_d09ddb015c.webp,shato-ay-danil-grenash-krasnoe-suhoe-12
dataset/uploads_root/prod-svoe-vino-strapi/prod-svoe-vino/strapi/uploads/shato_ay_danil_kapriz_muskat_belyy_beloe_suhoe_135_13f73381b3.webp,shato-ay-danil-kapriz-muskat-belyy-beloe-suhoe-135
dataset/uploads_root/prod-svoe-vino-strapi/prod-svoe-vino/strapi/uploads/shato_ay_danil_presto_rezerv_kaberne_sovinon_krasnoe_suhoe_vyderzhannoe_135_2099ac281e.webp,shato-ay-danil-presto-rezerv-kaberne-sovinon-krasnoe-suhoe-135
dataset/uploads_root/prod-svoe-vino-strapi/prod-svoe-vino/strapi/uploads/shato_ay_danil_skarlatto_da_sole_saperavi_krasnoe_polusladkoe_13_78a066b92d.webp,shato-ay-danil-skarlatto-da-sole-saperavi-krasnoe-polusladkoe-13
dataset/uploads_root/prod-svoe-vino-strapi/prod-svoe-vino/strapi/uploads/shato_ay_danil_tokkata_saperavi_krasnoe_suhoe_14_195c22982f.webp,shato-ay-danil-tokkata-saperavi-krasnoe-suhoe-14
dataset/uploads_root/prod-svoe-vino-strapi/prod-svoe-vino/strapi/uploads/shato_ay_danil_tramonto_kaberne_sovinon_krasnoe_suhoe_vyderzhannoe_14_63541d946c.webp,shato-ay-danil-tramonto-kaberne-sovinon-krasnoe-suhoe-14
dataset/uploads_root/prod-svoe-vino-strapi/prod-svoe-vino/strapi/uploads/shato_de_Talyu_Merlo_1d1734eb89.webp,chateau-de-talu-merlot
dataset/uploads_root/prod-svoe-vino-strapi/prod-svoe-vino/strapi/uploads/shato_de_talyu_26dd10f48e.webp,
dataset/uploads_root/prod-svoe-vino-strapi/prod-svoe-vino/strapi/uploads/shato_de_talyu_2_38eb3e4aec.webp,
dataset/uploads_root/prod-svoe-vino-strapi/prod-svoe-vino/strapi/uploads/shato_de_talyu_3880f47c8b.webp,
dataset/uploads_root/prod-svoe-vino-strapi/prod-svoe-vino/strapi/uploads/shato_de_talyu_3_3d2e66f3a3.webp,
dataset/uploads_root/prod-svoe-vino-strapi/prod-svoe-vino/strapi/uploads/shato_de_talyu_3bc7d13621.webp,
dataset/uploads_root/prod-svoe-vino-strapi/prod-svoe-vino/strapi/uploads/shato_le_gran_vostok_0643a13907.webp,
dataset/uploads_root/prod-svoe-vino-strapi/prod-svoe-vino/strapi/uploads/shato_le_gran_vostok_1_4140500157.webp,
dataset/uploads_root/prod-svoe-vino-strapi/prod-svoe-vino/strapi/uploads/shato_le_gran_vostok_ec27f6d756.webp,
dataset/uploads_root/prod-svoe-vino-strapi/prod-svoe-vino/strapi/uploads/shato_le_gran_vostok_logo_abb60fbe42.webp,
dataset/uploads_root/prod-svoe-vino-strapi/prod-svoe-vino/strapi/uploads/shato_pino_Photoroom_e67de999f2.webp,
dataset/uploads_root/prod-svoe-vino-strapi/prod-svoe-vino/strapi/uploads/shato_pino_aligote_rkatsiteli_beloe_suhoe_12_c9a1a8a474.webp,shato-pino-aligote-rkatsiteli-beloe-suhoe-12
dataset/uploads_root/prod-svoe-vino-strapi/prod-svoe-vino/strapi/uploads/shato_pino_aligoterkatsiteli_beloe_suhoe_12_c00c55cc32.webp,shato-pino-aligote-rkatsiteli-suhoe-beloe-12
dataset/uploads_root/prod-svoe-vino-strapi/prod-svoe-vino/strapi/uploads/shato_pino_beloe_shardone_beloe_suhoe_13_8b4d6eb365.webp,shato-pino-agpoezdnik-beloe-shardone-suhoe-13
dataset/uploads_root/prod-svoe-vino-strapi/prod-svoe-vino/strapi/uploads/shato_pino_belyy_shardone_beloe_suhoe_12_18f04d3075.webp,shato-pino-koldun-belyy-shardone-beloe-suhoe-12
dataset/uploads_root/prod-svoe-vino-strapi/prod-svoe-vino/strapi/uploads/shato_pino_blan_de_blan_shardone_igristoe_ekstra_bryut_beloe_12_655949f151.webp,shato-pino-blan-de-blan-shardone-beloe-ekstra-bryut-12
dataset/uploads_root/prod-svoe-vino-strapi/prod-svoe-vino/strapi/uploads/shato_pino_blash_pino_gri_rozovoe_suhoe_12_fda693e9ed.webp,shato-pino-shary-kolduna-blash-pino-gri-rozovoe-suhoe-12
dataset/uploads_root/prod-svoe-vino-strapi/prod-svoe-vino/strapi/uploads/shato_pino_ebd2cab120.webp,
dataset/uploads_root/prod-svoe-vino-strapi/prod-svoe-vino/strapi/uploads/shato_pino_glyu_glyu_vione_krasnoe_suhoe_10_2f2adaea3e.webp,shato-pino-shary-kolduna-glyu-glyu-vione-krasnoe-suhoe-10
dataset/uploads_root/prod-svoe-vino-strapi/prod-svoe-vino/strapi/uploads/shato_pino_grand_rezerv_pino_nuar_krasnoe_suhoe_135_705f6fd901.webp,shato-pino-grand-reserve-pinot-noir-pino-nuar-krasnoe-suhoe-135
dataset/uploads_root/prod-svoe-vino-strapi/prod-svoe-vino/strapi/uploads/shato_pino_grand_rezerv_shardone_beloe_suhoe_125_abadfb49a7.webp,shato-pino-grand-reserve-chardonnay-shardone-beloe-suhoe-125
dataset/uploads_root/prod-svoe-vino-strapi/prod-svoe-vino/strapi/uploads/shato_pino_ice_wine_risling_risling_reynskiy_beloe_sladkoe_11_003c1461e3.webp,shato-pino-ice-wine-risling-risling-reynskiy-beloe-sladkoe-11
dataset/uploads_root/prod-svoe-vino-strapi/prod-svoe-vino/strapi/uploads/shato_pino_kaberne_fran_krasnoe_suhoe_135_564b619998.webp,shato-pino-grand-reserve-cabernet-franc-kaberne-fran-krasnoe-suhoe-135
dataset/uploads_root/prod-svoe-vino-strapi/prod-svoe-vino/strapi/uploads/shato_pino_kaberne_fran_krasnoe_suhoe_14_2be9b0f50c.webp,shato-pino-dichkaberne-fran-krasnoe-suhoe-14
dataset/uploads_root/prod-svoe-vino-strapi/prod-svoe-vino/strapi/uploads/shato_pino_kaberne_frankaberne_sovinon_krasnoe_suhoe_135_dbc6706292.webp,shato-pino-kaberne-fran-kaberne-sovinon-krasnoe-suhoe-135
dataset/uploads_root/prod-svoe-vino-strapi/prod-svoe-vino/strapi/uploads/shato_pino_kaberne_sovinon_krasnoe_suhoe_135_25b56d23d4.webp,shato-pino-grand-reserve-cabernet-sauvignon-kaberne-sovinon-krasnoe-suhoe-135
dataset/uploads_root/prod-svoe-vino-strapi/prod-svoe-vino/strapi/uploads/shato_pino_kaberne_sovinon_krasnoe_suhoe_14_9ad8f94ebc.webp,shato-pino-kaberne-sovinon-krasnoe-suhoe-14
dataset/uploads_root/prod-svoe-vino-strapi/prod-svoe-vino/strapi/uploads/shato_pino_kaberne_sovinon_merlo_krasnoe_suhoe_135_4464dcca39.webp,shato-pino-gravitatsiya-kaberne-sovinon-merlo-krasnoe-suhoe-135
dataset/uploads_root/prod-svoe-vino-strapi/prod-svoe-vino/strapi/uploads/shato_pino_kaberne_sovinon_shiraz_krasnoe_suhoe_135_943e3e76b8.webp,shato-pino-exclusive-kaberne-sovinon-shiraz-krasnoe-suhoe-135
dataset/uploads_root/prod-svoe-vino-strapi/prod-svoe-vino/strapi/uploads/shato_pino_kaberne_sovinonmerlo_krasnoe_suhoe_135_463039b1ff.webp,shato-pino-kaberne-sovinon-merlo-krasnoe-suhoe-135
dataset/uploads_root/prod-svoe-vino-strapi/prod-svoe-vino/strapi/uploads/shato_pino_kirpichi_prileteli_pino_nuar_krasnoe_suhoe_135_95b923907c.webp,shato-pino-shary-kolduna-kirpichi-prileteli-pino-nuar-krasnoe-suhoe-135
dataset/uploads_root/prod-svoe-vino-strapi/prod-svoe-vino/strapi/uploads/shato_pino_krasnoe_kaberne_fran_krasnoe_suhoe_14_074ad489ef.webp,shato-pino-agpoezdnik-krasnoe-kaberne-fran-suhoe-14
dataset/uploads_root/prod-svoe-vino-strapi/prod-svoe-vino/strapi/uploads/shato_pino_krasnyy_merlo_krasnoe_suhoe_14_1ed5081328.webp,shato-pino-koldun-krasnyy-merlo-krasnoe-suhoe-14
dataset/uploads_root/prod-svoe-vino-strapi/prod-svoe-vino/strapi/uploads/shato_pino_krasnyy_rezerv_kaberne_sovinon_krasnoe_suhoe_14_7415f9a41b.webp,shato-pino-koldun-rezerv-kaberne-sovinon-krasnoe-suhoe-14
dataset/uploads_root/prod-svoe-vino-strapi/prod-svoe-vino/strapi/uploads/shato_pino_marselan_merlo_krasnoe_suhoe_13_d4ec35012c.webp,shato-pino-marselan-merlo-krasnoe-suhoe-13
dataset/uploads_root/prod-svoe-vino-strapi/prod-svoe-vino/strapi/uploads/shato_pino_oranzh_vione_igristoe_ekstra_bryut_beloe_11_9a8ccb87e7.webp,shato-pino-petnat-oranzh-vione-beloe-ekstra-bryut-11
dataset/uploads_root/prod-svoe-vino-strapi/prod-svoe-vino/strapi/uploads/shato_pino_pino_gri_igristoe_ekstra_bryut_beloe_11_470a963704.webp,shato-pino-petnat-pino-gri-beloe-ekstra-bryut-11
dataset/uploads_root/prod-svoe-vino-strapi/prod-svoe-vino/strapi/uploads/shato_pino_pino_gri_igristoe_ekstra_bryut_rozovoe_11_660c923c47.webp,shato-pino-petnat-pino-gri-rozovoe-ekstra-bryut-11
dataset/uploads_root/prod-svoe-vino-strapi/prod-svoe-vino/strapi/uploads/shato_pino_pino_gri_roze_igristoe_ekstra_bryut_rozovoe_12_dc98b15d48.webp,shato-pino-pino-gri-roze-rozovoe-ekstra-bryut-12
dataset/uploads_root/prod-svoe-vino-strapi/prod-svoe-vino/strapi/uploads/shato_pino_pino_gridzhio_beloe_suhoe_12_4b10c72d3d.webp,shato-pino-pino-gridzhio-beloe-suhoe-12
dataset/uploads_root/prod-svoe-vino-strapi/prod-svoe-vino/strapi/uploads/shato_pino_pino_nuar_igristoe_ekstra_bryut_rozovoe_11_ebf10494b8.webp,shato-pino-petnat-pino-nuar-rozovoe-ekstra-bryut-11
dataset/uploads_root/prod-svoe-vino-strapi/prod-svoe-vino/strapi/uploads/shato_pino_pino_nuar_krasnoe_suhoe_135_d34aee0942.webp,shato-pino-pino-nuar-krasnoe-suhoe-135
dataset/uploads_root/prod-svoe-vino-strapi/prod-svoe-vino/strapi/uploads/shato_pino_pino_nuar_pino_gri_rozovoe_suhoe_115_3537e77fae.webp,shato-pino-pino-nuar-pino-gri-rozovoe-suhoe-115
dataset/uploads_root/prod-svoe-vino-strapi/prod-svoe-vino/strapi/uploads/shato_pino_pino_nuar_roze_igristoe_ekstra_bryut_rozovoe_115_6ab9eefe2b.webp,shato-pino-pino-nuar-roze-rozovoe-ekstra-bryut-115
dataset/uploads_root/prod-svoe-vino-strapi/prod-svoe-vino/strapi/uploads/shato_pino_pino_nuar_saperavi_krasnoe_suhoe_13_4166359dd7.webp,shato-pino-pino-nuar-saperavi-krasnoe-suhoe-13
dataset/uploads_root/prod-svoe-vino-strapi/prod-svoe-vino/strapi/uploads/shato_pino_pino_nuarmerlo_krasnoe_suhoe_135_976c341758.webp,shato-pino-exclusive-pino-nuar-merlo-krasnoe-suhoe-135
dataset/uploads_root/prod-svoe-vino-strapi/prod-svoe-vino/strapi/uploads/shato_pino_ramato_pino_gri_rozovoe_suhoe_115_f6866f40a1.webp,shato-pino-shary-kolduna-ramato-pino-gri-rozovoe-suhoe-115
dataset/uploads_root/prod-svoe-vino-strapi/prod-svoe-vino/strapi/uploads/shato_pino_shardone_beloe_suhoe_125_5bd8781d7c.webp,shato-pino-shardone-beloe-suhoe-125
dataset/uploads_root/prod-svoe-vino-strapi/prod-svoe-vino/strapi/uploads/shato_pino_shardone_pino_gri_beloe_suhoe_125_2bbaea4aa5.webp,shato-pino-exclusive-shardone-pino-gri-beloe-suhoe-125
dataset/uploads_root/prod-svoe-vino-strapi/prod-svoe-vino/strapi/uploads/shato_pino_shardone_risling_beloe_suhoe_12_537466c828.webp,shato-pino-shardone-risling-beloe-suhoe-12
dataset/uploads_root/prod-svoe-vino-strapi/prod-svoe-vino/strapi/uploads/shato_pino_shato_pino_koldun_merlo_krasnoe_suhoe_137_9784a279c6.webp,shato-pino-shato-pino-koldun-merlo-krasnoe-suhoe-137
dataset/uploads_root/prod-svoe-vino-strapi/prod-svoe-vino/strapi/uploads/shato_pino_shiraz_krasnoe_suhoe_135_3332c96e74.webp,shato-pino-shiraz-krasnoe-suhoe-135
dataset/uploads_root/prod-svoe-vino-strapi/prod-svoe-vino/strapi/uploads/shato_pino_shiraz_krasnoe_suhoe_14_e2d3fa5636.webp,shato-pino-shiraz-krasnoe-suhoe-14
dataset/uploads_root/prod-svoe-vino-strapi/prod-svoe-vino/strapi/uploads/shato_pino_sovinon_blan_igristoe_ekstra_bryut_beloe_11_419d1bcf49.webp,shato-pino-petnat-sovinon-blan-beloe-ekstra-bryut-11
dataset/uploads_root/prod-svoe-vino-strapi/prod-svoe-vino/strapi/uploads/shato_pino_sovinon_blan_semilon_beloe_suhoe_115_907eca8d40.webp,shato-pino-sovinon-blan-semilon-beloe-suhoe-115
dataset/uploads_root/prod-svoe-vino-strapi/prod-svoe-vino/strapi/uploads/shato_pino_sovinon_blan_shardone_beloe_suhoe_115_6ed714d69b.webp,shato-pino-shantazh-sovinon-blan-shardone-beloe-suhoe-115
dataset/uploads_root/prod-svoe-vino-strapi/prod-svoe-vino/strapi/uploads/shato_pino_topolek_rkatsiteli_beloe_suhoe_125_bb142e4f12.webp,shato-pino-shary-kolduna-topolek-rkatsiteli-beloe-suhoe-125
dataset/uploads_root/prod-svoe-vino-strapi/prod-svoe-vino/strapi/uploads/shato_pino_troynichok_risling_beloe_suhoe_115_3173ff4eb7.webp,shato-pino-shary-koldunatroynichok-risling-beloe-suhoe-115
dataset/uploads_root/prod-svoe-vino-strapi/prod-svoe-vino/strapi/uploads/shato_pino_vione_risling_beloe_suhoe_115_00ae6e439c.webp,shato-pino-exclusive-vione-risling-beloe-suhoe-115
dataset/uploads_root/prod-svoe-vino-strapi/prod-svoe-vino/strapi/uploads/shato_taman_no_bg_preview_f5a536968a.webp,
dataset/uploads_root/prod-svoe-vino-strapi/prod-svoe-vino/strapi/uploads/shutterstock_1283536150_f3350a4e3c.webp,
dataset/uploads_root/prod-svoe-vino-strapi/prod-svoe-vino/strapi/uploads/sidorenko_5aa2620a5a.webp,
dataset/uploads_root/prod-svoe-vino-strapi/prod-svoe-vino/strapi/uploads/sidorenko_c7afc9bf7c.webp,
dataset/uploads_root/prod-svoe-vino-strapi/prod-svoe-vino/strapi/uploads/sidorenko_c9bf4485f6.webp,
dataset/uploads_root/prod-svoe-vino-strapi/prod-svoe-vino/strapi/uploads/sikory_2308b71b7a.webp,
dataset/uploads_root/prod-svoe-vino-strapi/prod-svoe-vino/strapi/uploads/sikory_2_82d22e7901.webp,
dataset/uploads_root/prod-svoe-vino-strapi/prod-svoe-vino/strapi/uploads/sikory_2_e69db8a6e6.webp,
dataset/uploads_root/prod-svoe-vino-strapi/prod-svoe-vino/strapi/uploads/sikory_7a9572ec01_cd2996e455_d5d6df595d.webp,
dataset/uploads_root/prod-svoe-vino-strapi/prod-svoe-vino/strapi/uploads/sikory_9832347e8c.webp,
dataset/uploads_root/prod-svoe-vino-strapi/prod-svoe-vino/strapi/uploads/sikory_bba6f3f829.webp,
dataset/uploads_root/prod-svoe-vino-strapi/prod-svoe-vino/strapi/uploads/sira_c4aea6abdf.webp,sira
dataset/uploads_root/prod-svoe-vino-strapi/prod-svoe-vino/strapi/uploads/skalistyj_bereg_b139d35d59.webp,
dataset/uploads_root/prod-svoe-vino-strapi/prod-svoe-vino/strapi/uploads/skalistyj_bereg_da86938f84_8c9855da11_8758af4f2e.webp,
dataset/uploads_root/prod-svoe-vino-strapi/prod-svoe-vino/strapi/uploads/skalistyy_bereg_dyhanie_voln_shardone_beloe_suhoe_121_74e150ac8e.webp,skalistyy-bereg-dyhanie-voln-shardone-beloe-suhoe-121
dataset/uploads_root/prod-svoe-vino-strapi/prod-svoe-vino/strapi/uploads/skalistyy_bereg_melodiya_leta_krasnostop_zolotovskiy_rozovoe_suhoe_126_0c4c354c3c.webp,skalistyy-bereg-melodiya-leta-krasnostop-zolotovskiy-rozovoe-suhoe-126
dataset/uploads_root/prod-svoe-vino-strapi/prod-svoe-vino/strapi/uploads/skalistyy_bereg_pesn_holmov_merlo_krasnoe_suhoe_145_88a221aea6.webp,skalistyy-bereg-pesn-holmov-merlo-krasnoe-suhoe-145
dataset/uploads_root/prod-svoe-vino-strapi/prod-svoe-vino/strapi/uploads/skalistyy_bereg_shyopot_tsvetov_risling_beloe_suhoe_109_837159c193.webp,skalistyy-bereg-shyopot-tsvetov-risling-beloe-suhoe-109
dataset/uploads_root/prod-svoe-vino-strapi/prod-svoe-vino/strapi/uploads/skalistyy_bereg_skalistyy_bereg_kaberne_fran_krasnoe_suhoe_15_c77f61a917.webp,skalistyy-bereg-skalistyy-bereg-kaberne-fran-krasnoe-suhoe-15
dataset/uploads_root/prod-svoe-vino-strapi/prod-svoe-vino/strapi/uploads/skalistyy_bereg_skalistyy_bereg_kaberne_sovinon_krasnoe_suhoe_15_cea238d7d4.webp,skalistyy-bereg-skalistyy-bereg-kaberne-sovinon-krasnoe-suhoe-15
dataset/uploads_root/prod-svoe-vino-strapi/prod-svoe-vino/strapi/uploads/skalistyy_bereg_skalistyy_bereg_krasnaya_kniga_glava_1_kaberne_sovinon_krasnoe_suhoe_147_39262cfce3.webp,skalistyy-bereg-skalistyy-bereg-krasnaya-kniga-glava-1-kaberne-sovinon-krasnoe-suhoe-147
dataset/uploads_root/prod-svoe-vino-strapi/prod-svoe-vino/strapi/uploads/skalistyy_bereg_skalistyy_bereg_krasnaya_kniga_glava_2_merlo_krasnoe_suhoe_15_02f408f3ee.webp,skalistyy-bereg-skalistyy-bereg-krasnaya-kniga-glava-2-merlo-krasnoe-suhoe-15
dataset/uploads_root/prod-svoe-vino-strapi/prod-svoe-vino/strapi/uploads/skalistyy_bereg_skalistyy_bereg_krasnostop_zolotovskiy_krasnoe_suhoe_133_b9963f6e31.webp,skalistyy-bereg-skalistyy-bereg-krasnostop-zolotovskiy-krasnoe-suhoe-133
dataset/uploads_root/prod-svoe-vino-strapi/prod-svoe-vino/strapi/uploads/skalistyy_bereg_skalistyy_bereg_pino_nuar_krasnoe_suhoe_13_de628e1d94.webp,skalistyy-bereg-skalistyy-bereg-pino-nuar-krasnoe-suhoe-13
dataset/uploads_root/prod-svoe-vino-strapi/prod-svoe-vino/strapi/uploads/skalistyy_bereg_skalistyy_bereg_risling_beloe_suhoe_113_ced8bab54b.webp,skalistyy-bereg-skalistyy-bereg-risling-beloe-suhoe-113
dataset/uploads_root/prod-svoe-vino-strapi/prod-svoe-vino/strapi/uploads/skalistyy_bereg_skalistyy_bereg_shardone_beloe_suhoe_135_bd7a802212.webp,skalistyy-bereg-skalistyy-bereg-shardone-beloe-suhoe-135
dataset/uploads_root/prod-svoe-vino-strapi/prod-svoe-vino/strapi/uploads/skalistyy_bereg_skalistyy_bereg_sovinon_blan_beloe_suhoe_12_1f7736e007.webp,skalistyy-bereg-skalistyy-bereg-sovinon-blan-beloe-suhoe-12
dataset/uploads_root/prod-svoe-vino-strapi/prod-svoe-vino/strapi/uploads/skalistyy_bereg_skb_blan_de_nuar_pino_nuar_beloe_ekstra_bryut_118_7f63c74351.webp,skalistyy-bereg-skb-blan-de-nuar-pino-nuar-beloe-ekstra-bryut-118
dataset/uploads_root/prod-svoe-vino-strapi/prod-svoe-vino/strapi/uploads/skalistyy_bereg_skb_roze_pino_nuar_beloe_ekstra_bryut_122_aa1fe454b7.webp,skalistyy-bereg-skb-roze-pino-nuar-beloe-ekstra-bryut-122
dataset/uploads_root/prod-svoe-vino-strapi/prod-svoe-vino/strapi/uploads/skalistyy_bereg_veter_v_travah_kaberne_fran_krasnoe_suhoe_13_3f33bf6f33.webp,skalistyy-bereg-veter-v-travah-kaberne-fran-krasnoe-suhoe-13
dataset/uploads_root/prod-svoe-vino-strapi/prod-svoe-vino/strapi/uploads/skreppka_794c245977.webp,
dataset/uploads_root/prod-svoe-vino-strapi/prod-svoe-vino/strapi/uploads/sladkaya_vypechka_71424474e1.webp,
dataset/uploads_root/prod-svoe-vino-strapi/prod-svoe-vino/strapi/uploads/sladkaya_vypechka_e33890eaf2.png,
dataset/uploads_root/prod-svoe-vino-strapi/prod-svoe-vino/strapi/uploads/sladkoe_1caf7c4fdf.webp,
dataset/uploads_root/prod-svoe-vino-strapi/prod-svoe-vino/strapi/uploads/sladkoe_df74c29436.webp,
dataset/uploads_root/prod-svoe-vino-strapi/prod-svoe-vino/strapi/uploads/snob_9067bc96e8.webp,
dataset/uploads_root/prod-svoe-vino-strapi/prod-svoe-vino/strapi/uploads/sober_bash_5d505807ad.webp,
dataset/uploads_root/prod-svoe-vino-strapi/prod-svoe-vino/strapi/uploads/sober_bash_afa_kaberne_sovinon_krasnoe_suhoe_125_d85dc3b521.webp,sober-bash-afa-kaberne-sovinon-krasnoe-suhoe-125
dataset/uploads_root/prod-svoe-vino-strapi/prod-svoe-vino/strapi/uploads/sober_bash_avrora_2024_krasnostop_zolotovskiy_rozovoe_suhoe_14_016209463e.webp,sober-bash-avrora-2024-krasnostop-zolotovskiy-rozovoe-suhoe-14
dataset/uploads_root/prod-svoe-vino-strapi/prod-svoe-vino/strapi/uploads/sober_bash_b989e5f1aa.webp,
dataset/uploads_root/prod-svoe-vino-strapi/prod-svoe-vino/strapi/uploads/sober_bash_dostoynyy_krasnoe_suhoe_14_b2d3facf49.webp,sober-bash-dostoynyy-krasnoe-suhoe-14
dataset/uploads_root/prod-svoe-vino-strapi/prod-svoe-vino/strapi/uploads/sober_bash_dve_doliny_auri_mtsvane_kahetinskiy_beloe_suhoe_125_a76407b8bc.webp,sober-bash-dve-doliny-auri-mtsvane-kahetinskiy-beloe-suhoe-125
dataset/uploads_root/prod-svoe-vino-strapi/prod-svoe-vino/strapi/uploads/sober_bash_dve_doliny_kaberne_fran_2023_krasnoe_polusuhoe_14_fae22fb7b6.webp,sober-bash-dve-doliny-kaberne-fran-2023-krasnoe-polusuhoe-14
dataset/uploads_root/prod-svoe-vino-strapi/prod-svoe-vino/strapi/uploads/sober_bash_dve_doliny_liuri_2023_dostoynyy_rozovoe_suhoe_13_cb46b8033e.webp,sober-bash-dve-doliny-liuri-2023-dostoynyy-rozovoe-suhoe-13
dataset/uploads_root/prod-svoe-vino-strapi/prod-svoe-vino/strapi/uploads/sober_bash_dve_doliny_myuller_turgau_2023_beloe_suhoe_117_a86924eb95.webp,sober-bash-dve-doliny-myuller-turgau-2023-beloe-suhoe-117
dataset/uploads_root/prod-svoe-vino-strapi/prod-svoe-vino/strapi/uploads/sober_bash_dve_doliny_saperavi_kachich_krasnoe_polusuhoe_15_05e046e50c.webp,sober-bash-dve-doliny-saperavi-kachich-krasnoe-polusuhoe-15
dataset/uploads_root/prod-svoe-vino-strapi/prod-svoe-vino/strapi/uploads/sober_bash_dve_doliny_tsimlyanskiy_2023_tsimlyanskiy_chernyy_krasnoe_suhoe_13_b4e53e75c9.webp,sober-bash-dve-doliny-tsimlyanskiy-2023-tsimlyanskiy-chernyy-krasnoe-suhoe-13
dataset/uploads_root/prod-svoe-vino-strapi/prod-svoe-vino/strapi/uploads/sober_bash_grani_kumshatskiy_kumshatskiy_belyy_beloe_suhoe_11_6cb0d67e2f.webp,sober-bash-grani-kumshatskiy-kumshatskiy-belyy-beloe-suhoe-11
dataset/uploads_root/prod-svoe-vino-strapi/prod-svoe-vino/strapi/uploads/sober_bash_grani_muskat_muskat_dzhialo_beloe_suhoe_12_9d46b2c399.webp,sober-bash-grani-muskat-muskat-dzhialo-beloe-suhoe-12
dataset/uploads_root/prod-svoe-vino-strapi/prod-svoe-vino/strapi/uploads/sober_bash_grani_plechistik_krasnoe_suhoe_12_c4203547d4.webp,sober-bash-grani-plechistik-krasnoe-suhoe-12
dataset/uploads_root/prod-svoe-vino-strapi/prod-svoe-vino/strapi/uploads/sober_bash_hihvi_amfora_beloe_suhoe_14_188ebf7e8e.webp,sober-bash-hihvi-amfora-beloe-suhoe-14
dataset/uploads_root/prod-svoe-vino-strapi/prod-svoe-vino/strapi/uploads/sober_bash_hihvi_beloe_suhoe_15_bccbba3f0b.webp,sober-bash-hihvi-beloe-suhoe-15
dataset/uploads_root/prod-svoe-vino-strapi/prod-svoe-vino/strapi/uploads/sober_bash_kaberne_fran_krasnoe_suhoe_127_b52ebced7b.webp,sober-bash-kaberne-fran-krasnoe-suhoe-127
dataset/uploads_root/prod-svoe-vino-strapi/prod-svoe-vino/strapi/uploads/sober_bash_kaberne_fran_krasnoe_suhoe_13_7b677af99d.webp,sober-bash-kaberne-fran-krasnoe-suhoe-13
dataset/uploads_root/prod-svoe-vino-strapi/prod-svoe-vino/strapi/uploads/sober_bash_kaberne_fran_rozovoe_suhoe_12_4177891820.webp,sober-bash-kaberne-fran-rozovoe-suhoe-12
dataset/uploads_root/prod-svoe-vino-strapi/prod-svoe-vino/strapi/uploads/sober_bash_korvina_krasnostop_zolotovskiy_krasnoe_suhoe_14_bf19f3161d.webp,sober-bash-korvina-krasnostop-zolotovskiy-krasnoe-suhoe-14
dataset/uploads_root/prod-svoe-vino-strapi/prod-svoe-vino/strapi/uploads/sober_bash_krasnostop_amfora_krasnostop_zolotovskiy_krasnoe_suhoe_13_221a756dbb.webp,sober-bash-krasnostop-amfora-krasnostop-zolotovskiy-krasnoe-suhoe-13
dataset/uploads_root/prod-svoe-vino-strapi/prod-svoe-vino/strapi/uploads/sober_bash_krasnostop_krasnostop_zolotovskiy_krasnoe_suhoe_14_061d6f8d46.webp,sober-bash-krasnostop-krasnostop-zolotovskiy-krasnoe-suhoe-14
dataset/uploads_root/prod-svoe-vino-strapi/prod-svoe-vino/strapi/uploads/sober_bash_kumshatskiy_kumshatskiy_belyy_beloe_suhoe_11_d67e1de2a8.webp,sober-bash-kumshatskiy-kumshatskiy-belyy-beloe-suhoe-11
dataset/uploads_root/prod-svoe-vino-strapi/prod-svoe-vino/strapi/uploads/sober_bash_pino_gri_beloe_suhoe_11_725e59e401.webp,sober-bash-pino-gri-beloe-suhoe-11
dataset/uploads_root/prod-svoe-vino-strapi/prod-svoe-vino/strapi/uploads/sober_bash_puhlyakovskiy_beloe_suhoe_12_c809d55527.webp,sober-bash-puhlyakovskiy-beloe-suhoe-12
dataset/uploads_root/prod-svoe-vino-strapi/prod-svoe-vino/strapi/uploads/sober_bash_risling_risling_reynskiy_beloe_suhoe_11_3886abbe5d.webp,sober-bash-risling-risling-reynskiy-beloe-suhoe-11
dataset/uploads_root/prod-svoe-vino-strapi/prod-svoe-vino/strapi/uploads/sober_bash_risling_risling_reynskiy_beloe_suhoe_12_1781eda577.webp,sober-bash-risling-risling-reynskiy-beloe-suhoe-12
dataset/uploads_root/prod-svoe-vino-strapi/prod-svoe-vino/strapi/uploads/sober_bash_rkatsiteli_amfora_beloe_suhoe_135_7ad32c6fab.webp,sober-bash-rkatsiteli-amfora-beloe-suhoe-135
dataset/uploads_root/prod-svoe-vino-strapi/prod-svoe-vino/strapi/uploads/sober_bash_rkatsiteli_beloe_suhoe_14_5c76e13a55.webp,sober-bash-rkatsiteli-beloe-suhoe-14
dataset/uploads_root/prod-svoe-vino-strapi/prod-svoe-vino/strapi/uploads/sober_bash_rubin_rubin_rubin_azos_krasnoe_suhoe_14_e6ce9172ae.webp,sober-bash-rubin-rubin-rubin-azos-krasnoe-suhoe-14
dataset/uploads_root/prod-svoe-vino-strapi/prod-svoe-vino/strapi/uploads/sober_bash_saperavi_amfora_krasnoe_suhoe_14_dcfa6b09f6.webp,sober-bash-saperavi-amfora-krasnoe-suhoe-14
dataset/uploads_root/prod-svoe-vino-strapi/prod-svoe-vino/strapi/uploads/sober_bash_saperavi_krasnoe_suhoe_13_07a0953b2b.webp,sober-bash-saperavi-krasnoe-suhoe-13
dataset/uploads_root/prod-svoe-vino-strapi/prod-svoe-vino/strapi/uploads/sober_bash_trezvaya_golova_kaberne_fran_krasnostop_krasnoe_suhoe_13_c95bc5ed9d.webp,sober-bash-trezvaya-golova-kaberne-fran-krasnostop-krasnoe-suhoe-13
dataset/uploads_root/prod-svoe-vino-strapi/prod-svoe-vino/strapi/uploads/sober_bash_trezvaya_golova_risling_risling_reynskiy_beloe_suhoe_10_146c313d41.webp,sober-bash-trezvaya-golova-risling-risling-reynskiy-beloe-suhoe-10
dataset/uploads_root/prod-svoe-vino-strapi/prod-svoe-vino/strapi/uploads/sober_bash_trezvaya_golova_rkatsiteli_beloe_suhoe_12_511c1cd6b2.webp,sober-bash-trezvaya-golova-rkatsiteli-beloe-suhoe-12
dataset/uploads_root/prod-svoe-vino-strapi/prod-svoe-vino/strapi/uploads/sober_bash_trezvaya_golova_rozovoe_krasnostop_zolotovskiy_suhoe_115_7f51424925.webp,sober-bash-trezvaya-golova-rozovoe-krasnostop-zolotovskiy-suhoe-115
dataset/uploads_root/prod-svoe-vino-strapi/prod-svoe-vino/strapi/uploads/sober_bash_trezvaya_golova_saperavi_krasnoe_suhoe_14_496206d9ee.webp,sober-bash-trezvaya-golova-saperavi-krasnoe-suhoe-14
dataset/uploads_root/prod-svoe-vino-strapi/prod-svoe-vino/strapi/uploads/sober_bash_trezvaya_golova_sibirkovyypino_gri_beloe_suhoe_11_a02eb5c6fc.webp,sober-bash-trezvaya-golova-sibirkovyypino-gri-beloe-suhoe-11
dataset/uploads_root/prod-svoe-vino-strapi/prod-svoe-vino/strapi/uploads/sober_bash_trezvaya_golova_tsimlyanskiygolubok_tsimlyanskiy_chernyy_krasnoe_suhoe_135_e92fe32066.webp,sober-bash-trezvaya-golova-tsimlyanskiygolubok-tsimlyanskiy-chernyy-krasnoe-suhoe-135
dataset/uploads_root/prod-svoe-vino-strapi/prod-svoe-vino/strapi/uploads/soczseti_vinodeli_Byurne_f6bca65941.webp,
dataset/uploads_root/prod-svoe-vino-strapi/prod-svoe-vino/strapi/uploads/soczseti_vinodelni_Yu_VK_96b53413be.webp,
dataset/uploads_root/prod-svoe-vino-strapi/prod-svoe-vino/strapi/uploads/soczseti_vinodelnya_Maskaga2_2880b45ce5.webp,
dataset/uploads_root/prod-svoe-vino-strapi/prod-svoe-vino/strapi/uploads/solnechnaya_dolina_chernyy_doktor_solnechnoy_doliny_ekim_kara_krasnoe_likernoe_vyderzhannoe_16_baf328c18e.webp,solnechnaya-dolina-chernyy-doktor-solnechnoy-doliny-ekim-kara-krasnoe-sladkoe-16
dataset/uploads_root/prod-svoe-vino-strapi/prod-svoe-vino/strapi/uploads/solnechnaya_dolina_chernyy_polkovnik_odesskiy_chernyy_krasnoe_likernoe_vyderzhannoe_175_bf68a8677f.webp,solnechnaya-dolina-chernyy-polkovnik-odesskiy-chernyy-krasnoe-sladkoe-175
dataset/uploads_root/prod-svoe-vino-strapi/prod-svoe-vino/strapi/uploads/solnechnaya_dolina_marochnoe2004_1e9dd61466.webp,
dataset/uploads_root/prod-svoe-vino-strapi/prod-svoe-vino/strapi/uploads/solnechnaya_dolina_meganom_beloe_aligote_beloe_suhoe_13_040339bc56.webp,solnechnaya-dolina-meganom-beloe-aligote-suhoe-13
dataset/uploads_root/prod-svoe-vino-strapi/prod-svoe-vino/strapi/uploads/solnechnaya_dolina_meganom_blanc_de_blancs_kokur_igristoe_bryut_beloe_11_d897a0fd23.webp,solnechnaya-dolina-meganom-blanc-de-blancs-kokur-beloe-bryut-11
dataset/uploads_root/prod-svoe-vino-strapi/prod-svoe-vino/strapi/uploads/solnechnaya_dolina_meganom_kyuve_shardone_igristoe_bryut_beloe_11_7fec189f24.webp,solnechnaya-dolina-meganom-kyuve-shardone-beloe-bryut-11
dataset/uploads_root/prod-svoe-vino-strapi/prod-svoe-vino/strapi/uploads/solnechnaya_dolina_muskatnoe_festivalnoe_muskat_belyy_rozovoe_sladkoe_16_a0294f4818.webp,solnechnaya-dolina-muskatnoe-festivalnoe-muskat-belyy-rozovoe-sladkoe-16
dataset/uploads_root/prod-svoe-vino-strapi/prod-svoe-vino/strapi/uploads/solnechnaya_dolina_no_bg_preview_e91497c542.webp,
dataset/uploads_root/prod-svoe-vino-strapi/prod-svoe-vino/strapi/uploads/solnechnaya_dolina_porto_solnechnoy_doliny_kokur_belyy_beloe_likernoe_vyderzhannoe_175_6cac460b4e.webp,solnechnaya-dolina-porto-solnechnoy-doliny-kokur-belyy-beloe-sladkoe-175
dataset/uploads_root/prod-svoe-vino-strapi/prod-svoe-vino/strapi/uploads/solnechnaya_dolina_privat_kaberne_sovinon_krasnoe_likernoe_vyderzhannoe_155_b18918825f.webp,solnechnaya-dolina-privat-kaberne-sovinon-krasnoe-sladkoe-155
dataset/uploads_root/prod-svoe-vino-strapi/prod-svoe-vino/strapi/uploads/somelie_f96a1975ce.png,
dataset/uploads_root/prod-svoe-vino-strapi/prod-svoe-vino/strapi/uploads/sov_blan_Photoroom_fe910ce83a.webp,
dataset/uploads_root/prod-svoe-vino-strapi/prod-svoe-vino/strapi/uploads/sov_blan_bfbeb62ecc.webp,
dataset/uploads_root/prod-svoe-vino-strapi/prod-svoe-vino/strapi/uploads/sov_blan_c03a466980.webp,sovinon-blan-krasnaya-gorka
dataset/uploads_root/prod-svoe-vino-strapi/prod-svoe-vino/strapi/uploads/sov_blan_galiczkih_e649a5bb05.webp,
dataset/uploads_root/prod-svoe-vino-strapi/prod-svoe-vino/strapi/uploads/soyuz_vino_el_krusero_blanko_polusladkoe_belye_sorta_vinograda_beloe_11_52c2589e48.webp,soyuz-vino-el-krusero-blanko-polusladkoe-belye-sorta-vinograda-beloe-11
dataset/uploads_root/prod-svoe-vino-strapi/prod-svoe-vino/strapi/uploads/soyuz_vino_el_krusero_tinto_polusladkoe_krasnye_sorta_vinograda_krasnoe_11_7defea6b0e.webp,soyuz-vino-el-krusero-tinto-polusladkoe-krasnye-sorta-vinograda-krasnoe-11
dataset/uploads_root/prod-svoe-vino-strapi/prod-svoe-vino/strapi/uploads/soyuz_vino_gloriya_de_luna_byanko_sekko_shardone_beloe_suhoe_11_e1eb459568.webp,soyuz-vino-gloriya-de-luna-byanko-sekko-shardone-beloe-suhoe-11
dataset/uploads_root/prod-svoe-vino-strapi/prod-svoe-vino/strapi/uploads/soyuz_vino_gloriya_de_luna_byanko_semidolche_shardone_beloe_polusladkoe_11_22883623c8.webp,soyuz-vino-gloriya-de-luna-byanko-semidolche-shardone-beloe-polusladkoe-11
dataset/uploads_root/prod-svoe-vino-strapi/prod-svoe-vino/strapi/uploads/soyuz_vino_gloriya_de_luna_rosso_sekko_kaberne_sovinon_krasnoe_suhoe_11_22e36306c0.webp,soyuz-vino-gloriya-de-luna-rosso-sekko-kaberne-sovinon-krasnoe-suhoe-11
dataset/uploads_root/prod-svoe-vino-strapi/prod-svoe-vino/strapi/uploads/soyuz_vino_gloriya_de_luna_rosso_semidolche_kaberne_sovinon_krasnoe_polusladkoe_11_a2b9c3484a.webp,soyuz-vino-gloriya-de-luna-rosso-semidolche-kaberne-sovinon-krasnoe-polusladkoe-11
dataset/uploads_root/prod-svoe-vino-strapi/prod-svoe-vino/strapi/uploads/soyuz_vino_izola_del_sole_beloe_v_banke_shardone_suhoe_11_373dbe2d73.webp,soyuz-vino-izola-del-sole-beloe-v-banke-shardone-suhoe-11
dataset/uploads_root/prod-svoe-vino-strapi/prod-svoe-vino/strapi/uploads/soyuz_vino_izola_del_sole_roze_v_banke_krasnostop_rozovoe_suhoe_11_8aadc9f0c6.webp,soyuz-vino-izola-del-sole-roze-v-banke-krasnostop-rozovoe-suhoe-11
dataset/uploads_root/prod-svoe-vino-strapi/prod-svoe-vino/strapi/uploads/soyuz_vino_kanonicheskie_traditsii_krasnoe_polusladkoe_kaberne_sovinon_115_e1f1bb8027.webp,soyuz-vino-kanonicheskie-traditsii-krasnoe-polusladkoe-kaberne-sovinon-115
dataset/uploads_root/prod-svoe-vino-strapi/prod-svoe-vino/strapi/uploads/soyuz_vino_kanonicheskie_traditsii_krasnoe_sladkoe_kaberne_sovinon_115_7b60103360.webp,soyuz-vino-kanonicheskie-traditsii-krasnoe-sladkoe-kaberne-sovinon-115
dataset/uploads_root/prod-svoe-vino-strapi/prod-svoe-vino/strapi/uploads/soyuz_vino_kartuli_supris_saperavi_krasnoe_polusladkoe_11_5d8bde93a1.webp,soyuz-vino-kartuli-supris-saperavi-krasnoe-polusladkoe-11
dataset/uploads_root/prod-svoe-vino-strapi/prod-svoe-vino/strapi/uploads/soyuz_vino_kartuli_supris_saperavi_suhoe_krasnoe_11_4731a34d41.webp,soyuz-vino-kartuli-supris-saperavi-suhoe-krasnoe-11
dataset/uploads_root/prod-svoe-vino-strapi/prod-svoe-vino/strapi/uploads/soyuz_vino_kartuli_supris_shereuli_saperavi_krasnoe_polusladkoe_11_e1946c394e.webp,soyuz-vino-kartuli-supris-shereuli-saperavi-krasnoe-polusladkoe-11
dataset/uploads_root/prod-svoe-vino-strapi/prod-svoe-vino/strapi/uploads/soyuz_vino_konfessa_pino_gridzhio_beloe_polusladkoe_11_d51fdece6f.webp,soyuz-vino-konfessa-pino-gridzhio-beloe-polusladkoe-11
dataset/uploads_root/prod-svoe-vino-strapi/prod-svoe-vino/strapi/uploads/soyuz_vino_konfessa_sandzhoveze_krasnoe_suhoe_11_c05cac50db.webp,soyuz-vino-konfessa-sandzhoveze-krasnoe-suhoe-11
dataset/uploads_root/prod-svoe-vino-strapi/prod-svoe-vino/strapi/uploads/soyuz_vino_konfessa_sandzhoveze_polusladkoe_krasnoe_11_a47a602f57.webp,soyuz-vino-konfessa-sandzhoveze-polusladkoe-krasnoe-11
dataset/uploads_root/prod-svoe-vino-strapi/prod-svoe-vino/strapi/uploads/soyuz_vino_kubanskoe_traditsionnoe_beloe_polusladkoe_07_belye_sorta_vinograda_11_Photoroom_145fe6b33e.webp,soyuz-vino-kubanskoe-traditsionnoe-beloe-polusladkoe-07-belye-sorta-vinograda-11
dataset/uploads_root/prod-svoe-vino-strapi/prod-svoe-vino/strapi/uploads/soyuz_vino_kubanskoe_traditsionnoe_beloe_polusladkoe_belye_sorta_vinograda_11_da04d4179e.webp,soyuz-vino-kubanskoe-traditsionnoe-beloe-polusladkoe-belye-sorta-vinograda-11
dataset/uploads_root/prod-svoe-vino-strapi/prod-svoe-vino/strapi/uploads/soyuz_vino_kubanskoe_traditsionnoe_beloe_suhoe_07_belye_sorta_vinograda_11_0f473b186a.webp,soyuz-vino-kubanskoe-traditsionnoe-beloe-suhoe-07-belye-sorta-vinograda-11
dataset/uploads_root/prod-svoe-vino-strapi/prod-svoe-vino/strapi/uploads/soyuz_vino_kubanskoe_traditsionnoe_beloe_suhoe_belye_sorta_vinograda_11_d20fbcfd38.webp,soyuz-vino-kubanskoe-traditsionnoe-beloe-suhoe-belye-sorta-vinograda-11
dataset/uploads_root/prod-svoe-vino-strapi/prod-svoe-vino/strapi/uploads/soyuz_vino_kubanskoe_traditsionnoe_krasnoe_polusladkoe_07_krasnye_sorta_vinograda_11_10045d3003.webp,soyuz-vino-kubanskoe-traditsionnoe-krasnoe-polusladkoe-07-krasnye-sorta-vinograda-11
dataset/uploads_root/prod-svoe-vino-strapi/prod-svoe-vino/strapi/uploads/soyuz_vino_kubanskoe_traditsionnoe_krasnoe_polusladkoe_krasnye_sorta_vinograda_11_2dbb69f817.webp,soyuz-vino-kubanskoe-traditsionnoe-krasnoe-polusladkoe-krasnye-sorta-vinograda-11
dataset/uploads_root/prod-svoe-vino-strapi/prod-svoe-vino/strapi/uploads/soyuz_vino_kubanskoe_traditsionnoe_krasnoe_suhoe_07_krasnye_sorta_vinograda_11_Photoroom_819d8f5468.webp,soyuz-vino-kubanskoe-traditsionnoe-krasnoe-suhoe-07-krasnye-sorta-vinograda-11
dataset/uploads_root/prod-svoe-vino-strapi/prod-svoe-vino/strapi/uploads/soyuz_vino_kubanskoe_traditsionnoe_krasnoe_suhoe_krasnye_sorta_vinograda_11_7a255cc56d.webp,soyuz-vino-kubanskoe-traditsionnoe-krasnoe-suhoe-krasnye-sorta-vinograda-11
dataset/uploads_root/prod-svoe-vino-strapi/prod-svoe-vino/strapi/uploads/soyuz_vino_lak_dazyur_blan_moellyo_belye_sorta_vinograda_beloe_polusladkoe_11_4eb7a57e26.webp,soyuz-vino-lak-dazyur-blan-moellyo-belye-sorta-vinograda-beloe-polusladkoe-11
dataset/uploads_root/prod-svoe-vino-strapi/prod-svoe-vino/strapi/uploads/soyuz_vino_lak_dazyur_blan_sek_belye_sorta_vinograda_beloe_suhoe_11_652ccd145e.webp,soyuz-vino-lak-dazyur-blan-sek-belye-sorta-vinograda-beloe-suhoe-11
dataset/uploads_root/prod-svoe-vino-strapi/prod-svoe-vino/strapi/uploads/soyuz_vino_lak_dazyur_ruzh_moellyo_belye_sorta_vinograda_krasnoe_polusladkoe_11_d78d680459.webp,soyuz-vino-lak-dazyur-ruzh-moellyo-belye-sorta-vinograda-krasnoe-polusladkoe-11
dataset/uploads_root/prod-svoe-vino-strapi/prod-svoe-vino/strapi/uploads/soyuz_vino_lak_dazyur_ruzh_sek_krasnye_sorta_vinograda_krasnoe_suhoe_11_55b71c558b.webp,soyuz-vino-lak-dazyur-ruzh-sek-krasnye-sorta-vinograda-krasnoe-suhoe-11
dataset/uploads_root/prod-svoe-vino-strapi/prod-svoe-vino/strapi/uploads/soyuz_vino_lavetti_beloe_polusladkoe_belye_sorta_vinograda_11_0ebc53bd39.webp,soyuz-vino-lavetti-beloe-polusladkoe-belye-sorta-vinograda-11
dataset/uploads_root/prod-svoe-vino-strapi/prod-svoe-vino/strapi/uploads/soyuz_vino_lavetti_beloe_suhoe_belye_sorta_vinograda_11_38d387c335.webp,soyuz-vino-lavetti-beloe-suhoe-belye-sorta-vinograda-11
dataset/uploads_root/prod-svoe-vino-strapi/prod-svoe-vino/strapi/uploads/soyuz_vino_lavetti_krasnoe_polusladkoe_krasnye_sorta_vinograda_11_6fdd024692.webp,soyuz-vino-lavetti-krasnoe-polusladkoe-krasnye-sorta-vinograda-11
dataset/uploads_root/prod-svoe-vino-strapi/prod-svoe-vino/strapi/uploads/soyuz_vino_lavetti_krasnoe_suhoe_krasnye_sorta_vinograda_11_b12fab732e.webp,soyuz-vino-lavetti-krasnoe-suhoe-krasnye-sorta-vinograda-11
dataset/uploads_root/prod-svoe-vino-strapi/prod-svoe-vino/strapi/uploads/soyuz_vino_lavetti_rozovoe_polusladkoe_krasnye_sorta_vinograda_11_079294d0a5.webp,soyuz-vino-lavetti-rozovoe-polusladkoe-krasnye-sorta-vinograda-11
dataset/uploads_root/prod-svoe-vino-strapi/prod-svoe-vino/strapi/uploads/soyuz_vino_lenty_izabella_krymskaya_krasnoe_polusladkoe_11_ed35a4d2c8.webp,soyuz-vino-lenty-izabella-krymskaya-krasnoe-polusladkoe-11
dataset/uploads_root/prod-svoe-vino-strapi/prod-svoe-vino/strapi/uploads/soyuz_vino_lenty_kaberne_krymskoe_kaberne_sovinon_krasnoe_polusladkoe_11_aaa52b009e.webp,soyuz-vino-lenty-kaberne-krymskoe-kaberne-sovinon-krasnoe-polusladkoe-11
dataset/uploads_root/prod-svoe-vino-strapi/prod-svoe-vino/strapi/uploads/soyuz_vino_lenty_shardone_krymskoe_beloe_polusladkoe_11_2d98f1c227.webp,soyuz-vino-lenty-shardone-krymskoe-beloe-polusladkoe-11
dataset/uploads_root/prod-svoe-vino-strapi/prod-svoe-vino/strapi/uploads/soyuz_vino_mosavali_rkatsiteli_beloe_polusladkoe_11_cf350f08a2.webp,soyuz-vino-mosavali-rkatsiteli-beloe-polusladkoe-11
dataset/uploads_root/prod-svoe-vino-strapi/prod-svoe-vino/strapi/uploads/soyuz_vino_mosavali_saperavi_polusladkoe_krasnoe_11_Photoroom_3a6ddb3740.webp,
dataset/uploads_root/prod-svoe-vino-strapi/prod-svoe-vino/strapi/uploads/soyuz_vino_mosavali_saperavi_polusladkoe_krasnoe_11_Photoroom_f236b93ec6.webp,soyuz-vino-mosavali-saperavi-polusladkoe-krasnoe-11
dataset/uploads_root/prod-svoe-vino-strapi/prod-svoe-vino/strapi/uploads/soyuz_vino_mosavali_saperavi_suhoe_krasnoe_11_4664250a21.webp,soyuz-vino-mosavali-saperavi-suhoe-krasnoe-11
dataset/uploads_root/prod-svoe-vino-strapi/prod-svoe-vino/strapi/uploads/soyuz_vino_shato_de_mongolfer_risling_polusuhoe_beloe_11_Photoroom_3793c3a6d3.webp,soyuz-vino-shato-de-mongolfer-risling-polusuhoe-beloe-11
dataset/uploads_root/prod-svoe-vino-strapi/prod-svoe-vino/strapi/uploads/soyuz_vino_shato_de_mongolfer_shiraz_moellyo_krasnoe_polusladkoe_11_fde68acdc1.webp,soyuz-vino-shato-de-mongolfer-shiraz-moellyo-krasnoe-polusladkoe-11
dataset/uploads_root/prod-svoe-vino-strapi/prod-svoe-vino/strapi/uploads/soyuz_vino_shato_de_mongolfer_shiraz_polusuhoe_krasnoe_11_a657118526.webp,soyuz-vino-shato-de-mongolfer-shiraz-polusuhoe-krasnoe-11
dataset/uploads_root/prod-svoe-vino-strapi/prod-svoe-vino/strapi/uploads/soyuz_vino_sheremetevskie_pogreba_beloe_polusladkoe_belye_sorta_vinograda_11_57623452c6.webp,soyuz-vino-sheremetevskie-pogreba-beloe-polusladkoe-belye-sorta-vinograda-11
dataset/uploads_root/prod-svoe-vino-strapi/prod-svoe-vino/strapi/uploads/soyuz_vino_sheremetevskie_pogreba_kaberne_sovinon_krasnoe_suhoe_11_06a2c8cff1.webp,soyuz-vino-sheremetevskie-pogreba-kaberne-sovinon-krasnoe-suhoe-11
dataset/uploads_root/prod-svoe-vino-strapi/prod-svoe-vino/strapi/uploads/soyuz_vino_sheremetevskie_pogreba_krasnoe_polusladkoe_krasnye_sorta_vinograda_11_c720c471ab.webp,soyuz-vino-sheremetevskie-pogreba-krasnoe-polusladkoe-krasnye-sorta-vinograda-11
dataset/uploads_root/prod-svoe-vino-strapi/prod-svoe-vino/strapi/uploads/soyuz_vino_sheremetevskie_pogreba_shardone_beloe_suhoe_11_82e0049185.webp,soyuz-vino-sheremetevskie-pogreba-shardone-beloe-suhoe-11
dataset/uploads_root/prod-svoe-vino-strapi/prod-svoe-vino/strapi/uploads/soyuz_vino_soyuz_vino_evropak_shiraz_krasnoe_polusladkoe_11_80fd7e408c.webp,soyuz-vino-soyuz-vino-evropak-shiraz-krasnoe-polusladkoe-11
dataset/uploads_root/prod-svoe-vino-strapi/prod-svoe-vino/strapi/uploads/soyuz_vino_soyuz_vino_izabella_beg_in_boks_krasnoe_polusladkoe_11_57877fa333.webp,soyuz-vino-soyuz-vino-izabella-beg-in-boks-krasnoe-polusladkoe-11
dataset/uploads_root/prod-svoe-vino-strapi/prod-svoe-vino/strapi/uploads/soyuz_vino_soyuz_vino_izabella_krasnoe_polusladkoe_11_1abeea2193.webp,soyuz-vino-soyuz-vino-izabella-krasnoe-polusladkoe-11
dataset/uploads_root/prod-svoe-vino-strapi/prod-svoe-vino/strapi/uploads/soyuz_vino_soyuz_vino_kaberne_sovinon_beg_in_boks_krasnoe_suhoe_11_a2b1e169b2.webp,soyuz-vino-soyuz-vino-kaberne-sovinon-beg-in-boks-krasnoe-suhoe-11
dataset/uploads_root/prod-svoe-vino-strapi/prod-svoe-vino/strapi/uploads/soyuz_vino_soyuz_vino_kaberne_sovinon_krasnoe_suhoe_12_323dad351f.webp,soyuz-vino-soyuz-vino-kaberne-sovinon-krasnoe-suhoe-12
dataset/uploads_root/prod-svoe-vino-strapi/prod-svoe-vino/strapi/uploads/soyuz_vino_soyuz_vino_kaberne_sovinon_polusladkoe_beg_in_boks_krasnoe_12_848ced18a2.webp,soyuz-vino-soyuz-vino-kaberne-sovinon-polusladkoe-beg-in-boks-krasnoe-12
dataset/uploads_root/prod-svoe-vino-strapi/prod-svoe-vino/strapi/uploads/soyuz_vino_soyuz_vino_muskat_beg_in_boks_beloe_polusladkoe_11_c04d62fb2c.webp,soyuz-vino-soyuz-vino-muskat-beg-in-boks-beloe-polusladkoe-11
dataset/uploads_root/prod-svoe-vino-strapi/prod-svoe-vino/strapi/uploads/soyuz_vino_soyuz_vino_muskat_beloe_polusladkoe_11_31c63dac6f.webp,soyuz-vino-soyuz-vino-muskat-beloe-polusladkoe-11
dataset/uploads_root/prod-svoe-vino-strapi/prod-svoe-vino/strapi/uploads/soyuz_vino_soyuz_vino_shardone_beloe_polusladkoe_beg_in_boks_12_f0024228a1.webp,soyuz-vino-soyuz-vino-shardone-beloe-polusladkoe-beg-in-boks-12
dataset/uploads_root/prod-svoe-vino-strapi/prod-svoe-vino/strapi/uploads/soyuz_vino_soyuz_vino_shardone_suhoe_beg_in_boks_beloe_11_d970c9b11d.webp,soyuz-vino-soyuz-vino-shardone-suhoe-beg-in-boks-beloe-11
dataset/uploads_root/prod-svoe-vino-strapi/prod-svoe-vino/strapi/uploads/soyuz_vino_soyuz_vino_shardone_suhoe_beloe_11_ea78298986.webp,soyuz-vino-soyuz-vino-shardone-suhoe-beloe-11
dataset/uploads_root/prod-svoe-vino-strapi/prod-svoe-vino/strapi/uploads/soyuz_vino_terra_pia_kaldera_blend_risling_reynskiy_beloe_suhoe_11_0a3230fc09.webp,soyuz-vino-terra-pia-kaldera-blend-risling-reynskiy-beloe-suhoe-11
dataset/uploads_root/prod-svoe-vino-strapi/prod-svoe-vino/strapi/uploads/soyuz_vino_terra_pia_lava_blend_merlo_krasnoe_suhoe_12_8c211b3368.webp,soyuz-vino-terra-pia-lava-blend-merlo-krasnoe-suhoe-12
dataset/uploads_root/prod-svoe-vino-strapi/prod-svoe-vino/strapi/uploads/soyuz_vino_zelyonaya_dolina_kaberne_merlo_kaberne_sovinon_krasnoe_polusladkoe_12_7bd855e183.webp,soyuz-vino-zelyonaya-dolina-kaberne-merlo-kaberne-sovinon-krasnoe-polusladkoe-12
dataset/uploads_root/prod-svoe-vino-strapi/prod-svoe-vino/strapi/uploads/soyuz_vino_zelyonaya_dolina_kaberne_merlo_v_banke_kaberne_sovinon_krasnoe_polusladkoe_12_16c08bed18.webp,soyuz-vino-zelyonaya-dolina-kaberne-merlo-v-banke-kaberne-sovinon-krasnoe-polusladkoe-12
dataset/uploads_root/prod-svoe-vino-strapi/prod-svoe-vino/strapi/uploads/soyuz_vino_zelyonaya_dolina_kaberne_sovinon_krasnoe_suhoe_12_093855198c.webp,soyuz-vino-zelyonaya-dolina-kaberne-sovinon-krasnoe-suhoe-12
dataset/uploads_root/prod-svoe-vino-strapi/prod-svoe-vino/strapi/uploads/soyuz_vino_zelyonaya_dolina_pino_blan_v_banke_beloe_polusladkoe_115_ec62bc058b.webp,soyuz-vino-zelyonaya-dolina-pino-blan-v-banke-beloe-polusladkoe-115
dataset/uploads_root/prod-svoe-vino-strapi/prod-svoe-vino/strapi/uploads/soyuz_vino_zelyonaya_dolina_pino_nuar_krasnoe_suhoe_12_99229b1a8a.webp,soyuz-vino-zelyonaya-dolina-pino-nuar-krasnoe-suhoe-12
dataset/uploads_root/prod-svoe-vino-strapi/prod-svoe-vino/strapi/uploads/soyuz_vino_zelyonaya_dolina_pino_nuar_v_banke_krasnoe_suhoe_12_16633f774d.webp,soyuz-vino-zelyonaya-dolina-pino-nuar-v-banke-krasnoe-suhoe-12
dataset/uploads_root/prod-svoe-vino-strapi/prod-svoe-vino/strapi/uploads/soyuz_vino_zelyonaya_dolina_shardone_beloe_suhoe_12_9350f4af7c.webp,soyuz-vino-zelyonaya-dolina-shardone-beloe-suhoe-12
dataset/uploads_root/prod-svoe-vino-strapi/prod-svoe-vino/strapi/uploads/soyuz_vino_zelyonaya_dolina_shardone_v_banke_beloe_suhoe_12_c6b6ff13f2.webp,soyuz-vino-zelyonaya-dolina-shardone-v-banke-beloe-suhoe-12
dataset/uploads_root/prod-svoe-vino-strapi/prod-svoe-vino/strapi/uploads/soyuz_vino_zelyonaya_dolina_sovinon_blan_polusladkoe_beloe_12_37e7e1e966.webp,soyuz-vino-zelyonaya-dolina-sovinon-blan-polusladkoe-beloe-12
dataset/uploads_root/prod-svoe-vino-strapi/prod-svoe-vino/strapi/uploads/soyuz_vino_zelyonaya_dolina_sovinon_blan_suhoe_beloe_12_c604b7c3de.webp,soyuz-vino-zelyonaya-dolina-sovinon-blan-suhoe-beloe-12
dataset/uploads_root/prod-svoe-vino-strapi/prod-svoe-vino/strapi/uploads/sozdano_II_082d37530c.webp,
dataset/uploads_root/prod-svoe-vino-strapi/prod-svoe-vino/strapi/uploads/spasenie_vina_2_1b43657be3.webp,
dataset/uploads_root/prod-svoe-vino-strapi/prod-svoe-vino/strapi/uploads/spasenie_vina_3_8dfed2394b.webp,
dataset/uploads_root/prod-svoe-vino-strapi/prod-svoe-vino/strapi/uploads/sredizemnomorskaya_kuhnya_3c8be7f1a7.webp,
dataset/uploads_root/prod-svoe-vino-strapi/prod-svoe-vino/strapi/uploads/sredizemnomorskaya_kuhnya_a054624601.png,
dataset/uploads_root/prod-svoe-vino-strapi/prod-svoe-vino/strapi/uploads/srpo15iudj99lztw3bk6hms5x81vcg9v_fb846a2a21.webp,
dataset/uploads_root/prod-svoe-vino-strapi/prod-svoe-vino/strapi/uploads/stal_bd73dc9bf5.webp,
dataset/uploads_root/prod-svoe-vino-strapi/prod-svoe-vino/strapi/uploads/starozolotovskij_hutor2_da38ddf5f6.webp,
dataset/uploads_root/prod-svoe-vino-strapi/prod-svoe-vino/strapi/uploads/starozolotovskij_hutor3_d7790143bc.webp,
dataset/uploads_root/prod-svoe-vino-strapi/prod-svoe-vino/strapi/uploads/starye_lozy_vinodelnya_Relikta_611489b441.webp,
dataset/uploads_root/prod-svoe-vino-strapi/prod-svoe-vino/strapi/uploads/stavropolie_c83a9850fc.webp,
dataset/uploads_root/prod-svoe-vino-strapi/prod-svoe-vino/strapi/uploads/stavropolie_f04cc4cf25.webp,
dataset/uploads_root/prod-svoe-vino-strapi/prod-svoe-vino/strapi/uploads/stn_winery_arhitektor_sira_krasnoe_suhoe_12_6667db52b5.webp,stn-winery-arhitektor-sira-krasnoe-suhoe-12
dataset/uploads_root/prod-svoe-vino-strapi/prod-svoe-vino/strapi/uploads/stn_winery_bratstvo_kochergi_pino_nuar_krasnoe_suhoe_12_e029506394.webp,stn-winery-bratstvo-kochergi-pino-nuar-krasnoe-suhoe-12
dataset/uploads_root/prod-svoe-vino-strapi/prod-svoe-vino/strapi/uploads/stn_winery_chardonnay_vol2_shardone_beloe_suhoe_105_67d76e98d6.webp,stn-winery-chardonnay-vol2-shardone-beloe-suhoe-105
dataset/uploads_root/prod-svoe-vino-strapi/prod-svoe-vino/strapi/uploads/stn_winery_cyberpunk_pino_nuar_krasnoe_suhoe_12_97a68d8880.webp,stn-winery-cyberpunk-pino-nuar-krasnoe-suhoe-12
dataset/uploads_root/prod-svoe-vino-strapi/prod-svoe-vino/strapi/uploads/stn_winery_merlo_krasnoe_suhoe_14_a40621f55a.webp,stn-winery-merlo-krasnoe-suhoe-14
dataset/uploads_root/prod-svoe-vino-strapi/prod-svoe-vino/strapi/uploads/stn_winery_muskat_beloe_suhoe_115_73c0464c2e.webp,stn-winery-muskat-beloe-suhoe-115
dataset/uploads_root/prod-svoe-vino-strapi/prod-svoe-vino/strapi/uploads/stn_winery_pino_nuar_krasnoe_suhoe_12_afc27a10d4.webp,stn-winery-pino-nuar-krasnoe-suhoe-12
dataset/uploads_root/prod-svoe-vino-strapi/prod-svoe-vino/strapi/uploads/stn_winery_saignee_sira_rozovoe_suhoe_125_9dbf566ca7.webp,stn-winery-saignee-sira-rozovoe-suhoe-125
dataset/uploads_root/prod-svoe-vino-strapi/prod-svoe-vino/strapi/uploads/stn_winery_syrah_sira_krasnoe_suhoe_13_6fc188de6e.webp,stn-winery-syrah-sira-krasnoe-suhoe-13
dataset/uploads_root/prod-svoe-vino-strapi/prod-svoe-vino/strapi/uploads/stn_winery_traminer_traminer_beloe_suhoe_13_0a2ba9f4c2.webp,stn-winery-traminer-traminer-beloe-suhoe-13
dataset/uploads_root/prod-svoe-vino-strapi/prod-svoe-vino/strapi/uploads/stn_winery_trio_aligote_beloe_suhoe_13_6adf0dafd2.webp,stn-winery-trio-aligote-beloe-suhoe-13
dataset/uploads_root/prod-svoe-vino-strapi/prod-svoe-vino/strapi/uploads/stn_winery_wiess_risling_beloe_suhoe_12_2727c9a721.webp,stn-winery-wiess-risling-beloe-suhoe-12
dataset/uploads_root/prod-svoe-vino-strapi/prod-svoe-vino/strapi/uploads/stol_png_d1f60a7809.webp,
dataset/uploads_root/prod-svoe-vino-strapi/prod-svoe-vino/strapi/uploads/sup2_b5fccfbef5.webp,
dataset/uploads_root/prod-svoe-vino-strapi/prod-svoe-vino/strapi/uploads/svoe_taman_bez_fona_dd77ac08fb.webp,
dataset/uploads_root/prod-svoe-vino-strapi/prod-svoe-vino/strapi/uploads/svoyovino_88bf536822.PNG,
dataset/uploads_root/prod-svoe-vino-strapi/prod-svoe-vino/strapi/uploads/syr_41a160d452.webp,
dataset/uploads_root/prod-svoe-vino-strapi/prod-svoe-vino/strapi/uploads/syr_820e71a7c0.webp,
dataset/uploads_root/prod-svoe-vino-strapi/prod-svoe-vino/strapi/uploads/syr_cebc46ad2a.png,
dataset/uploads_root/prod-svoe-vino-strapi/prod-svoe-vino/strapi/uploads/t3g30o204ovkwprc6f816wb5v5jfhk69_84f2be0349.webp,
dataset/uploads_root/prod-svoe-vino-strapi/prod-svoe-vino/strapi/uploads/taman_shato_bez_fona_d2c12c80a3.webp,chateau-tamagne-select-blanc-brut
dataset/uploads_root/prod-svoe-vino-strapi/prod-svoe-vino/strapi/uploads/tannat_79caf6f274.webp,
dataset/uploads_root/prod-svoe-vino-strapi/prod-svoe-vino/strapi/uploads/tarelka_s_ryboi_i_zelen_u_aeab02d064.jpg,
dataset/uploads_root/prod-svoe-vino-strapi/prod-svoe-vino/strapi/uploads/tarelka_s_ryboi_i_zelen_u_aeb40a672c_ac0ea5b528.webp,
dataset/uploads_root/prod-svoe-vino-strapi/prod-svoe-vino/strapi/uploads/temp_vina_23600fe1aa_790fa486c0.webp,
dataset/uploads_root/prod-svoe-vino-strapi/prod-svoe-vino/strapi/uploads/tempelhof_winery_pino_nuar_krasnoe_suhoe_125_9f8f5502f9.webp,tempelhof-winery-pino-nuar-krasnoe-suhoe-125
dataset/uploads_root/prod-svoe-vino-strapi/prod-svoe-vino/strapi/uploads/tempelhof_winery_risling_risling_reynskiy_beloe_suhoe_115_825c5cd60a.webp,tempelhof-winery-risling-risling-reynskiy-beloe-suhoe-115
dataset/uploads_root/prod-svoe-vino-strapi/prod-svoe-vino/strapi/uploads/tempelhof_winery_shpetburgunder_pino_nuar_krasnoe_suhoe_125_e4976d1ffc.webp,tempelhof-winery-shpetburgunder-pino-nuar-krasnoe-suhoe-125
dataset/uploads_root/prod-svoe-vino-strapi/prod-svoe-vino/strapi/uploads/tempelhof_winery_tsimlyanskiy_chernyy_krasnoe_suhoe_125_31e822d3f0.webp,tempelhof-winery-tsimlyanskiy-chernyy-krasnoe-suhoe-125
dataset/uploads_root/prod-svoe-vino-strapi/prod-svoe-vino/strapi/uploads/ternovaya_nalivka_iz_terna_bfa8f65d64.webp,
dataset/uploads_root/prod-svoe-vino-strapi/prod-svoe-vino/strapi/uploads/terruarv_kubani_157be04522.webp,
dataset/uploads_root/prod-svoe-vino-strapi/prod-svoe-vino/strapi/uploads/tfsf19mjn9xj1b0yfhxpil0cabmey57m_9e07a470f5.webp,
dataset/uploads_root/prod-svoe-vino-strapi/prod-svoe-vino/strapi/uploads/tild3365_6632_4233_b865_333532623535_5dm_1601_4364887dd9.webp,
dataset/uploads_root/prod-svoe-vino-strapi/prod-svoe-vino/strapi/uploads/tild3365_6632_4233_b865_333532623535_5dm_1601_70418f4c44.webp,
dataset/uploads_root/prod-svoe-vino-strapi/prod-svoe-vino/strapi/uploads/toile_de_vin_cabernet_sauvignon_cfd349369d.webp,toile-de-vin-cabernet-sauvignon
dataset/uploads_root/prod-svoe-vino-strapi/prod-svoe-vino/strapi/uploads/toile_de_vin_chardonnay_cc38e00e9d.webp,toile-de-vin-chardonnay
dataset/uploads_root/prod-svoe-vino-strapi/prod-svoe-vino/strapi/uploads/toile_de_vin_merlot_3d176a2b04.webp,toile-de-vin-merlot
dataset/uploads_root/prod-svoe-vino-strapi/prod-svoe-vino/strapi/uploads/toile_de_vin_pinot_blanc_b7d593d929.webp,toile-de-vin-pinot-blanc
dataset/uploads_root/prod-svoe-vino-strapi/prod-svoe-vino/strapi/uploads/top100wines_ru_jpg_66c227c83f.webp,
dataset/uploads_root/prod-svoe-vino-strapi/prod-svoe-vino/strapi/uploads/top_russian_wine_brands_a710e53950.webp,
dataset/uploads_root/prod-svoe-vino-strapi/prod-svoe-vino/strapi/uploads/trendy_vinnye_3889f3a7fa.webp,
dataset/uploads_root/prod-svoe-vino-strapi/prod-svoe-vino/strapi/uploads/tressazh2_soczseti_Seneth_504d927f98.webp,
dataset/uploads_root/prod-svoe-vino-strapi/prod-svoe-vino/strapi/uploads/tri_ekrannye_istorii_545ed79526.webp,
dataset/uploads_root/prod-svoe-vino-strapi/prod-svoe-vino/strapi/uploads/tsimlyanskie_vina_krepost_sarkel_krasnostop_zolotovskiy_krasnoe_suhoe_vyderzhannoe_145_d399c42b0b.webp,tsimlyanskie-vina-krepost-sarkel-krasnostop-zolotovskiy-krasnoe-suhoe-145
dataset/uploads_root/prod-svoe-vino-strapi/prod-svoe-vino/strapi/uploads/tsimlyanskie_vina_tsimlyanskoe_kaberne_sovinon_ekstra_bryut_rozovoe_igristoe_ekstra_bryut_rozovoe_13_e418623638.webp,tsimlyanskie-vina-tsimlyanskoe-kaberne-sovinon-ekstra-bryut-rozovoe-13
dataset/uploads_root/prod-svoe-vino-strapi/prod-svoe-vino/strapi/uploads/tumen_75a149a159.webp,
dataset/uploads_root/prod-svoe-vino-strapi/prod-svoe-vino/strapi/uploads/tumen_e1a09472dd.webp,
dataset/uploads_root/prod-svoe-vino-strapi/prod-svoe-vino/strapi/uploads/twopeters_1f1a36118d.webp,
dataset/uploads_root/prod-svoe-vino-strapi/prod-svoe-vino/strapi/uploads/tyulpan_bcc80e4af4.webp,
dataset/uploads_root/prod-svoe-vino-strapi/prod-svoe-vino/strapi/uploads/tzs3qoh510q9s0lvpoo7d1wqqs4hshkr_bdda065b9e.webp,
dataset/uploads_root/prod-svoe-vino-strapi/prod-svoe-vino/strapi/uploads/u5qpo4wnhruuhv47l21q5v5lrbsa1t9z_911952b6df.webp,
dataset/uploads_root/prod-svoe-vino-strapi/prod-svoe-vino/strapi/uploads/ugb_HOG_Jxx_J9_Pv_Cj_1775200212_f3b8b5681b.webp,agora-rosa-viva-beloe-polusladkoe
dataset/uploads_root/prod-svoe-vino-strapi/prod-svoe-vino/strapi/uploads/unnamed_file_b5da6edef0.webp,
dataset/uploads_root/prod-svoe-vino-strapi/prod-svoe-vino/strapi/uploads/up_mourousy_b3633735eb.webp,
dataset/uploads_root/prod-svoe-vino-strapi/prod-svoe-vino/strapi/uploads/up_mourousy_ee6a9bb02b.webp,
dataset/uploads_root/prod-svoe-vino-strapi/prod-svoe-vino/strapi/uploads/uppa_winery_c5f8bb24c8.webp,
dataset/uploads_root/prod-svoe-vino-strapi/prod-svoe-vino/strapi/uploads/uppa_winery_gevyurtstraminer_muskat_beloe_suhoe_14_0795455a8d.webp,uppa-winery-gevyurtstraminer-muskat-beloe-suhoe-14
dataset/uploads_root/prod-svoe-vino-strapi/prod-svoe-vino/strapi/uploads/uppa_winery_kokur_kokur_belyy_beloe_suhoe_12_62428d68b3.webp,uppa-winery-kokur-kokur-belyy-beloe-suhoe-12
dataset/uploads_root/prod-svoe-vino-strapi/prod-svoe-vino/strapi/uploads/uppa_winery_nebbiolo_krasnoe_suhoe_14_2d7e43d3e7.webp,uppa-winery-nebbiolo-krasnoe-suhoe-14
dataset/uploads_root/prod-svoe-vino-strapi/prod-svoe-vino/strapi/uploads/uppa_winery_pavel_shvets_cabernet_sauvignon_merlot_kaberne_sovinon_krasnoe_suhoe_14_da1b1f8614.webp,uppa-winery-pavel-shvets-cabernet-sauvignon-merlot-kaberne-sovinon-krasnoe-suhoe-14
dataset/uploads_root/prod-svoe-vino-strapi/prod-svoe-vino/strapi/uploads/uppa_winery_sovinon_blan_rezerva_beloe_suhoe_12_76ba88a2a6.webp,uppa-winery-sovinon-blan-rezerva-beloe-suhoe-12
dataset/uploads_root/prod-svoe-vino-strapi/prod-svoe-vino/strapi/uploads/usadba_aleksandrovskaya_bubnovyy_valet_kaberne_sovinon_krasnoe_polusladkoe_13_bf2a0f6928.webp,usadba-aleksandrovskaya-bubnovyy-valet-kaberne-sovinon-krasnoe-polusladkoe-13
dataset/uploads_root/prod-svoe-vino-strapi/prod-svoe-vino/strapi/uploads/usadba_divnomorskoe_blanc_de_blancs_shardone_igristoe_ekstra_bryut_beloe_12_c91b1a3468.webp,usadba-divnomorskoe-blanc-de-blancs-shardone-beloe-ekstra-bryut-12
dataset/uploads_root/prod-svoe-vino-strapi/prod-svoe-vino/strapi/uploads/usadba_divnomorskoe_east_hill_vione_beloe_suhoe_127_870fb1499b.webp,usadba-divnomorskoe-east-hill-vione-beloe-suhoe-127
dataset/uploads_root/prod-svoe-vino-strapi/prod-svoe-vino/strapi/uploads/usadba_divnomorskoe_grande_cuvee_shardone_igristoe_bryut_beloe_125_00b1325ee6.webp,usadba-divnomorskoe-grande-cuvee-shardone-beloe-bryut-125
dataset/uploads_root/prod-svoe-vino-strapi/prod-svoe-vino/strapi/uploads/usadba_divnomorskoe_grande_rose_pino_nuar_igristoe_ekstra_bryut_rozovoe_125_5c852c8006.webp,usadba-divnomorskoe-grande-rose-pino-nuar-rozovoe-ekstra-bryut-125
dataset/uploads_root/prod-svoe-vino-strapi/prod-svoe-vino/strapi/uploads/usadba_divnomorskoe_holodnyy_tuman_risling_beloe_suhoe_115_358dd58eab.webp,usadba-divnomorskoe-holodnyy-tuman-risling-beloe-suhoe-115
dataset/uploads_root/prod-svoe-vino-strapi/prod-svoe-vino/strapi/uploads/usadba_divnomorskoe_maris_blanc_de_blanc_extra_brut_shardone_beloe_ekstra_bryut_105_2146bdc77b.webp,usadba-divnomorskoe-maris-blanc-de-blanc-extra-brut-shardone-beloe-ekstra-bryut-105
dataset/uploads_root/prod-svoe-vino-strapi/prod-svoe-vino/strapi/uploads/usadba_divnomorskoe_maris_blanc_de_noirs_extra_brut_pino_nuar_beloe_ekstra_bryut_105_800f5ad248.webp,usadba-divnomorskoe-maris-blanc-de-noirs-extra-brut-pino-nuar-beloe-ekstra-bryut-105
dataset/uploads_root/prod-svoe-vino-strapi/prod-svoe-vino/strapi/uploads/usadba_divnomorskoe_marselan_marselan_krasnoe_suhoe_149_cfc4d7c708.webp,usadba-divnomorskoe-marselan-marselan-krasnoe-suhoe-149
dataset/uploads_root/prod-svoe-vino-strapi/prod-svoe-vino/strapi/uploads/usadba_divnomorskoe_merlot_merlo_krasnoe_suhoe_149_06c6e6e8aa.webp,usadba-divnomorskoe-merlot-merlo-krasnoe-suhoe-149
dataset/uploads_root/prod-svoe-vino-strapi/prod-svoe-vino/strapi/uploads/usadba_divnomorskoe_muscat_ottonel_muskat_ottonel_beloe_sladkoe_135_e8a0643fd7.webp,usadba-divnomorskoe-muscat-ottonel-muskat-ottonel-beloe-sladkoe-135
dataset/uploads_root/prod-svoe-vino-strapi/prod-svoe-vino/strapi/uploads/usadba_divnomorskoe_pinot_noir_pino_nuar_krasnoe_suhoe_12_6b0fcd6e22.webp,usadba-divnomorskoe-pinot-noir-pino-nuar-krasnoe-suhoe-12
dataset/uploads_root/prod-svoe-vino-strapi/prod-svoe-vino/strapi/uploads/usadba_divnomorskoe_rebo_rebo_krasnoe_suhoe_165_74916357cf.webp,usadba-divnomorskoe-rebo-rebo-krasnoe-suhoe-165
dataset/uploads_root/prod-svoe-vino-strapi/prod-svoe-vino/strapi/uploads/usadba_divnomorskoe_rose_vione_rozovoe_suhoe_125_cc6f84dbad.webp,usadba-divnomorskoe-rose-vione-rozovoe-suhoe-125
dataset/uploads_root/prod-svoe-vino-strapi/prod-svoe-vino/strapi/uploads/usadba_divnomorskoe_solist_marselan_rozovoe_suhoe_115_a73776de13.webp,usadba-divnomorskoe-solist-marselan-rozovoe-suhoe-115
dataset/uploads_root/prod-svoe-vino-strapi/prod-svoe-vino/strapi/uploads/usadba_divnomorskoe_solnechnyy_veter_shardone_beloe_suhoe_125_28a7d7de96.webp,usadba-divnomorskoe-solnechnyy-veter-shardone-beloe-suhoe-125
dataset/uploads_root/prod-svoe-vino-strapi/prod-svoe-vino/strapi/uploads/usadba_divnomorskoe_west_hill_blend_kaberne_sovinon_krasnoe_suhoe_145_4333feb5d3.webp,usadba-divnomorskoe-west-hill-blend-kaberne-sovinon-krasnoe-suhoe-145
dataset/uploads_root/prod-svoe-vino-strapi/prod-svoe-vino/strapi/uploads/usadba_divnomorskoe_yuzhnyy_les_merlo_krasnoe_suhoe_137_89faa0325c.webp,usadba-divnomorskoe-yuzhnyy-les-merlo-krasnoe-suhoe-137
dataset/uploads_root/prod-svoe-vino-strapi/prod-svoe-vino/strapi/uploads/usadba_markoth_kaberne_sovinon_rezerv_krasnoe_suhoe_vyderzhannoe_13_77c2e45e25.webp,usadba-markoth-kaberne-sovinon-rezerv-krasnoe-suhoe-13
dataset/uploads_root/prod-svoe-vino-strapi/prod-svoe-vino/strapi/uploads/usadba_markoth_kyuve_blan_shardone_beloe_suhoe_12_ccae093133.webp,usadba-markoth-kyuve-blan-shardone-beloe-suhoe-12
dataset/uploads_root/prod-svoe-vino-strapi/prod-svoe-vino/strapi/uploads/usadba_markoth_merlo_rezerv_krasnoe_suhoe_vyderzhannoe_13_7e6627d371.webp,usadba-markoth-merlo-rezerv-krasnoe-suhoe-13
dataset/uploads_root/prod-svoe-vino-strapi/prod-svoe-vino/strapi/uploads/usadba_markoth_shardone_beloe_suhoe_12_d3c526d065.webp,usadba-markoth-shardone-beloe-suhoe-12
dataset/uploads_root/prod-svoe-vino-strapi/prod-svoe-vino/strapi/uploads/usadba_mezyb_mezyb_kaberne_sovinon_kaberne_fran_krasnoe_suhoe_14_21f4d76eab.webp,usadba-mezyb-mezyb-kaberne-sovinon-kaberne-fran-krasnoe-suhoe-14
dataset/uploads_root/prod-svoe-vino-strapi/prod-svoe-vino/strapi/uploads/usadba_mezyb_mezyb_kaberne_sovinon_kaberne_fran_vione_rozovoe_suhoe_133_986a11a9c7.webp,usadba-mezyb-mezyb-kaberne-sovinon-kaberne-fran-vione-rozovoe-suhoe-133
dataset/uploads_root/prod-svoe-vino-strapi/prod-svoe-vino/strapi/uploads/usadba_mezyb_mezyb_kaberne_sovinon_krasnoe_suhoe_145_d7c1e16ecd.webp,usadba-mezyb-mezyb-kaberne-sovinon-krasnoe-suhoe-145
dataset/uploads_root/prod-svoe-vino-strapi/prod-svoe-vino/strapi/uploads/usadba_mezyb_mezyb_merlo_krasnoe_suhoe_145_728824e935.webp,usadba-mezyb-mezyb-merlo-krasnoe-suhoe-145
dataset/uploads_root/prod-svoe-vino-strapi/prod-svoe-vino/strapi/uploads/usadba_mezyb_mezyb_vione_beloe_suhoe_13_6e8c3cc5b2.webp,usadba-mezyb-mezyb-vione-beloe-suhoe-13
dataset/uploads_root/prod-svoe-vino-strapi/prod-svoe-vino/strapi/uploads/usadba_mezyb_shishka_karbonika_kaberne_fran_krasnoe_suhoe_143_b11d2287de.webp,usadba-mezyb-shishka-karbonika-kaberne-fran-krasnoe-suhoe-143
dataset/uploads_root/prod-svoe-vino-strapi/prod-svoe-vino/strapi/uploads/usadba_mezyb_shishka_kupazh_5_kaberne_sovinon_rozovoe_suhoe_133_eb0dc52713.webp,usadba-mezyb-shishka-kupazh-5-kaberne-sovinon-rozovoe-suhoe-133
dataset/uploads_root/prod-svoe-vino-strapi/prod-svoe-vino/strapi/uploads/usadba_mezyb_shishka_merlo_vione_rozovoe_suhoe_125_832d5a0795.webp,usadba-mezyb-shishka-merlo-vione-rozovoe-suhoe-125
dataset/uploads_root/prod-svoe-vino-strapi/prod-svoe-vino/strapi/uploads/usadba_mezyb_shishka_oranzh_shardone_beloe_suhoe_127_3f122c60e4.webp,usadba-mezyb-shishka-oranzh-shardone-beloe-suhoe-127
dataset/uploads_root/prod-svoe-vino-strapi/prod-svoe-vino/strapi/uploads/usadba_mezyb_shishka_pino_nuar_rozovoe_suhoe_115_7e715b2ce7.webp,usadba-mezyb-shishka-pino-nuar-rozovoe-suhoe-115
dataset/uploads_root/prod-svoe-vino-strapi/prod-svoe-vino/strapi/uploads/usadba_mezyb_shishka_saperavi_krasnoe_suhoe_13_63c54300c8.webp,usadba-mezyb-shishka-saperavi-krasnoe-suhoe-13
dataset/uploads_root/prod-svoe-vino-strapi/prod-svoe-vino/strapi/uploads/usadba_mezyb_shishka_shenen_blan_beloe_suhoe_13_05b3135709.webp,usadba-mezyb-shishka-shenen-blan-beloe-suhoe-13
dataset/uploads_root/prod-svoe-vino-strapi/prod-svoe-vino/strapi/uploads/usadba_mezyb_shishka_shenen_blan_sovinon_blan_beloe_suhoe_126_3f1e1c2ee1.webp,usadba-mezyb-shishka-shenen-blan-sovinon-blan-beloe-suhoe-126
dataset/uploads_root/prod-svoe-vino-strapi/prod-svoe-vino/strapi/uploads/usadba_mezyb_shishka_sovinon_blan_beloe_suhoe_12_2d7e44f0d9.webp,usadba-mezyb-shishka-sovinon-blan-beloe-suhoe-12
dataset/uploads_root/prod-svoe-vino-strapi/prod-svoe-vino/strapi/uploads/usadba_mezyb_staraya_doroga_na_dzhanhot_kaberne_sovinon_kaberne_fran_krasnoe_suhoe_144_2792094341.webp,usadba-mezyb-staraya-doroga-na-dzhanhot-kaberne-sovinon-kaberne-fran-krasnoe-suhoe-144
dataset/uploads_root/prod-svoe-vino-strapi/prod-svoe-vino/strapi/uploads/usadba_mezyb_staraya_doroga_na_dzhanhot_kaberne_sovinon_krasnoe_suhoe_vyderzhannoe_144_6130c0ed6d.webp,usadba-mezyb-staraya-doroga-na-dzhanhot-kaberne-sovinon-krasnoe-suhoe-144
dataset/uploads_root/prod-svoe-vino-strapi/prod-svoe-vino/strapi/uploads/usadba_mezyb_usadba_mezyb_kaberne_fran_krasnoe_suhoe_145_4dea0aa5d1.webp,usadba-mezyb-usadba-mezyb-kaberne-fran-krasnoe-suhoe-145
dataset/uploads_root/prod-svoe-vino-strapi/prod-svoe-vino/strapi/uploads/usadba_mezyb_usadba_mezyb_kaberne_sovinon_kaberne_fran_merlo_krasnoe_suhoe_148_f747c194c8.webp,usadba-mezyb-usadba-mezyb-kaberne-sovinon-kaberne-fran-merlo-krasnoe-suhoe-148
dataset/uploads_root/prod-svoe-vino-strapi/prod-svoe-vino/strapi/uploads/usadba_mezyb_usadba_mezyb_kaberne_sovinon_krasnoe_suhoe_143_d2e714e112.webp,usadba-mezyb-usadba-mezyb-kaberne-sovinon-krasnoe-suhoe-143
dataset/uploads_root/prod-svoe-vino-strapi/prod-svoe-vino/strapi/uploads/usadba_mezyb_usadba_mezyb_krasnostop_saperavi_krasnoe_suhoe_127_0cb8c6f5a1.webp,usadba-mezyb-usadba-mezyb-krasnostop-saperavi-krasnoe-suhoe-127
dataset/uploads_root/prod-svoe-vino-strapi/prod-svoe-vino/strapi/uploads/usadba_mezyb_usadba_mezyb_merlo_krasnoe_suhoe_15_3d15fa2782.webp,usadba-mezyb-usadba-mezyb-merlo-krasnoe-suhoe-15
dataset/uploads_root/prod-svoe-vino-strapi/prod-svoe-vino/strapi/uploads/usadba_mezyb_usadba_mezyb_roze_kaberne_fran_rozovoe_suhoe_143_6187bd1515.webp,usadba-mezyb-usadba-mezyb-roze-kaberne-fran-rozovoe-suhoe-143
dataset/uploads_root/prod-svoe-vino-strapi/prod-svoe-vino/strapi/uploads/usadba_mezyb_usadba_mezyb_roze_kaberne_sovinon_rozovoe_suhoe_135_2f934883da.webp,usadba-mezyb-usadba-mezyb-roze-kaberne-sovinon-rozovoe-suhoe-135
dataset/uploads_root/prod-svoe-vino-strapi/prod-svoe-vino/strapi/uploads/usadba_mezyb_usadba_mezyb_shardone_beloe_suhoe_125_f8982d7f16.webp,usadba-mezyb-usadba-mezyb-shardone-beloe-suhoe-125
dataset/uploads_root/prod-svoe-vino-strapi/prod-svoe-vino/strapi/uploads/usadba_mezyb_usadba_mezyb_vione_beloe_suhoe_118_dad4ef03e7.webp,usadba-mezyb-usadba-mezyb-vione-beloe-suhoe-118
dataset/uploads_root/prod-svoe-vino-strapi/prod-svoe-vino/strapi/uploads/usadba_mezyb_vione_beloe_suhoe_118_09f77ea9a0.webp,usadba-mezyb-vione-beloe-suhoe-118
dataset/uploads_root/prod-svoe-vino-strapi/prod-svoe-vino/strapi/uploads/usadba_perovskih_blanc_de_blancs_shardone_igristoe_ekstra_bryut_beloe_11_f486d972d4.webp,usadba-perovskih-blanc-de-blancs-shardone-beloe-ekstra-bryut-11
dataset/uploads_root/prod-svoe-vino-strapi/prod-svoe-vino/strapi/uploads/usadba_perovskih_kaberne_fran_1890_krasnoe_suhoe_13_5b8be14ff1.webp,usadba-perovskih-kaberne-fran-1890-krasnoe-suhoe-13
dataset/uploads_root/prod-svoe-vino-strapi/prod-svoe-vino/strapi/uploads/usadba_perovskih_kaberne_sovinon_merlo_1890_krasnoe_suhoe_13_2fe58062d2.webp,usadba-perovskih-kaberne-sovinon-merlo-1890-krasnoe-suhoe-13
dataset/uploads_root/prod-svoe-vino-strapi/prod-svoe-vino/strapi/uploads/usadba_perovskih_pino_nuar_rezerv_krasnoe_suhoe_122_a52f1c4ded.webp,usadba-perovskih-pino-nuar-rezerv-krasnoe-suhoe-122
dataset/uploads_root/prod-svoe-vino-strapi/prod-svoe-vino/strapi/uploads/usadba_perovskih_rkatsiteli_beloe_suhoe_13_209409e8e2.webp,usadba-perovskih-rkatsiteli-beloe-suhoe-13
dataset/uploads_root/prod-svoe-vino-strapi/prod-svoe-vino/strapi/uploads/usadba_rodnoe_gnezdo_4_elements_kaberne_sovinon_krasnoe_suhoe_15_0d55114014.webp,usadba-rodnoe-gnezdo-4-elements-kaberne-sovinon-krasnoe-suhoe-15
dataset/uploads_root/prod-svoe-vino-strapi/prod-svoe-vino/strapi/uploads/usadba_rodnoe_gnezdo_4_elements_risling_beloe_polusuhoe_12_3621a7b684.webp,usadba-rodnoe-gnezdo-4-elements-risling-beloe-polusuhoe-12
dataset/uploads_root/prod-svoe-vino-strapi/prod-svoe-vino/strapi/uploads/usadba_rodnoe_gnezdo_4_elements_risling_beloe_suhoe_12_815bd0df08.webp,usadba-rodnoe-gnezdo-4-elements-risling-beloe-suhoe-12
dataset/uploads_root/prod-svoe-vino-strapi/prod-svoe-vino/strapi/uploads/usadba_rodnoe_gnezdo_4_elements_sira_roze_rozovoe_polusuhoe_135_2c2c876bf4.webp,usadba-rodnoe-gnezdo-4-elements-sira-roze-rozovoe-polusuhoe-135
dataset/uploads_root/prod-svoe-vino-strapi/prod-svoe-vino/strapi/uploads/usadba_rodnoe_gnezdo_4_elements_sovinon_blan_beloe_polusladkoe_12_5007538dcc.webp,usadba-rodnoe-gnezdo-4-elements-sovinon-blan-beloe-polusladkoe-12
dataset/uploads_root/prod-svoe-vino-strapi/prod-svoe-vino/strapi/uploads/usadba_rodnoe_gnezdo_4_elements_sovinon_blan_beloe_suhoe_12_38c66cd229.webp,usadba-rodnoe-gnezdo-4-elements-sovinon-blan-beloe-suhoe-12
dataset/uploads_root/prod-svoe-vino-strapi/prod-svoe-vino/strapi/uploads/ustricy_441aa5f5c2.png,
dataset/uploads_root/prod-svoe-vino-strapi/prod-svoe-vino/strapi/uploads/ustricy_aaab30581c.webp,
dataset/uploads_root/prod-svoe-vino-strapi/prod-svoe-vino/strapi/uploads/utolyaem_zhazhdu_6f111a732f.webp,
dataset/uploads_root/prod-svoe-vino-strapi/prod-svoe-vino/strapi/uploads/uv_vls_lg_789f04a8c7.webp,
dataset/uploads_root/prod-svoe-vino-strapi/prod-svoe-vino/strapi/uploads/v1fmmumtc0kb9jilcxx6o92cygc4zaum_2e46e60786.webp,
dataset/uploads_root/prod-svoe-vino-strapi/prod-svoe-vino/strapi/uploads/v1fmmumtc0kb9jilcxx6o92cygc4zaum_d396faa044.webp,
dataset/uploads_root/prod-svoe-vino-strapi/prod-svoe-vino/strapi/uploads/v2r_podnyat_parusa_kaberne_sovinon_krasnoe_suhoe_125_b672f31d66.webp,v2r-podnyat-parusa-kaberne-sovinon-krasnoe-suhoe-125
dataset/uploads_root/prod-svoe-vino-strapi/prod-svoe-vino/strapi/uploads/v2r_risling_risling_reynskiy_beloe_suhoe_122_01d92911d4.webp,v2r-risling-risling-reynskiy-beloe-suhoe-122
dataset/uploads_root/prod-svoe-vino-strapi/prod-svoe-vino/strapi/uploads/v2r_roze_kaberne_sovinon_rozovoe_polusuhoe_13_b9c301f7a6.webp,v2r-roze-kaberne-sovinon-rozovoe-polusuhoe-13
dataset/uploads_root/prod-svoe-vino-strapi/prod-svoe-vino/strapi/uploads/v2r_sovinon_blan_beloe_suhoe_13_89a35badfd.webp,v2r-sovinon-blan-beloe-suhoe-13
dataset/uploads_root/prod-svoe-vino-strapi/prod-svoe-vino/strapi/uploads/v_20250822_155606_f24fb5b73d.webp,
dataset/uploads_root/prod-svoe-vino-strapi/prod-svoe-vino/strapi/uploads/v_podvale_683x1024_772a57c4b0.webp,
dataset/uploads_root/prod-svoe-vino-strapi/prod-svoe-vino/strapi/uploads/vajnpark_8e4354e078.webp,
dataset/uploads_root/prod-svoe-vino-strapi/prod-svoe-vino/strapi/uploads/valerij_zaharin_cff5cc1607.webp,
dataset/uploads_root/prod-svoe-vino-strapi/prod-svoe-vino/strapi/uploads/valeriy_zaharin_albedo_reserve_sary_pandas_beloe_suhoe_115_b108af9fde.webp,valeriy-zaharin-albedo-reserve-sary-pandas-beloe-suhoe-115
dataset/uploads_root/prod-svoe-vino-strapi/prod-svoe-vino/strapi/uploads/valeriy_zaharin_aleatiko_kefesiya_avtohtonnoe_vino_kryma_ot_valeriya_zaharina_rozovoe_suhoe_125_135a858d15.webp,valeriy-zaharin-aleatiko-kefesiya-avtohtonnoe-vino-kryma-ot-valeriya-zaharina-rozovoe-suhoe-125
dataset/uploads_root/prod-svoe-vino-strapi/prod-svoe-vino/strapi/uploads/valeriy_zaharin_aligote_avtorskoe_valeriy_zaharin_igristoe_bryut_beloe_115_3b74fa58cc.webp,valeriy-zaharin-aligote-avtorskoe-valeriy-zaharin-beloe-bryut-115
dataset/uploads_root/prod-svoe-vino-strapi/prod-svoe-vino/strapi/uploads/valeriy_zaharin_aligote_burlyuk_beloe_suhoe_13_6a0eb14c98.webp,valeriy-zaharin-aligote-burlyuk-beloe-suhoe-13
dataset/uploads_root/prod-svoe-vino-strapi/prod-svoe-vino/strapi/uploads/valeriy_zaharin_aligote_burlyuk_igristoe_bryut_beloe_115_adb6620d61.webp,valeriy-zaharin-aligote-burlyuk-beloe-bryut-115
dataset/uploads_root/prod-svoe-vino-strapi/prod-svoe-vino/strapi/uploads/valeriy_zaharin_aligote_valeriy_zaharin_beloe_suhoe_13_42ca83c531.webp,valeriy-zaharin-aligote-valeriy-zaharin-beloe-suhoe-13
dataset/uploads_root/prod-svoe-vino-strapi/prod-svoe-vino/strapi/uploads/valeriy_zaharin_avtohtonnoe_vino_kryma_avtorskiy_kupazh_bastardo_saperavi_kefesiya_bastardo_magarachskiy_krasnoe_suhoe_12_1d86b29cfe.webp,valeriy-zaharin-avtohtonnoe-vino-kryma-avtorskiy-kupazh-bastardo-saperavi-kefesiya-bastardo-magarachskiy-krasnoe-suhoe-12
dataset/uploads_root/prod-svoe-vino-strapi/prod-svoe-vino/strapi/uploads/valeriy_zaharin_avtohtonnoe_vino_kryma_ot_valeriya_zaharina_aleatiko_kefesiya_rozovoe_suhoe_11_8a5f697ad1.webp,valeriy-zaharin-avtohtonnoe-vino-kryma-ot-valeriya-zaharina-aleatiko-kefesiya-rozovoe-suhoe-11
dataset/uploads_root/prod-svoe-vino-strapi/prod-svoe-vino/strapi/uploads/valeriy_zaharin_avtohtonnoe_vino_kryma_ot_valeriya_zaharina_bastardo_kefesiya_bastardo_magarachskiy_krasnoe_suhoe_115_292d4c5970.webp,valeriy-zaharin-avtohtonnoe-vino-kryma-ot-valeriya-zaharina-bastardo-kefesiya-bastardo-magarachskiy-krasnoe-suhoe-115
dataset/uploads_root/prod-svoe-vino-strapi/prod-svoe-vino/strapi/uploads/valeriy_zaharin_avtohtonnoe_vino_kryma_ot_valeriya_zaharina_kefesiya_rezerv_krasnoe_suhoe_13_a236e73a0c.webp,valeriy-zaharin-avtohtonnoe-vino-kryma-ot-valeriya-zaharina-kefesiya-rezerv-krasnoe-suhoe-13
dataset/uploads_root/prod-svoe-vino-strapi/prod-svoe-vino/strapi/uploads/valeriy_zaharin_avtohtonnoe_vino_kryma_ot_valeriya_zaharina_kokur_sary_pandas_kokur_belyy_beloe_suhoe_115_c97a8b21ba.webp,valeriy-zaharin-avtohtonnoe-vino-kryma-ot-valeriya-zaharina-kokur-sary-pandas-kokur-belyy-beloe-suhoe-115
dataset/uploads_root/prod-svoe-vino-strapi/prod-svoe-vino/strapi/uploads/valeriy_zaharin_avtohtonnoe_vino_kryma_sary_pandas_rezerv_beloe_suhoe_115_10be7b7189.webp,valeriy-zaharin-avtohtonnoe-vino-kryma-sary-pandas-rezerv-beloe-suhoe-115
dataset/uploads_root/prod-svoe-vino-strapi/prod-svoe-vino/strapi/uploads/valeriy_zaharin_avtorskoe_vino_ot_valeriya_zaharina_aleatiko_rozovoe_suhoe_115_433a921c43.webp,valeriy-zaharin-avtorskoe-vino-ot-valeriya-zaharina-aleatiko-rozovoe-suhoe-115
dataset/uploads_root/prod-svoe-vino-strapi/prod-svoe-vino/strapi/uploads/valeriy_zaharin_avtorskoe_vino_ot_valeriya_zaharina_bastardo_bastardo_magarachskiy_krasnoe_suhoe_12_9ae8962a73.webp,valeriy-zaharin-avtorskoe-vino-ot-valeriya-zaharina-bastardo-bastardo-magarachskiy-krasnoe-suhoe-12
dataset/uploads_root/prod-svoe-vino-strapi/prod-svoe-vino/strapi/uploads/valeriy_zaharin_avtorskoe_vino_ot_valeriya_zaharina_krasnoe_pino_nuar_krasnoe_suhoe_125_32e5dd1102.webp,valeriy-zaharin-avtorskoe-vino-ot-valeriya-zaharina-krasnoe-pino-nuar-suhoe-125
dataset/uploads_root/prod-svoe-vino-strapi/prod-svoe-vino/strapi/uploads/valeriy_zaharin_bakkal_su_aligote_beloe_suhoe_115_5fe4cf81cf.webp,valeriy-zaharin-bakkal-su-aligote-beloe-suhoe-115
dataset/uploads_root/prod-svoe-vino-strapi/prod-svoe-vino/strapi/uploads/valeriy_zaharin_bakkal_su_kaberne_kaberne_sovinon_krasnoe_suhoe_125_53073ba214.webp,valeriy-zaharin-bakkal-su-kaberne-kaberne-sovinon-krasnoe-suhoe-125
dataset/uploads_root/prod-svoe-vino-strapi/prod-svoe-vino/strapi/uploads/valeriy_zaharin_bakkal_su_muskat_ottonel_beloe_polusladkoe_115_34542492ff.webp,valeriy-zaharin-bakkal-su-muskat-ottonel-beloe-polusladkoe-115
dataset/uploads_root/prod-svoe-vino-strapi/prod-svoe-vino/strapi/uploads/valeriy_zaharin_bakkal_su_saperavi_bastardo_kaberne_sovinon_krasnoe_polusladkoe_11_b8d351c52f.webp,valeriy-zaharin-bakkal-su-saperavi-bastardo-kaberne-sovinon-krasnoe-polusladkoe-11
dataset/uploads_root/prod-svoe-vino-strapi/prod-svoe-vino/strapi/uploads/valeriy_zaharin_bakkal_su_saperavi_kaberne_sovinon_krasnoe_suhoe_12_f6ce17d50e.webp,valeriy-zaharin-bakkal-su-saperavi-kaberne-sovinon-krasnoe-suhoe-12
dataset/uploads_root/prod-svoe-vino-strapi/prod-svoe-vino/strapi/uploads/valeriy_zaharin_bastardo_kefesiya_avtohtonnoe_vino_kryma_bastardo_magarachskiy_krasnoe_suhoe_115_e521ee5147.webp,valeriy-zaharin-bastardo-kefesiya-avtohtonnoe-vino-kryma-bastardo-magarachskiy-krasnoe-suhoe-115
dataset/uploads_root/prod-svoe-vino-strapi/prod-svoe-vino/strapi/uploads/valeriy_zaharin_chetyre_tsveta_bastardo_bastardo_magarachskiy_krasnoe_suhoe_115_ed7714b616.webp,valeriy-zaharin-chetyre-tsveta-bastardo-bastardo-magarachskiy-krasnoe-suhoe-115
dataset/uploads_root/prod-svoe-vino-strapi/prod-svoe-vino/strapi/uploads/valeriy_zaharin_dom_zaharinyh_beloe_sary_pandas_beloe_suhoe_115_d6510ac4dc.webp,valeriy-zaharin-dom-zaharinyh-beloe-sary-pandas-suhoe-115
dataset/uploads_root/prod-svoe-vino-strapi/prod-svoe-vino/strapi/uploads/valeriy_zaharin_dom_zaharinyh_krasnoe_kaberne_sovinon_krasnoe_suhoe_125_c129a97c03.webp,valeriy-zaharin-dom-zaharinyh-krasnoe-kaberne-sovinon-suhoe-125
dataset/uploads_root/prod-svoe-vino-strapi/prod-svoe-vino/strapi/uploads/valeriy_zaharin_kaberne_fran_burlyuk_krasnoe_suhoe_13_759e000bb4.webp,valeriy-zaharin-kaberne-fran-burlyuk-krasnoe-suhoe-13
dataset/uploads_root/prod-svoe-vino-strapi/prod-svoe-vino/strapi/uploads/valeriy_zaharin_kefesiya_valeriy_zaharin_krasnoe_suhoe_12_8233409122.webp,valeriy-zaharin-kefesiya-valeriy-zaharin-krasnoe-suhoe-12
dataset/uploads_root/prod-svoe-vino-strapi/prod-svoe-vino/strapi/uploads/valeriy_zaharin_kokur_klassika_kokur_belyy_igristoe_bryut_beloe_115_4d15edacbd.webp,valeriy-zaharin-kokur-klassika-kokur-belyy-beloe-bryut-115
dataset/uploads_root/prod-svoe-vino-strapi/prod-svoe-vino/strapi/uploads/valeriy_zaharin_kokur_valeriy_zaharin_kokur_belyy_beloe_polusladkoe_125_f1a78bab87.webp,valeriy-zaharin-kokur-valeriy-zaharin-kokur-belyy-beloe-polusladkoe-125
dataset/uploads_root/prod-svoe-vino-strapi/prod-svoe-vino/strapi/uploads/valeriy_zaharin_muskat_valeriy_zaharin_muskat_ottonel_beloe_polusladkoe_12_a78dbaf48c.webp,valeriy-zaharin-muskat-valeriy-zaharin-muskat-ottonel-beloe-polusladkoe-12
dataset/uploads_root/prod-svoe-vino-strapi/prod-svoe-vino/strapi/uploads/valeriy_zaharin_paterum_bastardo_saperavi_kefesiya_bastardo_magarachskiy_krasnoe_suhoe_12_f8cd350db5.webp,valeriy-zaharin-paterum-bastardo-saperavi-kefesiya-bastardo-magarachskiy-krasnoe-suhoe-12
dataset/uploads_root/prod-svoe-vino-strapi/prod-svoe-vino/strapi/uploads/valeriy_zaharin_pino_nuar_valeriy_zaharin_krasnoe_polusladkoe_105_5ffb538f5f.webp,valeriy-zaharin-pino-nuar-valeriy-zaharin-krasnoe-polusladkoe-105
dataset/uploads_root/prod-svoe-vino-strapi/prod-svoe-vino/strapi/uploads/valeriy_zaharin_risling_valeriy_zaharin_risling_reynskiy_beloe_polusladkoe_125_e821394cf1.webp,valeriy-zaharin-risling-valeriy-zaharin-risling-reynskiy-beloe-polusladkoe-125
dataset/uploads_root/prod-svoe-vino-strapi/prod-svoe-vino/strapi/uploads/valeriy_zaharin_rubedo_reserve_merlo_krasnoe_suhoe_13_bb611a1ce9.webp,valeriy-zaharin-rubedo-reserve-merlo-krasnoe-suhoe-13
dataset/uploads_root/prod-svoe-vino-strapi/prod-svoe-vino/strapi/uploads/valeriy_zaharin_sandzhoveze_burlyuk_krasnoe_suhoe_13_b9ac510815.webp,valeriy-zaharin-sandzhoveze-burlyuk-krasnoe-suhoe-13
dataset/uploads_root/prod-svoe-vino-strapi/prod-svoe-vino/strapi/uploads/valeriy_zaharin_saperavi_kaberne_sovinon_bakkal_su_krasnoe_suhoe_12_27f454f43f.webp,valeriy-zaharin-saperavi-kaberne-sovinon-bakkal-su-krasnoe-suhoe-12
dataset/uploads_root/prod-svoe-vino-strapi/prod-svoe-vino/strapi/uploads/valeriy_zaharin_sary_pandas_valeriy_zaharin_beloe_suhoe_125_5e1d79e615.webp,valeriy-zaharin-sary-pandas-valeriy-zaharin-beloe-suhoe-125
dataset/uploads_root/prod-svoe-vino-strapi/prod-svoe-vino/strapi/uploads/valeriy_zaharin_sira_valeriy_zaharin_krasnoe_polusladkoe_125_7c99c350d3.webp,valeriy-zaharin-sira-valeriy-zaharin-krasnoe-polusladkoe-125
dataset/uploads_root/prod-svoe-vino-strapi/prod-svoe-vino/strapi/uploads/valeriy_zaharin_sovinon_blan_valeriy_zaharin_beloe_polusladkoe_105_8aec03d544.webp,valeriy-zaharin-sovinon-blan-valeriy-zaharin-beloe-polusladkoe-105
dataset/uploads_root/prod-svoe-vino-strapi/prod-svoe-vino/strapi/uploads/valeriy_zaharin_sovinon_valeriy_zaharin_beloe_polusladkoe_125_8494e4a11e.webp,valeriy-zaharin-sovinon-valeriy-zaharin-beloe-polusladkoe-125
dataset/uploads_root/prod-svoe-vino-strapi/prod-svoe-vino/strapi/uploads/valeriy_zaharin_tangovoe_manto_pino_nuar_krasnoe_suhoe_13_a0df9308e1.webp,valeriy-zaharin-tangovoe-manto-pino-nuar-krasnoe-suhoe-13
dataset/uploads_root/prod-svoe-vino-strapi/prod-svoe-vino/strapi/uploads/valeriy_zaharin_tangovoe_manto_sovinon_sovinon_blan_beloe_suhoe_125_e437fbd64f.webp,valeriy-zaharin-tangovoe-manto-sovinon-sovinon-blan-beloe-suhoe-125
dataset/uploads_root/prod-svoe-vino-strapi/prod-svoe-vino/strapi/uploads/valeriy_zaharin_traminer_burlyuk_traminer_rozovyy_beloe_suhoe_135_229b0c4d18.webp,valeriy-zaharin-traminer-burlyuk-traminer-rozovyy-beloe-suhoe-135
dataset/uploads_root/prod-svoe-vino-strapi/prod-svoe-vino/strapi/uploads/valeriy_zaharin_traminer_valeriy_zaharin_traminer_rozovyy_beloe_polusladkoe_105_8a6a05ec27.webp,valeriy-zaharin-traminer-valeriy-zaharin-traminer-rozovyy-beloe-polusladkoe-105
dataset/uploads_root/prod-svoe-vino-strapi/prod-svoe-vino/strapi/uploads/vanna_s_vinom_ii_11ccbaa55d.webp,
dataset/uploads_root/prod-svoe-vino-strapi/prod-svoe-vino/strapi/uploads/vaynkraft_aligote_beloe_suhoe_125_7b4945b265.webp,vaynkraft-aligote-beloe-suhoe-125
dataset/uploads_root/prod-svoe-vino-strapi/prod-svoe-vino/strapi/uploads/vaynkraft_blan_pino_nuar_beloe_suhoe_12_a3e776df11.webp,vaynkraft-blan-pino-nuar-beloe-suhoe-12
dataset/uploads_root/prod-svoe-vino-strapi/prod-svoe-vino/strapi/uploads/vaynkraft_kaberne_sovinon_krasnoe_suhoe_14_ae9402b920.webp,vaynkraft-kaberne-sovinon-krasnoe-suhoe-14
dataset/uploads_root/prod-svoe-vino-strapi/prod-svoe-vino/strapi/uploads/vaynkraft_pino_nuar_krasnoe_suhoe_13_3e5b99ea7b.webp,vaynkraft-pino-nuar-krasnoe-suhoe-13
dataset/uploads_root/prod-svoe-vino-strapi/prod-svoe-vino/strapi/uploads/vaynkraft_risling_beloe_suhoe_123_a80dc48cd5.webp,vaynkraft-risling-beloe-suhoe-123
dataset/uploads_root/prod-svoe-vino-strapi/prod-svoe-vino/strapi/uploads/vaynkraft_rkatsiteli_oranzh_oranzhevoe_suhoe_12_65fe9c2119.webp,vaynkraft-rkatsiteli-oranzh-oranzhevoe-suhoe-12
dataset/uploads_root/prod-svoe-vino-strapi/prod-svoe-vino/strapi/uploads/vaynkraft_sovinon_blan_beloe_suhoe_13_869a6fba08.webp,vaynkraft-sovinon-blan-beloe-suhoe-13
dataset/uploads_root/prod-svoe-vino-strapi/prod-svoe-vino/strapi/uploads/vaynkraft_traminer_oranzh_2_traminer_rozovyy_oranzhevoe_suhoe_125_3c507d40ce.webp,vaynkraft-traminer-oranzh-2-traminer-rozovyy-oranzhevoe-suhoe-125
dataset/uploads_root/prod-svoe-vino-strapi/prod-svoe-vino/strapi/uploads/vaynkraft_traminer_oranzh_traminer_rozovyy_oranzhevoe_suhoe_125_8a46ea97b3.webp,vaynkraft-traminer-oranzh-traminer-rozovyy-oranzhevoe-suhoe-125
dataset/uploads_root/prod-svoe-vino-strapi/prod-svoe-vino/strapi/uploads/vaynkraft_traminer_traminer_rozovyy_beloe_suhoe_14_7301148f29.webp,vaynkraft-traminer-traminer-rozovyy-beloe-suhoe-14
dataset/uploads_root/prod-svoe-vino-strapi/prod-svoe-vino/strapi/uploads/vedernikov1_cd7b645a41.webp,
dataset/uploads_root/prod-svoe-vino-strapi/prod-svoe-vino/strapi/uploads/vedernikov_logo_16f20953f1.webp,
dataset/uploads_root/prod-svoe-vino-strapi/prod-svoe-vino/strapi/uploads/velvet_season_cabernet_69759b4f7b.webp,
dataset/uploads_root/prod-svoe-vino-strapi/prod-svoe-vino/strapi/uploads/vibehype_20260524_141649_027555b5_52319bf909.webp,
dataset/uploads_root/prod-svoe-vino-strapi/prod-svoe-vino/strapi/uploads/vibehype_20260524_141649_027555b5_d1fac7a1f6.webp,
dataset/uploads_root/prod-svoe-vino-strapi/prod-svoe-vino/strapi/uploads/vibehype_20260524_141854_404d4a84_6b84b9a7df.webp,
dataset/uploads_root/prod-svoe-vino-strapi/prod-svoe-vino/strapi/uploads/vibehype_20260524_141854_404d4a84_fac05db611.webp,
dataset/uploads_root/prod-svoe-vino-strapi/prod-svoe-vino/strapi/uploads/vibes_cabernet_franc_pinot_noir_pino_nuar_krasnoe_suhoe_125_b1f64fe49e.webp,vibes-cabernet-franc-pinot-noir-pino-nuar-krasnoe-suhoe-125
dataset/uploads_root/prod-svoe-vino-strapi/prod-svoe-vino/strapi/uploads/vibes_chardonnay_barrel_fermented_shardone_beloe_suhoe_125_8a3b995072.webp,vibes-chardonnay-barrel-fermented-shardone-beloe-suhoe-125
dataset/uploads_root/prod-svoe-vino-strapi/prod-svoe-vino/strapi/uploads/vibes_logo_a5fcd5edaf.webp,
dataset/uploads_root/prod-svoe-vino-strapi/prod-svoe-vino/strapi/uploads/vibes_montepulciano_cabernet_franc_petit_verdot_montepulchano_krasnoe_suhoe_125_5642303e11.webp,vibes-montepulciano-cabernet-franc-petit-verdot-montepulchano-krasnoe-suhoe-125
dataset/uploads_root/prod-svoe-vino-strapi/prod-svoe-vino/strapi/uploads/vibes_riesling_silvaner_risling_beloe_suhoe_115_a7230a5536.webp,vibes-riesling-silvaner-risling-beloe-suhoe-115
dataset/uploads_root/prod-svoe-vino-strapi/prod-svoe-vino/strapi/uploads/vibes_silvaner_silvaner_beloe_suhoe_125_9bbc7b9ebe.webp,vibes-silvaner-silvaner-beloe-suhoe-125
dataset/uploads_root/prod-svoe-vino-strapi/prod-svoe-vino/strapi/uploads/vibes_vermentino_viognier_barrel_fermented_vermentino_beloe_suhoe_115_fe273c3a1b.webp,vibes-vermentino-viognier-barrel-fermented-vermentino-beloe-suhoe-115
dataset/uploads_root/prod-svoe-vino-strapi/prod-svoe-vino/strapi/uploads/vid_sboku_ruka_nalivaet_vino_v_bokal_aad146f1d6_98f4082947.webp,
dataset/uploads_root/prod-svoe-vino-strapi/prod-svoe-vino/strapi/uploads/vid_speredi_celoveka_otkryvausego_butylku_sampanskogo_b72bd8bdad_b250202eb1.webp,
dataset/uploads_root/prod-svoe-vino-strapi/prod-svoe-vino/strapi/uploads/vid_speredi_celoveka_otkryvausego_butylku_sampanskogo_b72bd8bdad_d268fb2dcf.webp,
dataset/uploads_root/prod-svoe-vino-strapi/prod-svoe-vino/strapi/uploads/vid_speredi_celoveka_otkryvausego_butylku_sampanskogo_d5aaea40c0.jpg,
dataset/uploads_root/prod-svoe-vino-strapi/prod-svoe-vino/strapi/uploads/vid_sverhu_butylki_alkogol_nogo_assortimenta_4a201eaf4f.jpg,
dataset/uploads_root/prod-svoe-vino-strapi/prod-svoe-vino/strapi/uploads/vid_zastol_a_za_stolom_v_pervyi_den_pashal_nogo_sedera_8b09fd59fb.jpg,
dataset/uploads_root/prod-svoe-vino-strapi/prod-svoe-vino/strapi/uploads/viktor_stashko_kaberne_fran_krasnoe_suhoe_145_1bfa8e8a31.webp,viktor-stashko-kaberne-fran-krasnoe-suhoe-145
dataset/uploads_root/prod-svoe-vino-strapi/prod-svoe-vino/strapi/uploads/viktor_stashko_sira_krasnoe_suhoe_14_65be06bbd0.webp,viktor-stashko-sira-krasnoe-suhoe-14
dataset/uploads_root/prod-svoe-vino-strapi/prod-svoe-vino/strapi/uploads/villa_di_alma_ekstra_bryut_kokur_igristoe_ekstra_bryut_beloe_125_531725a54a.webp,villa-di-alma-ekstra-bryut-kokur-beloe-125
dataset/uploads_root/prod-svoe-vino-strapi/prod-svoe-vino/strapi/uploads/villa_di_alma_en_barrique_shardone_igristoe_ekstra_bryut_beloe_12_1fa106eafd.webp,villa-di-alma-en-barrique-shardone-beloe-ekstra-bryut-12
dataset/uploads_root/prod-svoe-vino-strapi/prod-svoe-vino/strapi/uploads/villa_di_alma_kaberne_sovinon_ekstra_bryut_igristoe_ekstra_bryut_rozovoe_125_9921ad97ed.webp,villa-di-alma-kaberne-sovinon-ekstra-bryut-rozovoe-125
dataset/uploads_root/prod-svoe-vino-strapi/prod-svoe-vino/strapi/uploads/villa_di_alma_pti_verdo_krasnoe_suhoe_125_3c660417ac.webp,villa-di-alma-pti-verdo-krasnoe-suhoe-125
dataset/uploads_root/prod-svoe-vino-strapi/prod-svoe-vino/strapi/uploads/villa_sofiya_a1b1f01621.webp,
dataset/uploads_root/prod-svoe-vino-strapi/prod-svoe-vino/strapi/uploads/villa_sofiya_kaberne_sovinon_krasnoe_suhoe_133_6bb475b71f.webp,villa-sofiya-kaberne-sovinon-krasnoe-suhoe-133
dataset/uploads_root/prod-svoe-vino-strapi/prod-svoe-vino/strapi/uploads/villa_sofiya_merlo_kaberne_sovinon_krasnoe_suhoe_14_84e867e1b3.webp,villa-sofiya-merlo-kaberne-sovinon-krasnoe-suhoe-14
dataset/uploads_root/prod-svoe-vino-strapi/prod-svoe-vino/strapi/uploads/villa_sofiya_risling_beloe_suhoe_12_2455b065a9.webp,villa-sofiya-risling-beloe-suhoe-12
dataset/uploads_root/prod-svoe-vino-strapi/prod-svoe-vino/strapi/uploads/villa_sofiya_risling_beloe_suhoe_131_ce864e36d8.webp,villa-sofiya-risling-beloe-suhoe-131
dataset/uploads_root/prod-svoe-vino-strapi/prod-svoe-vino/strapi/uploads/villa_sofiya_shardone_beloe_suhoe_14_000dc1947a.webp,villa-sofiya-shardone-beloe-suhoe-14
dataset/uploads_root/prod-svoe-vino-strapi/prod-svoe-vino/strapi/uploads/villa_sofiya_sovinon_blan_beloe_suhoe_123_1e42c3ad84.webp,villa-sofiya-sovinon-blan-beloe-suhoe-123
dataset/uploads_root/prod-svoe-vino-strapi/prod-svoe-vino/strapi/uploads/villa_sofiya_sovinon_blan_beloe_suhoe_14_bbafb2e342.webp,villa-sofiya-sovinon-blan-beloe-suhoe-14
dataset/uploads_root/prod-svoe-vino-strapi/prod-svoe-vino/strapi/uploads/villa_sofiya_trio_beloe_risling_beloe_suhoe_123_c103bafa84.webp,villa-sofiya-trio-beloe-risling-suhoe-123
dataset/uploads_root/prod-svoe-vino-strapi/prod-svoe-vino/strapi/uploads/villa_sofiya_trio_beloe_risling_beloe_suhoe_12_3473512487.webp,villa-sofiya-trio-beloe-risling-suhoe-12
dataset/uploads_root/prod-svoe-vino-strapi/prod-svoe-vino/strapi/uploads/villa_sofiya_trio_krasnoe_merlo_krasnoe_suhoe_135_618c5541cf.webp,villa-sofiya-trio-krasnoe-merlo-suhoe-135
dataset/uploads_root/prod-svoe-vino-strapi/prod-svoe-vino/strapi/uploads/villa_sofiya_trio_roze_pino_nuar_rozovoe_suhoe_14_3aa85a2cd3.webp,villa-sofiya-trio-roze-pino-nuar-rozovoe-suhoe-14
dataset/uploads_root/prod-svoe-vino-strapi/prod-svoe-vino/strapi/uploads/villa_urkusta_kaberne_sovinon_blan_de_nuar_beloe_suhoe_13_f33f9ea57b.webp,villa-urkusta-kaberne-sovinon-blan-de-nuar-beloe-suhoe-13
dataset/uploads_root/prod-svoe-vino-strapi/prod-svoe-vino/strapi/uploads/villa_urkusta_kaberne_sovinon_klaret_rozovoe_polusuhoe_15_03c00dd390.webp,villa-urkusta-kaberne-sovinon-klaret-rozovoe-polusuhoe-15
dataset/uploads_root/prod-svoe-vino-strapi/prod-svoe-vino/strapi/uploads/villa_urkusta_kaberne_sovinon_klassik_krasnoe_suhoe_12_d3c723876d.webp,villa-urkusta-kaberne-sovinon-klassik-krasnoe-suhoe-12
dataset/uploads_root/prod-svoe-vino-strapi/prod-svoe-vino/strapi/uploads/villa_urkusta_kaberne_sovinon_klassik_krasnoe_suhoe_139_1655b82b2d.webp,villa-urkusta-kaberne-sovinon-klassik-krasnoe-suhoe-139
dataset/uploads_root/prod-svoe-vino-strapi/prod-svoe-vino/strapi/uploads/villa_urkusta_kaberne_sovinon_rezerva_krasnoe_suhoe_15_9851ee4c06.webp,villa-urkusta-kaberne-sovinon-rezerva-krasnoe-suhoe-15
dataset/uploads_root/prod-svoe-vino-strapi/prod-svoe-vino/strapi/uploads/villa_urkusta_kaberne_sovinon_roze_de_sene_rozovoe_suhoe_13_c58d238e0e.webp,villa-urkusta-kaberne-sovinon-roze-de-sene-rozovoe-suhoe-13
dataset/uploads_root/prod-svoe-vino-strapi/prod-svoe-vino/strapi/uploads/vina_Predgorya_04b839fe36.webp,
dataset/uploads_root/prod-svoe-vino-strapi/prod-svoe-vino/strapi/uploads/vina_a0b538468b.webp,
dataset/uploads_root/prod-svoe-vino-strapi/prod-svoe-vino/strapi/uploads/vina_arpachina_arpachino_aligote_ekstra_bryut_igristoe_ekstra_bryut_beloe_115_f4daed56e5.webp,vina-arpachina-arpachino-aligote-ekstra-bryut-beloe-115
dataset/uploads_root/prod-svoe-vino-strapi/prod-svoe-vino/strapi/uploads/vina_arpachina_arpachino_inohodets_aligote_igristoe_ekstra_bryut_beloe_125_14bff66ea7.webp,vina-arpachina-arpachino-inohodets-aligote-beloe-ekstra-bryut-125
dataset/uploads_root/prod-svoe-vino-strapi/prod-svoe-vino/strapi/uploads/vina_arpachina_arpachino_inohodets_kumshatskiy_igristoe_ekstra_bryut_beloe_125_c630de086f.webp,vina-arpachina-arpachino-inohodets-kumshatskiy-beloe-ekstra-bryut-125
dataset/uploads_root/prod-svoe-vino-strapi/prod-svoe-vino/strapi/uploads/vina_arpachina_arpachino_inohodets_puhlyakovskiy_igristoe_ekstra_bryut_beloe_125_a112b4e529.webp,vina-arpachina-arpachino-inohodets-puhlyakovskiy-beloe-ekstra-bryut-125
dataset/uploads_root/prod-svoe-vino-strapi/prod-svoe-vino/strapi/uploads/vina_arpachina_arpachino_inohodets_sibirkovyy_igristoe_ekstra_bryut_beloe_125_75a58dd24e.webp,vina-arpachina-arpachino-inohodets-sibirkovyy-beloe-ekstra-bryut-125
dataset/uploads_root/prod-svoe-vino-strapi/prod-svoe-vino/strapi/uploads/vina_arpachina_arpachino_tsimlyanskiy_chernyy_igristoe_ekstra_bryut_rozovoe_13_174452bb6e.webp,vina-arpachina-arpachino-tsimlyanskiy-chernyy-rozovoe-ekstra-bryut-13
dataset/uploads_root/prod-svoe-vino-strapi/prod-svoe-vino/strapi/uploads/vinabani_9434982451.webp,
dataset/uploads_root/prod-svoe-vino-strapi/prod-svoe-vino/strapi/uploads/vinabani_aligote_beloe_suhoe_12_3264ece5af.webp,vinabani-aligote-beloe-suhoe-12
dataset/uploads_root/prod-svoe-vino-strapi/prod-svoe-vino/strapi/uploads/vinabani_pino_nuar_roze_rozovoe_suhoe_12_d4132258d7.webp,vinabani-pino-nuar-roze-rozovoe-suhoe-12
dataset/uploads_root/prod-svoe-vino-strapi/prod-svoe-vino/strapi/uploads/vinabani_saperavi_krasnoe_suhoe_135_10f0e33613.webp,vinabani-saperavi-krasnoe-suhoe-135
dataset/uploads_root/prod-svoe-vino-strapi/prod-svoe-vino/strapi/uploads/vingr_01_8f8eaa1655.webp,
dataset/uploads_root/prod-svoe-vino-strapi/prod-svoe-vino/strapi/uploads/vingr_01_cc352f77bb.webp,
dataset/uploads_root/prod-svoe-vino-strapi/prod-svoe-vino/strapi/uploads/vinnye_butylki_907bfb31cf_b2ba06d45e.webp,
dataset/uploads_root/prod-svoe-vino-strapi/prod-svoe-vino/strapi/uploads/vinnyy_fort_adagum_kokur_belyy_beloe_suhoe_12_70d7924326.webp,vinnyy-fort-adagum-kokur-belyy-beloe-suhoe-12
dataset/uploads_root/prod-svoe-vino-strapi/prod-svoe-vino/strapi/uploads/vinnyy_kooperativ_intuitsiya_kaberne_sovinon_merlo_saperavi_krasnoe_suhoe_128_927edc0651.webp,vinnyy-kooperativ-intuitsiya-kaberne-sovinon-merlo-saperavi-krasnoe-suhoe-128
dataset/uploads_root/prod-svoe-vino-strapi/prod-svoe-vino/strapi/uploads/vino_i_muzyka_sozdano_II_ba0df73546.webp,
dataset/uploads_root/prod-svoe-vino-strapi/prod-svoe-vino/strapi/uploads/vino_i_myzyka_shato_de_talyu_17b0a9581e.webp,
dataset/uploads_root/prod-svoe-vino-strapi/prod-svoe-vino/strapi/uploads/vino_i_vinograd_4b78ec2c50.webp,
dataset/uploads_root/prod-svoe-vino-strapi/prod-svoe-vino/strapi/uploads/vino_nebo_aligote_sur_lie_aligote_beloe_suhoe_127_217cf83431.webp,vino-nebo-aligote-sur-lie-aligote-beloe-suhoe-127
dataset/uploads_root/prod-svoe-vino-strapi/prod-svoe-vino/strapi/uploads/vino_restoran2_1cc05987c5.png,
dataset/uploads_root/prod-svoe-vino-strapi/prod-svoe-vino/strapi/uploads/vino_restoran2_7f37e80934.png,
dataset/uploads_root/prod-svoe-vino-strapi/prod-svoe-vino/strapi/uploads/vino_restoran2_8d497eddad.png,
dataset/uploads_root/prod-svoe-vino-strapi/prod-svoe-vino/strapi/uploads/vino_restoran_c8b687fbc7_e2622cbd65.webp,
dataset/uploads_root/prod-svoe-vino-strapi/prod-svoe-vino/strapi/uploads/vino_s_edoi_na_derevannom_fone_d0940e2651_211d8cf153.webp,
dataset/uploads_root/prod-svoe-vino-strapi/prod-svoe-vino/strapi/uploads/vino_s_edoi_na_derevannom_fone_d0940e2651_f054c0d110.webp,
dataset/uploads_root/prod-svoe-vino-strapi/prod-svoe-vino/strapi/uploads/vino_supermarket2_df46b181b8.png,
dataset/uploads_root/prod-svoe-vino-strapi/prod-svoe-vino/strapi/uploads/vino_supermarket_1e014c2a36.png,
dataset/uploads_root/prod-svoe-vino-strapi/prod-svoe-vino/strapi/uploads/vino_zastavka_e458c9fdc6.webp,
dataset/uploads_root/prod-svoe-vino-strapi/prod-svoe-vino/strapi/uploads/vinodel_Kommunalka_ae67efd619.webp,
dataset/uploads_root/prod-svoe-vino-strapi/prod-svoe-vino/strapi/uploads/vinodelnya_78_aligote_otbornoe_beloe_suhoe_12_367ef385f7.webp,vinodelnya-78-aligote-otbornoe-beloe-suhoe-12
dataset/uploads_root/prod-svoe-vino-strapi/prod-svoe-vino/strapi/uploads/vinodelnya_78_muskat_otbornyy_muskat_yantarnyy_beloe_suhoe_125_f70367e658.webp,vinodelnya-78-muskat-otbornyy-muskat-yantarnyy-beloe-suhoe-125
dataset/uploads_root/prod-svoe-vino-strapi/prod-svoe-vino/strapi/uploads/vinodelnya_78_muskat_polusladkoe_muskat_ottonel_igristoe_polusladkoe_beloe_115_7d7906929e.webp,vinodelnya-78-muskat-polusladkoe-muskat-ottonel-beloe-115
dataset/uploads_root/prod-svoe-vino-strapi/prod-svoe-vino/strapi/uploads/vinodelnya_78_saperavi_krasnoe_suhoe_135_1ea4d62431.webp,vinodelnya-78-saperavi-krasnoe-suhoe-135
dataset/uploads_root/prod-svoe-vino-strapi/prod-svoe-vino/strapi/uploads/vinodelnya_Alma_Velli_199302df06.webp,
dataset/uploads_root/prod-svoe-vino-strapi/prod-svoe-vino/strapi/uploads/vinodelnya_Architect_Winery_5defe2baff.webp,
dataset/uploads_root/prod-svoe-vino-strapi/prod-svoe-vino/strapi/uploads/vinodelnya_Gavras_a533dc7ea3.webp,
dataset/uploads_root/prod-svoe-vino-strapi/prod-svoe-vino/strapi/uploads/vinodelnya_Marchenko2_9d9980958d.webp,
dataset/uploads_root/prod-svoe-vino-strapi/prod-svoe-vino/strapi/uploads/vinodelnya_Marchenko_f45d5d96d5.webp,
dataset/uploads_root/prod-svoe-vino-strapi/prod-svoe-vino/strapi/uploads/vinodelnya_Nikolaev_i_synovya_4601de09c1.webp,
dataset/uploads_root/prod-svoe-vino-strapi/prod-svoe-vino/strapi/uploads/vinodelnya_Shato_Alvisa_4fc71c1bf1.tif,
dataset/uploads_root/prod-svoe-vino-strapi/prod-svoe-vino/strapi/uploads/vinodelnya_Shato_de_Talyu_df10cbd13f.webp,
dataset/uploads_root/prod-svoe-vino-strapi/prod-svoe-vino/strapi/uploads/vinodelnya_Stashko1_e969d803ca.webp,
dataset/uploads_root/prod-svoe-vino-strapi/prod-svoe-vino/strapi/uploads/vinodelnya_Usadba_Belogore_cd6566932a.webp,
dataset/uploads_root/prod-svoe-vino-strapi/prod-svoe-vino/strapi/uploads/vinodelnya_Usadba_Rodnoe_Gnezdo_ad60e5fbc7.webp,
dataset/uploads_root/prod-svoe-vino-strapi/prod-svoe-vino/strapi/uploads/vinodelnya_Vitalij_Batrak_610fcb9095.webp,
dataset/uploads_root/prod-svoe-vino-strapi/prod-svoe-vino/strapi/uploads/vinodelnya_Vitaliya_Batraka_86d4509e07.webp,
dataset/uploads_root/prod-svoe-vino-strapi/prod-svoe-vino/strapi/uploads/vinodelnya_batrak_contadina_merlo_krasnoe_suhoe_14_d8d327a6e9.webp,vinodelnya-batrak-contadina-merlo-krasnoe-suhoe-14
dataset/uploads_root/prod-svoe-vino-strapi/prod-svoe-vino/strapi/uploads/vinodelnya_batrak_glyu_glyu_podarok_magaracha_krasnoe_suhoe_12_f97132e4a2.webp,vinodelnya-batrak-glyu-glyu-podarok-magaracha-krasnoe-suhoe-12
dataset/uploads_root/prod-svoe-vino-strapi/prod-svoe-vino/strapi/uploads/vinodelnya_batrak_kaberne_kortis_krasnoe_suhoe_12_0e8405289f.webp,vinodelnya-batrak-kaberne-kortis-krasnoe-suhoe-12
dataset/uploads_root/prod-svoe-vino-strapi/prod-svoe-vino/strapi/uploads/vinodelnya_batrak_kaberne_sovinon_krasnoe_suhoe_14_50425a88e9.webp,vinodelnya-batrak-kaberne-sovinon-krasnoe-suhoe-14
dataset/uploads_root/prod-svoe-vino-strapi/prod-svoe-vino/strapi/uploads/vinodelnya_batrak_klaret_podarok_magaracha_rozovoe_suhoe_12_796e43f7cb.webp,vinodelnya-batrak-klaret-podarok-magaracha-rozovoe-suhoe-12
dataset/uploads_root/prod-svoe-vino-strapi/prod-svoe-vino/strapi/uploads/vinodelnya_batrak_merlo_rozovoe_suhoe_13_c52c679840.webp,vinodelnya-batrak-merlo-rozovoe-suhoe-13
dataset/uploads_root/prod-svoe-vino-strapi/prod-svoe-vino/strapi/uploads/vinodelnya_batrak_monte_di_cammello_nuvola_bianca_risling_beloe_suhoe_12_e818c16f4c.webp,vinodelnya-batrak-monte-di-cammello-nuvola-bianca-risling-beloe-suhoe-12
dataset/uploads_root/prod-svoe-vino-strapi/prod-svoe-vino/strapi/uploads/vinodelnya_batrak_perfekt_klassik_kaberne_fran_krasnoe_suhoe_135_dd739a7a0d.webp,vinodelnya-batrak-perfekt-klassik-kaberne-fran-krasnoe-suhoe-135
dataset/uploads_root/prod-svoe-vino-strapi/prod-svoe-vino/strapi/uploads/vinodelnya_batrak_perfekt_klassik_kaberne_sovinon_krasnoe_suhoe_135_0e92236937.webp,vinodelnya-batrak-perfekt-klassik-kaberne-sovinon-krasnoe-suhoe-135
dataset/uploads_root/prod-svoe-vino-strapi/prod-svoe-vino/strapi/uploads/vinodelnya_batrak_perfekt_klassik_merlo_krasnoe_suhoe_135_1949b2cb69.webp,vinodelnya-batrak-perfekt-klassik-merlo-krasnoe-suhoe-135
dataset/uploads_root/prod-svoe-vino-strapi/prod-svoe-vino/strapi/uploads/vinodelnya_batrak_perfekt_klassik_muskat_belyy_beloe_suhoe_125_bfb281d569.webp,vinodelnya-batrak-perfekt-klassik-muskat-belyy-beloe-suhoe-125
dataset/uploads_root/prod-svoe-vino-strapi/prod-svoe-vino/strapi/uploads/vinodelnya_batrak_perfekt_klassik_muskat_rozovyy_rozovoe_suhoe_125_3a24f57798.webp,vinodelnya-batrak-perfekt-klassik-muskat-rozovyy-rozovoe-suhoe-125
dataset/uploads_root/prod-svoe-vino-strapi/prod-svoe-vino/strapi/uploads/vinodelnya_batrak_perfekt_klassik_pino_nuar_krasnoe_suhoe_12_7ab6869f03.webp,vinodelnya-batrak-perfekt-klassik-pino-nuar-krasnoe-suhoe-12
dataset/uploads_root/prod-svoe-vino-strapi/prod-svoe-vino/strapi/uploads/vinodelnya_batrak_perfekt_klassik_saperavi_krasnoe_suhoe_135_b23c1c2ed9.webp,vinodelnya-batrak-perfekt-klassik-saperavi-krasnoe-suhoe-135
dataset/uploads_root/prod-svoe-vino-strapi/prod-svoe-vino/strapi/uploads/vinodelnya_batrak_perfekt_klassik_sovinon_blan_beloe_suhoe_125_e4ffa2ef0b.webp,vinodelnya-batrak-perfekt-klassik-sovinon-blan-beloe-suhoe-125
dataset/uploads_root/prod-svoe-vino-strapi/prod-svoe-vino/strapi/uploads/vinodelnya_batrak_prikumskoe_sonnenschein_shardone_beloe_suhoe_12_ee92c4745e.webp,vinodelnya-batrak-prikumskoe-sonnenschein-shardone-beloe-suhoe-12
dataset/uploads_root/prod-svoe-vino-strapi/prod-svoe-vino/strapi/uploads/vinodelnya_batrak_prikumskoe_vitale_kraft_kaberne_sovinon_krasnoe_suhoe_135_42da615ec6.webp,vinodelnya-batrak-prikumskoe-vitale-kraft-kaberne-sovinon-krasnoe-suhoe-135
dataset/uploads_root/prod-svoe-vino-strapi/prod-svoe-vino/strapi/uploads/vinodelnya_batrak_shpinel_kaberne_sovinon_rozovoe_suhoe_12_7542903616.webp,vinodelnya-batrak-shpinel-kaberne-sovinon-rozovoe-suhoe-12
dataset/uploads_root/prod-svoe-vino-strapi/prod-svoe-vino/strapi/uploads/vinodelnya_batrak_vitale_kraft_kaberne_sovinon_krasnoe_suhoe_14_7c5d8749a7.webp,vinodelnya-batrak-vitale-kraft-kaberne-sovinon-krasnoe-suhoe-14
dataset/uploads_root/prod-svoe-vino-strapi/prod-svoe-vino/strapi/uploads/vinodelnya_begildeeva_kaberne_sovinon_krasnoe_suhoe_14_1108f8580b.webp,vinodelnya-begildeeva-kaberne-sovinon-krasnoe-suhoe-14
dataset/uploads_root/prod-svoe-vino-strapi/prod-svoe-vino/strapi/uploads/vinodelnya_begildeeva_kaberne_sovinon_merlo_krasnoe_suhoe_14_287877eb6a.webp,vinodelnya-begildeeva-kaberne-sovinon-merlo-krasnoe-suhoe-14
dataset/uploads_root/prod-svoe-vino-strapi/prod-svoe-vino/strapi/uploads/vinodelnya_begildeeva_merlo_krasnoe_suhoe_14_977a726c54.webp,vinodelnya-begildeeva-merlo-krasnoe-suhoe-14
dataset/uploads_root/prod-svoe-vino-strapi/prod-svoe-vino/strapi/uploads/vinodelnya_berdyaeva_kaberne_fran_krasnoe_suhoe_115_f3000e7b45.webp,vinodelnya-berdyaeva-kaberne-fran-krasnoe-suhoe-115
dataset/uploads_root/prod-svoe-vino-strapi/prod-svoe-vino/strapi/uploads/vinodelnya_berdyaeva_kaberne_kaberne_sovinon_krasnoe_suhoe_138_8d12df089c.webp,vinodelnya-berdyaeva-kaberne-kaberne-sovinon-krasnoe-suhoe-138
dataset/uploads_root/prod-svoe-vino-strapi/prod-svoe-vino/strapi/uploads/vinodelnya_berdyaeva_kaberne_sovinon_krasnoe_suhoe_145_8fb9e49e04.webp,vinodelnya-berdyaeva-kaberne-sovinon-krasnoe-suhoe-145
dataset/uploads_root/prod-svoe-vino-strapi/prod-svoe-vino/strapi/uploads/vinodelnya_berdyaeva_risling_beloe_polusuhoe_108_e446508842.webp,vinodelnya-berdyaeva-risling-beloe-polusuhoe-108
dataset/uploads_root/prod-svoe-vino-strapi/prod-svoe-vino/strapi/uploads/vinodelnya_berdyaeva_risling_risling_reynskiy_beloe_suhoe_121_d8df12dffc.webp,vinodelnya-berdyaeva-risling-risling-reynskiy-beloe-suhoe-121
dataset/uploads_root/prod-svoe-vino-strapi/prod-svoe-vino/strapi/uploads/vinodelnya_berdyaeva_shardone_beloe_suhoe_125_9f8c4d358a.webp,vinodelnya-berdyaeva-shardone-beloe-suhoe-125
dataset/uploads_root/prod-svoe-vino-strapi/prod-svoe-vino/strapi/uploads/vinodelnya_bratev_melnikovyh_kaberne_sovinon_kaberne_fran_dva_brata_krasnoe_suhoe_145_04c9c00425.webp,vinodelnya-bratev-melnikovyh-kaberne-sovinon-kaberne-fran-dva-brata-krasnoe-suhoe-145
dataset/uploads_root/prod-svoe-vino-strapi/prod-svoe-vino/strapi/uploads/vinodelnya_bratev_melnikovyh_pino_dva_brata_pino_gri_rozovoe_suhoe_13_29922b3bc8.webp,vinodelnya-bratev-melnikovyh-pino-dva-brata-pino-gri-rozovoe-suhoe-13
dataset/uploads_root/prod-svoe-vino-strapi/prod-svoe-vino/strapi/uploads/vinodelnya_byurne_byurne_pino_blan_beloe_suhoe_14_45558bffe3.webp,
dataset/uploads_root/prod-svoe-vino-strapi/prod-svoe-vino/strapi/uploads/vinodelnya_byurne_byurne_roze_sira_rozovoe_suhoe_13_7245b4d34a.webp,
dataset/uploads_root/prod-svoe-vino-strapi/prod-svoe-vino/strapi/uploads/vinodelnya_byurne_byurne_shardone_beloe_suhoe_135_b9ac9b3bd3.webp,
dataset/uploads_root/prod-svoe-vino-strapi/prod-svoe-vino/strapi/uploads/vinodelnya_byurne_dlyamenya_krasnoe_merlo_krasnoe_suhoe_14_55720ca612.webp,
dataset/uploads_root/prod-svoe-vino-strapi/prod-svoe-vino/strapi/uploads/vinodelnya_byurne_dlyatebya_beloe_shardone_beloe_suhoe_135_df686975f1.webp,
dataset/uploads_root/prod-svoe-vino-strapi/prod-svoe-vino/strapi/uploads/vinodelnya_byurne_kaberne_fran_krasnoe_suhoe_135_e644d95928.webp,
dataset/uploads_root/prod-svoe-vino-strapi/prod-svoe-vino/strapi/uploads/vinodelnya_byurne_kaberne_sovinon_krasnoe_suhoe_135_012f5369e6.webp,
dataset/uploads_root/prod-svoe-vino-strapi/prod-svoe-vino/strapi/uploads/vinodelnya_byurne_krasnostop_krasnoe_suhoe_145_4e09988053.webp,
dataset/uploads_root/prod-svoe-vino-strapi/prod-svoe-vino/strapi/uploads/vinodelnya_byurne_lyublyu_beloe_shardone_beloe_suhoe_135_5ef8f4f302.webp,
dataset/uploads_root/prod-svoe-vino-strapi/prod-svoe-vino/strapi/uploads/vinodelnya_byurne_lyublyu_krasnoe_kaberne_fran_krasnoe_suhoe_135_5ae48e042d.webp,
dataset/uploads_root/prod-svoe-vino-strapi/prod-svoe-vino/strapi/uploads/vinodelnya_byurne_merlo_krasnoe_suhoe_14_13bbdfd1ab.webp,
dataset/uploads_root/prod-svoe-vino-strapi/prod-svoe-vino/strapi/uploads/vinodelnya_byurne_saperavi_krasnoe_suhoe_135_02c35bd32b.webp,
dataset/uploads_root/prod-svoe-vino-strapi/prod-svoe-vino/strapi/uploads/vinodelnya_byurne_sira_krasnoe_suhoe_135_0247cf424f.webp,
dataset/uploads_root/prod-svoe-vino-strapi/prod-svoe-vino/strapi/uploads/vinodelnya_byurne_vione_beloe_suhoe_135_7662cb591d.webp,
dataset/uploads_root/prod-svoe-vino-strapi/prod-svoe-vino/strapi/uploads/vinodelnya_ee17234bae.webp,
dataset/uploads_root/prod-svoe-vino-strapi/prod-svoe-vino/strapi/uploads/vinodelnya_gunko_blanc_de_blancs_shardone_igristoe_bryut_beloe_117_192131a8ef.webp,
dataset/uploads_root/prod-svoe-vino-strapi/prod-svoe-vino/strapi/uploads/vinodelnya_gunko_kaberne_fran_krasnoe_suhoe_135_a49f44e398.webp,
dataset/uploads_root/prod-svoe-vino-strapi/prod-svoe-vino/strapi/uploads/vinodelnya_gunko_malbek_krasnoe_suhoe_135_e0d24a0a20.webp,
dataset/uploads_root/prod-svoe-vino-strapi/prod-svoe-vino/strapi/uploads/vinodelnya_gunko_merlo_krasnoe_suhoe_14_c84ec0d3d6.webp,
dataset/uploads_root/prod-svoe-vino-strapi/prod-svoe-vino/strapi/uploads/vinodelnya_gunko_risling_beloe_suhoe_133_d4c5509d37.webp,
dataset/uploads_root/prod-svoe-vino-strapi/prod-svoe-vino/strapi/uploads/vinodelnya_gunko_roze_kaberne_fran_rozovoe_suhoe_125_bdfb6a3c66.webp,
dataset/uploads_root/prod-svoe-vino-strapi/prod-svoe-vino/strapi/uploads/vinodelnya_gunko_saperavi_gunko_winery_krasnoe_suhoe_136_3b990d77bb.webp,
dataset/uploads_root/prod-svoe-vino-strapi/prod-svoe-vino/strapi/uploads/vinodelnya_gunko_shardone_gunko_winery_beloe_suhoe_137_e780c80052.webp,
dataset/uploads_root/prod-svoe-vino-strapi/prod-svoe-vino/strapi/uploads/vinodelnya_gunko_sovinon_blan_gunko_winery_beloe_suhoe_129_122b3df857.webp,
dataset/uploads_root/prod-svoe-vino-strapi/prod-svoe-vino/strapi/uploads/vinodelnya_konstantina_dzitoeva_kd_bryut_shardone_igristoe_bryut_beloe_115_6951096ef2.webp,vinodelnya-konstantina-dzitoeva-kd-bryut-shardone-beloe-115
dataset/uploads_root/prod-svoe-vino-strapi/prod-svoe-vino/strapi/uploads/vinodelnya_konstantina_dzitoeva_kd_rezerv_merlo_krasnoe_suhoe_vyderzhannoe_12_b66cd45010.webp,vinodelnya-konstantina-dzitoeva-kd-rezerv-merlo-krasnoe-suhoe-12
dataset/uploads_root/prod-svoe-vino-strapi/prod-svoe-vino/strapi/uploads/vinodelnya_konstantina_dzitoeva_kd_shardone_beloe_suhoe_128_e9a75fb7f0.webp,vinodelnya-konstantina-dzitoeva-kd-shardone-beloe-suhoe-128
dataset/uploads_root/prod-svoe-vino-strapi/prod-svoe-vino/strapi/uploads/vinodelnya_konstantina_dzitoeva_kion_kaberne_sovinon_krasnoe_suhoe_vyderzhannoe_145_0463d6f222.webp,vinodelnya-konstantina-dzitoeva-kion-kaberne-sovinon-krasnoe-suhoe-145
dataset/uploads_root/prod-svoe-vino-strapi/prod-svoe-vino/strapi/uploads/vinodelnya_krinitsa_arena_sira_krasnoe_suhoe_13_dc8b753978.webp,vinodelnya-krinitsa-arena-sira-krasnoe-suhoe-13
dataset/uploads_root/prod-svoe-vino-strapi/prod-svoe-vino/strapi/uploads/vinodelnya_krinitsa_aroma_pti_mansen_beloe_sladkoe_137_3936725043.webp,vinodelnya-krinitsa-aroma-pti-mansen-beloe-sladkoe-137
dataset/uploads_root/prod-svoe-vino-strapi/prod-svoe-vino/strapi/uploads/vinodelnya_krinitsa_azyur_risling_beloe_suhoe_127_89de32ac85.webp,vinodelnya-krinitsa-azyur-risling-beloe-suhoe-127
dataset/uploads_root/prod-svoe-vino-strapi/prod-svoe-vino/strapi/uploads/vinodelnya_krinitsa_azyur_vione_beloe_suhoe_12_f97e1cbf46.webp,vinodelnya-krinitsa-azyur-vione-beloe-suhoe-12
dataset/uploads_root/prod-svoe-vino-strapi/prod-svoe-vino/strapi/uploads/vinodelnya_krinitsa_ester_muskat_beloe_suhoe_128_949dda1941.webp,vinodelnya-krinitsa-ester-muskat-beloe-suhoe-128
dataset/uploads_root/prod-svoe-vino-strapi/prod-svoe-vino/strapi/uploads/vinodelnya_krinitsa_ester_muskat_belyy_beloe_suhoe_12_2658e192ad.webp,vinodelnya-krinitsa-ester-muskat-belyy-beloe-suhoe-12
dataset/uploads_root/prod-svoe-vino-strapi/prod-svoe-vino/strapi/uploads/vinodelnya_krinitsa_kollin_sira_krasnoe_suhoe_13_0578a4fafe.webp,vinodelnya-krinitsa-kollin-sira-krasnoe-suhoe-13
dataset/uploads_root/prod-svoe-vino-strapi/prod-svoe-vino/strapi/uploads/vinodelnya_krinitsa_risling_beloe_suhoe_13_8b7fd60fb9.webp,vinodelnya-krinitsa-risling-beloe-suhoe-13
dataset/uploads_root/prod-svoe-vino-strapi/prod-svoe-vino/strapi/uploads/vinodelnya_krinitsa_rivazh_kaberne_sovinon_krasnoe_suhoe_13_4a7f72881d.webp,vinodelnya-krinitsa-rivazh-kaberne-sovinon-krasnoe-suhoe-13
dataset/uploads_root/prod-svoe-vino-strapi/prod-svoe-vino/strapi/uploads/vinodelnya_krinitsa_sirakyuz_krasnoe_suhoe_13_6baebf9c06.webp,vinodelnya-krinitsa-sirakyuz-krasnoe-suhoe-13
dataset/uploads_root/prod-svoe-vino-strapi/prod-svoe-vino/strapi/uploads/vinodelnya_krinitsa_vione_beloe_suhoe_133_e3c078da52.webp,vinodelnya-krinitsa-vione-beloe-suhoe-133
dataset/uploads_root/prod-svoe-vino-strapi/prod-svoe-vino/strapi/uploads/vinodelnya_marchenko_gechei_zamatosh_beloe_suhoe_135_ff7b648e20.webp,vinodelnya-marchenko-gechei-zamatosh-beloe-suhoe-135
dataset/uploads_root/prod-svoe-vino-strapi/prod-svoe-vino/strapi/uploads/vinodelnya_marchenko_kaberne_sovinon_krasnoe_suhoe_14_387edd3954.webp,vinodelnya-marchenko-kaberne-sovinon-krasnoe-suhoe-14
dataset/uploads_root/prod-svoe-vino-strapi/prod-svoe-vino/strapi/uploads/vinodelnya_marchenko_krasnostop_zolotovskiy_krasnoe_suhoe_14_e218e5ada4.webp,vinodelnya-marchenko-krasnostop-zolotovskiy-krasnoe-suhoe-14
dataset/uploads_root/prod-svoe-vino-strapi/prod-svoe-vino/strapi/uploads/vinodelnya_marchenko_merlo_krasnoe_suhoe_14_b03e5e2a36.webp,vinodelnya-marchenko-merlo-krasnoe-suhoe-14
dataset/uploads_root/prod-svoe-vino-strapi/prod-svoe-vino/strapi/uploads/vinodelnya_marchenko_mtsvane_mtsvane_kahetinskiy_beloe_suhoe_135_f2692146b1.webp,vinodelnya-marchenko-mtsvane-mtsvane-kahetinskiy-beloe-suhoe-135
dataset/uploads_root/prod-svoe-vino-strapi/prod-svoe-vino/strapi/uploads/vinodelnya_marchenko_rkatsiteli_beloe_suhoe_135_17aa4b13da.webp,vinodelnya-marchenko-rkatsiteli-beloe-suhoe-135
dataset/uploads_root/prod-svoe-vino-strapi/prod-svoe-vino/strapi/uploads/vinodelnya_marchenko_rubin_rubin_azos_krasnoe_suhoe_14_d37b2bc288.webp,vinodelnya-marchenko-rubin-rubin-azos-krasnoe-suhoe-14
dataset/uploads_root/prod-svoe-vino-strapi/prod-svoe-vino/strapi/uploads/vinodelnya_marchenko_svezhiy_veter_mtsvane_mtsvane_kahetinskiy_beloe_suhoe_135_b72dd767de.webp,vinodelnya-marchenko-svezhiy-veter-mtsvane-mtsvane-kahetinskiy-beloe-suhoe-135
dataset/uploads_root/prod-svoe-vino-strapi/prod-svoe-vino/strapi/uploads/vinodelnya_marchenko_vermilon_kaberne_azos_krasnoe_suhoe_14_f967407afe.webp,vinodelnya-marchenko-vermilon-kaberne-azos-krasnoe-suhoe-14
dataset/uploads_root/prod-svoe-vino-strapi/prod-svoe-vino/strapi/uploads/vinodelnya_marko_assamblyazh_kaberne_sovinon_krasnoe_suhoe_14_1f4ea5a0e9.webp,vinodelnya-marko-assamblyazh-kaberne-sovinon-krasnoe-suhoe-14
dataset/uploads_root/prod-svoe-vino-strapi/prod-svoe-vino/strapi/uploads/vinodelnya_marko_dikiy_sovinon_sovinon_blan_beloe_suhoe_12_391dfa9445.webp,vinodelnya-marko-dikiy-sovinon-sovinon-blan-beloe-suhoe-12
dataset/uploads_root/prod-svoe-vino-strapi/prod-svoe-vino/strapi/uploads/vinodelnya_marko_merlo_krasnoe_suhoe_14_384d0e4a2a.webp,vinodelnya-marko-merlo-krasnoe-suhoe-14
dataset/uploads_root/prod-svoe-vino-strapi/prod-svoe-vino/strapi/uploads/vinodelnya_marko_risling_beloe_suhoe_12_99d6ef8f95.webp,vinodelnya-marko-risling-beloe-suhoe-12
dataset/uploads_root/prod-svoe-vino-strapi/prod-svoe-vino/strapi/uploads/vinodelnya_marko_vione_beloe_suhoe_12_b8f5e2497b.webp,vinodelnya-marko-vione-beloe-suhoe-12
dataset/uploads_root/prod-svoe-vino-strapi/prod-svoe-vino/strapi/uploads/vinodelnya_molchanova_ice_wine_tsvetochnyy_beloe_sladkoe_11_b011b225f0.webp,vinodelnya-molchanova-ice-wine-tsvetochnyy-beloe-sladkoe-11
dataset/uploads_root/prod-svoe-vino-strapi/prod-svoe-vino/strapi/uploads/vinodelnya_molchanova_krasnostop_zolotovskiy_krasnoe_suhoe_135_0abfc57924.webp,vinodelnya-molchanova-krasnostop-zolotovskiy-krasnoe-suhoe-135
dataset/uploads_root/prod-svoe-vino-strapi/prod-svoe-vino/strapi/uploads/vinodelnya_molchanova_krasnostop_zolotovskiy_krasnoe_suhoe_13_4f38b50b32.webp,vinodelnya-molchanova-krasnostop-zolotovskiy-krasnoe-suhoe-13
dataset/uploads_root/prod-svoe-vino-strapi/prod-svoe-vino/strapi/uploads/vinodelnya_myshako_aligote_vione_kyuve_beloe_polusladkoe_125_8b824b620d.webp,vinodelnya-myshako-aligote-vione-kyuve-beloe-polusladkoe-125
dataset/uploads_root/prod-svoe-vino-strapi/prod-svoe-vino/strapi/uploads/vinodelnya_myshako_blanc_de_blancs_shardone_igristoe_bryut_beloe_121_d4edffbd87.webp,vinodelnya-myshako-blanc-de-blancs-shardone-beloe-bryut-121
dataset/uploads_root/prod-svoe-vino-strapi/prod-svoe-vino/strapi/uploads/vinodelnya_myshako_chernoe_iz_chernogo_appassimento_kaberne_sovinon_krasnoe_suhoe_15_19d090caca.webp,vinodelnya-myshako-chernoe-iz-chernogo-appassimento-kaberne-sovinon-krasnoe-suhoe-15
dataset/uploads_root/prod-svoe-vino-strapi/prod-svoe-vino/strapi/uploads/vinodelnya_myshako_chernoe_iz_krasnogo_appassimento_kaberne_sovinon_krasnoe_polusuhoe_15_4a7481518e.webp,vinodelnya-myshako-chernoe-iz-krasnogo-appassimento-kaberne-sovinon-krasnoe-polusuhoe-15
dataset/uploads_root/prod-svoe-vino-strapi/prod-svoe-vino/strapi/uploads/vinodelnya_myshako_chernyy_udar_marselan_krasnoe_suhoe_162_0fb37b486f.webp,vinodelnya-myshako-chernyy-udar-marselan-krasnoe-suhoe-162
dataset/uploads_root/prod-svoe-vino-strapi/prod-svoe-vino/strapi/uploads/vinodelnya_myshako_flute_blaufrankish_igristoe_bryut_rozovoe_126_131ed09b46.webp,vinodelnya-myshako-flute-blaufrankish-rozovoe-bryut-126
dataset/uploads_root/prod-svoe-vino-strapi/prod-svoe-vino/strapi/uploads/vinodelnya_myshako_flute_bryut_beloe_shardone_igristoe_bryut_beloe_11_ddbe12b9ec.webp,vinodelnya-myshako-flute-bryut-beloe-shardone-11
dataset/uploads_root/prod-svoe-vino-strapi/prod-svoe-vino/strapi/uploads/vinodelnya_myshako_flute_gevyurtstraminer_sovinon_blan_igristoe_bryut_beloe_122_9d73a2d644.webp,vinodelnya-myshako-flute-gevyurtstraminer-sovinon-blan-beloe-bryut-122
dataset/uploads_root/prod-svoe-vino-strapi/prod-svoe-vino/strapi/uploads/vinodelnya_myshako_flute_vione_aligote_igristoe_bryut_beloe_12_84a5f5532f.webp,vinodelnya-myshako-flute-vione-aligote-beloe-bryut-12
dataset/uploads_root/prod-svoe-vino-strapi/prod-svoe-vino/strapi/uploads/vinodelnya_myshako_gevyurtstraminer_kyuve_bryut_igristoe_bryut_beloe_123_8da56b2ab5.webp,vinodelnya-myshako-gevyurtstraminer-kyuve-bryut-beloe-123
dataset/uploads_root/prod-svoe-vino-strapi/prod-svoe-vino/strapi/uploads/vinodelnya_myshako_gevyurtstraminer_mode_petnat_petnat_bryut_belyy_118_efec323182.webp,vinodelnya-myshako-gevyurtstraminer-mode-petnat-beloe-bryut-118
dataset/uploads_root/prod-svoe-vino-strapi/prod-svoe-vino/strapi/uploads/vinodelnya_myshako_kaberne_fran_avtorskaya_tehnologiya_krasnoe_suhoe_142_adbc6382f4.webp,vinodelnya-myshako-kaberne-fran-avtorskaya-tehnologiya-krasnoe-suhoe-142
dataset/uploads_root/prod-svoe-vino-strapi/prod-svoe-vino/strapi/uploads/vinodelnya_myshako_kaberne_fran_krasnoe_suhoe_142_57650d8a36.webp,vinodelnya-myshako-kaberne-fran-krasnoe-suhoe-142
dataset/uploads_root/prod-svoe-vino-strapi/prod-svoe-vino/strapi/uploads/vinodelnya_myshako_kaberne_myshako_grand_rezerv_kaberne_sovinon_krasnoe_suhoe_125_5ef2a79acb.webp,vinodelnya-myshako-kaberne-myshako-grand-rezerv-kaberne-sovinon-krasnoe-suhoe-125
dataset/uploads_root/prod-svoe-vino-strapi/prod-svoe-vino/strapi/uploads/vinodelnya_myshako_kaberne_sovinon_black_out_krasnoe_polusuhoe_16_c5bb09a533.webp,vinodelnya-myshako-kaberne-sovinon-black-out-krasnoe-polusuhoe-16
dataset/uploads_root/prod-svoe-vino-strapi/prod-svoe-vino/strapi/uploads/vinodelnya_myshako_kaberne_sovinon_krasnoe_suhoe_138_0ff42c6b1b.webp,vinodelnya-myshako-kaberne-sovinon-krasnoe-suhoe-138
dataset/uploads_root/prod-svoe-vino-strapi/prod-svoe-vino/strapi/uploads/vinodelnya_myshako_kaberne_sovinon_merlo_kyuve_krasnoe_suhoe_142_8126d58a29.webp,vinodelnya-myshako-kaberne-sovinon-merlo-kyuve-krasnoe-suhoe-142
dataset/uploads_root/prod-svoe-vino-strapi/prod-svoe-vino/strapi/uploads/vinodelnya_myshako_marselan_avtorskaya_tehnologiya_krasnoe_suhoe_144_d0c6e20dc5.webp,vinodelnya-myshako-marselan-avtorskaya-tehnologiya-krasnoe-suhoe-144
dataset/uploads_root/prod-svoe-vino-strapi/prod-svoe-vino/strapi/uploads/vinodelnya_myshako_marselan_krasnoe_suhoe_143_26d0cfdb16.webp,vinodelnya-myshako-marselan-krasnoe-suhoe-143
dataset/uploads_root/prod-svoe-vino-strapi/prod-svoe-vino/strapi/uploads/vinodelnya_myshako_marselan_krasnoe_suhoe_144_233050ecbc.webp,vinodelnya-myshako-marselan-krasnoe-suhoe-144
dataset/uploads_root/prod-svoe-vino-strapi/prod-svoe-vino/strapi/uploads/vinodelnya_myshako_marselan_mode_appassimento_krasnoe_suhoe_146_ea99d1e997.webp,vinodelnya-myshako-marselan-mode-appassimento-krasnoe-suhoe-146
dataset/uploads_root/prod-svoe-vino-strapi/prod-svoe-vino/strapi/uploads/vinodelnya_myshako_marselan_mode_krasnoe_suhoe_145_924e926ae9.webp,vinodelnya-myshako-marselan-mode-krasnoe-suhoe-145
dataset/uploads_root/prod-svoe-vino-strapi/prod-svoe-vino/strapi/uploads/vinodelnya_myshako_merlo_black_out_krasnoe_sladkoe_14_83578ec427.webp,vinodelnya-myshako-merlo-black-out-krasnoe-sladkoe-14
dataset/uploads_root/prod-svoe-vino-strapi/prod-svoe-vino/strapi/uploads/vinodelnya_myshako_merlo_grand_rezerv_krasnoe_suhoe_142_755fcb23a0.webp,vinodelnya-myshako-merlo-grand-rezerv-krasnoe-suhoe-142
dataset/uploads_root/prod-svoe-vino-strapi/prod-svoe-vino/strapi/uploads/vinodelnya_myshako_merlo_tempranilo_kyuve_krasnoe_polusladkoe_135_884e18f396.webp,vinodelnya-myshako-merlo-tempranilo-kyuve-krasnoe-polusladkoe-135
dataset/uploads_root/prod-svoe-vino-strapi/prod-svoe-vino/strapi/uploads/vinodelnya_myshako_merlo_zinfandel_kyuve_rozovoe_suhoe_128_3d3d21e00a.webp,vinodelnya-myshako-merlo-zinfandel-kyuve-rozovoe-suhoe-128
dataset/uploads_root/prod-svoe-vino-strapi/prod-svoe-vino/strapi/uploads/vinodelnya_myshako_muskat_avtorskaya_tehnologiya_mono_beloe_suhoe_128_a6633f8b78.webp,vinodelnya-myshako-muskat-avtorskaya-tehnologiya-mono-beloe-suhoe-128
dataset/uploads_root/prod-svoe-vino-strapi/prod-svoe-vino/strapi/uploads/vinodelnya_myshako_myshako_kyuve_rozovoe_pino_nuar_igristoe_bryut_rozovoe_123_eace41f3c1.webp,vinodelnya-myshako-myshako-kyuve-rozovoe-pino-nuar-bryut-123
dataset/uploads_root/prod-svoe-vino-strapi/prod-svoe-vino/strapi/uploads/vinodelnya_myshako_oranzhevoe_iz_belogo_gevyurtstraminer_krasnoe_suhoe_142_44b9fe0380.webp,vinodelnya-myshako-oranzhevoe-iz-belogo-gevyurtstraminer-krasnoe-suhoe-142
dataset/uploads_root/prod-svoe-vino-strapi/prod-svoe-vino/strapi/uploads/vinodelnya_myshako_pino_gridzhio_beloe_polusuhoe_123_b4efce4e31.webp,vinodelnya-myshako-pino-gridzhio-beloe-polusuhoe-123
dataset/uploads_root/prod-svoe-vino-strapi/prod-svoe-vino/strapi/uploads/vinodelnya_myshako_pino_nuar_karmener_reserve_krasnoe_suhoe_138_142d47602d.webp,vinodelnya-myshako-pino-nuar-karmener-reserve-krasnoe-suhoe-138
dataset/uploads_root/prod-svoe-vino-strapi/prod-svoe-vino/strapi/uploads/vinodelnya_myshako_primitivo_blaufrankish_reserve_krasnoe_suhoe_142_c96e36183b.webp,vinodelnya-myshako-primitivo-blaufrankish-reserve-krasnoe-suhoe-142
dataset/uploads_root/prod-svoe-vino-strapi/prod-svoe-vino/strapi/uploads/vinodelnya_myshako_quintessence_aligote_beloe_suhoe_128_e122429861.webp,vinodelnya-myshako-quintessence-aligote-beloe-suhoe-128
dataset/uploads_root/prod-svoe-vino-strapi/prod-svoe-vino/strapi/uploads/vinodelnya_myshako_quintessence_blaufrankish_igristoe_bryut_rozovoe_115_44d51328f7.webp,vinodelnya-myshako-quintessence-blaufrankish-rozovoe-bryut-115
dataset/uploads_root/prod-svoe-vino-strapi/prod-svoe-vino/strapi/uploads/vinodelnya_myshako_quintessence_brut_muskat_muskat_belyy_igristoe_bryut_beloe_12_b16de08f25.webp,vinodelnya-myshako-quintessence-brut-muskat-muskat-belyy-beloe-bryut-12
dataset/uploads_root/prod-svoe-vino-strapi/prod-svoe-vino/strapi/uploads/vinodelnya_myshako_quintessence_brut_vione_igristoe_bryut_beloe_115_31a5f96a86.webp,vinodelnya-myshako-quintessence-brut-vione-beloe-bryut-115
dataset/uploads_root/prod-svoe-vino-strapi/prod-svoe-vino/strapi/uploads/vinodelnya_myshako_quintessence_gevyurtstraminer_beloe_suhoe_128_2bf3d48221.webp,vinodelnya-myshako-quintessence-gevyurtstraminer-beloe-suhoe-128
dataset/uploads_root/prod-svoe-vino-strapi/prod-svoe-vino/strapi/uploads/vinodelnya_myshako_quintessence_kaberne_sovinon_ripasso_krasnoe_suhoe_152_501be80695.webp,vinodelnya-myshako-quintessence-kaberne-sovinon-ripasso-krasnoe-suhoe-152
dataset/uploads_root/prod-svoe-vino-strapi/prod-svoe-vino/strapi/uploads/vinodelnya_myshako_quintessence_karmener_krasnoe_suhoe_146_199914a91b.webp,vinodelnya-myshako-quintessence-karmener-krasnoe-suhoe-146
dataset/uploads_root/prod-svoe-vino-strapi/prod-svoe-vino/strapi/uploads/vinodelnya_myshako_quintessence_new_generation_brut_white_shardone_igristoe_bryut_beloe_11_a6ff8c556a.webp,vinodelnya-myshako-quintessence-new-generation-brut-white-shardone-beloe-bryut-11
dataset/uploads_root/prod-svoe-vino-strapi/prod-svoe-vino/strapi/uploads/vinodelnya_myshako_quintessence_new_generation_kaberne_fran_krasnoe_suhoe_145_bc712f73ef.webp,vinodelnya-myshako-quintessence-new-generation-kaberne-fran-krasnoe-suhoe-145
dataset/uploads_root/prod-svoe-vino-strapi/prod-svoe-vino/strapi/uploads/vinodelnya_myshako_quintessence_new_generation_risling_zekt_igristoe_bryut_beloe_125_0d819f0e8f.webp,vinodelnya-myshako-quintessence-new-generation-risling-zekt-beloe-bryut-125
dataset/uploads_root/prod-svoe-vino-strapi/prod-svoe-vino/strapi/uploads/vinodelnya_myshako_quintessence_new_generation_semi_dry_rose_pino_nuar_igristoe_polusuhoe_rozovoe_11_541c16ca91.webp,vinodelnya-myshako-quintessence-new-generation-semi-dry-rose-pino-nuar-rozovoe-polusuhoe-11
dataset/uploads_root/prod-svoe-vino-strapi/prod-svoe-vino/strapi/uploads/vinodelnya_myshako_quintessence_new_generation_semi_sweet_white_vione_igristoe_polusladkoe_beloe_11_c6dcae8001.webp,vinodelnya-myshako-quintessence-new-generation-semi-sweet-white-vione-beloe-polusladkoe-11
dataset/uploads_root/prod-svoe-vino-strapi/prod-svoe-vino/strapi/uploads/vinodelnya_myshako_quintessence_new_generation_sovinon_blan_beloe_suhoe_122_c45916b311.webp,vinodelnya-myshako-quintessence-new-generation-sovinon-blan-beloe-suhoe-122
dataset/uploads_root/prod-svoe-vino-strapi/prod-svoe-vino/strapi/uploads/vinodelnya_myshako_quintessence_new_generation_tempranilo_krasnoe_suhoe_134_ca0ba5c298.webp,vinodelnya-myshako-quintessence-new-generation-tempranilo-krasnoe-suhoe-134
dataset/uploads_root/prod-svoe-vino-strapi/prod-svoe-vino/strapi/uploads/vinodelnya_myshako_quintessence_new_generation_zinfandel_igristoe_polusuhoe_rozovoe_115_bc21ec7a08.webp,vinodelnya-myshako-quintessence-new-generation-zinfandel-rozovoe-polusuhoe-115
dataset/uploads_root/prod-svoe-vino-strapi/prod-svoe-vino/strapi/uploads/vinodelnya_myshako_quintessence_reserve_pino_nuar_krasnoe_suhoe_148_cda292ea6f.webp,vinodelnya-myshako-quintessence-reserve-pino-nuar-krasnoe-suhoe-148
dataset/uploads_root/prod-svoe-vino-strapi/prod-svoe-vino/strapi/uploads/vinodelnya_myshako_quintessence_reserve_risling_krasnoe_suhoe_131_b1c7ca6a8c.webp,vinodelnya-myshako-quintessence-reserve-risling-krasnoe-suhoe-131
dataset/uploads_root/prod-svoe-vino-strapi/prod-svoe-vino/strapi/uploads/vinodelnya_myshako_quintessence_shtorm_merlo_krasnoe_sladkoe_147_6c9e12b5a1.webp,vinodelnya-myshako-quintessence-shtorm-merlo-krasnoe-sladkoe-147
dataset/uploads_root/prod-svoe-vino-strapi/prod-svoe-vino/strapi/uploads/vinodelnya_myshako_quintessence_sovinon_blan_bryut_igristoe_bryut_beloe_115_ac2559da70.webp,vinodelnya-myshako-quintessence-sovinon-blan-bryut-beloe-115
dataset/uploads_root/prod-svoe-vino-strapi/prod-svoe-vino/strapi/uploads/vinodelnya_myshako_quintessence_storm_pino_nuar_beloe_suhoe_128_3105847c34.webp,vinodelnya-myshako-quintessence-storm-pino-nuar-beloe-suhoe-128
dataset/uploads_root/prod-svoe-vino-strapi/prod-svoe-vino/strapi/uploads/vinodelnya_myshako_quintessence_storm_shiraz_krasnoe_polusuhoe_15_ac3fdf4813.webp,vinodelnya-myshako-quintessence-storm-shiraz-krasnoe-polusuhoe-15
dataset/uploads_root/prod-svoe-vino-strapi/prod-svoe-vino/strapi/uploads/vinodelnya_myshako_quintessence_vione_beloe_suhoe_128_96e47d89e8.webp,vinodelnya-myshako-quintessence-vione-beloe-suhoe-128
dataset/uploads_root/prod-svoe-vino-strapi/prod-svoe-vino/strapi/uploads/vinodelnya_myshako_quintessence_zinfandel_krasnoe_suhoe_155_1a803d0d96.webp,vinodelnya-myshako-quintessence-zinfandel-krasnoe-suhoe-155
dataset/uploads_root/prod-svoe-vino-strapi/prod-svoe-vino/strapi/uploads/vinodelnya_myshako_risling_beloe_suhoe_123_6680d29abd.webp,vinodelnya-myshako-risling-beloe-suhoe-123
dataset/uploads_root/prod-svoe-vino-strapi/prod-svoe-vino/strapi/uploads/vinodelnya_myshako_risling_blanc_out_beloe_suhoe_145_266fb7c61e.webp,vinodelnya-myshako-risling-blanc-out-beloe-suhoe-145
dataset/uploads_root/prod-svoe-vino-strapi/prod-svoe-vino/strapi/uploads/vinodelnya_myshako_risling_kyuve_bryut_igristoe_bryut_beloe_126_bf3f490c36.webp,vinodelnya-myshako-risling-kyuve-bryut-beloe-126
dataset/uploads_root/prod-svoe-vino-strapi/prod-svoe-vino/strapi/uploads/vinodelnya_myshako_risling_mode_kabinett_beloe_polusuhoe_126_13ef87d688.webp,vinodelnya-myshako-risling-mode-kabinett-beloe-polusuhoe-126
dataset/uploads_root/prod-svoe-vino-strapi/prod-svoe-vino/strapi/uploads/vinodelnya_myshako_rose_de_noirs_pino_nuar_igristoe_bryut_rozovoe_123_5383668bd3.webp,vinodelnya-myshako-rose-de-noirs-pino-nuar-rozovoe-bryut-123
dataset/uploads_root/prod-svoe-vino-strapi/prod-svoe-vino/strapi/uploads/vinodelnya_myshako_rouge_de_noirs_merlo_igristoe_bryut_krasnoe_13_3e3fa77db7.webp,vinodelnya-myshako-rouge-de-noirs-merlo-krasnoe-bryut-13
dataset/uploads_root/prod-svoe-vino-strapi/prod-svoe-vino/strapi/uploads/vinodelnya_myshako_semilon_aligote_reserve_beloe_suhoe_126_f332895d20.webp,vinodelnya-myshako-semilon-aligote-reserve-beloe-suhoe-126
dataset/uploads_root/prod-svoe-vino-strapi/prod-svoe-vino/strapi/uploads/vinodelnya_myshako_sesto_senso_fruktovyy_vzryv_kaberne_sovinon_krasnoe_suhoe_155_1cdb10e46e.webp,vinodelnya-myshako-sesto-senso-fruktovyy-vzryv-kaberne-sovinon-krasnoe-suhoe-155
dataset/uploads_root/prod-svoe-vino-strapi/prod-svoe-vino/strapi/uploads/vinodelnya_myshako_sesto_senso_tropicheskiy_vzryv_gevyurtstraminer_beloe_suhoe_12_a6df063535.webp,vinodelnya-myshako-sesto-senso-tropicheskiy-vzryv-gevyurtstraminer-beloe-suhoe-12
dataset/uploads_root/prod-svoe-vino-strapi/prod-svoe-vino/strapi/uploads/vinodelnya_myshako_sesto_senso_tropicheskiy_vzryv_sovinon_blan_beloe_suhoe_12_d33e41aa16.webp,vinodelnya-myshako-sesto-senso-tropicheskiy-vzryv-sovinon-blan-beloe-suhoe-12
dataset/uploads_root/prod-svoe-vino-strapi/prod-svoe-vino/strapi/uploads/vinodelnya_myshako_sesto_senso_yagodnyy_vzryv_merlo_rozovoe_suhoe_122_fe6bf47e82.webp,vinodelnya-myshako-sesto-senso-yagodnyy-vzryv-merlo-rozovoe-suhoe-122
dataset/uploads_root/prod-svoe-vino-strapi/prod-svoe-vino/strapi/uploads/vinodelnya_myshako_shardone_aligote_kyuve_beloe_suhoe_125_d066e8c407.webp,vinodelnya-myshako-shardone-aligote-kyuve-beloe-suhoe-125
dataset/uploads_root/prod-svoe-vino-strapi/prod-svoe-vino/strapi/uploads/vinodelnya_myshako_shardone_avtorskaya_tehnologiya_beloe_suhoe_155_ddb9b56c41.webp,vinodelnya-myshako-shardone-avtorskaya-tehnologiya-beloe-suhoe-155
dataset/uploads_root/prod-svoe-vino-strapi/prod-svoe-vino/strapi/uploads/vinodelnya_myshako_shardone_beloe_suhoe_123_1b8c3d331b.webp,vinodelnya-myshako-shardone-beloe-suhoe-123
dataset/uploads_root/prod-svoe-vino-strapi/prod-svoe-vino/strapi/uploads/vinodelnya_myshako_shardone_beloe_suhoe_145_f46654064b.webp,vinodelnya-myshako-shardone-beloe-suhoe-145
dataset/uploads_root/prod-svoe-vino-strapi/prod-svoe-vino/strapi/uploads/vinodelnya_myshako_shardone_myshako_grand_rezerv_beloe_suhoe_125_00d560544c.webp,vinodelnya-myshako-shardone-myshako-grand-rezerv-beloe-suhoe-125
dataset/uploads_root/prod-svoe-vino-strapi/prod-svoe-vino/strapi/uploads/vinodelnya_myshako_shiraz_black_out_krasnoe_suhoe_152_117767d8a2.webp,vinodelnya-myshako-shiraz-black-out-krasnoe-suhoe-152
dataset/uploads_root/prod-svoe-vino-strapi/prod-svoe-vino/strapi/uploads/vinodelnya_myshako_shiraz_krasnoe_suhoe_146_6afc4160e3.webp,vinodelnya-myshako-shiraz-krasnoe-suhoe-146
dataset/uploads_root/prod-svoe-vino-strapi/prod-svoe-vino/strapi/uploads/vinodelnya_myshako_sira_marselan_kyuve_krasnoe_suhoe_136_3d66d5fcee.webp,vinodelnya-myshako-sira-marselan-kyuve-krasnoe-suhoe-136
dataset/uploads_root/prod-svoe-vino-strapi/prod-svoe-vino/strapi/uploads/vinodelnya_myshako_sovinon_blan_avtorskaya_tehnologiya_mono_beloe_suhoe_128_1cb66bac07.webp,vinodelnya-myshako-sovinon-blan-avtorskaya-tehnologiya-mono-beloe-suhoe-128
dataset/uploads_root/prod-svoe-vino-strapi/prod-svoe-vino/strapi/uploads/vinodelnya_myshako_sovinon_blan_beloe_suhoe_122_6cfa0eec2c.webp,vinodelnya-myshako-sovinon-blan-beloe-suhoe-122
dataset/uploads_root/prod-svoe-vino-strapi/prod-svoe-vino/strapi/uploads/vinodelnya_myshako_sovinon_blan_blanc_out_beloe_suhoe_138_c0104a89b6.webp,vinodelnya-myshako-sovinon-blan-blanc-out-beloe-suhoe-138
dataset/uploads_root/prod-svoe-vino-strapi/prod-svoe-vino/strapi/uploads/vinodelnya_myshako_sovinon_blan_kyuve_beloe_suhoe_134_2227c5fdb9.webp,vinodelnya-myshako-sovinon-blan-kyuve-beloe-suhoe-134
dataset/uploads_root/prod-svoe-vino-strapi/prod-svoe-vino/strapi/uploads/vinodelnya_myshako_sovinon_blan_mode_cold_style_beloe_suhoe_122_dedad7f0ba.webp,vinodelnya-myshako-sovinon-blan-mode-cold-style-beloe-suhoe-122
dataset/uploads_root/prod-svoe-vino-strapi/prod-svoe-vino/strapi/uploads/vinodelnya_myshako_sovinon_blan_mode_petnat_petnat_bryut_belyy_12_80b3ff02e8.webp,vinodelnya-myshako-sovinon-blan-mode-petnat-beloe-bryut-12
dataset/uploads_root/prod-svoe-vino-strapi/prod-svoe-vino/strapi/uploads/vinodelnya_myshako_sovinon_blan_vione_kyuve_beloe_suhoe_125_f4446c2fcb.webp,vinodelnya-myshako-sovinon-blan-vione-kyuve-beloe-suhoe-125
dataset/uploads_root/prod-svoe-vino-strapi/prod-svoe-vino/strapi/uploads/vinodelnya_myshako_sovinon_semilon_kyuve_sovinon_blan_beloe_suhoe_132_46f2609e02.webp,vinodelnya-myshako-sovinon-semilon-kyuve-sovinon-blan-beloe-suhoe-132
dataset/uploads_root/prod-svoe-vino-strapi/prod-svoe-vino/strapi/uploads/vinodelnya_myshako_tempranilo_rozovoe_suhoe_134_090941fd8c.webp,vinodelnya-myshako-tempranilo-rozovoe-suhoe-134
dataset/uploads_root/prod-svoe-vino-strapi/prod-svoe-vino/strapi/uploads/vinodelnya_myshako_zinfandel_mode_krasnoe_suhoe_148_f6a88f446d.webp,vinodelnya-myshako-zinfandel-mode-krasnoe-suhoe-148
dataset/uploads_root/prod-svoe-vino-strapi/prod-svoe-vino/strapi/uploads/vinodelnya_myshako_zinfandel_mode_petnat_petnat_polusuhoy_rozovyy_12_09340e76e9.webp,vinodelnya-myshako-zinfandel-mode-petnat-rozovoe-polusuhoe-12
dataset/uploads_root/prod-svoe-vino-strapi/prod-svoe-vino/strapi/uploads/vinodelnya_pokrovskaya_marinka_marinovskiy_rozovoe_suhoe_123_90615151cb.webp,vinodelnya-pokrovskaya-marinka-marinovskiy-rozovoe-suhoe-123
dataset/uploads_root/prod-svoe-vino-strapi/prod-svoe-vino/strapi/uploads/vinodelnya_pokrovskaya_pokrovskoe_krasnoe_kaberne_sovinon_krasnoe_suhoe_14_cb8d56d0d7.webp,vinodelnya-pokrovskaya-pokrovskoe-krasnoe-kaberne-sovinon-suhoe-14
dataset/uploads_root/prod-svoe-vino-strapi/prod-svoe-vino/strapi/uploads/vinodelnya_pokrovskaya_pokrovskoe_sladkoe_krasnoe_kaberne_sovinon_krasnoe_sladkoe_13_962487e868.webp,vinodelnya-pokrovskaya-pokrovskoe-sladkoe-krasnoe-kaberne-sovinon-13
dataset/uploads_root/prod-svoe-vino-strapi/prod-svoe-vino/strapi/uploads/vinodelnya_pokrovskaya_risling_pokrovskoe_risling_reynskiy_beloe_suhoe_13_3f7429ad83.webp,vinodelnya-pokrovskaya-risling-pokrovskoe-risling-reynskiy-beloe-suhoe-13
dataset/uploads_root/prod-svoe-vino-strapi/prod-svoe-vino/strapi/uploads/vinodelnya_pokrovskaya_rkatsiteli_shardone_pokrovskoe_beloe_suhoe_13_79b247780d.webp,vinodelnya-pokrovskaya-rkatsiteli-shardone-pokrovskoe-beloe-suhoe-13
dataset/uploads_root/prod-svoe-vino-strapi/prod-svoe-vino/strapi/uploads/vinodelnya_pokrovskaya_rozovoe_marinovskiy_rozovoe_suhoe_135_90ac7e81ce.webp,vinodelnya-pokrovskaya-rozovoe-marinovskiy-suhoe-135
dataset/uploads_root/prod-svoe-vino-strapi/prod-svoe-vino/strapi/uploads/vinodelnya_pokrovskaya_ryzhest_rkatsiteli_beloe_suhoe_11_4e400e23f8.webp,vinodelnya-pokrovskaya-ryzhest-rkatsiteli-beloe-suhoe-11
dataset/uploads_root/prod-svoe-vino-strapi/prod-svoe-vino/strapi/uploads/vinodelnya_pokrovskaya_sovinon_blan_pokrovskoe_beloe_suhoe_12_7798c623a3.webp,vinodelnya-pokrovskaya-sovinon-blan-pokrovskoe-beloe-suhoe-12
dataset/uploads_root/prod-svoe-vino-strapi/prod-svoe-vino/strapi/uploads/vinodelnya_raevskoe_eklego_krasnoe_tempranilo_krasnoe_suhoe_13_a79d22bf66.webp,vinodelnya-raevskoe-eklego-krasnoe-tempranilo-suhoe-13
dataset/uploads_root/prod-svoe-vino-strapi/prod-svoe-vino/strapi/uploads/vinodelnya_raevskoe_genezis_beloe_risling_beloe_suhoe_123_e1e994dbf3.webp,vinodelnya-raevskoe-genezis-beloe-risling-suhoe-123
dataset/uploads_root/prod-svoe-vino-strapi/prod-svoe-vino/strapi/uploads/vinodelnya_raevskoe_genezis_krasnoe_kaberne_sovinon_krasnoe_suhoe_13_16b96ba980.webp,vinodelnya-raevskoe-genezis-krasnoe-kaberne-sovinon-suhoe-13
dataset/uploads_root/prod-svoe-vino-strapi/prod-svoe-vino/strapi/uploads/vinodelnya_raevskoe_genezis_rozovoe_tempranilo_rozovoe_suhoe_117_efc6919077.webp,vinodelnya-raevskoe-genezis-rozovoe-tempranilo-suhoe-117
dataset/uploads_root/prod-svoe-vino-strapi/prod-svoe-vino/strapi/uploads/vinodelnya_raevskoe_glou_krasnoe_merlo_krasnoe_suhoe_14_2560e6ae7b.webp,vinodelnya-raevskoe-glou-krasnoe-merlo-suhoe-14
dataset/uploads_root/prod-svoe-vino-strapi/prod-svoe-vino/strapi/uploads/vinodelnya_raevskoe_parfyum_de_terruar_blansh_vione_beloe_suhoe_12_da74965f85.webp,vinodelnya-raevskoe-parfyum-de-terruar-blansh-vione-beloe-suhoe-12
dataset/uploads_root/prod-svoe-vino-strapi/prod-svoe-vino/strapi/uploads/vinodelnya_raevskoe_parfyum_de_terruar_muskat_muskat_zheltyy_beloe_suhoe_123_b111e93f53.webp,vinodelnya-raevskoe-parfyum-de-terruar-muskat-muskat-zheltyy-beloe-suhoe-123
dataset/uploads_root/prod-svoe-vino-strapi/prod-svoe-vino/strapi/uploads/vinodelnya_raevskoe_parfyum_de_terruar_risling_beloe_suhoe_12_8823716922.webp,vinodelnya-raevskoe-parfyum-de-terruar-risling-beloe-suhoe-12
dataset/uploads_root/prod-svoe-vino-strapi/prod-svoe-vino/strapi/uploads/vinodelnya_raevskoe_parfyum_de_terruar_roze_tempranilo_rozovoe_suhoe_116_3a3a12f03a.webp,vinodelnya-raevskoe-parfyum-de-terruar-roze-tempranilo-rozovoe-suhoe-116
dataset/uploads_root/prod-svoe-vino-strapi/prod-svoe-vino/strapi/uploads/vinodelnya_raevskoe_parfyum_de_terruar_ruzh_tempranilo_krasnoe_suhoe_13_ac22e06bac.webp,vinodelnya-raevskoe-parfyum-de-terruar-ruzh-tempranilo-krasnoe-suhoe-13
dataset/uploads_root/prod-svoe-vino-strapi/prod-svoe-vino/strapi/uploads/vinodelnya_raevskoe_parfyum_de_terruar_sovinon_blan_beloe_suhoe_121_fb61b21cb1.webp,vinodelnya-raevskoe-parfyum-de-terruar-sovinon-blan-beloe-suhoe-121
dataset/uploads_root/prod-svoe-vino-strapi/prod-svoe-vino/strapi/uploads/vinodelnya_raevskoe_renessans_beloe_shardone_beloe_suhoe_126_a8170bcee9.webp,vinodelnya-raevskoe-renessans-beloe-shardone-suhoe-126
dataset/uploads_root/prod-svoe-vino-strapi/prod-svoe-vino/strapi/uploads/vinodelnya_raevskoe_renessans_belyy_blend_risling_beloe_suhoe_121_d72a834899.webp,vinodelnya-raevskoe-renessans-belyy-blend-risling-beloe-suhoe-121
dataset/uploads_root/prod-svoe-vino-strapi/prod-svoe-vino/strapi/uploads/vinodelnya_raevskoe_renessans_blaufrankish_krasnoe_suhoe_128_5debb8fc14.webp,vinodelnya-raevskoe-renessans-blaufrankish-krasnoe-suhoe-128
dataset/uploads_root/prod-svoe-vino-strapi/prod-svoe-vino/strapi/uploads/vinodelnya_raevskoe_renessans_karmener_krasnoe_suhoe_12_690f3e8e78.webp,vinodelnya-raevskoe-renessans-karmener-krasnoe-suhoe-12
dataset/uploads_root/prod-svoe-vino-strapi/prod-svoe-vino/strapi/uploads/vinodelnya_raevskoe_renessans_krasnoe_kaberne_sovinon_krasnoe_suhoe_13_72587cf80e.webp,vinodelnya-raevskoe-renessans-krasnoe-kaberne-sovinon-suhoe-13
dataset/uploads_root/prod-svoe-vino-strapi/prod-svoe-vino/strapi/uploads/vinodelnya_raevskoe_renessans_pino_nuar_krasnoe_suhoe_125_dfbc856fa3.webp,vinodelnya-raevskoe-renessans-pino-nuar-krasnoe-suhoe-125
dataset/uploads_root/prod-svoe-vino-strapi/prod-svoe-vino/strapi/uploads/vinodelnya_raevskoe_renessans_pti_verdo_krasnoe_suhoe_145_f62eb404c2.webp,vinodelnya-raevskoe-renessans-pti-verdo-krasnoe-suhoe-145
dataset/uploads_root/prod-svoe-vino-strapi/prod-svoe-vino/strapi/uploads/vinodelnya_raevskoe_renessans_rozovoe_tempranilo_rozovoe_suhoe_12_a7e60be17a.webp,vinodelnya-raevskoe-renessans-rozovoe-tempranilo-suhoe-12
dataset/uploads_root/prod-svoe-vino-strapi/prod-svoe-vino/strapi/uploads/vinodelnya_raevskoe_renessans_shardone_beloe_suhoe_127_39a51d919c.webp,vinodelnya-raevskoe-renessans-shardone-beloe-suhoe-127
dataset/uploads_root/prod-svoe-vino-strapi/prod-svoe-vino/strapi/uploads/vinodelnya_raevskoe_renessans_shardone_beloe_suhoe_128_47261bcba1.webp,vinodelnya-raevskoe-renessans-shardone-beloe-suhoe-128
dataset/uploads_root/prod-svoe-vino-strapi/prod-svoe-vino/strapi/uploads/vinodelnya_raevskoe_renessans_tempranilo_krasnoe_suhoe_135_eab54b6b7c.webp,vinodelnya-raevskoe-renessans-tempranilo-krasnoe-suhoe-135
dataset/uploads_root/prod-svoe-vino-strapi/prod-svoe-vino/strapi/uploads/vinodelnya_raevskoe_renessans_vione_beloe_suhoe_122_8d857ddfa3.webp,vinodelnya-raevskoe-renessans-vione-beloe-suhoe-122
dataset/uploads_root/prod-svoe-vino-strapi/prod-svoe-vino/strapi/uploads/vinodelnya_uzunov_aligote_beloe_suhoe_127_575bc5c29d.webp,vinodelnya-uzunov-aligote-beloe-suhoe-127
dataset/uploads_root/prod-svoe-vino-strapi/prod-svoe-vino/strapi/uploads/vinodelnya_uzunov_bunt_tsitronnyy_magaracha_beloe_suhoe_132_145bb8e9f1.webp,vinodelnya-uzunov-bunt-tsitronnyy-magaracha-beloe-suhoe-132
dataset/uploads_root/prod-svoe-vino-strapi/prod-svoe-vino/strapi/uploads/vinodelnya_uzunov_bunt_tsitronnyy_magaracha_beloe_suhoe_139_ac9e8f8987.webp,
dataset/uploads_root/prod-svoe-vino-strapi/prod-svoe-vino/strapi/uploads/vinodelnya_uzunov_glad_shardone_igristoe_ekstra_bryut_beloe_127_7d4577552b.webp,vinodelnya-uzunov-glad-shardone-beloe-ekstra-bryut-127
dataset/uploads_root/prod-svoe-vino-strapi/prod-svoe-vino/strapi/uploads/vinodelnya_uzunov_krasa_kaberne_fran_krasnoe_suhoe_129_edc85e43e1.webp,
dataset/uploads_root/prod-svoe-vino-strapi/prod-svoe-vino/strapi/uploads/vinodelnya_uzunov_krasa_kaberne_sovinon_krasnoe_suhoe_125_15d22e77ca.webp,vinodelnya-uzunov-krasa-kaberne-sovinon-krasnoe-suhoe-125
dataset/uploads_root/prod-svoe-vino-strapi/prod-svoe-vino/strapi/uploads/vinodelnya_uzunov_mono_kaberne_sovinon_krasnoe_suhoe_139_42121992a0.webp,vinodelnya-uzunov-mono-kaberne-sovinon-krasnoe-suhoe-139
dataset/uploads_root/prod-svoe-vino-strapi/prod-svoe-vino/strapi/uploads/vinodelnya_uzunov_mono_krasnostop_krasnostop_zolotovskiy_krasnoe_suhoe_139_dc975abb72.webp,vinodelnya-uzunov-mono-krasnostop-krasnostop-zolotovskiy-krasnoe-suhoe-139
dataset/uploads_root/prod-svoe-vino-strapi/prod-svoe-vino/strapi/uploads/vinodelnya_uzunov_mono_saperavi_krasnoe_suhoe_139_f7bdf672a2.webp,vinodelnya-uzunov-mono-saperavi-krasnoe-suhoe-139
dataset/uploads_root/prod-svoe-vino-strapi/prod-svoe-vino/strapi/uploads/vinodelnya_uzunov_nrav_krasnostop_zolotovskiy_krasnoe_suhoe_132_17879d1190.webp,vinodelnya-uzunov-nrav-krasnostop-zolotovskiy-krasnoe-suhoe-132
dataset/uploads_root/prod-svoe-vino-strapi/prod-svoe-vino/strapi/uploads/vinodelnya_uzunov_nrav_rezerv_krasnostop_zolotovskiy_krasnoe_suhoe_139_ef83afb6fb.webp,vinodelnya-uzunov-nrav-rezerv-krasnostop-zolotovskiy-krasnoe-suhoe-139
dataset/uploads_root/prod-svoe-vino-strapi/prod-svoe-vino/strapi/uploads/vinodelnya_uzunov_rash_rezerv_risling_reynskiy_beloe_suhoe_127_a95297272f.webp,vinodelnya-uzunov-rash-rezerv-risling-reynskiy-beloe-suhoe-127
dataset/uploads_root/prod-svoe-vino-strapi/prod-svoe-vino/strapi/uploads/vinodelnya_uzunov_rash_risling_beloe_suhoe_127_f5a419791f.webp,vinodelnya-uzunov-rash-risling-beloe-suhoe-127
dataset/uploads_root/prod-svoe-vino-strapi/prod-svoe-vino/strapi/uploads/vinodelnya_uzunov_roze_ekstra_bryut_kaberne_sovinon_igristoe_ekstra_bryut_rozovoe_127_e1e68b12cc.webp,vinodelnya-uzunov-roze-ekstra-bryut-kaberne-sovinon-rozovoe-127
dataset/uploads_root/prod-svoe-vino-strapi/prod-svoe-vino/strapi/uploads/vinodelnya_uzunov_roze_kaberne_sovinon_rozovoe_ekstra_bryut_127_e0dd672da2.webp,
dataset/uploads_root/prod-svoe-vino-strapi/prod-svoe-vino/strapi/uploads/vinodelnya_uzunov_shardone_rezerv_beloe_suhoe_135_80bc6fe151.webp,vinodelnya-uzunov-shardone-rezerv-beloe-suhoe-135
dataset/uploads_root/prod-svoe-vino-strapi/prod-svoe-vino/strapi/uploads/vinodelnya_uzunov_sovinon_blan_beloe_suhoe_125_9fd4593469.webp,vinodelnya-uzunov-sovinon-blan-beloe-suhoe-125
dataset/uploads_root/prod-svoe-vino-strapi/prod-svoe-vino/strapi/uploads/vinodelnya_uzunov_sovinon_kukuoba_sovinon_blan_beloe_ekstra_bryut_12_afc1102ff2.webp,vinodelnya-uzunov-sovinon-kukuoba-sovinon-blan-beloe-ekstra-bryut-12
dataset/uploads_root/prod-svoe-vino-strapi/prod-svoe-vino/strapi/uploads/vinodelnya_vedernikov_5050_tsimlyanskiy_sibirkovyy_ekstra_bryut_beloe_12_9cb05a5a09.webp,vinodelnya-vedernikov-5050-tsimlyanskiy-sibirkovyy-ekstra-bryut-beloe-12
dataset/uploads_root/prod-svoe-vino-strapi/prod-svoe-vino/strapi/uploads/vinodelnya_vedernikov_fantom_3070_krasnostop_zolotovskiy_krasnoe_suhoe_145_6c9dfe89bd.webp,vinodelnya-vedernikov-fantom-3070-krasnostop-zolotovskiy-krasnoe-suhoe-145
dataset/uploads_root/prod-svoe-vino-strapi/prod-svoe-vino/strapi/uploads/vinodelnya_vedernikov_fantom_5050_krasnostop_zolotovskiy_krasnoe_suhoe_145_54e6aa9638.webp,vinodelnya-vedernikov-fantom-5050-krasnostop-zolotovskiy-krasnoe-suhoe-145
dataset/uploads_root/prod-svoe-vino-strapi/prod-svoe-vino/strapi/uploads/vinodelnya_vedernikov_fantom_7030_krasnostop_zolotovskiy_krasnoe_suhoe_15_4431943ad0.webp,vinodelnya-vedernikov-fantom-7030-krasnostop-zolotovskiy-krasnoe-suhoe-15
dataset/uploads_root/prod-svoe-vino-strapi/prod-svoe-vino/strapi/uploads/vinodelnya_vedernikov_gubernatorskiy_rezerv_beloe_risling_suhoe_12_280641b281.webp,vinodelnya-vedernikov-gubernatorskiy-rezerv-beloe-risling-suhoe-12
dataset/uploads_root/prod-svoe-vino-strapi/prod-svoe-vino/strapi/uploads/vinodelnya_vedernikov_gubernatorskiy_rezerv_krasnoe_kaberne_sovinon_suhoe_14_35b1c6ebda.webp,vinodelnya-vedernikov-gubernatorskiy-rezerv-krasnoe-kaberne-sovinon-suhoe-14
dataset/uploads_root/prod-svoe-vino-strapi/prod-svoe-vino/strapi/uploads/vinodelnya_vedernikov_gubernatorskoe_golubok_krasnoe_suhoe_11_35f666fa86.webp,vinodelnya-vedernikov-gubernatorskoe-golubok-krasnoe-suhoe-11
dataset/uploads_root/prod-svoe-vino-strapi/prod-svoe-vino/strapi/uploads/vinodelnya_vedernikov_gubernatorskoe_kaberne_krasnostop_zolotovskiy_krasnoe_suhoe_12_62ddf16cc6.webp,vinodelnya-vedernikov-gubernatorskoe-kaberne-krasnostop-zolotovskiy-krasnoe-suhoe-12
dataset/uploads_root/prod-svoe-vino-strapi/prod-svoe-vino/strapi/uploads/vinodelnya_vedernikov_gubernatorskoe_risling_beloe_suhoe_12_43f9820281.webp,vinodelnya-vedernikov-gubernatorskoe-risling-beloe-suhoe-12
dataset/uploads_root/prod-svoe-vino-strapi/prod-svoe-vino/strapi/uploads/vinodelnya_vedernikov_gubernatorskoe_rkatsiteli_beloe_suhoe_13_3e2b70fdee.webp,vinodelnya-vedernikov-gubernatorskoe-rkatsiteli-beloe-suhoe-13
dataset/uploads_root/prod-svoe-vino-strapi/prod-svoe-vino/strapi/uploads/vinodelnya_vedernikov_gubernatorskoe_rozovoe_tsimlyanskiy_chernyy_suhoe_11_46e399ed48.webp,vinodelnya-vedernikov-gubernatorskoe-rozovoe-tsimlyanskiy-chernyy-suhoe-11
dataset/uploads_root/prod-svoe-vino-strapi/prod-svoe-vino/strapi/uploads/vinodelnya_vedernikov_kaberne_sovinon_krasnoe_suhoe_14_bf65626333.webp,vinodelnya-vedernikov-kaberne-sovinon-krasnoe-suhoe-14
dataset/uploads_root/prod-svoe-vino-strapi/prod-svoe-vino/strapi/uploads/vinodelnya_vedernikov_krasnostop_zolotovskiy_krasnoe_suhoe_13_a05fcccc58.webp,vinodelnya-vedernikov-krasnostop-zolotovskiy-krasnoe-suhoe-13
dataset/uploads_root/prod-svoe-vino-strapi/prod-svoe-vino/strapi/uploads/vinodelnya_vedernikov_krasnostop_zolotovskiy_rezerv_krasnoe_suhoe_15_d809aa8af8.webp,vinodelnya-vedernikov-krasnostop-zolotovskiy-rezerv-krasnoe-suhoe-15
dataset/uploads_root/prod-svoe-vino-strapi/prod-svoe-vino/strapi/uploads/vinodelnya_vedernikov_krasnostop_zolotovskiy_roze_rozovoe_suhoe_12_eb54b43c4b.webp,vinodelnya-vedernikov-krasnostop-zolotovskiy-roze-rozovoe-suhoe-12
dataset/uploads_root/prod-svoe-vino-strapi/prod-svoe-vino/strapi/uploads/vinodelnya_vedernikov_pravoberezhnoe_beloe_aligote_suhoe_13_bc8750c1c8.webp,vinodelnya-vedernikov-pravoberezhnoe-beloe-aligote-suhoe-13
dataset/uploads_root/prod-svoe-vino-strapi/prod-svoe-vino/strapi/uploads/vinodelnya_vedernikov_pravoberezhnoe_krasnoe_kaberne_sovinon_suhoe_145_75edc6fd6c.webp,vinodelnya-vedernikov-pravoberezhnoe-krasnoe-kaberne-sovinon-suhoe-145
dataset/uploads_root/prod-svoe-vino-strapi/prod-svoe-vino/strapi/uploads/vinodelnya_vedernikov_rkatsiteli_beloe_suhoe_13_f4d5d4e613.webp,vinodelnya-vedernikov-rkatsiteli-beloe-suhoe-13
dataset/uploads_root/prod-svoe-vino-strapi/prod-svoe-vino/strapi/uploads/vinodelnya_vedernikov_sibirkovyy_aligote_beloe_bryut_117_e6cc15c360.webp,vinodelnya-vedernikov-sibirkovyy-aligote-beloe-bryut-117
dataset/uploads_root/prod-svoe-vino-strapi/prod-svoe-vino/strapi/uploads/vinodelnya_vedernikov_sibirkovyy_beloe_suhoe_11_1b751f8d90.webp,vinodelnya-vedernikov-sibirkovyy-beloe-suhoe-11
dataset/uploads_root/prod-svoe-vino-strapi/prod-svoe-vino/strapi/uploads/vinodelnya_vedernikov_sibirkovyy_ekstra_bryut_beloe_117_5f7d82bd4f.webp,vinodelnya-vedernikov-sibirkovyy-ekstra-bryut-beloe-117
dataset/uploads_root/prod-svoe-vino-strapi/prod-svoe-vino/strapi/uploads/vinodelnya_vedernikov_tsimlyanskiy_chernyy_blanc_de_noirs_beloe_bryut_117_eb7b9970f8.webp,vinodelnya-vedernikov-tsimlyanskiy-chernyy-blanc-de-noirs-beloe-bryut-117
dataset/uploads_root/prod-svoe-vino-strapi/prod-svoe-vino/strapi/uploads/vinodelnya_vedernikov_tsimlyanskiy_chernyy_bryut_roze_igristoe_bryut_rozovoe_14_5478e43eff.webp,vinodelnya-vedernikov-tsimlyanskiy-chernyy-bryut-roze-rozovoe-14
dataset/uploads_root/prod-svoe-vino-strapi/prod-svoe-vino/strapi/uploads/vinodelnya_vedernikov_tsimlyanskiy_chernyy_bryut_roze_rozovoe_129_075d159ef0.webp,vinodelnya-vedernikov-tsimlyanskiy-chernyy-bryut-roze-rozovoe-129
dataset/uploads_root/prod-svoe-vino-strapi/prod-svoe-vino/strapi/uploads/vinodelnya_vedernikov_tsimlyanskiy_chernyy_rezerv_krasnoe_suhoe_145_c7141a2860.webp,vinodelnya-vedernikov-tsimlyanskiy-chernyy-rezerv-krasnoe-suhoe-145
dataset/uploads_root/prod-svoe-vino-strapi/prod-svoe-vino/strapi/uploads/vinodelnya_vedernikov_tsimlyanskiy_chernyy_rozovyy_rozovoe_suhoe_125_c3e94b0098.webp,vinodelnya-vedernikov-tsimlyanskiy-chernyy-rozovyy-rozovoe-suhoe-125
dataset/uploads_root/prod-svoe-vino-strapi/prod-svoe-vino/strapi/uploads/vinodelnya_vedernikov_vedernikov_dolina_dona_beloe_suhoe_aligote_12_e8c5795ff3.webp,vinodelnya-vedernikov-vedernikov-dolina-dona-beloe-suhoe-aligote-12
dataset/uploads_root/prod-svoe-vino-strapi/prod-svoe-vino/strapi/uploads/vinodelnya_vedernikov_vedernikov_dolina_dona_krasnoe_suhoe_kaberne_sovinon_125_61017e5b54.webp,vinodelnya-vedernikov-vedernikov-dolina-dona-krasnoe-suhoe-kaberne-sovinon-125
dataset/uploads_root/prod-svoe-vino-strapi/prod-svoe-vino/strapi/uploads/vinodelnya_vedernikov_vedernikov_gubernatorskoe_golubok_krasnoe_suhoe_115_8c9f5c5b2a.webp,vinodelnya-vedernikov-vedernikov-gubernatorskoe-golubok-krasnoe-suhoe-115
dataset/uploads_root/prod-svoe-vino-strapi/prod-svoe-vino/strapi/uploads/vinodelnya_vedernikov_vedernikov_gubernatorskoe_rezerv_kaberne_sovinon_krasnoe_suhoe_14_89b77c35e7.webp,vinodelnya-vedernikov-vedernikov-gubernatorskoe-rezerv-kaberne-sovinon-krasnoe-suhoe-14
dataset/uploads_root/prod-svoe-vino-strapi/prod-svoe-vino/strapi/uploads/vinodelnya_vedernikov_vedernikov_kaberne_sovinon_krasnoe_suhoe_145_1833c3f20b.webp,vinodelnya-vedernikov-vedernikov-kaberne-sovinon-krasnoe-suhoe-145
dataset/uploads_root/prod-svoe-vino-strapi/prod-svoe-vino/strapi/uploads/vinodelnya_vedernikov_vedernikov_krasnostop_zolotovskiy_krasnoe_suhoe_145_07aa21a458.webp,vinodelnya-vedernikov-vedernikov-krasnostop-zolotovskiy-krasnoe-suhoe-145
dataset/uploads_root/prod-svoe-vino-strapi/prod-svoe-vino/strapi/uploads/vinodelnya_vedernikov_vedernikov_krasnostop_zolotovskiy_magnum_krasnoe_suhoe_145_8e7ef2fb06.webp,vinodelnya-vedernikov-vedernikov-krasnostop-zolotovskiy-magnum-krasnoe-suhoe-145
dataset/uploads_root/prod-svoe-vino-strapi/prod-svoe-vino/strapi/uploads/vinodelnya_vedernikov_vedernikov_pet_nat_golubok_krasnyy_bryut_krasnoe_suhoe_13_59ca83550f.webp,vinodelnya-vedernikov-vedernikov-pet-nat-golubok-krasnyy-bryut-krasnoe-suhoe-13
dataset/uploads_root/prod-svoe-vino-strapi/prod-svoe-vino/strapi/uploads/vinodelnya_vedernikov_vedernikov_pet_nat_platovskiy_aligote_bryut_beloe_suhoe_10_d5c01e9bdf.webp,vinodelnya-vedernikov-vedernikov-pet-nat-platovskiy-aligote-bryut-beloe-suhoe-10
dataset/uploads_root/prod-svoe-vino-strapi/prod-svoe-vino/strapi/uploads/vinodelnya_vedernikov_vedernikov_puhlyakovskiy_beloe_suhoe_12_f332a8999d.webp,vinodelnya-vedernikov-vedernikov-puhlyakovskiy-beloe-suhoe-12
dataset/uploads_root/prod-svoe-vino-strapi/prod-svoe-vino/strapi/uploads/vinodelnya_vedernikov_vedernikov_tsimlyanskiy_chyornyy_bryut_roze_2_tsimlyanskiy_chernyy_rozovoe_12_f890d2ca11.webp,vinodelnya-vedernikov-vedernikov-tsimlyanskiy-chyornyy-bryut-roze-2-tsimlyanskiy-chernyy-rozovoe-12
dataset/uploads_root/prod-svoe-vino-strapi/prod-svoe-vino/strapi/uploads/vinodelnya_vedernikov_vedernikov_tsimlyanskiy_chyornyy_bryut_roze_tsimlyanskiy_chernyy_rozovoe_12_62efb1454a.webp,vinodelnya-vedernikov-vedernikov-tsimlyanskiy-chyornyy-bryut-roze-tsimlyanskiy-chernyy-rozovoe-12
dataset/uploads_root/prod-svoe-vino-strapi/prod-svoe-vino/strapi/uploads/vinodelnya_vedernikov_vedernikov_tsimlyanskiy_chyornyy_bryut_tsimlyanskiy_chernyy_beloe_12_94126ea6cf.webp,vinodelnya-vedernikov-vedernikov-tsimlyanskiy-chyornyy-bryut-tsimlyanskiy-chernyy-beloe-12
dataset/uploads_root/prod-svoe-vino-strapi/prod-svoe-vino/strapi/uploads/vinodelnya_vedernikov_vinodelnya_vedernikov_pet_nat_roze_tsimlyanskiy_chernyy_rozovoe_suhoe_12_647e4c90d6.webp,vinodelnya-vedernikov-vinodelnya-vedernikov-pet-nat-roze-tsimlyanskiy-chernyy-rozovoe-suhoe-12
dataset/uploads_root/prod-svoe-vino-strapi/prod-svoe-vino/strapi/uploads/vinodelnya_vedernikov_vinodelnya_vedernikov_tsimlyanskiy_chernyy_sibirkovyy_ekstra_bryut_beloe_13_8299616071.webp,vinodelnya-vedernikov-vinodelnya-vedernikov-tsimlyanskiy-chernyy-sibirkovyy-ekstra-bryut-beloe-13
dataset/uploads_root/prod-svoe-vino-strapi/prod-svoe-vino/strapi/uploads/vinodelnya_zhakov_fresherst_saperavi_krasnoe_suhoe_118_cfbb8e6d1d.webp,vinodelnya-zhakov-fresherst-saperavi-krasnoe-suhoe-118
dataset/uploads_root/prod-svoe-vino-strapi/prod-svoe-vino/strapi/uploads/vinodelnya_zhakov_karbon_saperavi_krasnoe_suhoe_126_7c676ef0b4.webp,vinodelnya-zhakov-karbon-saperavi-krasnoe-suhoe-126
dataset/uploads_root/prod-svoe-vino-strapi/prod-svoe-vino/strapi/uploads/vinodelnya_zhakov_kokurkod_beloe_suhoe_118_f912412bcd.webp,vinodelnya-zhakov-kokurkod-beloe-suhoe-118
dataset/uploads_root/prod-svoe-vino-strapi/prod-svoe-vino/strapi/uploads/vinodelnya_zhakov_logovo_saperavi_krasnoe_suhoe_126_4ac26ab1e4.webp,vinodelnya-zhakov-logovo-saperavi-krasnoe-suhoe-126
dataset/uploads_root/prod-svoe-vino-strapi/prod-svoe-vino/strapi/uploads/vinodelnya_zhakov_neoranzh_vostorg_beloe_suhoe_123_daeaeb297b.webp,vinodelnya-zhakov-neoranzh-vostorg-beloe-suhoe-123
dataset/uploads_root/prod-svoe-vino-strapi/prod-svoe-vino/strapi/uploads/vinodelnya_zhakov_rkatsiteli_eskeyp_krasnoe_suhoe_119_0b92b05d72.webp,vinodelnya-zhakov-rkatsiteli-eskeyp-krasnoe-suhoe-119
dataset/uploads_root/prod-svoe-vino-strapi/prod-svoe-vino/strapi/uploads/vinodelnya_zhakov_rozeo_saperavi_rozovoe_suhoe_115_6728000363.webp,vinodelnya-zhakov-rozeo-saperavi-rozovoe-suhoe-115
dataset/uploads_root/prod-svoe-vino-strapi/prod-svoe-vino/strapi/uploads/vinodelnya_zhakov_saperavi_escape_krasnoe_suhoe_127_49559b52aa.webp,vinodelnya-zhakov-saperavi-escape-krasnoe-suhoe-127
dataset/uploads_root/prod-svoe-vino-strapi/prod-svoe-vino/strapi/uploads/vinodelnya_zhakov_saperavi_krasnoe_suhoe_126_0231863a40.webp,vinodelnya-zhakov-saperavi-krasnoe-suhoe-126
dataset/uploads_root/prod-svoe-vino-strapi/prod-svoe-vino/strapi/uploads/vinodelnya_zhakov_saperavi_vyderzhannoe_krasnoe_suhoe_115_f5a569eab1.webp,vinodelnya-zhakov-saperavi-vyderzhannoe-krasnoe-suhoe-115
dataset/uploads_root/prod-svoe-vino-strapi/prod-svoe-vino/strapi/uploads/vinodelnya_zhakov_shardone_eskeyp_beloe_suhoe_12_5ce6664768.webp,vinodelnya-zhakov-shardone-eskeyp-beloe-suhoe-12
dataset/uploads_root/prod-svoe-vino-strapi/prod-svoe-vino/strapi/uploads/vinodelnya_zhakov_tavkveri_escape_krasnoe_suhoe_117_b6800294d6.webp,vinodelnya-zhakov-tavkveri-escape-krasnoe-suhoe-117
dataset/uploads_root/prod-svoe-vino-strapi/prod-svoe-vino/strapi/uploads/vinodelnya_zhakov_vostorg_beloe_suhoe_116_d4de151c7e.webp,vinodelnya-zhakov-vostorg-beloe-suhoe-116
dataset/uploads_root/prod-svoe-vino-strapi/prod-svoe-vino/strapi/uploads/vinogr_07_30b6f3f765.webp,
dataset/uploads_root/prod-svoe-vino-strapi/prod-svoe-vino/strapi/uploads/vinogr_07_3d92f46401.webp,
dataset/uploads_root/prod-svoe-vino-strapi/prod-svoe-vino/strapi/uploads/vinograd_credit_Azerbaijan_Tourist_Board_fdccd9bf10.webp,
dataset/uploads_root/prod-svoe-vino-strapi/prod-svoe-vino/strapi/uploads/vinogradnik_1_36a2a92fec.webp,
dataset/uploads_root/prod-svoe-vino-strapi/prod-svoe-vino/strapi/uploads/vinogradnik_2_acc8af4241.webp,
dataset/uploads_root/prod-svoe-vino-strapi/prod-svoe-vino/strapi/uploads/vinogradniki_13_34ed4d08ff.webp,
dataset/uploads_root/prod-svoe-vino-strapi/prod-svoe-vino/strapi/uploads/vinogradniki_31_560d46435d.webp,
dataset/uploads_root/prod-svoe-vino-strapi/prod-svoe-vino/strapi/uploads/vinogradniki_3_98d9bada8d.webp,
dataset/uploads_root/prod-svoe-vino-strapi/prod-svoe-vino/strapi/uploads/vinogradniki_gay_kodzora_elegance_rose_de_gai_kodzor_sira_rozovoe_suhoe_125_5f5dbbbf70.webp,vinogradniki-gay-kodzora-elegance-rose-de-gai-kodzor-sira-rozovoe-suhoe-125
dataset/uploads_root/prod-svoe-vino-strapi/prod-svoe-vino/strapi/uploads/vinogradniki_gay_kodzora_gewurztraminer_de_gai_kodzor_gevyurtstraminer_beloe_polusuhoe_135_2e99cb319b.webp,vinogradniki-gay-kodzora-gewurztraminer-de-gai-kodzor-gevyurtstraminer-beloe-polusuhoe-135
dataset/uploads_root/prod-svoe-vino-strapi/prod-svoe-vino/strapi/uploads/vinogradniki_gay_kodzora_malbec_de_gai_kodzor_malbek_krasnoe_suhoe_135_5a017ab36f.webp,vinogradniki-gay-kodzora-malbec-de-gai-kodzor-malbek-krasnoe-suhoe-135
dataset/uploads_root/prod-svoe-vino-strapi/prod-svoe-vino/strapi/uploads/vinogradniki_gay_kodzora_malbec_red_klen_de_gai_kodzor_malbek_krasnoe_suhoe_135_88285a40f2.webp,vinogradniki-gay-kodzora-malbec-red-klen-de-gai-kodzor-malbek-krasnoe-suhoe-135
dataset/uploads_root/prod-svoe-vino-strapi/prod-svoe-vino/strapi/uploads/vinogradniki_gay_kodzora_muscat_de_gai_kodzor_sladkiy_muskat_aleksandriyskiy_beloe_sladkoe_14_b6db28874b.webp,vinogradniki-gay-kodzora-muscat-de-gai-kodzor-sladkiy-muskat-aleksandriyskiy-beloe-sladkoe-14
dataset/uploads_root/prod-svoe-vino-strapi/prod-svoe-vino/strapi/uploads/vinogradniki_gay_kodzora_muscat_ga_kodzor_muskat_melkozernistyy_beloe_suhoe_12_b15bbb92d8.webp,vinogradniki-gay-kodzora-muscat-ga-kodzor-muskat-melkozernistyy-beloe-suhoe-12
dataset/uploads_root/prod-svoe-vino-strapi/prod-svoe-vino/strapi/uploads/vinogradniki_gay_kodzora_rose_cuvee_prestige_de_gai_kodzor_murvedr_rozovoe_suhoe_13_fd29618965.webp,vinogradniki-gay-kodzora-rose-cuvee-prestige-de-gai-kodzor-murvedr-rozovoe-suhoe-13
dataset/uploads_root/prod-svoe-vino-strapi/prod-svoe-vino/strapi/uploads/vinogradniki_gay_kodzora_rose_de_gai_kodzor_grenash_rozovoe_suhoe_125_c757714c6a.webp,vinogradniki-gay-kodzora-rose-de-gai-kodzor-grenash-rozovoe-suhoe-125
dataset/uploads_root/prod-svoe-vino-strapi/prod-svoe-vino/strapi/uploads/vinogradniki_gay_kodzora_sauvignon_blanc_de_ga_kodzor_sovinon_blan_beloe_suhoe_12_b968e9c060.webp,vinogradniki-gay-kodzora-sauvignon-blanc-de-ga-kodzor-sovinon-blan-beloe-suhoe-12
dataset/uploads_root/prod-svoe-vino-strapi/prod-svoe-vino/strapi/uploads/vinogradniki_gay_kodzora_semillion_de_gai_kodzor_semilon_beloe_sladkoe_12_61091f4885.webp,vinogradniki-gay-kodzora-semillion-de-gai-kodzor-semilon-beloe-sladkoe-12
dataset/uploads_root/prod-svoe-vino-strapi/prod-svoe-vino/strapi/uploads/vinogradniki_gay_kodzora_terroir_blanc_de_ga_kodzor_semilon_beloe_suhoe_13_e642b358c7.webp,vinogradniki-gay-kodzora-terroir-blanc-de-ga-kodzor-semilon-beloe-suhoe-13
dataset/uploads_root/prod-svoe-vino-strapi/prod-svoe-vino/strapi/uploads/vinogradniki_gay_kodzora_terroir_de_gai_kodzor_sira_krasnoe_suhoe_14_f2d3a63dff.webp,vinogradniki-gay-kodzora-terroir-de-gai-kodzor-sira-krasnoe-suhoe-14
dataset/uploads_root/prod-svoe-vino-strapi/prod-svoe-vino/strapi/uploads/vinogradniki_gay_kodzora_terroir_red_klyon_de_ga_kodzor_sira_krasnoe_suhoe_14_715bb0e9f8.webp,vinogradniki-gay-kodzora-terroir-red-klyon-de-ga-kodzor-sira-krasnoe-suhoe-14
dataset/uploads_root/prod-svoe-vino-strapi/prod-svoe-vino/strapi/uploads/vinogradniki_gay_kodzora_viognier_de_ga_kodzor_vione_beloe_suhoe_125_b8fae3d571.webp,vinogradniki-gay-kodzora-viognier-de-ga-kodzor-vione-beloe-suhoe-125
dataset/uploads_root/prod-svoe-vino-strapi/prod-svoe-vino/strapi/uploads/vinogradniki_kombajn_ed518c35d9.webp,
dataset/uploads_root/prod-svoe-vino-strapi/prod-svoe-vino/strapi/uploads/vinogradniki_starye_lozy1_6774a6f9b8.webp,
dataset/uploads_root/prod-svoe-vino-strapi/prod-svoe-vino/strapi/uploads/vinoinebo_2_belyj_png_f8e3ab0f04.webp,
dataset/uploads_root/prod-svoe-vino-strapi/prod-svoe-vino/strapi/uploads/vishnevaya_nastrojka_656ae1a1da.webp,
dataset/uploads_root/prod-svoe-vino-strapi/prod-svoe-vino/strapi/uploads/vivi_no_bg_preview_carve_photos_dc2346510b.webp,viognier-special-reserve
dataset/uploads_root/prod-svoe-vino-strapi/prod-svoe-vino/strapi/uploads/vliyanie_alkogolya_na_mozg_0c84476bab.webp,
dataset/uploads_root/prod-svoe-vino-strapi/prod-svoe-vino/strapi/uploads/vnd_a91d8259d0.webp,
dataset/uploads_root/prod-svoe-vino-strapi/prod-svoe-vino/strapi/uploads/vnd_d4ef5254a2.webp,
dataset/uploads_root/prod-svoe-vino-strapi/prod-svoe-vino/strapi/uploads/volgograd_bfa057a0fe.webp,
dataset/uploads_root/prod-svoe-vino-strapi/prod-svoe-vino/strapi/uploads/volgograd_f6a44e0132.webp,
dataset/uploads_root/prod-svoe-vino-strapi/prod-svoe-vino/strapi/uploads/voronej_846638e90b.webp,
dataset/uploads_root/prod-svoe-vino-strapi/prod-svoe-vino/strapi/uploads/voronej_c767bf6c42.webp,
dataset/uploads_root/prod-svoe-vino-strapi/prod-svoe-vino/strapi/uploads/vyduvaet_steklo_II_459dd7ec36.webp,
dataset/uploads_root/prod-svoe-vino-strapi/prod-svoe-vino/strapi/uploads/vysshego_kachestva_Koktybel_no_bg_preview_3003fa92b7.webp,
dataset/uploads_root/prod-svoe-vino-strapi/prod-svoe-vino/strapi/uploads/w7tmyrekkp33oze14ndeydmty9s2ckh8_5fd3a0d649.webp,
dataset/uploads_root/prod-svoe-vino-strapi/prod-svoe-vino/strapi/uploads/wdebbrelm381gmeky23cubfolec4po46_f48f978de3.webp,
dataset/uploads_root/prod-svoe-vino-strapi/prod-svoe-vino/strapi/uploads/wein_und_wasser_vayn_taym_sira_krym_krasnoe_suhoe_13_375652c038.webp,wein-und-wasser-vayn-taym-sira-krym-krasnoe-suhoe-13
dataset/uploads_root/prod-svoe-vino-strapi/prod-svoe-vino/strapi/uploads/wein_und_wasser_vayn_taym_sovinon_blan_krym_beloe_suhoe_12_a4ab928b4f.webp,wein-und-wasser-vayn-taym-sovinon-blan-krym-beloe-suhoe-12
dataset/uploads_root/prod-svoe-vino-strapi/prod-svoe-vino/strapi/uploads/wine_Article_Cards_01_f63e729674.png,
dataset/uploads_root/prod-svoe-vino-strapi/prod-svoe-vino/strapi/uploads/wine_Article_Cards_02_37ad985f7b_fb82e68657.webp,
dataset/uploads_root/prod-svoe-vino-strapi/prod-svoe-vino/strapi/uploads/wine_Article_Cards_03_bac9c79343_2a3044922d.webp,
dataset/uploads_root/prod-svoe-vino-strapi/prod-svoe-vino/strapi/uploads/wine_Article_Cards_04_3f60a83a80_b276bfae6d.webp,
dataset/uploads_root/prod-svoe-vino-strapi/prod-svoe-vino/strapi/uploads/wine_Article_Cards_05_b0094f9e41_2e3568da7c.webp,
dataset/uploads_root/prod-svoe-vino-strapi/prod-svoe-vino/strapi/uploads/wine_Article_Cards_06_00d75d6d8d_8a691616b8.webp,
dataset/uploads_root/prod-svoe-vino-strapi/prod-svoe-vino/strapi/uploads/wine_Article_Cards_07_2_c41b366322.png,
dataset/uploads_root/prod-svoe-vino-strapi/prod-svoe-vino/strapi/uploads/wine_Article_Cards_07_2_fa44432370_10073b9ef7_d3929263f9.webp,
dataset/uploads_root/prod-svoe-vino-strapi/prod-svoe-vino/strapi/uploads/wine_Article_Cards_08_19bca9cad6_beb28413f6.webp,
dataset/uploads_root/prod-svoe-vino-strapi/prod-svoe-vino/strapi/uploads/wine_Article_Cards_09_48065a2c73_6f98e331ab.webp,
dataset/uploads_root/prod-svoe-vino-strapi/prod-svoe-vino/strapi/uploads/wine_Article_Cards_10_efd6afd4f3_57d78b2f73.webp,
dataset/uploads_root/prod-svoe-vino-strapi/prod-svoe-vino/strapi/uploads/wine_Article_Cards_11_5c592d75a5.webp,
dataset/uploads_root/prod-svoe-vino-strapi/prod-svoe-vino/strapi/uploads/wine_Article_Cards_12_1_51cf3628c1.webp,
dataset/uploads_root/prod-svoe-vino-strapi/prod-svoe-vino/strapi/uploads/wine_Article_Cards_13_1_f0d4376a47.webp,
dataset/uploads_root/prod-svoe-vino-strapi/prod-svoe-vino/strapi/uploads/wine_Article_Cards_14_1_17c057bb7b.webp,
dataset/uploads_root/prod-svoe-vino-strapi/prod-svoe-vino/strapi/uploads/wine_Article_Cards_16_2_af24978226.webp,
dataset/uploads_root/prod-svoe-vino-strapi/prod-svoe-vino/strapi/uploads/wine_Article_Cards_17_1_09058fb6b4.webp,
dataset/uploads_root/prod-svoe-vino-strapi/prod-svoe-vino/strapi/uploads/wine_Article_Cards_17_1_1107d2e15a.webp,
dataset/uploads_root/prod-svoe-vino-strapi/prod-svoe-vino/strapi/uploads/wine_Article_Cards_17_44d9f87b5b.webp,
dataset/uploads_root/prod-svoe-vino-strapi/prod-svoe-vino/strapi/uploads/wine_Article_Cards_22_bb9989384d.webp,
dataset/uploads_root/prod-svoe-vino-strapi/prod-svoe-vino/strapi/uploads/wine_Article_Cards_23_7953fd0edd.webp,
dataset/uploads_root/prod-svoe-vino-strapi/prod-svoe-vino/strapi/uploads/wine_Article_Cards_24_57fd2f684f.webp,
dataset/uploads_root/prod-svoe-vino-strapi/prod-svoe-vino/strapi/uploads/wine_Article_Cards_25_5b606ce98f.webp,
dataset/uploads_root/prod-svoe-vino-strapi/prod-svoe-vino/strapi/uploads/wine_Article_Cards_28_280ca45db1.webp,
dataset/uploads_root/prod-svoe-vino-strapi/prod-svoe-vino/strapi/uploads/wine_Article_Cards_29_514168b10e.webp,
dataset/uploads_root/prod-svoe-vino-strapi/prod-svoe-vino/strapi/uploads/wine_Article_Cards_30_3a229651bc.webp,
dataset/uploads_root/prod-svoe-vino-strapi/prod-svoe-vino/strapi/uploads/wine_Article_Cards_30_77aa1181f2.webp,
dataset/uploads_root/prod-svoe-vino-strapi/prod-svoe-vino/strapi/uploads/wine_Article_Cards_30_841eaacab9.webp,
dataset/uploads_root/prod-svoe-vino-strapi/prod-svoe-vino/strapi/uploads/wine_Article_Cards_30_fdcf419491.webp,
dataset/uploads_root/prod-svoe-vino-strapi/prod-svoe-vino/strapi/uploads/wine_Article_Cards_32_2dd62469f7.webp,
dataset/uploads_root/prod-svoe-vino-strapi/prod-svoe-vino/strapi/uploads/wine_ahead_beer_19a2bb87b5.webp,
dataset/uploads_root/prod-svoe-vino-strapi/prod-svoe-vino/strapi/uploads/wine_ahead_beer_27d0d48120.webp,
dataset/uploads_root/prod-svoe-vino-strapi/prod-svoe-vino/strapi/uploads/wine_ahead_beer_82a588702d.webp,
dataset/uploads_root/prod-svoe-vino-strapi/prod-svoe-vino/strapi/uploads/wine_folly_2026_08_13_c3bcdf7933.webp,
dataset/uploads_root/prod-svoe-vino-strapi/prod-svoe-vino/strapi/uploads/wine_profi_1_79eac5a500_98889b13bc.webp,
dataset/uploads_root/prod-svoe-vino-strapi/prod-svoe-vino/strapi/uploads/winepark_kokur_kokur_belyy_beloe_suhoe_13_4a6a6767d9.webp,winepark-kokur-kokur-belyy-beloe-suhoe-13
dataset/uploads_root/prod-svoe-vino-strapi/prod-svoe-vino/strapi/uploads/winepark_kuchuk_isar_kaberne_sovinon_krasnoe_suhoe_135_2932a37da0.webp,winepark-kuchuk-isar-kaberne-sovinon-krasnoe-suhoe-135
dataset/uploads_root/prod-svoe-vino-strapi/prod-svoe-vino/strapi/uploads/winepark_pino_blan_beloe_suhoe_125_b372984207.webp,winepark-pino-blan-beloe-suhoe-125
dataset/uploads_root/prod-svoe-vino-strapi/prod-svoe-vino/strapi/uploads/winepark_risling_beloe_suhoe_125_166136f9df.webp,winepark-risling-beloe-suhoe-125
dataset/uploads_root/prod-svoe-vino-strapi/prod-svoe-vino/strapi/uploads/winepark_vishnyakov_18547a620d.webp,
dataset/uploads_root/prod-svoe-vino-strapi/prod-svoe-vino/strapi/uploads/wm_f2f1f0c8f2290000dc3d321de26f3cb0_80f865ba2a.webp,
dataset/uploads_root/prod-svoe-vino-strapi/prod-svoe-vino/strapi/uploads/wrw28kqw4oc0va5muomy7l07xdb5fak9_ee24dac3e3.webp,
dataset/uploads_root/prod-svoe-vino-strapi/prod-svoe-vino/strapi/uploads/wrw28kqw4oc0va5muomy7l07xdb5fak9_fddd9abb8f.webp,
dataset/uploads_root/prod-svoe-vino-strapi/prod-svoe-vino/strapi/uploads/wsi3i1xxn5mocykargoh9qpbdto58tck_ecf5d69ee2.webp,
dataset/uploads_root/prod-svoe-vino-strapi/prod-svoe-vino/strapi/uploads/ww57rzc00l282kwnjykk6sj1jnn3tcz6_bdc12a2c90.webp,uva-vallis-sovinon-blan
dataset/uploads_root/prod-svoe-vino-strapi/prod-svoe-vino/strapi/uploads/xa4vj5pq7o4wjgs8vpfj3lmm2gog0vxv_0d7bcaf7af.webp,
dataset/uploads_root/prod-svoe-vino-strapi/prod-svoe-vino/strapi/uploads/yager2_8ca5da36b0.webp,
dataset/uploads_root/prod-svoe-vino-strapi/prod-svoe-vino/strapi/uploads/yager_0add2c227c.webp,
dataset/uploads_root/prod-svoe-vino-strapi/prod-svoe-vino/strapi/uploads/yaiyla_winery_kokur_kokur_belyy_beloe_suhoe_13_091ad93a22.webp,yaiyla-winery-kokur-kokur-belyy-beloe-suhoe-13
dataset/uploads_root/prod-svoe-vino-strapi/prod-svoe-vino/strapi/uploads/yd9v7fclo0tx6rovu0l8oafokyq1jci6_c905efd8ac.webp,
dataset/uploads_root/prod-svoe-vino-strapi/prod-svoe-vino/strapi/uploads/yjd_2cac2b9ef0.webp,
dataset/uploads_root/prod-svoe-vino-strapi/prod-svoe-vino/strapi/uploads/ylchnm51mtqbcs4vhhd33s7e2aqxu49e_d4d244deab.webp,
dataset/uploads_root/prod-svoe-vino-strapi/prod-svoe-vino/strapi/uploads/ys0603e5epzr3wdhuz7g97zh9djmvjwz_67073cd044.webp,
dataset/uploads_root/prod-svoe-vino-strapi/prod-svoe-vino/strapi/uploads/zagruzka_1_6419155545.webp,
dataset/uploads_root/prod-svoe-vino-strapi/prod-svoe-vino/strapi/uploads/zakat_denisov_vajneri_no_bg_preview_carve_photos_1_6ae9baa13d.webp,
dataset/uploads_root/prod-svoe-vino-strapi/prod-svoe-vino/strapi/uploads/zao_sitilab_0d6ec0daf8e165dec3081baea8bb4305_b2e05b1c31.webp,
dataset/uploads_root/prod-svoe-vino-strapi/prod-svoe-vino/strapi/uploads/zaporoje_1cc29692f0.webp,
dataset/uploads_root/prod-svoe-vino-strapi/prod-svoe-vino/strapi/uploads/zaporoje_30efda528e.webp,
dataset/uploads_root/prod-svoe-vino-strapi/prod-svoe-vino/strapi/uploads/zastavka_4847bbeb8e.webp,
dataset/uploads_root/prod-svoe-vino-strapi/prod-svoe-vino/strapi/uploads/zavod_17_58e25244bc.webp,
dataset/uploads_root/prod-svoe-vino-strapi/prod-svoe-vino/strapi/uploads/zavod_aeb96a8a21.webp,
dataset/uploads_root/prod-svoe-vino-strapi/prod-svoe-vino/strapi/uploads/zemlya_zhenshhin_df67a79012.webp,
dataset/uploads_root/prod-svoe-vino-strapi/prod-svoe-vino/strapi/uploads/zhiropalet_1_1a0398c46c.webp,
dataset/uploads_root/prod-svoe-vino-strapi/prod-svoe-vino/strapi/uploads/zhiropalet_1_de753d21fd.webp,
dataset/uploads_root/prod-svoe-vino-strapi/prod-svoe-vino/strapi/uploads/zigla_II_85a7535955.webp,
dataset/uploads_root/prod-svoe-vino-strapi/prod-svoe-vino/strapi/uploads/zimnie_vinogradniki_05338e2142.webp,
dataset/uploads_root/prod-svoe-vino-strapi/prod-svoe-vino/strapi/uploads/zimovets_avtohton_tsimlyanskiy_chernyy_krasnoe_suhoe_135_c4f818da0f.webp,zimovets-avtohton-tsimlyanskiy-chernyy-krasnoe-suhoe-135
dataset/uploads_root/prod-svoe-vino-strapi/prod-svoe-vino/strapi/uploads/zmv_koktebel_atmosfera_aligote_rkatsiteli_shardone_beloe_suhoe_11_c621a4aae9.webp,zmv-koktebel-atmosfera-aligote-rkatsiteli-shardone-beloe-suhoe-11
dataset/uploads_root/prod-svoe-vino-strapi/prod-svoe-vino/strapi/uploads/zmv_koktebel_atmosfera_kaberne_sovinon_kaberne_fran_merlo_bastardo_magarachskiy_krasnoe_suhoe_13_e6f84956bb.webp,zmv-koktebel-atmosfera-kaberne-sovinon-kaberne-fran-merlo-bastardo-magarachskiy-krasnoe-suhoe-13
dataset/uploads_root/prod-svoe-vino-strapi/prod-svoe-vino/strapi/uploads/zmv_koktebel_atmosfera_kaberne_sovinon_merlo_pino_chernyy_krasnoe_polusladkoe_13_542fe78f22.webp,zmv-koktebel-atmosfera-kaberne-sovinon-merlo-pino-chernyy-krasnoe-polusladkoe-13
dataset/uploads_root/prod-svoe-vino-strapi/prod-svoe-vino/strapi/uploads/zmv_koktebel_atmosfera_rkatsiteli_aligote_kokur_muskat_belyy_shardone_beloe_polusladkoe_11_773cbbcc47.webp,zmv-koktebel-atmosfera-rkatsiteli-aligote-kokur-muskat-belyy-shardone-beloe-polusladkoe-11
dataset/uploads_root/prod-svoe-vino-strapi/prod-svoe-vino/strapi/uploads/zmv_koktebel_atmosfera_shardone_merlo_rkatsiteli_muskat_rozovyy_muskat_gamburgskiy_rozovoe_polusuhoe_12_5fd10c99b4.webp,zmv-koktebel-atmosfera-shardone-merlo-rkatsiteli-muskat-rozovyy-muskat-gamburgskiy-rozovoe-polusuhoe-12
dataset/uploads_root/prod-svoe-vino-strapi/prod-svoe-vino/strapi/uploads/zmv_koktebel_bastardo_krasnoe_suhoe_14_493c75d397.webp,zmv-koktebel-bastardo-krasnoe-suhoe-14
dataset/uploads_root/prod-svoe-vino-strapi/prod-svoe-vino/strapi/uploads/zmv_koktebel_blan_aligote_beloe_suhoe_12_b350503764.webp,zmv-koktebel-blan-aligote-beloe-suhoe-12
dataset/uploads_root/prod-svoe-vino-strapi/prod-svoe-vino/strapi/uploads/zmv_koktebel_grand_kupazh_kaberne_sovinon_krasnoe_suhoe_13_df6b6621b0.webp,zmv-koktebel-grand-kupazh-kaberne-sovinon-krasnoe-suhoe-13
dataset/uploads_root/prod-svoe-vino-strapi/prod-svoe-vino/strapi/uploads/zmv_koktebel_kagor_vysshego_kachestva_kaberne_sovinon_krasnoe_sladkoe_16_d2bf326549.webp,zmv-koktebel-kagor-vysshego-kachestva-kaberne-sovinon-krasnoe-sladkoe-16
dataset/uploads_root/prod-svoe-vino-strapi/prod-svoe-vino/strapi/uploads/zmv_koktebel_kokur_bryut_beloe_11_b59c6723b7.webp,zmv-koktebel-kokur-bryut-beloe-11
dataset/uploads_root/prod-svoe-vino-strapi/prod-svoe-vino/strapi/uploads/zmv_koktebel_madera_albilo_beloe_sladkoe_19_5ce87b8df7.webp,zmv-koktebel-madera-albilo-beloe-sladkoe-19
dataset/uploads_root/prod-svoe-vino-strapi/prod-svoe-vino/strapi/uploads/zmv_koktebel_merlo_krasnoe_suhoe_13_a8d634f782.webp,zmv-koktebel-merlo-krasnoe-suhoe-13
dataset/uploads_root/prod-svoe-vino-strapi/prod-svoe-vino/strapi/uploads/zmv_koktebel_muskat_desertnyy_rozovoe_sladkoe_16_42c8ac5c99.webp,zmv-koktebel-muskat-desertnyy-rozovoe-sladkoe-16
dataset/uploads_root/prod-svoe-vino-strapi/prod-svoe-vino/strapi/uploads/zmv_koktebel_muskat_yantarnyy_desertnyy_beloe_sladkoe_16_b191b9e48e.webp,zmv-koktebel-muskat-yantarnyy-desertnyy-beloe-sladkoe-16
dataset/uploads_root/prod-svoe-vino-strapi/prod-svoe-vino/strapi/uploads/zmv_koktebel_oranzh_rkatsiteli_beloe_suhoe_125_43fc87e7b1.webp,zmv-koktebel-oranzh-rkatsiteli-beloe-suhoe-125
dataset/uploads_root/prod-svoe-vino-strapi/prod-svoe-vino/strapi/uploads/zmv_koktebel_pino_gri_desertnoe_beloe_sladkoe_16_b61dc2f497.webp,zmv-koktebel-pino-gri-desertnoe-beloe-sladkoe-16
dataset/uploads_root/prod-svoe-vino-strapi/prod-svoe-vino/strapi/uploads/zmv_koktebel_pino_nuar_bryut_rozovoe_11_ef31c55be7.webp,zmv-koktebel-pino-nuar-bryut-rozovoe-11
dataset/uploads_root/prod-svoe-vino-strapi/prod-svoe-vino/strapi/uploads/zmv_koktebel_portveyn_beloe_kreplyonoe_aligote_sladkoe_17_f0222852d9.webp,zmv-koktebel-portveyn-beloe-kreplyonoe-aligote-sladkoe-17
dataset/uploads_root/prod-svoe-vino-strapi/prod-svoe-vino/strapi/uploads/zmv_koktebel_portveyn_krasnoe_kreplyonoe_kaberne_sovinon_sladkoe_17_ffc534359d.webp,zmv-koktebel-portveyn-krasnoe-kreplyonoe-kaberne-sovinon-sladkoe-17
dataset/uploads_root/prod-svoe-vino-strapi/prod-svoe-vino/strapi/uploads/zmv_koktebel_rkatsiteli_beloe_likernoe_vyderzhannoe_135_7a0a924213.webp,zmv-koktebel-rkatsiteli-beloe-sladkoe-135
dataset/uploads_root/prod-svoe-vino-strapi/prod-svoe-vino/strapi/uploads/zmv_koktebel_rkatsiteli_desertnoe_beloe_sladkoe_16_8d34f665f3.webp,zmv-koktebel-rkatsiteli-desertnoe-beloe-sladkoe-16
dataset/uploads_root/prod-svoe-vino-strapi/prod-svoe-vino/strapi/uploads/zmv_koktebel_roze_merlo_rozovoe_suhoe_12_d19cc5e53f.webp,zmv-koktebel-roze-merlo-rozovoe-suhoe-12
dataset/uploads_root/prod-svoe-vino-strapi/prod-svoe-vino/strapi/uploads/zmv_koktebel_ruzh_rubinovyy_magaracha_krasnoe_suhoe_135_2dfb2547d6.webp,zmv-koktebel-ruzh-rubinovyy-magaracha-krasnoe-suhoe-135
dataset/uploads_root/prod-svoe-vino-strapi/prod-svoe-vino/strapi/uploads/zmv_koktebel_shardone_beloe_suhoe_12_99fb11b6c4.webp,zmv-koktebel-shardone-beloe-suhoe-12
dataset/uploads_root/prod-svoe-vino-strapi/prod-svoe-vino/strapi/uploads/zmv_koktebel_traminer_desertnoe_beloe_sladkoe_16_be1e195feb.webp,zmv-koktebel-traminer-desertnoe-beloe-sladkoe-16
dataset/uploads_root/prod-svoe-vino-strapi/prod-svoe-vino/strapi/uploads/zod3xnxspeju4qylhp65en278429bfv3_fa4af2c190.webp,avtorskoe-risling
dataset/uploads_root/prod-svoe-vino-strapi/prod-svoe-vino/strapi/uploads/zolotaya_balka2_2ddee2947d.webp,
dataset/uploads_root/prod-svoe-vino-strapi/prod-svoe-vino/strapi/uploads/zolotaya_balka_0ab08c875e.webp,
dataset/uploads_root/prod-svoe-vino-strapi/prod-svoe-vino/strapi/uploads/zolotaya_balka_black_prince_crimea_prestige_cuvee_extra_brut_limited_edition_shardone_beloe_ekstra_bryut_125_93ec57c2e6.webp,zolotaya-balka-black-prince-crimea-prestige-cuvee-extra-brut-limited-edition-shardone-beloe-ekstra-bryut-125
dataset/uploads_root/prod-svoe-vino-strapi/prod-svoe-vino/strapi/uploads/zolotaya_balka_blanc_de_neige_shardone_beloe_suhoe_125_33030faa53.webp,zolotaya-balka-blanc-de-neige-shardone-beloe-suhoe-125
dataset/uploads_root/prod-svoe-vino-strapi/prod-svoe-vino/strapi/uploads/zolotaya_balka_chernyy_prints_shardone_igristoe_ekstra_bryut_beloe_12_30208d11d0.webp,zolotaya-balka-chernyy-prints-shardone-beloe-ekstra-bryut-12
dataset/uploads_root/prod-svoe-vino-strapi/prod-svoe-vino/strapi/uploads/zolotaya_balka_cuvee_de_vitmer_rose_pino_blan_igristoe_bryut_rozovoe_12_5b002e17b2.webp,zolotaya-balka-cuvee-de-vitmer-rose-pino-blan-rozovoe-bryut-12
dataset/uploads_root/prod-svoe-vino-strapi/prod-svoe-vino/strapi/uploads/zolotaya_balka_e9f87b7a6f.webp,
dataset/uploads_root/prod-svoe-vino-strapi/prod-svoe-vino/strapi/uploads/zolotaya_balka_efdad9472f.webp,
dataset/uploads_root/prod-svoe-vino-strapi/prod-svoe-vino/strapi/uploads/zolotaya_balka_pink_sira_rozovoe_suhoe_13_81a00fb2ab.webp,zolotaya-balka-pink-sira-rozovoe-suhoe-13
dataset/uploads_root/prod-svoe-vino-strapi/prod-svoe-vino/strapi/uploads/zolotaya_balka_zb_frizzante_dry_risling_beloe_suhoe_10_992e8ffb9f.webp,zolotaya-balka-zb-frizzante-dry-risling-beloe-suhoe-10
dataset/uploads_root/prod-svoe-vino-strapi/prod-svoe-vino/strapi/uploads/zolotaya_balka_zb_frizzante_semi_dry_rose_risling_rozovoe_polusuhoe_10_462381c9b4.webp,zolotaya-balka-zb-frizzante-semi-dry-rose-risling-rozovoe-polusuhoe-10
dataset/uploads_root/prod-svoe-vino-strapi/prod-svoe-vino/strapi/uploads/zolotaya_balka_zb_moscato_semi_sweet_rose_muskat_yantarnyy_rozovoe_polusladkoe_9_25026eb2e3.webp,zolotaya-balka-zb-moscato-semi-sweet-rose-muskat-yantarnyy-rozovoe-polusladkoe-9
dataset/uploads_root/prod-svoe-vino-strapi/prod-svoe-vino/strapi/uploads/zolotaya_balka_zb_spumante_brut_risling_beloe_bryut_125_624bd4301a.webp,zolotaya-balka-zb-spumante-brut-risling-beloe-bryut-125
dataset/uploads_root/prod-svoe-vino-strapi/prod-svoe-vino/strapi/uploads/zolotaya_balka_zb_spumante_semi_dry_risling_beloe_polusuhoe_125_b4807ef6ee.webp,zolotaya-balka-zb-spumante-semi-dry-risling-beloe-polusuhoe-125
dataset/uploads_root/prod-svoe-vino-strapi/prod-svoe-vino/strapi/uploads/zolotaya_balka_zb_wine_riesling_risling_beloe_polusuhoe_115_1b10f56379.webp,zolotaya-balka-zb-wine-riesling-risling-beloe-polusuhoe-115
dataset/uploads_root/prod-svoe-vino-strapi/prod-svoe-vino/strapi/uploads/zolotaya_balka_zb_wine_sauvignon_blanc_sovinon_blan_beloe_suhoe_125_f910ea40b7.webp,zolotaya-balka-zb-wine-sauvignon-blanc-sovinon-blan-beloe-suhoe-125
dataset/uploads_root/prod-svoe-vino-strapi/prod-svoe-vino/strapi/uploads/zolotoe_pole_kaffa_kaberne_fran_krasnoe_suhoe_14_1af04dd482.webp,zolotoe-pole-kaffa-kaberne-fran-krasnoe-suhoe-14
dataset/uploads_root/prod-svoe-vino-strapi/prod-svoe-vino/strapi/uploads/zolotoe_pole_kaffa_kaberne_sovinon_krasnoe_suhoe_125_8eeb858fc0.webp,zolotoe-pole-kaffa-kaberne-sovinon-krasnoe-suhoe-125
dataset/uploads_root/prod-svoe-vino-strapi/prod-svoe-vino/strapi/uploads/zolotoe_pole_kaffa_malbek_krasnoe_suhoe_125_59cab68c16.webp,zolotoe-pole-kaffa-malbek-krasnoe-suhoe-125
dataset/uploads_root/prod-svoe-vino-strapi/prod-svoe-vino/strapi/uploads/zolotoe_pole_kaffa_moskato_dzhallo_moskato_dzhallo_beloe_suhoe_135_1681d08fcb.webp,zolotoe-pole-kaffa-moskato-dzhallo-moskato-dzhallo-beloe-suhoe-135
dataset/uploads_root/prod-svoe-vino-strapi/prod-svoe-vino/strapi/uploads/zolotoe_pole_kaffa_saperavi_krasnoe_suhoe_14_d1fe213221.webp,zolotoe-pole-kaffa-saperavi-krasnoe-suhoe-14
dataset/uploads_root/prod-svoe-vino-strapi/prod-svoe-vino/strapi/uploads/zolotoe_pole_kaffa_shardone_beloe_suhoe_125_7bb0c3ca2b.webp,zolotoe-pole-kaffa-shardone-beloe-suhoe-125
dataset/uploads_root/prod-svoe-vino-strapi/prod-svoe-vino/strapi/uploads/zolotoe_pole_kaffa_vione_beloe_suhoe_13_fc7fb280dc.webp,zolotoe-pole-kaffa-vione-beloe-suhoe-13
dataset/uploads_root/prod-svoe-vino-strapi/prod-svoe-vino/strapi/uploads/zolotoe_pole_legend_of_crimea_cabernet_sauvignon_kaberne_sovinon_krasnoe_suhoe_125_dd1e75d7d6.webp,zolotoe-pole-legend-of-crimea-cabernet-sauvignon-kaberne-sovinon-krasnoe-suhoe-125
dataset/uploads_root/prod-svoe-vino-strapi/prod-svoe-vino/strapi/uploads/zolotoe_pole_legend_of_crimea_chardonnay_shardone_beloe_suhoe_13_198c99212d.webp,zolotoe-pole-legend-of-crimea-chardonnay-shardone-beloe-suhoe-13
dataset/uploads_root/prod-svoe-vino-strapi/prod-svoe-vino/strapi/uploads/zolotoe_pole_legend_of_crimea_malbec_malbek_krasnoe_suhoe_125_58b26ef1ab.webp,zolotoe-pole-legend-of-crimea-malbec-malbek-krasnoe-suhoe-125
dataset/uploads_root/prod-svoe-vino-strapi/prod-svoe-vino/strapi/uploads/zolotoe_pole_legend_of_crimea_muscat_ottonel_muskat_ottonel_beloe_suhoe_14_b38aa9e08c.webp,zolotoe-pole-legend-of-crimea-muscat-ottonel-muskat-ottonel-beloe-suhoe-14
dataset/uploads_root/prod-svoe-vino-strapi/prod-svoe-vino/strapi/uploads/zolotoe_pole_legend_of_crimea_pinot_gris_rose_pino_gri_rozovoe_suhoe_135_9f75698a01.webp,zolotoe-pole-legend-of-crimea-pinot-gris-rose-pino-gri-rozovoe-suhoe-135
dataset/uploads_root/prod-svoe-vino-strapi/prod-svoe-vino/strapi/uploads/zolotoe_pole_legend_of_crimea_red_blend_kaberne_sovinon_krasnoe_suhoe_14_19d5632763.webp,zolotoe-pole-legend-of-crimea-red-blend-kaberne-sovinon-krasnoe-suhoe-14
dataset/uploads_root/prod-svoe-vino-strapi/prod-svoe-vino/strapi/uploads/zolotoe_pole_legend_of_crimea_sauvignon_blanc_sovinon_blan_beloe_suhoe_13_5c21d982fd.webp,zolotoe-pole-legend-of-crimea-sauvignon-blanc-sovinon-blan-beloe-suhoe-13
dataset/uploads_root/prod-svoe-vino-strapi/prod-svoe-vino/strapi/uploads/zolotoe_pole_legend_of_crimea_white_blend_malvaziya_beloe_suhoe_135_d791def8a0.webp,zolotoe-pole-legend-of-crimea-white-blend-malvaziya-beloe-suhoe-135
dataset/uploads_root/prod-svoe-vino-strapi/prod-svoe-vino/strapi/uploads/zombi_35804f552b.webp,
